phq9_score,gad7_score,sleep_hours,heart_rate,hrv,days_since_last_leave,deployment_days,duty_hours_per_week,night_duties,consecutive_duty_days,recent_transfer_count,training_days,family_separation_days,leave_utilization_gap,workload_trend,recovery_gap,risk_level
11,10,4.4,67,36,63,66,48.6,2,1,0,12,30,2.1,-0.6,0.0,Moderate
3,14,7.5,77,29,31,77,30.0,4,7,1,5,29,1.03,-1.0,3.3,Low
14,0,6.3,63,58,180,135,46.9,1,1,0,6,75,6.0,-7.7,1.0,High
16,7,5.7,70,55,16,45,44.4,7,11,0,8,132,0.53,2.3,6.2,Low
0,13,6.1,75,15,76,59,54.1,2,1,1,9,149,2.53,1.3,0.8,Low
1,9,7.6,73,29,79,48,33.2,5,8,2,8,91,2.63,-0.9,5.3,High
10,17,7.3,86,57,26,60,35.7,5,6,1,7,93,0.87,-4.2,0.0,Moderate
7,0,6.2,70,51,91,74,49.2,4,11,1,8,62,3.03,5.5,7.4,Moderate
9,0,5.0,51,45,15,135,57.7,1,1,1,5,27,0.5,3.0,0.0,Moderate
4,13,5.1,59,63,50,109,44.7,2,9,3,8,44,1.67,1.6,3.6,Moderate
15,14,7.3,78,26,73,73,43.9,1,9,0,6,22,2.43,-2.6,5.0,Moderate
15,7,4.9,72,41,48,71,39.0,1,6,1,9,52,1.6,-6.6,3.0,High
10,11,6.3,64,61,10,98,46.3,7,9,0,11,23,0.33,3.5,1.6,Moderate
17,13,9.5,100,40,72,57,37.3,2,3,0,3,8,2.4,-7.1,0.1,Moderate
13,4,7.0,87,58,88,44,34.1,8,7,0,9,59,2.93,-5.6,2.8,Moderate
4,4,7.3,77,31,43,98,50.9,8,4,0,8,55,1.43,3.7,0.0,Moderate
12,10,5.1,81,37,7,45,38.2,8,6,0,6,5,0.23,1.3,0.0,Moderate
3,14,4.9,75,20,41,37,52.0,2,8,1,8,29,1.37,3.2,3.1,Moderate
15,2,7.4,64,15,24,249,45.4,6,5,1,10,50,0.8,1.6,2.3,Moderate
9,7,6.1,89,43,40,14,54.8,7,4,2,9,36,1.33,7.8,0.0,Moderate
8,7,7.8,87,60,62,11,36.2,8,5,1,1,13,2.07,2.0,0.0,Low
5,11,6.6,56,50,13,69,53.2,4,5,0,0,36,0.43,-4.1,2.5,Low
17,8,9.5,80,73,100,104,46.1,3,6,1,3,60,3.33,-4.5,0.0,Low
8,5,5.8,82,45,30,64,32.7,3,8,0,14,15,1.0,-5.7,0.0,Moderate
7,16,6.9,74,15,44,57,39.5,3,6,1,12,11,1.47,-0.6,3.4,Moderate
7,5,5.4,101,58,26,207,39.8,6,8,1,8,58,0.87,0.9,3.6,Low
13,7,7.8,100,33,62,47,49.5,2,6,1,2,30,2.07,-5.1,0.0,Moderate
12,0,7.0,74,54,100,74,37.4,4,1,2,10,13,3.33,-6.6,0.0,Low
12,4,5.4,76,15,20,60,34.9,4,6,4,3,132,0.67,-4.4,3.9,Moderate
12,11,6.1,74,47,56,82,42.4,4,8,0,2,97,1.87,0.3,1.7,High
23,10,8.2,71,65,22,62,54.3,4,12,0,7,28,0.73,9.3,8.2,High
7,12,8.0,68,62,61,95,47.1,5,1,0,7,73,2.03,-4.1,0.0,Low
6,12,4.8,84,47,39,75,43.4,3,5,0,9,37,1.3,-2.8,0.0,Moderate
4,21,6.0,100,51,70,55,51.3,4,8,0,7,19,2.33,7.3,1.6,Moderate
14,4,8.7,95,43,46,27,37.2,6,5,1,8,79,1.53,-4.0,0.0,Moderate
17,0,6.3,87,47,138,5,62.1,4,2,2,5,41,4.6,5.4,0.0,High
9,2,6.7,52,63,26,101,61.0,6,5,1,7,25,0.87,10.9,0.0,Low
4,4,7.8,57,39,12,38,41.7,4,6,0,9,117,0.4,-0.4,2.6,Moderate
4,3,4.9,90,40,24,75,46.8,5,7,0,11,34,0.8,1.3,0.0,Low
14,9,5.4,96,24,25,27,44.9,3,1,0,8,20,0.83,-3.2,0.0,Low
14,16,6.1,84,64,35,122,41.2,3,8,2,5,33,1.17,-2.9,1.6,Moderate
13,17,8.0,75,46,28,118,54.1,5,8,1,8,85,0.93,8.0,0.0,High
5,11,7.7,93,29,44,40,32.7,4,6,1,12,61,1.47,-0.5,0.0,Moderate
11,21,7.4,86,67,8,109,42.5,2,4,0,11,27,0.27,-1.0,0.0,Moderate
10,6,6.4,91,50,28,121,50.4,8,11,1,4,26,0.93,10.5,5.4,Moderate
11,0,7.9,58,38,28,159,59.9,2,5,1,11,98,0.93,1.1,0.0,Moderate
15,15,6.3,82,67,64,29,58.1,2,6,2,7,43,2.13,7.6,6.0,High
11,0,7.2,98,45,18,56,39.7,6,7,1,5,23,0.6,4.2,0.8,Low
14,4,7.6,84,23,17,69,38.8,6,8,1,5,92,0.57,0.2,2.0,Moderate
10,12,8.6,88,68,38,60,42.0,5,6,1,3,103,1.27,0.5,0.0,Moderate
11,8,6.5,78,36,67,176,58.7,4,6,1,10,60,2.23,7.5,0.0,High
14,7,6.1,79,105,2,97,49.4,4,6,1,10,90,0.07,3.5,1.7,Low
0,2,8.1,93,43,62,36,71.4,8,2,2,5,56,2.07,14.1,0.0,Low
7,8,8.2,71,15,56,207,51.5,6,1,0,6,64,1.87,3.4,0.0,High
6,14,5.9,70,83,36,104,61.0,4,8,1,11,60,1.2,7.7,0.0,Moderate
5,9,5.2,73,50,43,58,45.0,3,6,4,5,29,1.43,-7.6,0.0,Low
8,4,8.0,78,56,76,20,38.4,3,6,0,14,24,2.53,-5.1,2.2,Low
19,1,4.5,60,58,25,62,67.4,7,9,1,11,142,0.83,15.1,1.0,High
4,4,4.5,86,27,11,154,33.9,2,5,0,9,26,0.37,-6.3,0.2,Moderate
16,11,6.2,76,15,56,73,48.3,4,9,3,5,19,1.87,4.8,3.4,Moderate
0,10,6.5,87,86,53,60,46.9,2,3,1,0,12,1.77,-3.8,0.0,Low
7,4,5.1,55,23,5,97,40.5,2,12,1,11,57,0.17,-3.8,0.6,Moderate
11,0,6.7,87,81,103,66,49.0,4,13,0,11,16,3.43,4.5,8.0,High
13,11,6.7,93,60,50,113,44.4,3,9,0,13,41,1.67,-1.2,0.0,Low
14,3,5.8,83,54,19,126,38.0,7,10,2,4,46,0.63,0.8,4.1,Low
15,12,8.8,78,43,53,40,34.2,6,6,1,1,25,1.77,-5.7,0.0,Moderate
7,4,6.9,88,93,48,141,49.8,5,9,1,10,99,1.6,4.2,2.8,Low
6,3,7.8,92,39,27,39,38.7,8,5,0,15,129,0.9,-4.1,0.5,Low
15,9,4.7,84,39,42,81,41.1,5,10,3,8,39,1.4,1.9,6.5,Moderate
8,21,4.6,85,63,43,181,38.4,7,2,0,9,26,1.43,-5.5,0.3,High
1,13,7.0,96,39,39,78,38.6,5,3,0,5,58,1.3,-6.6,0.0,Low
2,9,8.6,86,33,37,20,44.4,5,10,1,3,19,1.23,6.4,5.0,Moderate
4,11,5.2,69,50,49,85,34.6,4,4,1,9,117,1.63,-4.7,0.0,Low
13,0,6.6,92,63,43,116,42.9,2,6,0,4,47,1.43,-5.4,2.5,Low
10,2,4.9,77,85,25,117,50.9,2,1,0,2,14,0.83,-0.7,0.0,Moderate
14,0,5.5,78,89,16,139,51.2,1,7,0,13,10,0.53,-2.1,0.0,Low
7,19,6.6,79,19,42,83,41.3,4,3,0,5,39,1.4,-2.9,0.3,High
11,17,5.8,89,70,62,126,39.2,7,3,2,6,72,2.07,-3.6,0.5,Low
14,11,4.8,97,33,41,36,56.5,7,4,0,0,29,1.37,3.0,2.3,Moderate
7,9,4.8,78,34,24,111,49.4,5,4,0,8,30,0.8,-0.4,0.0,Moderate
12,0,4.1,97,41,8,55,50.4,4,6,0,3,17,0.27,3.5,0.0,Low
5,7,7.0,80,40,105,159,57.1,6,5,2,11,76,3.5,9.8,1.6,High
7,19,7.1,93,32,51,82,55.2,5,2,0,6,41,1.7,2.5,0.0,Moderate
7,9,7.1,80,15,48,59,53.7,3,8,0,7,20,1.6,6.0,0.0,High
2,5,5.3,73,77,28,127,30.0,4,4,0,0,44,0.93,-10.5,0.5,Low
13,0,7.6,99,67,8,77,40.6,9,6,1,8,47,0.27,5.3,2.7,High
6,17,7.2,72,51,23,20,33.6,9,10,1,11,45,0.77,6.4,1.4,High
10,8,6.4,71,34,95,34,57.9,4,4,0,12,35,3.17,6.4,2.9,High
13,0,6.2,64,73,13,226,42.6,5,9,0,14,47,0.43,-3.4,2.2,Moderate
12,3,5.6,92,50,6,94,38.9,7,4,0,9,38,0.2,-2.9,0.0,Low
14,1,6.6,95,41,104,84,48.6,6,8,2,9,88,3.47,3.1,1.3,Moderate
9,8,8.3,82,21,19,65,51.4,4,2,2,11,44,0.63,3.9,0.6,Moderate
7,10,7.8,67,61,33,93,50.1,6,7,0,4,31,1.1,5.6,2.6,Low
9,6,6.1,78,45,49,101,46.0,1,1,2,9,15,1.63,-2.1,2.1,Low
0,13,7.0,75,56,126,24,56.6,2,5,1,8,64,4.2,-2.3,3.5,Moderate
0,9,5.1,67,54,93,58,42.8,3,4,0,11,18,3.1,-1.0,5.1,Low
1,15,7.3,73,63,36,42,32.3,2,7,0,9,56,1.2,-3.8,5.2,Low
3,6,5.4,84,55,24,26,42.3,5,6,0,3,13,0.8,6.8,1.2,Low
12,21,7.2,71,46,14,13,41.9,3,7,0,6,110,0.47,-2.3,0.0,Moderate
4,5,9.5,81,61,52,240,51.6,6,8,0,1,22,1.73,4.9,2.3,High
7,3,5.7,58,68,41,307,54.2,6,5,1,7,36,1.37,6.8,0.0,Moderate
18,3,9.5,96,79,7,236,39.0,3,11,1,5,71,0.23,2.3,2.3,Moderate
7,7,7.0,74,31,33,127,30.0,5,3,1,10,95,1.1,-10.4,0.0,Low
14,0,5.5,88,71,42,88,63.6,2,5,0,18,29,1.4,7.6,0.0,Moderate
3,10,5.4,80,23,55,52,47.7,4,6,0,10,14,1.83,-0.4,2.8,Moderate
8,0,9.2,82,69,17,59,30.0,7,8,0,5,9,0.57,-4.7,0.0,Low
3,9,7.0,66,40,43,28,31.2,9,7,1,10,180,1.43,-0.5,0.0,Low
7,1,5.7,70,66,14,69,48.0,1,6,0,1,32,0.47,-3.7,0.0,Low
15,6,6.2,70,78,49,18,41.3,3,6,1,6,34,1.63,-6.1,2.2,Moderate
0,12,6.9,78,55,32,82,57.1,2,6,2,8,95,1.07,3.9,0.6,Moderate
12,21,6.4,93,51,133,30,41.3,4,7,0,9,45,4.43,-2.7,2.1,Moderate
11,2,6.8,83,50,20,133,45.3,2,6,0,11,47,0.67,-7.8,0.0,Low
6,8,8.5,68,44,26,55,40.5,4,6,1,12,53,0.87,-1.4,0.5,Low
0,4,5.0,79,72,8,155,44.7,0,5,0,4,42,0.27,-9.8,0.0,Low
10,3,7.2,77,50,37,156,46.5,4,7,0,3,67,1.23,0.7,2.2,Low
6,4,6.3,74,15,29,108,58.0,6,8,0,8,90,0.97,9.4,0.0,Moderate
11,13,5.8,78,68,40,172,48.7,3,1,2,0,65,1.33,-6.9,0.0,Moderate
10,6,7.7,86,67,36,79,46.7,4,9,1,8,58,1.2,9.3,2.6,Moderate
20,21,4.6,70,53,134,149,52.7,2,6,0,0,51,4.47,1.1,5.2,High
8,11,3.6,74,38,52,94,57.8,7,6,0,8,23,1.73,8.9,0.5,Moderate
3,3,6.7,89,31,65,156,34.0,5,9,0,7,36,2.17,-5.4,5.7,Low
11,6,6.2,83,38,41,86,40.0,2,9,0,8,36,1.37,-4.9,5.2,Low
11,4,4.8,92,56,45,145,47.8,2,4,0,9,16,1.5,0.1,0.7,Low
18,13,4.3,94,19,40,139,46.0,3,9,0,9,85,1.33,7.4,2.6,High
15,0,8.7,63,60,40,85,40.5,5,7,0,11,25,1.33,3.4,2.8,Low
12,1,7.0,81,53,24,41,30.0,1,3,2,14,17,0.8,-11.7,0.8,Low
19,5,6.4,72,75,63,146,43.4,6,4,0,10,48,2.1,-1.9,0.0,Moderate
2,12,9.0,65,65,140,85,49.4,5,8,0,1,36,4.67,3.8,2.5,Moderate
5,16,7.6,69,39,41,151,59.0,4,6,1,14,38,1.37,7.2,0.3,Moderate
3,17,8.5,75,22,18,53,46.2,4,1,0,9,48,0.6,-2.1,0.0,Low
7,12,5.0,75,37,74,18,46.1,2,10,1,7,78,2.47,-0.8,9.1,High
1,8,4.9,71,77,104,15,38.9,2,9,2,1,62,3.47,-1.1,5.1,Moderate
14,13,7.1,78,57,25,40,46.0,2,8,2,0,72,0.83,1.0,0.9,High
8,2,6.9,105,63,14,149,41.5,7,5,3,8,129,0.47,-4.2,0.0,Moderate
0,0,7.9,59,41,59,57,51.1,2,9,1,9,19,1.97,1.2,0.0,Low
3,11,4.4,91,61,42,105,50.1,7,2,2,9,12,1.4,-5.1,0.0,Moderate
12,3,7.2,78,25,55,102,58.7,2,2,1,9,55,1.83,3.7,0.0,Moderate
15,8,7.6,73,69,38,12,48.5,4,6,1,11,61,1.27,-3.5,2.8,Moderate
22,9,7.5,56,31,33,110,50.9,4,6,1,7,49,1.1,-0.4,1.6,Moderate
27,10,5.9,86,16,19,107,33.7,4,6,3,2,17,0.63,-7.6,2.9,Moderate
12,14,7.0,62,93,51,42,49.0,10,1,1,2,70,1.7,-5.3,0.0,High
3,13,5.5,87,54,13,93,52.7,4,6,0,7,1,0.43,6.5,0.1,Low
0,10,6.0,97,54,63,172,47.0,1,1,1,7,95,2.1,-6.2,0.0,Moderate
11,6,5.1,64,18,61,78,45.6,5,7,0,4,37,2.03,-2.0,0.1,Moderate
4,9,5.5,91,63,49,130,44.4,4,1,0,4,25,1.63,-5.0,0.0,Low
7,5,6.1,78,68,86,68,60.8,2,9,1,13,29,2.87,12.5,6.5,High
6,7,5.8,55,48,30,233,31.3,6,7,0,10,44,1.0,-3.0,0.0,Low
9,21,5.5,65,68,30,36,57.3,3,7,0,8,26,1.0,1.5,2.1,High
16,10,4.8,80,73,28,86,49.6,4,6,1,9,30,0.93,4.2,0.0,High
11,11,8.8,82,61,43,23,41.6,5,8,1,7,73,1.43,4.9,1.6,Moderate
8,4,5.8,61,15,35,101,50.9,4,9,0,8,31,1.17,10.0,1.2,High
3,14,6.8,78,31,27,15,49.7,1,1,1,5,80,0.9,-7.5,0.0,Moderate
0,13,4.3,87,82,29,72,37.1,3,1,1,12,48,0.97,-12.0,0.0,Moderate
6,13,8.0,89,53,48,190,55.5,3,9,1,5,5,1.6,1.4,3.1,High
9,10,6.6,73,54,81,129,47.9,5,4,0,9,17,2.7,5.1,1.0,High
21,14,5.9,83,37,24,26,39.0,5,5,2,15,91,0.8,-1.7,1.5,High
10,16,5.9,90,41,4,161,59.9,3,8,1,16,90,0.13,7.1,5.5,High
16,10,7.4,87,73,58,71,51.5,3,10,1,12,67,1.93,11.7,4.8,High
6,8,3.0,88,79,18,65,49.5,3,8,0,18,9,0.6,-3.7,0.6,Moderate
2,14,5.4,79,66,80,61,55.4,2,10,0,6,30,2.67,0.3,5.6,Moderate
3,3,6.3,77,62,65,57,46.3,3,7,1,12,47,2.17,-7.1,0.0,Moderate
5,4,6.2,81,63,69,34,53.8,4,4,0,7,13,2.3,4.0,0.9,Moderate
23,8,9.4,70,51,40,55,53.3,4,9,0,15,68,1.33,4.2,1.6,High
4,0,6.0,90,30,78,69,41.1,4,1,0,11,4,2.6,-0.3,1.0,Low
15,13,7.6,61,26,50,13,44.6,6,10,0,9,66,1.67,2.8,4.0,High
4,3,8.6,72,76,47,45,41.9,2,5,0,16,10,1.57,-3.4,0.0,Low
16,6,7.2,78,51,42,117,58.6,4,8,2,0,24,1.4,10.4,0.9,High
12,7,5.6,83,61,54,69,32.7,1,5,1,10,33,1.8,-9.7,0.0,Low
8,9,4.9,85,56,11,129,49.2,3,2,1,7,68,0.37,0.6,0.0,High
9,7,7.3,94,57,27,20,58.3,3,7,1,5,9,0.9,5.6,0.2,Low
5,8,8.4,79,58,27,19,35.1,6,7,1,5,14,0.9,-6.2,0.0,Moderate
12,8,7.1,70,65,35,88,46.6,8,4,2,0,41,1.17,1.7,3.7,Low
7,6,7.9,76,38,17,40,56.9,1,8,2,8,57,0.57,2.7,1.9,Moderate
2,4,9.5,74,73,23,43,42.8,4,7,1,4,20,0.77,3.8,1.7,Moderate
1,15,7.4,84,39,13,55,47.3,6,5,0,9,14,0.43,-0.2,0.0,Moderate
11,0,5.1,66,56,23,46,44.0,0,7,0,4,41,0.77,-0.7,0.0,Moderate
20,7,6.5,76,31,19,60,37.5,4,6,0,12,73,0.63,1.2,0.0,Moderate
11,6,8.0,96,49,22,98,42.6,3,5,0,2,131,0.73,-5.3,0.0,Low
9,11,6.1,80,40,66,301,40.2,3,7,2,13,51,2.2,4.7,1.9,Moderate
11,0,8.2,66,52,36,46,32.2,9,5,2,8,46,1.2,-5.3,0.4,Low
18,6,6.3,74,65,32,149,59.0,0,4,1,4,31,1.07,4.5,0.0,Moderate
11,8,6.8,53,53,86,9,50.0,5,2,0,11,80,2.87,3.7,0.0,Moderate
7,15,6.0,77,87,48,65,42.6,6,7,0,6,44,1.6,-2.3,0.0,Moderate
17,10,6.6,96,66,51,78,41.7,1,4,1,9,31,1.7,-9.2,0.0,Moderate
12,2,6.7,65,48,42,45,42.2,3,7,1,7,26,1.4,-1.9,0.2,Low
19,6,4.5,62,50,67,60,39.2,5,6,0,0,19,2.23,-7.2,0.0,High
11,14,5.9,71,59,74,71,42.5,4,6,1,11,56,2.47,0.7,0.0,High
2,2,4.9,88,65,47,35,37.8,3,9,1,7,9,1.57,-2.0,0.0,Low
1,8,5.9,97,30,66,92,52.3,1,6,1,7,6,2.2,-0.1,0.0,High
20,8,5.4,83,63,54,86,30.0,2,4,0,9,80,1.8,-3.1,1.9,Moderate
21,6,7.6,64,30,48,67,47.8,4,6,0,2,20,1.6,-1.9,3.6,Low
8,21,7.6,78,62,30,63,38.0,6,8,1,3,38,1.0,1.5,4.8,High
7,6,7.1,98,72,22,117,54.2,6,8,0,8,58,0.73,8.6,1.9,High
19,11,4.9,75,57,11,108,44.5,7,5,0,8,85,0.37,2.2,1.4,High
2,4,6.3,80,15,101,46,49.2,2,13,0,7,27,3.37,3.4,8.7,Low
4,12,4.8,81,20,67,152,40.4,6,3,1,5,180,2.23,-9.2,0.0,Moderate
14,14,6.2,61,62,28,88,57.7,4,5,0,0,32,0.93,2.4,0.0,Moderate
7,5,7.2,89,15,9,61,34.8,2,6,1,11,71,0.3,-6.4,0.4,Moderate
9,8,7.6,87,63,54,153,40.0,7,8,1,9,50,1.8,4.0,1.5,Moderate
8,3,7.0,56,70,31,18,37.2,5,8,0,7,52,1.03,-3.8,0.4,Low
12,2,7.9,63,72,69,44,45.4,3,11,1,11,142,2.3,5.8,3.7,Moderate
19,15,6.7,67,48,18,158,46.8,4,9,0,4,66,0.6,1.5,0.4,High
10,5,6.1,86,60,27,90,34.6,1,6,0,9,31,0.9,-7.8,0.4,Low
14,0,7.4,70,56,33,98,36.5,1,9,0,12,86,1.1,-4.7,4.7,Moderate
0,19,7.5,82,25,59,69,36.0,5,6,3,7,8,1.97,-4.3,0.1,Moderate
9,4,5.8,76,65,23,39,32.8,6,3,1,8,32,0.77,-8.7,0.0,Low
4,7,6.9,79,77,54,67,39.8,4,11,1,9,5,1.8,5.8,5.4,Moderate
2,18,6.0,83,64,11,113,61.6,5,6,1,12,86,0.37,12.3,0.0,High
4,8,4.0,81,43,37,68,47.3,6,3,0,8,30,1.23,0.9,0.0,Moderate
7,8,6.9,78,65,92,112,40.0,7,12,0,14,42,3.07,8.5,7.6,High
15,1,4.8,82,75,118,93,43.6,2,8,3,7,35,3.93,-2.5,3.8,Moderate
1,0,6.8,80,73,77,43,32.0,3,8,1,2,89,2.57,-6.8,2.8,Moderate
10,8,4.6,76,70,9,93,32.5,4,2,0,9,14,0.3,-7.3,0.0,Low
6,11,5.5,73,23,34,123,38.3,5,10,3,10,34,1.13,1.4,6.1,High
7,10,5.9,99,59,37,34,34.6,1,2,1,10,76,1.23,-8.9,0.0,Moderate
16,6,7.8,73,64,70,57,53.7,7,11,0,7,10,2.33,7.4,3.1,Moderate
13,9,5.8,93,71,41,64,63.0,6,4,1,3,66,1.37,7.0,1.4,Moderate
18,0,5.1,70,61,17,85,53.8,3,2,0,2,14,0.57,-4.1,0.0,Low
8,11,6.8,87,80,77,198,38.9,2,11,0,5,10,2.57,4.6,3.0,Moderate
5,9,6.1,98,19,109,41,46.1,5,1,0,0,84,3.63,-2.5,0.0,Moderate
8,20,7.3,74,62,64,62,50.6,9,8,2,11,24,2.13,8.9,1.4,High
11,9,5.2,71,61,22,43,49.6,7,4,0,6,36,0.73,5.8,0.0,Low
11,3,6.7,73,68,125,18,59.4,2,11,1,13,46,4.17,6.7,3.5,Moderate
2,8,9.4,78,80,67,106,35.2,4,5,0,13,21,2.23,-7.9,0.0,Low
10,7,6.1,82,36,60,192,47.3,7,7,0,8,10,2.0,-2.1,1.6,Moderate
11,11,6.6,78,79,106,112,45.5,4,1,0,15,86,3.53,-0.8,0.0,Low
26,9,4.4,73,67,69,36,42.9,6,7,1,8,78,2.3,0.5,3.7,High
22,1,5.4,99,49,35,36,32.0,3,10,1,11,61,1.17,-2.5,7.7,High
4,0,7.0,76,36,97,61,32.9,0,12,0,12,11,3.23,-10.1,9.1,Moderate
8,10,6.0,71,56,19,46,57.6,3,10,2,7,28,0.63,7.1,3.5,High
0,17,7.1,87,57,22,39,53.7,4,11,3,5,43,0.73,3.0,3.7,Moderate
6,9,6.9,87,58,26,129,35.7,3,7,0,6,19,0.87,-9.8,0.0,Low
12,13,4.8,94,41,42,133,30.0,4,6,0,16,15,1.4,-8.9,0.0,Low
17,14,7.6,99,63,47,56,46.3,8,5,2,8,74,1.57,1.5,0.0,High
5,10,4.9,82,45,33,132,45.3,5,3,1,10,48,1.1,2.7,0.0,Low
5,4,5.5,75,74,35,131,31.5,10,8,0,1,30,1.17,2.8,2.0,Moderate
0,10,6.7,57,83,48,34,64.5,3,8,2,10,55,1.6,10.9,3.1,Moderate
8,16,8.3,68,37,19,69,57.2,10,7,0,11,51,0.63,10.3,0.2,Moderate
3,12,5.2,80,53,57,22,36.3,3,8,0,7,50,1.9,-4.1,4.4,Low
6,13,6.6,65,69,4,42,57.8,5,3,0,3,52,0.13,3.5,0.0,Moderate
4,6,6.6,61,57,38,156,48.1,1,6,1,6,66,1.27,-1.9,0.0,Low
9,7,7.2,79,28,26,187,52.5,1,9,0,6,102,0.87,2.3,6.5,Low
0,8,7.8,87,68,122,94,38.4,3,2,0,1,24,4.07,-0.9,1.1,Low
0,8,5.9,75,41,31,132,51.6,0,4,0,7,17,1.03,-1.4,0.8,Low
23,15,7.6,88,56,42,49,66.0,5,9,2,8,124,1.4,11.5,2.2,High
1,0,8.0,85,34,33,47,56.6,4,3,0,3,28,1.1,2.3,0.0,Low
2,9,8.5,91,66,16,103,52.7,2,6,0,9,23,0.53,1.5,0.5,Low
21,8,7.0,102,44,16,62,30.0,2,2,2,8,108,0.53,-9.3,0.0,Moderate
27,1,6.6,107,68,13,13,53.7,1,4,2,13,55,0.43,-4.3,0.0,Low
2,12,5.8,86,48,38,60,50.1,2,14,0,2,38,1.27,4.1,9.3,High
7,4,4.6,73,43,31,147,38.7,3,3,3,9,8,1.03,-6.4,0.0,Low
12,6,6.1,79,59,9,69,43.1,6,7,0,9,24,0.3,4.2,2.9,Moderate
21,19,6.5,95,33,112,135,45.2,9,7,0,7,72,3.73,3.5,0.8,High
3,14,6.3,68,84,60,17,50.8,3,4,0,11,56,2.0,-1.8,0.0,Low
8,12,7.1,94,55,43,73,33.0,4,8,3,3,63,1.43,-5.0,3.2,Low
15,11,4.7,76,42,6,55,46.5,4,1,1,16,59,0.2,-0.4,0.0,Low
12,8,6.2,80,45,51,26,59.9,1,12,1,5,29,1.7,14.2,5.4,High
7,20,8.8,69,52,41,70,50.8,5,4,2,11,26,1.37,-2.6,0.0,Moderate
9,13,7.6,63,70,69,59,36.3,3,3,1,9,50,2.3,-6.1,0.0,Low
1,4,7.1,75,36,22,172,48.4,8,3,0,3,10,0.73,4.1,0.0,Low
8,0,6.9,92,45,27,150,50.3,2,2,0,12,41,0.9,-4.5,0.1,Low
8,12,6.0,70,51,46,62,30.0,4,5,0,6,27,1.53,-11.5,0.2,Moderate
11,8,4.3,96,80,26,66,48.7,6,7,1,9,95,0.87,-0.0,0.2,Moderate
6,0,6.9,72,70,50,44,46.1,4,4,2,2,12,1.67,-2.5,0.0,Low
13,11,3.5,66,81,16,30,31.9,2,5,1,7,46,0.53,-8.2,1.9,High
16,7,6.0,81,53,36,81,63.2,2,10,0,8,124,1.2,7.6,2.3,Moderate
11,12,6.4,85,78,22,15,48.8,6,5,0,3,29,0.73,2.9,0.0,Low
12,11,5.9,80,75,66,52,44.1,4,8,1,7,69,2.2,2.7,1.7,Low
10,5,9.0,80,65,129,29,38.3,3,1,0,5,26,4.3,-8.8,1.5,Moderate
10,12,8.6,96,66,109,96,47.0,2,7,1,5,19,3.63,-3.1,5.1,Moderate
5,6,7.6,79,41,8,121,49.8,3,6,1,10,50,0.27,6.4,0.0,Moderate
12,6,5.3,73,85,53,67,58.0,6,6,0,6,77,1.77,7.5,0.0,Moderate
9,5,8.7,66,48,22,58,45.0,4,1,0,9,8,0.73,-4.9,0.0,Low
23,15,7.1,92,62,15,129,33.8,4,7,1,7,106,0.5,-2.3,1.9,Moderate
20,7,5.3,73,64,52,45,45.3,4,7,1,7,53,1.73,4.9,5.5,High
12,16,6.4,74,27,15,125,45.2,5,8,1,7,60,0.5,2.3,1.9,Moderate
5,19,7.6,90,51,80,90,60.8,2,10,0,12,52,2.67,8.3,4.0,Moderate
2,4,5.7,101,56,53,70,48.6,10,2,3,11,35,1.77,2.6,0.0,Low
17,0,6.6,81,50,70,167,49.4,1,6,0,12,9,2.33,-3.8,4.6,Low
11,15,6.8,76,51,46,127,41.1,3,4,1,9,90,1.53,-2.9,0.0,Moderate
13,7,5.1,78,79,14,25,49.2,6,11,1,3,18,0.47,6.1,3.2,Moderate
0,3,6.1,73,37,30,54,38.4,5,5,0,8,132,1.0,-5.3,1.3,Low
16,5,5.2,74,29,90,32,47.5,7,10,0,11,104,3.0,9.1,3.4,High
12,6,7.4,74,41,35,60,53.1,4,4,1,8,32,1.17,3.3,0.0,Low
2,16,5.3,88,65,33,141,45.9,3,5,0,9,29,1.1,-6.9,0.0,Low
6,9,6.8,77,67,96,114,55.9,3,1,0,9,34,3.2,3.4,1.5,Moderate
11,16,4.7,93,63,45,27,58.5,6,8,2,6,51,1.5,12.5,4.9,High
10,11,5.0,77,68,83,47,56.2,3,1,1,8,18,2.77,-2.5,0.8,Moderate
8,7,5.0,74,57,35,55,46.6,3,6,2,5,84,1.17,1.4,0.6,Moderate
9,6,6.1,92,43,18,89,37.6,4,8,0,13,30,0.6,-0.6,4.8,Moderate
8,12,6.6,78,35,5,95,37.0,7,7,1,6,57,0.17,-1.1,1.0,Moderate
10,13,6.8,77,29,35,16,50.9,4,1,0,5,27,1.17,-1.2,0.0,Low
19,14,4.3,78,48,41,147,48.4,5,5,0,15,25,1.37,-2.0,1.8,High
0,7,6.2,94,66,78,58,45.5,3,10,2,0,64,2.6,0.6,8.2,Moderate
8,10,5.5,81,56,2,134,41.2,2,8,2,1,26,0.07,-6.7,2.7,Low
11,12,7.0,92,52,56,26,46.1,7,5,1,3,69,1.87,1.7,0.0,Moderate
11,6,6.1,75,33,39,20,33.6,4,3,0,8,30,1.3,-8.3,1.0,Low
7,2,6.3,90,98,34,92,40.2,5,7,0,5,126,1.13,-1.1,0.0,Low
0,4,5.5,81,37,125,50,44.2,5,5,2,7,4,4.17,-0.7,0.0,Moderate
12,7,8.5,88,54,53,61,52.3,2,3,0,7,105,1.77,-3.2,0.0,Moderate
21,12,4.9,89,70,98,59,54.8,6,5,0,9,71,3.27,5.3,1.4,High
0,16,5.9,68,53,22,87,30.0,2,8,3,5,52,0.73,-1.2,0.0,Low
15,1,6.5,79,37,29,83,31.7,3,4,1,8,169,0.97,-15.0,1.2,Moderate
7,5,6.1,89,67,79,104,52.4,6,6,0,6,17,2.63,4.6,2.1,Low
9,6,5.5,90,28,19,160,46.9,6,5,0,9,34,0.63,1.8,0.0,Moderate
3,13,4.2,92,83,20,227,51.7,2,2,1,10,61,0.67,-1.2,0.0,High
7,5,5.6,79,57,17,135,40.4,4,5,1,6,149,0.57,-6.2,0.0,Low
18,6,5.2,95,47,26,117,40.9,5,6,0,9,111,0.87,4.0,1.6,Moderate
13,0,8.4,71,27,46,70,39.4,4,6,0,10,74,1.53,-10.4,0.0,Low
21,11,9.1,62,31,56,7,30.0,5,9,1,6,56,1.87,-0.9,3.2,High
17,8,6.3,75,51,43,49,35.9,1,7,0,11,97,1.43,-5.5,1.1,Moderate
12,5,4.7,91,86,30,94,36.4,2,3,0,10,86,1.0,-4.6,0.0,Low
21,7,7.3,66,56,40,17,37.7,3,8,1,9,35,1.33,-5.3,4.6,Moderate
12,15,5.2,62,58,99,101,37.2,4,4,0,8,13,3.3,-5.4,3.3,High
15,3,5.7,59,59,39,22,37.7,3,3,0,11,72,1.3,-4.8,0.0,Moderate
8,4,5.6,86,95,29,45,43.9,2,11,2,5,127,0.97,-0.5,5.2,Moderate
10,16,5.8,62,44,4,57,51.0,4,7,1,8,7,0.13,5.2,0.6,Moderate
5,9,6.0,84,80,37,37,30.0,3,5,0,9,78,1.23,-8.5,0.0,Low
16,12,4.8,74,45,76,46,37.5,8,4,1,4,62,2.53,-4.6,1.5,High
2,11,5.6,70,39,9,98,37.9,3,9,3,9,72,0.3,-6.2,1.9,Low
15,8,7.6,67,51,13,108,32.2,3,10,3,6,129,0.43,-3.6,3.7,High
8,6,6.4,80,50,26,111,56.0,2,9,1,3,23,0.87,6.5,4.1,Moderate
17,13,6.6,70,62,23,107,36.0,3,9,0,2,42,0.77,-6.5,2.0,Moderate
14,15,3.7,78,15,42,132,49.7,3,7,0,1,31,1.4,-3.6,1.6,High
21,15,7.5,82,55,117,129,38.9,5,1,1,4,66,3.9,0.7,0.0,High
14,2,5.6,85,41,16,145,57.4,5,5,0,0,53,0.53,7.9,0.0,High
0,16,7.7,88,39,23,95,38.4,4,8,0,6,155,0.77,-2.8,0.8,Moderate
9,6,6.6,80,29,34,136,37.7,3,5,0,4,51,1.13,-1.6,0.0,Low
2,4,5.7,66,45,22,184,44.3,4,4,0,2,26,0.73,5.7,0.0,Low
6,8,4.4,83,43,42,32,59.5,1,5,0,12,82,1.4,4.9,2.7,High
19,13,9.0,85,44,55,109,50.4,5,2,1,4,7,1.83,0.3,2.2,Moderate
14,12,7.4,76,23,24,25,40.0,3,1,0,15,110,0.8,-5.5,0.0,High
5,7,7.4,75,54,69,88,47.6,7,5,0,1,71,2.3,6.0,0.0,Low
3,13,8.6,105,38,29,42,40.8,4,8,0,12,68,0.97,0.5,0.0,Moderate
10,9,6.7,64,23,21,135,59.3,5,6,1,7,3,0.7,6.7,1.7,Moderate
2,5,8.0,83,42,11,103,53.0,4,12,0,11,67,0.37,3.6,4.6,Low
5,4,5.8,90,38,59,115,45.6,0,9,1,2,83,1.97,1.0,8.3,Low
12,11,7.3,74,53,47,56,47.7,3,7,2,6,19,1.57,0.9,1.8,Moderate
17,8,5.6,76,42,15,172,40.2,1,9,1,13,12,0.5,-3.7,5.1,High
13,1,5.8,74,26,19,64,46.0,3,1,0,13,83,0.63,-2.8,0.0,Low
0,13,6.5,78,36,44,40,51.2,8,1,0,10,73,1.47,1.5,0.0,Moderate
11,6,4.9,88,21,56,55,54.0,4,7,1,5,34,1.87,8.1,4.0,Moderate
10,18,6.8,76,72,48,38,42.1,5,10,1,5,80,1.6,1.1,4.8,Moderate
12,0,6.0,112,75,58,51,30.0,3,1,2,8,14,1.93,-13.7,0.0,Low
20,7,4.0,73,78,141,63,52.2,5,1,0,3,75,4.7,1.3,0.0,High
0,4,5.9,93,41,70,158,40.3,4,8,0,3,90,2.33,-0.2,0.9,Low
6,3,6.0,84,75,60,23,53.6,5,6,1,8,4,2.0,3.3,0.0,Moderate
13,6,7.4,79,59,25,49,32.3,5,7,1,5,71,0.83,-2.0,2.6,Moderate
0,19,6.7,94,37,14,109,48.9,6,5,1,11,29,0.47,6.8,0.0,Moderate
19,9,8.1,60,41,90,78,44.1,1,3,1,10,33,3.0,-2.7,0.0,Moderate
12,4,7.0,83,49,26,111,42.0,6,4,0,2,31,0.87,2.5,0.0,Low
15,0,5.7,70,54,52,193,59.1,4,6,0,4,74,1.73,0.8,5.0,Moderate
6,0,6.3,73,59,10,71,39.4,0,2,1,5,65,0.33,-13.8,0.0,Low
15,5,6.0,73,52,7,37,58.2,1,2,1,3,104,0.23,1.7,0.0,High
16,5,7.0,67,46,69,69,65.5,7,5,0,4,87,2.3,9.7,0.0,High
11,7,6.5,60,76,21,55,34.6,5,11,2,4,26,0.7,1.2,4.2,Moderate
11,0,5.6,82,50,51,54,37.8,3,3,3,5,50,1.7,-1.1,0.0,Low
11,8,6.4,77,49,21,38,44.5,5,6,1,8,47,0.7,0.2,3.8,High
4,14,7.0,75,48,55,144,44.0,2,5,1,0,103,1.83,-0.4,0.3,Moderate
9,18,5.2,86,50,36,22,55.9,1,3,2,8,58,1.2,-4.6,0.5,High
9,0,6.8,83,27,31,126,55.9,3,5,0,9,14,1.03,4.8,0.0,Low
12,4,4.5,75,34,48,110,41.6,7,6,0,12,22,1.6,-1.4,1.4,Low
16,4,7.7,112,96,53,17,38.9,9,7,0,10,53,1.77,5.2,0.5,Moderate
3,9,7.0,89,22,23,90,43.0,7,5,0,1,40,0.77,4.5,0.0,Low
9,1,8.4,105,57,52,28,48.0,4,9,0,5,10,1.73,6.1,0.0,Moderate
19,18,5.1,73,58,54,69,35.7,6,4,0,4,30,1.8,-2.6,0.0,Moderate
5,9,7.8,81,70,68,68,34.7,5,3,1,10,103,2.27,-2.2,0.0,Low
4,8,7.5,64,59,84,44,39.2,5,12,0,9,57,2.8,2.1,2.8,High
11,18,6.2,74,86,37,66,41.9,2,6,1,3,81,1.23,-0.7,2.2,Moderate
15,8,5.9,72,56,21,161,42.6,5,3,1,4,30,0.7,-1.8,0.0,Moderate
10,11,5.1,111,76,17,24,30.0,4,10,1,7,89,0.57,0.1,5.2,High
18,4,4.8,70,71,24,62,42.1,3,1,0,6,38,0.8,-9.9,0.0,Moderate
15,1,5.5,75,80,26,24,34.2,3,7,1,3,38,0.87,-4.2,3.9,Low
15,5,4.9,62,52,29,229,46.6,0,1,0,7,51,0.97,-6.2,0.0,Low
13,21,8.3,84,59,36,45,34.6,2,1,1,7,60,1.2,-8.8,0.0,Moderate
25,12,4.6,68,45,42,42,48.9,2,4,1,12,31,1.4,-0.1,0.0,Moderate
8,10,6.6,88,55,44,251,44.4,4,2,0,14,39,1.47,-5.6,0.0,Low
0,3,6.9,58,56,62,100,58.8,8,12,0,1,87,2.07,12.0,8.1,High
20,14,6.8,77,15,89,132,48.6,4,4,1,10,50,2.97,3.1,6.0,High
7,1,6.9,58,49,45,11,44.2,7,5,0,12,12,1.5,6.1,0.0,Moderate
10,0,7.5,73,68,26,123,45.5,2,6,2,0,6,0.87,-4.2,2.4,Moderate
18,5,5.9,75,28,61,49,46.4,1,6,0,4,20,2.03,-5.2,0.0,Low
0,20,6.5,71,34,59,109,40.6,4,6,1,0,98,1.97,5.7,3.7,High
1,20,6.0,72,73,24,116,43.7,4,8,0,9,10,0.8,1.7,0.1,Moderate
0,6,8.0,89,76,60,18,41.4,6,9,2,7,23,2.0,1.2,5.4,Moderate
4,5,8.9,102,41,3,25,42.7,6,6,2,12,112,0.1,-1.2,1.2,Low
12,0,5.0,82,55,17,31,41.8,3,7,2,7,118,0.57,0.6,1.1,Low
13,9,4.0,69,51,14,117,42.6,4,10,3,6,33,0.47,0.4,2.3,Moderate
11,9,7.1,79,73,18,26,45.6,5,5,0,12,180,0.6,0.4,0.0,Low
0,13,7.7,74,42,62,18,51.0,3,5,0,11,21,2.07,9.8,0.4,Low
0,14,8.7,88,45,31,34,54.2,3,4,1,10,40,1.03,2.9,0.0,Low
10,7,7.3,81,76,68,13,40.3,4,3,1,7,30,2.27,-8.8,0.2,Low
6,12,8.1,61,34,95,69,33.2,6,7,2,5,121,3.17,-2.6,1.4,High
12,4,8.4,90,43,91,44,53.0,0,10,0,14,7,3.03,6.3,5.9,Moderate
14,12,8.2,89,54,23,35,65.4,5,5,2,5,178,0.77,8.2,0.9,High
10,6,7.5,94,79,32,154,50.7,6,8,2,10,62,1.07,10.4,3.2,Moderate
14,11,4.9,72,31,37,69,42.9,5,9,2,1,60,1.23,-1.5,5.3,Moderate
11,11,6.4,81,39,103,80,47.9,4,10,2,7,15,3.43,11.6,6.2,Moderate
13,9,6.8,65,63,23,65,47.3,2,8,2,7,24,0.77,3.0,2.1,Moderate
5,13,6.3,77,65,75,94,45.6,4,7,1,3,41,2.5,6.3,1.8,Low
8,0,6.4,82,56,51,142,37.9,4,5,0,8,153,1.7,-3.1,3.1,Low
11,2,8.3,71,50,4,72,54.8,5,4,1,9,46,0.13,1.9,0.0,Low
15,7,5.5,82,54,30,107,38.8,1,7,1,8,40,1.0,-10.3,0.0,Moderate
7,0,7.4,80,25,16,72,54.6,5,7,0,4,4,0.53,2.9,0.0,Low
13,6,6.8,73,54,29,49,50.8,1,1,1,8,32,0.97,-9.4,0.0,Low
8,6,5.4,93,79,4,91,58.7,4,8,0,11,56,0.13,8.0,0.0,Moderate
9,16,5.1,75,28,108,173,52.4,5,3,1,0,31,3.6,2.3,2.4,High
15,9,4.4,79,38,27,126,30.0,5,9,0,9,26,0.9,2.0,1.4,Moderate
0,14,7.0,62,45,30,25,33.3,2,5,1,8,51,1.0,-6.9,0.0,Low
1,10,6.3,84,46,101,94,46.5,3,7,1,4,16,3.37,2.9,1.7,Low
0,5,5.4,73,85,12,35,61.0,5,9,1,4,11,0.4,7.7,0.0,Low
0,9,4.1,89,35,53,83,42.4,7,7,1,17,30,1.77,6.3,5.2,Moderate
5,13,6.9,64,32,21,21,33.6,2,4,2,7,36,0.7,-8.6,2.7,Low
14,15,6.2,83,66,7,79,53.1,2,10,2,10,66,0.23,3.3,7.0,Moderate
8,8,5.5,54,40,57,39,60.6,6,5,0,7,180,1.9,4.0,0.0,Low
11,0,5.2,85,66,85,74,38.8,5,4,0,8,33,2.83,-4.6,0.8,Low
17,0,6.1,76,48,35,54,41.2,6,7,1,11,21,1.17,-4.2,6.0,Moderate
18,7,7.0,82,60,63,61,60.7,6,4,2,12,59,2.1,4.1,0.0,High
9,0,6.0,71,24,23,178,34.4,2,2,0,11,22,0.77,-7.7,0.0,Low
18,19,5.0,68,60,54,83,36.3,4,4,2,0,94,1.8,-5.5,0.0,High
10,12,6.3,73,56,38,64,36.2,3,6,2,10,8,1.27,-4.2,0.0,Low
4,5,7.7,80,47,25,153,47.5,8,4,1,3,57,0.83,1.9,0.0,Moderate
6,2,6.4,84,30,16,129,43.4,2,5,0,3,52,0.53,-0.6,0.0,Low
0,14,6.5,81,56,84,42,40.5,9,1,2,12,39,2.8,-3.6,0.0,Moderate
4,2,6.0,68,65,39,171,53.8,5,10,1,7,45,1.3,6.9,6.2,Moderate
7,3,5.3,98,42,28,22,53.3,5,6,1,1,40,0.93,2.6,2.1,Moderate
15,4,5.3,82,43,31,39,59.0,5,4,0,8,19,1.03,4.1,2.9,Moderate
21,9,4.4,71,66,55,88,46.5,3,10,1,10,105,1.83,1.5,9.7,High
1,12,7.8,83,83,62,92,52.9,4,2,0,12,11,2.07,0.6,1.3,Moderate
12,15,7.0,81,69,38,164,35.7,2,3,2,3,68,1.27,-6.3,0.0,Low
3,15,6.5,76,56,52,65,52.4,3,4,0,3,18,1.73,-0.9,1.2,Moderate
13,9,6.8,75,48,29,169,52.9,3,4,0,18,63,0.97,2.4,1.5,Moderate
9,14,6.8,89,52,32,264,38.8,4,5,1,0,27,1.07,-3.2,0.0,Low
0,5,5.5,97,28,58,47,51.4,2,8,4,12,71,1.93,-0.7,3.1,Moderate
16,0,6.0,56,49,29,71,48.2,9,9,1,5,16,0.97,10.2,2.7,Low
6,5,5.8,92,72,15,40,50.1,6,9,0,4,23,0.5,7.6,3.6,Low
6,4,9.4,78,53,56,43,54.5,5,10,0,6,10,1.87,9.5,5.1,Moderate
3,5,7.6,81,41,49,77,47.5,4,4,0,6,68,1.63,-1.0,1.4,Moderate
5,3,6.6,93,39,69,53,56.4,1,7,0,5,21,2.3,5.9,4.4,Low
12,6,8.0,50,51,55,43,35.9,3,4,1,6,69,1.83,-3.5,0.0,Low
8,12,7.9,87,30,48,50,38.2,4,4,0,7,37,1.6,-10.3,0.0,High
12,18,4.7,92,36,13,47,44.5,8,1,2,6,3,0.43,3.2,0.0,High
12,0,6.1,70,80,37,84,39.0,5,11,3,12,74,1.23,0.1,6.6,Moderate
18,1,6.4,63,33,26,30,48.3,5,10,1,6,14,0.87,-0.3,1.6,Moderate
7,4,7.1,96,38,55,117,42.9,3,13,1,7,20,1.83,7.0,4.0,Moderate
0,13,6.1,59,57,107,127,43.3,7,8,1,1,67,3.57,-0.8,5.7,High
16,7,6.3,83,44,61,7,43.0,6,7,1,17,21,2.03,0.6,2.2,Moderate
7,4,5.8,89,54,12,121,48.1,3,5,1,6,73,0.4,-0.1,0.0,Low
17,13,7.7,82,68,46,51,45.9,2,9,0,9,16,1.53,-2.9,2.7,Moderate
12,14,4.7,84,24,26,52,49.3,2,7,0,3,14,0.87,3.9,0.0,Moderate
9,8,5.9,75,66,59,87,42.5,6,2,2,2,92,1.97,-1.8,0.0,Moderate
12,4,4.2,83,42,66,51,30.0,7,6,1,1,14,2.2,-0.5,0.0,Moderate
22,10,5.2,70,47,37,80,52.6,4,2,0,4,112,1.23,-2.2,0.0,Moderate
23,7,6.8,72,87,29,78,39.0,4,7,0,9,11,0.97,-1.9,3.7,Moderate
10,7,6.8,78,27,48,71,48.5,1,9,1,9,30,1.6,-1.8,4.7,Low
11,6,6.0,61,63,24,114,46.0,3,5,2,10,111,0.8,-3.5,0.0,High
16,14,7.7,84,72,67,79,65.9,3,4,1,9,9,2.23,3.6,0.6,Moderate
4,10,8.0,51,40,56,27,30.0,5,12,0,7,166,1.87,1.4,4.9,Low
12,15,6.3,82,40,28,104,40.1,1,7,1,9,7,0.93,-4.8,1.9,Low
9,16,6.7,83,45,17,21,49.4,6,8,1,9,33,0.57,2.4,2.6,High
12,11,5.9,69,40,45,190,31.5,4,7,1,0,40,1.5,-5.8,2.7,Low
4,6,7.2,64,53,75,37,45.6,6,9,0,7,51,2.5,8.5,5.5,Moderate
0,15,5.0,74,68,64,38,30.9,3,8,0,11,15,2.13,-6.2,5.2,Low
0,11,8.6,85,45,14,177,45.9,5,5,0,10,23,0.47,3.7,2.2,Moderate
2,21,7.8,82,69,52,64,46.3,6,1,3,0,99,1.73,-2.0,1.3,Moderate
7,10,5.0,66,77,56,58,52.4,2,4,1,7,47,1.87,2.8,5.4,Low
8,13,5.5,79,60,33,55,48.4,10,6,0,12,21,1.1,5.9,0.7,Moderate
22,10,6.9,81,61,39,65,37.2,1,9,0,7,49,1.3,-5.7,5.5,Moderate
17,8,6.0,80,41,62,166,46.5,7,11,0,6,11,2.07,4.5,4.5,Moderate
3,7,7.1,67,15,42,51,48.8,3,5,1,8,110,1.4,2.6,1.2,Low
12,10,6.0,80,63,6,169,37.8,3,12,0,5,66,0.2,3.4,5.6,Low
7,12,8.2,88,66,20,84,54.7,4,8,0,7,28,0.67,2.8,3.0,Moderate
8,15,6.4,84,56,28,147,51.0,3,7,0,6,30,0.93,4.8,0.0,Low
11,10,9.3,83,68,21,52,31.3,5,7,0,5,10,0.7,-8.9,1.6,Moderate
14,6,7.1,96,42,67,135,46.1,3,8,3,3,54,2.23,0.4,0.0,Moderate
7,7,4.8,80,61,51,36,36.7,4,6,0,5,24,1.7,-2.7,0.0,Moderate
16,1,8.9,69,78,13,84,30.0,4,6,2,10,80,0.43,-9.7,0.0,Moderate
2,18,7.7,69,64,50,34,40.8,4,9,0,4,49,1.67,2.2,3.4,High
10,5,6.9,80,76,70,47,42.5,5,10,2,17,27,2.33,2.6,4.1,Low
26,14,7.2,62,76,33,33,65.1,5,6,0,9,34,1.1,9.3,0.0,High
11,10,5.0,75,30,48,141,41.0,6,6,2,9,40,1.6,-3.3,3.2,Moderate
19,10,4.2,83,65,41,81,46.3,1,4,1,5,17,1.37,-7.9,1.9,Moderate
10,8,6.3,91,41,16,118,48.7,2,5,1,15,34,0.53,0.4,0.0,Moderate
13,4,8.1,61,32,50,119,42.6,7,10,0,5,36,1.67,3.7,4.2,Low
9,3,6.9,79,47,25,31,48.3,2,6,1,9,70,0.83,-3.9,0.0,Low
8,19,8.5,77,84,93,96,39.4,6,9,1,4,43,3.1,0.0,6.3,Moderate
4,9,8.0,78,42,15,207,36.0,4,4,0,7,6,0.5,-3.6,0.0,Low
12,15,6.4,80,20,38,65,40.6,4,7,1,5,78,1.27,-2.1,0.0,High
4,17,7.8,78,26,73,88,34.3,2,8,1,7,71,2.43,-5.3,2.3,Moderate
14,6,8.2,93,61,28,147,51.2,5,11,2,3,71,0.93,4.9,5.6,Moderate
17,11,6.3,92,38,49,59,45.1,9,1,0,7,13,1.63,3.3,0.0,Moderate
12,9,6.1,102,15,180,127,41.3,3,9,0,14,29,6.0,-4.2,8.1,High
8,2,6.6,78,27,69,104,51.0,4,6,1,9,113,2.3,3.0,2.5,Low
12,7,3.5,73,55,51,77,40.4,4,6,2,7,17,1.7,-3.6,0.8,Moderate
7,12,6.7,67,66,64,89,30.0,5,1,1,9,26,2.13,-8.3,0.0,Moderate
16,6,7.3,72,44,53,35,40.9,7,2,0,9,3,1.77,-2.8,0.9,Moderate
0,7,6.6,86,64,20,236,52.5,3,8,0,7,98,0.67,3.6,0.7,Moderate
7,7,6.8,88,68,48,64,54.7,5,11,1,7,11,1.6,8.7,2.0,High
0,21,6.3,85,38,135,91,34.6,2,7,0,10,128,4.5,-12.9,2.9,High
0,0,4.0,71,50,83,28,40.4,4,11,1,9,54,2.77,1.1,2.5,Low
18,11,8.4,71,41,31,107,52.2,4,1,2,14,44,1.03,-0.4,2.9,Moderate
15,7,6.0,100,62,34,70,32.2,5,1,1,3,115,1.13,-6.3,0.0,Moderate
5,5,5.7,69,41,141,86,42.9,2,1,2,5,68,4.7,-11.4,1.6,Moderate
0,7,8.0,94,30,38,54,48.4,6,9,0,3,33,1.27,4.8,2.5,Low
0,12,7.6,82,53,28,107,58.2,2,8,0,8,35,0.93,3.2,0.0,Moderate
6,13,6.7,70,72,20,118,41.5,3,6,2,1,36,0.67,3.6,0.0,Low
25,10,7.3,65,61,43,52,33.0,3,9,2,6,38,1.43,-6.3,4.8,Moderate
12,15,5.0,70,70,27,37,38.6,5,5,1,13,6,0.9,-6.0,0.3,Low
6,16,6.3,83,69,42,39,67.1,7,10,0,12,11,1.4,16.4,1.8,High
13,13,8.0,68,53,50,151,48.4,2,11,1,4,75,1.67,2.1,1.8,Moderate
0,5,5.6,95,41,90,48,56.6,5,1,0,12,36,3.0,-2.0,0.0,Moderate
8,11,5.2,76,36,33,138,45.5,3,8,0,8,4,1.1,-1.1,0.0,Moderate
10,11,6.5,86,23,6,78,38.4,4,8,2,10,41,0.2,-0.4,1.2,Low
9,4,6.5,85,73,32,59,36.0,5,3,1,11,17,1.07,-5.5,1.1,Low
15,0,7.2,96,46,32,17,41.4,1,2,5,6,45,1.07,-6.2,0.0,Low
12,0,4.7,73,21,30,205,52.1,5,6,1,3,76,1.0,4.8,0.2,Low
14,9,3.3,79,74,37,74,33.8,7,7,0,3,180,1.23,-0.9,3.9,Moderate
5,10,7.5,63,54,8,56,52.1,3,8,1,14,40,0.27,2.7,2.2,Low
15,2,5.1,79,69,15,77,35.2,3,10,0,7,69,0.5,0.9,7.4,Moderate
20,15,5.7,91,47,29,86,42.9,2,6,1,9,26,0.97,-5.3,0.7,Moderate
3,9,3.8,80,38,69,47,45.1,5,7,0,5,65,2.3,1.7,5.8,Moderate
4,16,7.6,103,60,38,61,51.0,2,13,1,6,53,1.27,6.4,6.7,Moderate
18,11,6.8,84,62,56,33,42.9,4,7,1,4,33,1.87,3.5,1.2,High
8,2,6.8,72,47,14,48,50.3,3,4,1,3,47,0.47,-5.3,0.0,Low
19,11,6.8,83,76,22,71,42.8,6,8,0,6,10,0.73,5.2,3.3,Moderate
7,12,3.9,62,69,2,28,49.1,5,5,1,1,15,0.07,-3.7,0.0,Moderate
19,5,5.2,69,62,7,65,45.4,3,5,0,7,61,0.23,-2.8,0.7,Moderate
10,0,5.9,65,32,127,61,47.3,3,3,0,6,66,4.23,-3.4,0.0,Low
11,9,5.5,78,29,13,51,47.2,3,7,1,4,40,0.43,7.5,2.0,Moderate
20,3,6.1,77,74,18,125,44.7,2,10,0,0,58,0.6,5.0,1.8,Moderate
7,15,6.7,91,15,21,34,56.1,5,8,0,4,35,0.7,7.2,0.1,Moderate
3,6,7.6,77,50,103,78,50.9,3,8,1,12,59,3.43,5.4,4.5,Moderate
7,19,4.6,67,55,13,49,47.1,2,8,1,13,11,0.43,-5.7,0.0,Moderate
12,0,6.4,95,43,35,80,40.7,5,11,1,3,30,1.17,1.9,7.6,Moderate
0,9,7.3,50,51,23,78,67.3,2,4,0,11,28,0.77,4.8,0.0,Moderate
14,17,5.3,78,60,27,244,59.4,3,4,0,9,5,0.9,1.6,0.0,High
6,3,6.2,80,41,11,302,36.6,4,7,0,11,50,0.37,-0.8,0.0,Low
17,8,7.0,78,68,23,44,51.0,5,6,2,7,112,0.77,-2.8,0.0,Moderate
0,6,6.4,84,62,58,69,56.8,4,4,0,3,71,1.93,5.7,0.0,Low
4,5,7.2,79,49,34,43,50.1,4,7,1,7,29,1.13,4.6,0.0,Low
0,10,6.5,83,37,49,78,45.6,2,1,1,5,20,1.63,-0.6,0.0,Low
4,1,6.0,71,50,15,45,40.1,4,9,0,19,49,0.5,1.7,2.0,Low
11,8,5.0,62,90,63,43,49.9,5,4,2,4,28,2.1,-3.8,0.0,Moderate
8,11,6.7,77,38,36,55,37.5,2,1,0,12,53,1.2,-7.1,0.0,Moderate
8,7,6.5,67,80,27,57,42.2,3,9,0,10,54,0.9,-1.7,0.0,Low
8,3,5.2,70,20,30,12,40.9,4,6,1,9,33,1.0,-2.5,0.3,Low
11,14,7.1,91,37,40,59,50.3,3,8,0,13,71,1.33,3.3,3.4,Low
3,13,7.9,95,42,39,211,57.9,3,12,1,8,74,1.3,12.0,5.0,High
14,2,5.6,91,69,89,45,41.3,4,9,0,3,14,2.97,4.9,4.5,Moderate
14,1,5.5,89,53,41,124,42.2,1,10,4,7,59,1.37,3.6,2.3,Moderate
12,3,5.5,79,76,40,97,57.3,3,7,2,8,42,1.33,7.3,1.2,Moderate
13,12,4.4,89,46,33,55,40.8,2,13,2,10,92,1.1,1.6,1.3,Moderate
11,10,8.8,82,51,46,40,30.0,6,8,0,10,20,1.53,-4.8,4.8,Moderate
23,13,5.9,99,46,68,32,62.4,4,2,1,2,179,2.27,10.7,0.0,High
9,7,5.4,68,88,7,40,54.7,8,1,1,8,24,0.23,5.5,0.0,Low
8,3,5.0,85,32,6,27,52.9,2,9,0,6,59,0.2,3.0,2.5,Moderate
5,14,5.9,64,43,32,18,49.0,5,3,1,14,106,1.07,5.4,0.0,Moderate
3,5,5.6,85,34,20,37,44.9,2,7,0,11,9,0.67,5.5,2.3,Moderate
1,10,8.1,59,62,38,131,30.0,6,8,0,10,68,1.27,-8.1,3.7,Moderate
4,0,4.9,65,31,39,105,43.7,5,5,1,2,76,1.3,6.6,0.2,Moderate
9,5,4.6,64,85,32,50,43.5,4,3,1,9,11,1.07,0.7,0.0,Low
12,14,7.1,81,53,80,141,44.5,3,3,1,7,54,2.67,-7.4,0.0,Low
10,4,6.3,82,59,19,40,50.8,3,5,3,11,27,0.63,3.8,0.0,Low
5,13,6.1,105,60,22,23,59.2,8,8,0,4,96,0.73,9.6,0.7,High
15,0,7.1,77,52,95,198,45.0,2,2,0,6,37,3.17,-4.6,0.0,High
14,5,6.6,86,54,13,82,43.8,2,12,1,1,78,0.43,-1.5,5.6,High
8,8,6.3,80,54,30,98,59.2,4,8,0,7,12,1.0,13.8,3.5,Moderate
5,19,4.7,86,61,28,43,38.5,3,7,0,10,30,0.93,-8.1,0.5,Low
13,2,4.4,80,37,51,46,45.3,5,6,1,10,65,1.7,-4.2,0.9,Moderate
11,12,5.6,90,34,35,51,45.9,0,6,0,8,27,1.17,-3.0,1.7,Moderate
0,15,5.1,66,67,11,104,38.5,1,7,0,12,115,0.37,-4.0,0.0,Low
9,4,6.7,51,52,25,33,42.6,2,7,0,8,103,0.83,0.5,1.8,Low
11,6,4.2,83,16,23,37,42.7,9,10,1,2,34,0.77,1.1,4.5,Moderate
4,9,5.9,58,43,58,113,52.6,1,10,0,6,37,1.93,-0.4,3.9,Low
11,0,6.2,92,80,95,287,43.0,5,7,0,7,97,3.17,3.0,2.2,Moderate
0,6,6.4,72,49,80,62,43.3,4,4,0,5,91,2.67,-6.9,3.5,Low
18,16,6.9,67,42,34,32,49.9,5,3,1,0,58,1.13,-1.6,0.0,Moderate
18,12,6.0,108,25,70,30,41.3,2,6,2,6,65,2.33,-2.8,1.1,High
8,8,5.6,78,42,71,76,37.5,9,5,1,0,34,2.37,0.2,2.1,Moderate
12,9,7.9,76,31,108,157,69.5,8,8,1,10,16,3.6,21.0,2.0,High
0,12,6.0,86,60,2,123,45.2,4,11,0,9,67,0.07,0.3,1.3,Low
2,13,8.1,87,53,27,89,47.7,4,7,1,7,28,0.9,6.6,1.6,Low
8,5,6.0,91,45,56,29,43.2,6,4,3,3,29,1.87,1.9,0.0,Low
3,17,6.4,63,38,21,76,32.1,0,2,0,4,59,0.7,-10.1,0.7,Moderate
14,16,6.2,84,79,12,22,41.0,4,6,1,8,87,0.4,-3.0,2.9,Low
22,12,6.7,75,39,14,172,35.6,5,7,0,4,48,0.47,0.6,0.4,High
2,4,5.9,68,39,47,43,50.6,5,3,1,1,33,1.57,3.9,0.0,Moderate
4,3,6.5,79,48,23,54,49.4,6,6,1,0,45,0.77,6.3,0.0,Low
11,7,8.2,58,50,14,143,50.9,3,10,0,6,20,0.47,5.9,3.2,Moderate
20,9,7.7,88,61,96,52,36.8,1,5,3,2,52,3.2,-4.6,3.9,High
2,0,7.7,75,69,46,177,30.0,3,6,1,9,29,1.53,-10.4,1.2,Low
11,11,4.8,73,67,87,5,30.0,3,9,0,3,19,2.9,-5.4,3.3,Low
21,16,5.0,76,96,27,39,49.2,6,11,0,11,69,0.9,3.4,0.0,Moderate
0,12,6.7,76,22,64,106,42.1,9,8,2,17,19,2.13,4.3,0.4,Moderate
1,5,7.3,91,56,17,118,34.1,7,2,2,3,120,0.57,-5.4,0.5,Low
7,4,5.8,66,43,22,41,50.6,5,10,0,0,85,0.73,3.9,5.7,Low
6,10,5.6,74,88,27,26,53.5,5,4,3,1,26,0.9,6.7,0.0,High
15,8,8.1,76,55,23,91,45.1,3,5,2,8,23,0.77,-0.9,0.0,Moderate
11,11,7.2,66,15,14,64,40.4,3,2,3,0,79,0.47,-5.6,0.0,Moderate
0,12,7.7,80,60,24,8,43.6,2,5,0,6,32,0.8,0.7,0.0,Low
13,15,5.9,70,57,9,28,56.2,4,7,0,2,75,0.3,11.6,0.0,High
6,2,5.8,63,66,38,107,55.1,6,3,0,6,44,1.27,0.6,0.0,Low
18,10,7.5,84,39,75,87,43.6,3,6,2,6,108,2.5,-7.1,1.3,High
5,6,6.1,95,58,21,46,46.9,6,1,0,9,15,0.7,1.3,0.0,Moderate
5,8,5.7,79,47,32,24,75.0,5,8,0,8,14,1.07,12.6,0.0,Low
13,14,5.3,77,40,71,100,64.7,7,5,2,4,16,2.37,4.7,3.9,High
14,14,5.8,77,58,98,133,46.0,6,7,1,1,58,3.27,7.8,3.4,High
12,17,7.5,72,55,67,90,58.5,7,4,0,13,66,2.23,11.6,0.2,High
0,11,4.6,91,71,39,33,49.1,1,7,1,5,66,1.3,0.0,3.0,Low
13,8,7.2,79,52,52,46,59.0,6,4,1,1,32,1.73,4.0,0.0,Low
3,7,5.6,54,63,56,213,39.2,3,3,1,15,78,1.87,-6.9,0.0,Low
11,0,6.1,91,30,53,72,52.3,1,6,1,13,27,1.77,0.4,0.0,Low
0,16,6.2,88,77,22,232,54.9,7,10,2,14,32,0.73,10.4,4.8,High
12,7,6.1,85,38,62,47,45.5,4,1,1,9,24,2.07,3.7,0.0,Moderate
4,11,6.1,50,68,75,62,41.9,2,3,0,10,80,2.5,-6.4,1.6,Low
1,12,5.9,78,57,4,24,47.7,6,9,0,10,35,0.13,8.9,4.7,High
14,1,5.7,88,54,27,30,33.5,2,6,0,11,17,0.9,-6.5,0.2,Low
11,3,8.0,82,66,49,24,42.2,4,6,1,3,98,1.63,-4.5,5.8,Moderate
6,17,6.4,80,15,42,32,40.8,0,12,1,13,55,1.4,2.1,4.1,Moderate
19,10,6.2,88,42,50,99,53.4,4,5,2,10,46,1.67,0.6,0.0,High
7,5,5.6,80,65,15,208,50.3,2,3,0,6,50,0.5,-3.2,0.0,Low
10,8,5.9,91,87,3,72,51.5,4,3,0,0,133,0.1,-0.6,0.9,Low
11,15,5.6,80,52,40,14,56.3,5,9,1,7,30,1.33,10.9,2.9,High
5,14,7.3,79,15,34,60,35.7,6,1,1,11,55,1.13,-10.7,0.0,Low
13,0,5.5,88,46,74,54,60.3,8,3,0,13,108,2.47,10.1,2.5,High
6,18,3.7,74,51,50,112,54.0,3,5,1,4,35,1.67,-6.3,0.0,Low
7,14,6.5,66,72,4,27,33.4,3,1,1,2,5,0.13,-4.2,0.0,Low
18,8,6.1,78,53,51,61,52.7,4,3,1,4,29,1.7,6.1,0.0,Moderate
3,2,5.7,84,29,88,150,50.8,5,9,4,9,109,2.93,2.4,5.7,High
0,15,7.5,88,69,72,216,49.4,3,3,0,8,93,2.4,-0.3,0.7,Moderate
20,11,3.1,88,62,50,78,37.4,6,1,1,9,44,1.67,-2.0,0.0,High
26,0,8.3,77,39,24,94,45.6,4,6,0,8,17,0.8,-2.1,0.0,Low
7,7,7.7,76,65,31,97,51.7,1,1,0,7,44,1.03,-10.2,0.0,Moderate
0,21,5.6,71,42,31,45,46.1,2,10,1,8,26,1.03,5.1,2.8,Moderate
7,9,5.9,81,47,56,111,33.9,5,4,0,7,21,1.87,-4.4,0.6,Moderate
8,4,7.0,60,42,54,41,42.5,1,4,1,9,48,1.8,-5.7,0.0,Low
8,3,7.0,78,46,38,71,49.0,5,5,1,5,68,1.27,4.0,0.0,Moderate
2,19,5.6,109,68,68,13,44.1,3,8,0,3,41,2.27,3.7,3.6,Moderate
13,13,4.5,61,20,20,26,62.7,4,4,0,3,23,0.67,6.3,0.6,High
13,17,8.9,80,72,65,52,52.6,3,1,1,2,7,2.17,-0.0,0.2,Moderate
0,10,7.5,82,55,99,60,52.2,6,3,1,9,21,3.3,0.0,0.0,High
14,16,6.6,84,45,82,44,47.5,3,8,1,9,58,2.73,0.3,1.5,Moderate
23,4,6.6,67,52,65,62,41.9,7,2,0,8,5,2.17,1.9,0.0,Low
11,9,7.1,84,36,24,18,61.1,3,4,0,12,30,0.8,9.2,0.0,High
7,10,7.3,72,23,45,14,42.5,4,6,3,12,28,1.5,-4.4,3.6,Moderate
9,17,3.9,62,36,55,117,46.5,8,3,0,14,17,1.83,10.2,0.0,Low
13,10,6.0,88,18,44,118,45.1,2,7,0,14,28,1.47,-1.9,0.0,High
0,5,5.9,85,28,55,39,33.5,9,4,1,5,34,1.83,-3.4,0.2,Low
11,9,6.2,67,23,118,70,49.9,3,11,0,6,103,3.93,9.1,6.0,High
7,0,7.3,72,74,80,46,54.7,2,9,1,3,26,2.67,5.7,5.8,Moderate
22,0,4.3,72,29,106,51,40.8,3,6,1,2,29,3.53,-5.6,3.6,High
8,13,4.8,60,51,78,65,43.3,3,11,0,2,30,2.6,-0.7,8.0,Moderate
20,6,5.6,86,72,32,55,38.5,2,7,0,11,60,1.07,-1.5,3.5,High
2,7,6.6,87,67,17,127,62.1,1,7,1,7,134,0.57,3.7,0.8,Low
13,13,7.4,74,47,31,93,49.8,9,8,0,7,53,1.03,5.1,1.4,High
12,17,8.4,78,47,42,52,57.8,0,7,1,4,29,1.4,3.5,1.4,Moderate
4,12,6.1,79,55,74,79,42.2,3,8,1,10,15,2.47,-3.4,1.1,Low
11,20,7.4,81,90,66,111,51.0,2,7,0,0,48,2.2,-2.4,0.4,High
17,11,7.3,63,59,20,40,31.9,3,7,1,4,14,0.67,-9.4,0.5,Low
7,10,7.1,83,64,44,140,40.6,3,11,0,8,7,1.47,2.9,0.0,Low
0,10,6.4,65,93,88,48,64.3,1,11,0,9,32,2.93,10.3,5.4,Moderate
9,1,5.9,85,57,21,193,49.7,4,2,1,5,154,0.7,-2.2,0.0,Low
4,14,5.1,66,73,35,80,43.0,4,6,0,6,82,1.17,-4.4,0.8,Moderate
7,0,5.0,64,61,30,20,30.0,5,6,1,3,60,1.0,-11.5,0.0,Low
9,5,6.8,78,60,70,33,47.6,3,1,0,9,19,2.33,-5.1,0.0,Low
0,9,6.3,77,35,108,28,42.2,5,11,3,8,31,3.6,4.6,3.3,Moderate
0,4,5.9,79,32,29,92,53.6,4,3,1,6,76,0.97,-0.9,0.8,Low
13,6,7.2,68,43,24,38,32.9,5,9,0,6,77,0.8,-3.1,3.1,Moderate
6,19,6.2,80,68,13,80,54.0,4,1,2,8,4,0.43,3.7,0.0,Moderate
0,15,5.3,81,67,41,88,41.9,3,5,2,4,29,1.37,-2.7,1.7,Low
15,5,6.1,91,76,73,61,36.7,6,5,0,8,31,2.43,-2.8,0.0,Moderate
11,6,7.4,80,52,9,156,47.7,6,8,2,11,116,0.3,7.2,3.6,Moderate
5,1,5.2,71,62,37,83,62.4,3,6,1,7,21,1.23,12.0,3.4,Low
1,13,6.7,63,62,50,15,52.5,6,8,1,10,49,1.67,4.5,3.8,Moderate
15,7,6.3,61,50,66,84,48.8,4,6,2,6,21,2.2,2.4,0.0,Moderate
12,0,5.5,82,46,48,60,41.2,5,4,2,13,28,1.6,-0.3,0.0,Low
25,9,6.0,87,25,16,10,58.8,5,3,1,7,14,0.53,2.2,0.0,High
12,11,4.5,68,49,25,137,49.1,8,8,1,12,15,0.83,9.4,1.7,High
12,14,6.5,81,50,94,98,30.0,4,3,0,6,18,3.13,-8.8,3.7,Moderate
8,8,4.8,76,72,60,53,52.9,6,6,2,5,9,2.0,3.0,0.3,Moderate
15,6,7.7,86,74,28,41,48.2,4,2,2,11,34,0.93,-2.0,0.0,Moderate
14,20,6.3,88,55,36,129,44.9,6,6,0,12,41,1.2,-1.3,0.0,Moderate
18,9,5.7,53,89,18,80,57.2,4,8,0,10,10,0.6,13.0,0.3,High
6,13,7.8,89,55,8,6,39.3,4,5,1,12,6,0.27,1.0,0.0,Low
7,5,5.2,81,71,38,180,41.2,3,1,1,0,65,1.27,-5.3,0.0,Low
6,13,5.5,72,50,23,67,44.4,4,8,0,5,50,0.77,-0.1,0.0,Low
15,0,4.2,72,31,51,150,49.7,2,5,0,5,93,1.7,-3.2,0.0,Moderate
19,6,8.0,78,44,124,69,40.5,3,12,0,3,54,4.13,3.2,2.9,High
7,1,8.6,72,79,49,49,37.0,6,7,2,7,14,1.63,2.0,3.8,Low
7,5,4.4,68,47,49,75,44.1,2,9,2,6,13,1.63,1.2,4.0,Low
12,16,5.4,70,44,72,207,41.4,2,1,0,6,18,2.4,-10.2,1.3,Moderate
8,5,6.5,67,52,13,56,60.8,4,4,0,5,29,0.43,1.3,0.0,Low
16,13,5.8,93,45,55,35,30.0,6,8,0,8,35,1.83,-6.9,2.3,Moderate
0,17,6.4,79,73,18,73,53.8,5,6,0,4,64,0.6,3.4,0.4,Moderate
4,8,6.3,103,86,71,158,30.0,7,1,1,7,80,2.37,-12.2,0.0,Low
4,14,6.9,82,52,49,48,45.1,6,3,1,11,14,1.63,2.5,0.0,Moderate
0,12,5.2,84,62,14,324,36.1,6,6,1,10,69,0.47,-1.2,2.1,Moderate
3,9,6.6,66,69,49,13,31.9,8,6,1,8,35,1.63,-5.8,1.5,Moderate
4,13,5.1,76,54,11,89,57.7,2,1,1,15,42,0.37,2.4,0.0,High
8,19,5.9,79,36,14,67,52.4,5,11,0,0,159,0.47,7.8,3.3,High
17,5,4.3,71,45,10,41,46.4,3,6,1,8,107,0.33,6.6,0.0,Moderate
8,3,5.9,73,59,74,186,47.0,7,9,0,1,15,2.47,3.9,5.4,Low
3,3,5.7,83,59,52,84,38.9,4,10,0,8,52,1.73,-1.1,2.7,Low
9,14,7.5,83,20,42,167,41.7,6,4,1,10,40,1.4,-1.3,0.0,Moderate
16,15,6.3,63,44,20,35,39.6,4,6,2,8,65,0.67,-1.7,0.1,High
3,5,6.5,81,39,56,66,41.1,3,5,0,1,40,1.87,-1.0,0.9,Low
4,0,6.4,84,68,43,26,43.9,4,8,1,13,8,1.43,-0.4,2.3,Low
13,5,3.8,72,39,26,162,57.8,1,9,0,1,98,0.87,7.6,0.6,Moderate
8,12,4.0,70,44,46,41,51.1,5,4,3,4,25,1.53,1.2,0.0,Moderate
14,8,6.0,83,43,53,30,48.6,0,4,0,12,7,1.77,-2.1,1.0,Low
9,10,6.7,50,66,15,139,36.9,3,3,1,8,78,0.5,0.5,0.0,Low
14,5,6.1,78,69,87,169,49.8,5,8,0,0,54,2.9,2.3,3.6,High
3,14,5.4,96,61,35,64,30.0,1,5,0,7,18,1.17,-13.1,2.8,Low
9,10,6.1,50,72,54,146,39.6,3,2,1,8,129,1.8,-10.1,0.0,Moderate
8,12,6.0,87,74,33,85,34.7,3,7,2,11,122,1.1,-10.5,2.3,High
2,9,7.3,84,19,49,92,42.5,2,2,0,11,38,1.63,-9.5,0.0,Low
0,12,7.3,62,63,29,29,43.2,4,3,1,10,37,0.97,-1.0,0.0,Low
14,11,5.7,84,45,31,35,41.9,4,5,0,7,10,1.03,-2.3,0.0,High
7,3,6.3,89,29,29,119,45.6,5,7,2,5,83,0.97,-0.1,0.8,Low
3,11,6.7,65,46,42,53,47.1,5,7,0,10,91,1.4,4.8,1.6,Low
9,13,6.9,70,65,62,14,57.8,4,7,0,7,30,2.07,-0.0,0.3,Moderate
17,15,8.4,78,78,62,89,38.5,0,3,1,12,58,2.07,-4.7,0.0,Moderate
0,11,6.4,89,28,60,66,38.3,1,9,2,11,54,2.0,-4.0,6.1,Low
0,3,7.8,72,63,45,45,44.8,4,6,2,0,17,1.5,-0.9,0.0,Low
4,4,5.0,78,87,26,17,48.5,3,8,0,18,180,0.87,4.7,5.6,Moderate
19,6,5.6,71,85,4,61,46.1,3,5,1,7,93,0.13,-3.0,0.0,High
11,10,3.8,78,15,61,63,62.2,2,1,0,9,57,2.03,2.4,0.0,High
14,8,6.6,90,91,42,70,53.4,4,10,2,0,42,1.4,6.7,4.4,High
2,2,7.2,79,69,24,7,58.2,4,2,3,7,11,0.8,5.2,0.0,Low
2,2,3.3,74,15,34,107,49.9,4,4,2,4,46,1.13,9.8,0.0,Moderate
12,0,6.6,78,38,66,85,46.5,1,9,0,11,52,2.2,0.3,0.7,Low
10,0,7.1,69,75,16,19,30.0,6,9,1,5,132,0.53,3.2,1.4,Moderate
13,8,7.1,67,58,90,102,46.2,5,8,2,7,8,3.0,1.6,4.8,Moderate
8,21,5.0,91,42,133,95,42.8,4,1,1,0,40,4.43,-7.2,2.4,Moderate
11,19,7.3,96,53,26,84,43.0,1,4,1,6,34,0.87,1.9,0.0,High
11,3,6.4,58,62,29,46,54.6,3,5,0,17,26,0.97,1.9,3.7,Moderate
15,9,7.1,84,42,33,123,33.8,1,4,1,10,21,1.1,-7.7,0.0,Low
15,0,6.2,87,50,26,178,55.5,2,3,1,6,95,0.87,0.8,0.7,Moderate
0,1,6.9,65,68,110,62,51.4,2,9,1,11,24,3.67,2.6,4.4,Moderate
0,2,7.7,73,39,33,26,47.7,3,9,0,5,159,1.1,1.3,1.8,Low
16,7,6.2,72,28,15,34,53.0,4,3,3,8,34,0.5,-2.3,0.0,Moderate
17,7,6.7,99,41,44,30,30.0,4,6,0,10,29,1.47,-8.6,3.0,Low
3,10,7.9,96,36,20,82,49.0,4,2,2,10,87,0.67,2.0,0.7,Low
0,12,6.2,68,41,12,86,32.2,5,10,0,19,39,0.4,-2.8,5.0,Low
10,7,5.0,62,21,22,7,48.7,8,4,2,1,45,0.73,2.8,0.0,Moderate
16,9,7.2,87,56,24,41,34.7,4,3,0,7,64,0.8,-2.1,0.1,Moderate
21,2,8.1,84,68,33,84,38.3,5,11,0,10,43,1.1,0.4,3.5,Moderate
13,1,7.9,92,37,9,80,41.4,7,8,1,10,89,0.3,6.3,2.3,Moderate
7,0,7.3,66,40,104,43,42.9,2,1,2,11,14,3.47,-7.8,0.0,Low
4,12,3.6,86,49,47,70,47.2,3,5,1,4,7,1.57,-2.3,0.0,Low
10,7,5.6,70,36,57,311,51.8,5,5,2,5,79,1.9,3.9,3.6,High
8,0,5.7,85,70,41,71,67.0,4,1,2,11,66,1.37,8.0,0.0,Low
3,8,6.5,78,36,79,30,39.3,3,1,1,13,137,2.63,-8.5,0.0,Low
23,1,8.4,99,43,29,54,46.5,8,5,1,2,92,0.97,7.8,3.8,High
21,18,5.1,83,38,40,137,44.6,6,9,2,0,31,1.33,1.7,5.8,High
17,5,9.1,75,70,19,51,35.8,3,10,1,9,57,0.63,-1.7,3.1,Low
4,12,5.9,80,48,35,63,30.0,7,12,0,8,37,1.17,1.9,1.4,Moderate
15,15,5.5,77,88,38,163,36.8,4,7,0,6,36,1.27,-1.0,0.0,High
14,3,7.4,65,58,20,31,40.3,2,5,0,12,69,0.67,-5.7,0.6,Moderate
12,9,7.5,99,73,47,78,41.9,3,8,1,10,28,1.57,-3.6,0.0,Moderate
18,12,7.2,96,46,50,54,32.4,3,7,0,13,24,1.67,-3.2,0.0,High
14,9,5.5,76,35,58,89,42.6,2,4,0,6,66,1.93,-6.2,0.0,High
14,11,7.0,86,51,49,53,43.7,2,7,1,11,8,1.63,0.6,1.3,Moderate
14,1,5.2,101,40,36,23,37.2,3,6,2,6,39,1.2,-7.8,1.9,Moderate
12,12,5.4,92,16,65,28,52.1,4,11,3,16,5,2.17,5.4,7.5,High
0,6,6.3,75,70,40,154,30.0,3,5,0,13,17,1.33,-11.2,1.9,Low
10,11,5.4,77,53,6,75,47.8,5,6,1,0,52,0.2,-0.0,0.0,Moderate
6,14,7.7,59,39,12,60,43.2,1,2,1,5,55,0.4,-10.2,0.5,Low
1,12,5.7,87,59,18,181,46.1,3,1,1,7,55,0.6,-2.4,0.0,Moderate
20,11,6.1,92,53,22,91,49.0,5,5,0,5,66,0.73,-1.0,0.0,Moderate
21,12,5.3,92,77,47,50,48.0,6,10,1,7,18,1.57,7.9,6.2,High
18,12,7.6,86,60,81,84,30.0,5,5,1,6,62,2.7,-7.5,0.0,High
11,17,5.6,82,49,53,153,43.0,4,6,2,0,84,1.77,-1.5,3.9,Moderate
18,8,7.8,67,64,46,119,49.5,4,8,3,7,50,1.53,4.3,1.0,Moderate
10,9,7.7,82,51,8,51,49.8,8,9,1,8,3,0.27,9.4,3.9,Moderate
11,14,5.9,71,55,4,79,38.1,3,5,1,2,51,0.13,-2.6,0.0,Moderate
2,6,6.4,84,74,89,62,35.6,4,7,1,7,14,2.97,-0.4,3.0,Moderate
12,1,5.8,70,31,28,270,50.5,3,5,1,9,13,0.93,-4.3,0.8,Low
10,11,7.1,84,36,48,117,49.7,3,3,0,6,52,1.6,0.2,0.0,Moderate
1,7,6.2,93,44,52,36,35.6,6,2,3,10,56,1.73,-9.6,0.0,Low
9,1,5.9,82,47,129,123,33.8,3,8,1,9,42,4.3,-7.4,4.4,Moderate
9,11,6.5,82,73,105,17,41.6,2,9,0,0,104,3.5,1.6,1.4,Moderate
21,17,4.5,88,27,144,16,38.2,5,1,0,4,41,4.8,-8.1,0.0,High
15,0,6.3,97,51,58,80,46.3,2,7,0,10,24,1.93,-1.0,1.8,Moderate
10,14,7.2,77,42,95,78,57.2,6,10,0,6,70,3.17,11.9,7.8,High
11,0,6.6,84,83,15,81,33.8,2,9,0,13,30,0.5,-7.4,3.0,Moderate
10,6,7.5,95,68,131,105,43.8,3,4,1,0,47,4.37,-6.7,2.7,High
8,19,5.9,85,56,64,57,38.0,3,7,1,2,58,2.13,-2.5,5.0,Moderate
2,7,5.8,56,69,31,126,51.7,1,6,2,13,75,1.03,-2.1,0.7,Low
9,9,5.1,70,28,69,52,52.3,5,4,0,10,111,2.3,-0.9,0.0,Moderate
5,13,5.9,86,88,82,82,36.8,6,10,3,5,58,2.73,2.3,5.0,Moderate
1,0,8.8,74,37,54,40,54.7,3,8,1,5,6,1.8,10.1,2.2,Low
13,9,6.7,94,75,2,62,52.4,3,13,1,14,79,0.07,3.2,3.9,Moderate
12,9,5.7,98,62,85,50,43.3,6,3,1,6,47,2.83,-2.1,0.5,High
0,19,5.2,72,57,36,62,51.6,7,6,1,1,28,1.2,0.9,1.1,Low
9,1,4.5,67,74,54,108,32.5,5,9,1,13,53,1.8,-2.3,2.0,Moderate
16,6,5.4,74,70,18,124,62.0,4,1,2,0,33,0.6,1.0,1.4,Moderate
16,3,7.3,73,54,31,134,45.3,2,7,2,4,52,1.03,-4.1,2.0,Low
16,3,5.9,95,44,27,52,56.1,3,1,0,1,49,0.9,-1.6,0.0,Moderate
10,15,5.3,67,54,15,89,39.4,2,1,1,14,27,0.5,-10.8,0.0,Moderate
4,9,5.4,86,50,6,40,30.6,2,5,2,6,42,0.2,-10.6,4.4,Low
2,5,7.2,93,58,32,104,49.0,6,9,0,0,88,1.07,6.0,0.9,Low
12,5,6.3,87,70,19,21,38.1,4,5,0,11,95,0.63,-6.1,0.0,Low
12,5,5.6,83,60,44,201,39.1,3,3,0,11,12,1.47,-5.5,0.5,Moderate
18,6,6.0,76,55,49,43,46.9,4,7,0,2,16,1.63,4.0,4.3,High
17,1,9.0,98,40,107,94,52.3,7,8,2,14,65,3.57,6.3,2.5,High
9,7,7.9,75,58,26,304,48.0,4,7,0,0,43,0.87,-2.5,0.0,Low
1,6,8.2,88,21,82,56,54.3,4,1,2,9,54,2.73,3.8,0.0,Low
7,4,4.3,76,38,47,95,43.0,5,7,1,13,64,1.57,2.3,5.0,Moderate
11,9,6.2,58,63,53,23,57.0,4,9,2,15,25,1.77,9.6,4.7,High
8,10,5.6,75,68,43,89,52.2,2,6,1,11,4,1.43,-0.7,4.9,Low
6,5,7.1,76,52,74,30,35.0,5,8,1,4,39,2.47,-2.3,2.2,Low
11,8,7.7,76,56,43,67,50.5,3,10,1,9,112,1.43,2.5,5.0,Moderate
6,21,6.8,71,59,42,19,45.0,6,3,0,3,35,1.4,3.6,0.7,Moderate
5,21,5.4,85,64,18,87,37.6,2,6,1,12,84,0.6,-5.4,0.9,Moderate
12,2,5.6,86,48,21,60,49.9,4,3,1,10,71,0.7,-1.4,0.0,Low
7,3,7.1,75,34,48,58,48.6,3,5,1,13,24,1.6,1.8,4.5,Moderate
11,2,7.3,75,59,29,16,50.7,5,3,0,8,42,0.97,1.9,0.8,Moderate
11,15,6.6,66,87,11,79,34.8,7,6,1,6,67,0.37,-0.7,1.6,Moderate
2,6,6.6,81,35,27,59,30.0,1,11,1,13,20,0.9,-5.9,5.1,Low
6,10,6.5,93,50,66,42,41.6,4,5,1,4,15,2.2,-3.9,4.6,Moderate
19,20,6.7,93,45,45,34,42.2,3,6,0,10,42,1.5,-4.3,0.8,High
2,8,7.3,71,95,24,100,49.0,3,10,0,7,69,0.8,7.4,5.4,Moderate
0,13,7.2,100,35,38,83,30.0,5,4,0,12,32,1.27,-6.0,0.0,Low
0,12,6.4,74,49,70,72,50.4,6,5,1,8,50,2.33,8.5,0.0,Low
10,5,6.3,67,45,18,236,52.0,6,6,0,9,27,0.6,5.3,0.0,Moderate
10,15,6.3,63,29,17,131,52.6,8,5,1,2,1,0.57,5.9,0.0,Moderate
9,4,5.5,66,28,44,102,52.2,4,10,0,4,41,1.47,4.9,3.6,Low
17,16,5.4,82,62,27,72,34.8,1,3,2,6,22,0.9,-9.3,0.0,Moderate
0,5,7.1,75,65,44,96,36.8,3,5,0,10,49,1.47,-5.9,0.0,Low
12,6,5.5,71,42,39,184,42.9,3,10,2,6,56,1.3,6.1,4.1,Moderate
20,2,7.4,69,77,43,21,43.3,3,6,1,6,37,1.43,-2.2,4.2,Moderate
2,3,6.3,66,15,109,84,36.2,5,4,1,13,92,3.63,-10.2,0.0,Low
7,6,7.4,68,29,14,94,46.3,5,5,1,9,29,0.47,-7.6,0.0,Low
5,0,7.2,89,37,59,31,48.9,7,7,1,6,67,1.97,6.5,0.0,Low
4,7,7.4,98,52,51,74,47.9,3,1,0,9,57,1.7,-1.6,0.0,Low
7,6,5.8,99,44,58,110,46.2,4,10,4,4,53,1.93,1.7,6.4,Low
19,13,6.9,86,48,8,103,48.5,4,6,1,11,112,0.27,-1.4,3.1,High
21,11,7.3,73,61,64,70,42.7,5,8,1,8,8,2.13,0.3,3.7,High
7,4,4.5,71,78,32,83,49.8,8,5,0,10,6,1.07,6.1,1.2,Moderate
22,6,8.4,86,66,42,75,48.8,2,6,0,2,54,1.4,-3.7,0.0,Moderate
10,7,9.1,75,53,35,24,38.0,3,7,0,6,12,1.17,-5.5,0.0,Moderate
21,17,7.5,83,51,20,54,61.7,6,7,3,1,32,0.67,9.0,0.0,High
9,4,7.4,99,72,33,365,58.9,5,11,1,2,28,1.1,8.4,6.0,High
10,4,7.1,80,86,39,75,51.4,5,8,1,1,74,1.3,5.9,3.0,Moderate
12,2,6.0,103,63,54,50,55.4,2,7,0,13,28,1.8,3.1,2.7,Moderate
27,0,6.3,66,43,48,108,48.0,3,5,1,13,15,1.6,-8.3,3.4,Moderate
15,10,7.6,83,57,36,20,42.2,6,8,0,4,45,1.2,11.6,0.2,High
5,10,5.2,81,62,40,53,55.4,1,5,0,10,46,1.33,2.4,0.0,Low
16,16,5.1,67,42,40,58,47.9,4,7,0,6,43,1.33,3.7,0.0,Moderate
7,15,5.9,87,68,53,109,51.8,11,6,4,12,18,1.77,10.1,0.0,High
6,21,7.2,95,57,63,75,59.3,6,3,2,15,53,2.1,5.7,0.0,High
15,8,5.4,102,73,67,77,31.5,5,8,1,3,16,2.23,-3.3,5.9,High
10,7,6.1,83,34,30,71,49.6,4,4,1,4,14,1.0,4.4,0.1,Low
11,1,6.3,57,21,32,36,37.4,6,13,2,1,48,1.07,3.4,5.5,Moderate
10,13,5.2,83,45,28,78,44.0,4,7,0,11,42,0.93,-4.5,1.9,Low
12,9,3.5,86,52,39,82,38.6,7,8,0,8,164,1.3,1.5,4.2,High
12,12,5.2,75,20,128,58,56.0,7,1,1,3,80,4.27,4.8,0.4,High
0,2,6.7,80,41,30,95,49.8,4,12,1,13,47,1.0,7.6,5.3,Low
14,11,7.0,73,75,58,42,46.1,6,3,1,3,47,1.93,1.5,0.0,Moderate
3,10,7.0,77,62,58,56,31.6,2,1,1,3,9,1.93,-6.9,0.0,Moderate
0,9,7.1,89,54,50,151,40.8,2,7,0,9,72,1.67,0.7,2.0,Low
9,5,5.6,93,33,7,45,41.3,4,1,0,0,34,0.23,-5.3,0.0,Low
10,15,5.4,64,75,37,53,48.3,2,6,1,4,33,1.23,-3.5,0.5,Low
5,20,6.9,72,44,53,85,41.7,4,5,0,10,55,1.77,-2.2,0.0,Moderate
15,2,6.1,61,54,22,167,42.7,4,1,0,0,67,0.73,-8.6,0.0,Low
1,13,7.5,98,59,9,118,30.0,3,5,3,9,49,0.3,-15.0,0.8,Low
7,0,6.9,88,55,54,82,53.9,3,7,1,14,91,1.8,5.6,0.2,Low
6,12,7.9,56,79,65,70,34.9,2,10,0,9,49,2.17,-7.0,3.5,Low
9,0,5.8,77,62,35,16,39.3,5,4,1,8,69,1.17,-3.2,0.0,Low
11,5,7.7,75,58,26,79,50.2,7,9,1,9,11,0.87,2.2,3.3,Moderate
3,1,8.8,70,50,90,40,53.4,4,9,0,6,17,3.0,8.0,5.5,Moderate
14,7,6.5,89,60,66,37,45.7,6,5,0,8,83,2.2,-2.4,0.0,Moderate
10,13,7.0,89,48,17,29,48.8,4,4,1,10,35,0.57,6.0,0.0,Low
0,0,5.3,81,55,43,119,54.1,8,3,1,7,36,1.43,6.5,0.9,Moderate
0,6,7.5,71,46,19,49,30.0,5,7,0,11,50,0.63,-5.5,1.7,Low
9,6,7.8,71,43,31,27,53.4,3,4,1,8,8,1.03,4.5,0.0,Low
8,18,5.8,78,36,82,62,30.0,6,5,0,3,8,2.73,-8.2,0.6,Moderate
9,11,7.1,73,47,82,157,42.6,3,7,0,4,84,2.73,1.5,3.0,Moderate
9,2,6.7,78,46,26,33,49.2,6,9,1,4,22,0.87,5.1,1.3,Low
11,6,6.9,84,85,56,170,36.7,3,6,0,5,96,1.87,-3.4,1.0,Low
16,18,7.4,61,70,17,89,43.6,3,3,3,7,71,0.57,-1.0,0.0,Moderate
2,13,7.0,70,50,125,169,30.0,3,3,0,0,41,4.17,-15.0,2.1,Moderate
2,3,6.2,78,44,9,61,33.7,1,2,3,12,59,0.3,-13.0,0.0,Low
2,7,7.4,95,63,30,114,38.2,1,10,1,9,51,1.0,-2.7,4.5,Low
11,7,7.7,87,87,56,204,36.5,3,6,1,7,17,1.87,-8.1,3.0,Low
18,5,5.7,78,66,20,47,44.0,1,9,3,9,9,0.67,1.3,0.0,Low
7,0,6.4,82,21,17,64,60.9,3,10,0,6,13,0.57,7.0,3.3,Low
0,5,4.3,77,68,38,78,53.0,5,2,2,9,39,1.27,0.4,0.0,Low
0,17,7.1,90,71,24,85,53.4,5,12,0,9,44,0.8,9.0,4.8,High
4,6,7.9,83,92,7,6,49.5,6,9,0,7,88,0.23,9.1,0.9,Moderate
6,8,6.1,92,48,38,94,32.5,2,8,1,6,62,1.27,-0.5,5.8,Moderate
7,9,6.6,63,54,55,81,56.0,4,8,0,10,125,1.83,4.0,4.5,Moderate
10,21,6.1,69,60,33,54,48.8,1,9,0,10,123,1.1,3.0,2.1,Moderate
7,9,5.9,81,38,37,276,50.1,3,6,1,9,33,1.23,2.4,2.8,Moderate
16,15,6.7,83,37,50,130,52.7,4,3,1,8,42,1.67,1.8,0.0,Moderate
5,5,5.5,104,59,104,172,50.0,3,6,2,13,43,3.47,0.6,2.8,Moderate
4,7,6.1,58,24,29,57,48.7,8,1,1,9,40,0.97,-1.2,0.0,Low
13,9,5.3,78,28,47,47,38.0,1,3,0,2,37,1.57,-6.2,0.0,Low
0,4,7.1,77,67,37,98,36.2,4,3,1,5,64,1.23,-10.8,0.0,Low
12,7,6.7,81,61,16,76,36.3,3,4,4,10,11,0.53,-10.6,0.0,Moderate
10,14,5.9,97,74,61,51,30.0,4,5,0,5,40,2.03,-15.0,1.8,Moderate
9,4,6.4,88,60,88,52,40.8,4,1,1,13,39,2.93,-5.9,2.4,Moderate
20,9,6.1,60,52,55,25,50.3,9,4,0,11,42,1.83,1.4,0.0,High
5,13,7.8,95,75,5,132,55.5,2,6,0,4,98,0.17,3.3,0.7,Moderate
23,4,5.9,95,44,30,117,38.9,1,1,1,1,21,1.0,-10.9,0.0,Moderate
8,15,7.2,81,46,55,11,44.5,6,4,1,8,35,1.83,-0.1,3.0,Moderate
1,9,5.6,60,51,73,116,40.8,2,7,0,0,66,2.43,-1.9,5.2,Low
10,8,7.4,76,60,11,213,47.4,7,1,1,6,26,0.37,2.3,0.0,Low
3,0,7.6,83,51,16,120,33.1,2,4,1,13,1,0.53,-12.0,0.0,Low
5,6,7.7,89,25,48,46,40.7,8,6,1,2,34,1.6,1.7,0.3,Moderate
12,11,8.2,59,47,41,84,38.2,4,9,0,0,51,1.37,-0.8,4.7,Moderate
13,19,6.8,70,51,38,17,51.2,5,11,1,8,53,1.27,7.5,2.8,High
5,12,7.9,90,54,100,36,30.1,5,8,1,4,68,3.33,-4.8,1.1,Low
16,15,8.3,95,44,106,116,48.8,4,11,2,5,32,3.53,6.7,6.5,High
17,1,5.1,83,61,19,35,53.8,3,12,1,13,18,0.63,10.7,6.9,High
19,8,5.7,91,23,8,60,32.4,3,7,0,7,94,0.27,-1.7,4.0,High
13,16,4.6,83,59,36,67,39.9,5,4,1,8,29,1.2,0.7,0.0,Moderate
18,3,7.7,89,84,60,113,37.9,4,5,0,12,37,2.0,-6.5,0.0,Low
0,14,4.6,80,41,77,61,60.0,1,6,1,3,24,2.57,15.6,0.2,High
7,13,4.3,83,53,29,35,58.0,2,8,2,5,66,0.97,-0.1,4.7,Moderate
4,10,5.1,65,48,23,87,54.1,4,1,1,12,10,0.77,1.7,0.0,Low
10,7,4.3,86,48,50,26,49.5,3,5,0,7,60,1.67,1.1,0.1,Moderate
6,3,6.7,64,33,32,160,53.9,3,7,3,12,26,1.07,7.2,0.4,Moderate
8,19,5.1,86,88,39,25,51.3,7,7,1,5,101,1.3,1.5,0.0,Moderate
22,12,4.4,73,59,55,120,60.3,7,6,4,6,40,1.83,15.8,0.8,High
8,10,6.3,82,40,34,99,46.4,3,3,0,12,22,1.13,-3.4,0.0,Moderate
12,6,6.4,68,38,12,120,30.0,4,6,0,16,92,0.4,-7.8,1.8,Moderate
8,9,4.2,72,53,23,33,41.6,5,3,0,2,15,0.77,-0.1,0.0,Low
10,9,5.5,82,15,24,43,50.9,5,3,0,14,34,0.8,-1.8,0.0,Low
10,11,6.3,86,71,24,47,43.1,4,11,0,7,42,0.8,1.4,3.3,Low
12,13,6.0,90,43,7,60,56.7,3,1,0,12,25,0.23,1.4,0.0,Moderate
17,4,6.0,65,59,116,26,38.5,0,6,1,6,28,3.87,-3.8,3.9,Moderate
20,0,7.8,61,60,16,68,54.1,3,8,0,9,28,0.53,2.4,3.2,High
12,9,9.0,67,69,62,69,32.8,8,9,1,14,43,2.07,5.9,1.5,Moderate
13,0,6.0,66,61,20,118,49.0,4,7,0,16,131,0.67,5.5,1.9,Moderate
2,7,4.8,95,65,29,65,38.7,6,6,4,9,45,0.97,-1.6,1.3,Low
9,6,6.1,93,70,39,15,34.0,1,9,0,4,94,1.3,-4.2,2.7,Low
16,11,6.6,67,46,25,20,45.5,2,6,1,7,38,0.83,-1.6,0.0,Low
15,20,6.3,97,91,94,39,35.1,3,10,0,0,136,3.13,-4.5,7.2,High
11,0,7.1,92,58,180,58,52.9,3,10,1,14,64,6.0,9.8,6.7,High
15,21,9.1,60,51,8,179,42.8,4,5,1,10,15,0.27,2.4,0.6,High
13,7,4.3,67,37,74,134,46.8,3,10,0,6,16,2.47,3.9,5.1,Moderate
17,11,5.8,60,48,43,54,45.5,2,2,1,6,4,1.43,-4.8,0.0,Low
11,0,8.2,77,59,30,41,51.1,2,9,1,3,27,1.0,3.7,3.9,Moderate
7,14,5.8,78,54,66,69,39.7,4,1,1,12,74,2.2,-8.9,0.0,Low
12,9,7.3,78,85,78,69,56.1,4,9,0,6,81,2.6,8.0,2.1,Moderate
0,8,7.2,56,45,36,64,64.4,2,13,0,9,37,1.2,14.4,5.8,Moderate
12,0,7.9,62,64,87,25,36.0,5,7,1,5,47,2.9,-0.3,2.7,High
0,9,8.7,81,32,6,49,60.3,10,7,0,5,20,0.2,8.2,0.0,Moderate
0,13,6.8,85,91,60,48,41.0,2,11,0,9,7,2.0,2.6,6.7,Moderate
12,7,4.3,56,31,39,83,41.5,4,6,1,9,72,1.3,-5.5,0.9,Moderate
13,15,5.6,64,89,45,133,53.6,2,1,4,8,72,1.5,4.9,1.2,High
2,15,9.0,89,50,73,48,36.0,1,7,1,5,11,2.43,-5.6,5.4,Moderate
5,5,4.7,65,15,56,79,51.4,4,3,2,1,56,1.87,-0.7,3.3,Moderate
18,18,7.0,78,76,118,5,51.0,4,6,1,8,47,3.93,1.7,2.7,High
6,9,3.4,63,53,131,77,45.3,5,3,1,5,60,4.37,0.6,0.2,Moderate
24,9,4.8,87,44,34,8,45.0,2,11,0,4,61,1.13,2.7,2.6,High
9,9,7.5,56,64,14,31,41.2,6,7,1,17,15,0.47,-5.8,0.2,Moderate
12,9,6.4,75,64,38,42,52.5,5,5,0,7,73,1.27,8.9,2.4,Low
20,0,5.9,88,59,19,83,42.5,2,8,2,1,21,0.63,-0.0,2.0,Low
10,7,5.4,85,72,28,69,56.0,4,6,2,6,84,0.93,2.6,0.0,Moderate
3,1,4.0,73,57,42,15,56.3,5,11,0,5,51,1.4,2.9,9.7,High
9,18,7.2,70,64,10,83,32.9,4,8,1,6,23,0.33,1.2,2.8,Moderate
9,18,6.1,75,43,54,176,34.1,7,10,3,10,67,1.8,1.0,2.4,Moderate
1,13,4.6,64,66,36,24,44.3,2,4,1,1,145,1.2,-2.8,0.0,Low
8,7,6.4,77,43,22,47,37.5,6,7,1,10,67,0.73,-3.1,0.0,Low
5,3,7.1,77,32,4,58,39.8,3,9,1,9,28,0.13,-4.7,0.0,Low
16,5,6.2,73,48,71,55,38.6,1,7,1,4,62,2.37,-2.0,2.0,Moderate
10,20,6.5,89,47,79,115,63.3,7,1,1,2,134,2.63,8.9,0.0,High
8,4,6.4,66,69,73,98,56.3,7,5,1,11,90,2.43,6.3,0.0,Moderate
9,0,5.6,59,26,19,77,38.4,10,3,0,7,64,0.63,3.5,0.0,Low
11,14,6.5,72,72,51,60,30.0,7,10,1,8,48,1.7,-1.7,5.1,Low
14,17,7.3,79,41,81,98,40.9,6,8,2,7,97,2.7,-2.5,5.3,Moderate
3,18,7.6,77,15,47,13,34.5,0,9,0,13,41,1.57,-10.3,4.3,Moderate
3,15,7.3,76,30,45,191,52.4,3,4,0,2,39,1.5,-1.7,0.9,Low
17,15,5.6,66,46,109,118,46.5,5,3,0,11,14,3.63,-1.5,0.0,High
7,9,7.2,67,60,104,127,40.8,3,2,3,7,10,3.47,-4.8,0.0,Moderate
0,0,7.0,73,50,28,226,45.2,1,5,0,0,92,0.93,-4.1,0.0,Low
12,9,5.5,72,30,24,116,35.6,6,6,2,6,56,0.8,2.2,4.5,Moderate
13,12,5.8,90,38,21,28,43.9,5,9,0,11,132,0.7,2.5,1.1,High
0,8,7.2,81,31,7,73,60.7,4,5,0,10,67,0.23,8.9,0.0,Low
11,7,8.1,72,57,94,114,39.8,4,3,0,5,54,3.13,-4.8,0.0,Moderate
14,3,4.2,90,50,47,72,46.9,1,9,3,8,62,1.57,1.4,5.1,High
12,3,8.4,83,63,28,78,38.9,4,3,2,9,5,0.93,-3.7,0.0,Low
14,19,7.8,63,20,41,137,38.8,5,10,0,5,30,1.37,1.1,1.3,Moderate
0,19,6.6,50,42,99,59,53.5,6,14,0,9,46,3.3,14.3,5.9,High
12,8,6.1,63,89,11,156,34.8,4,5,0,13,111,0.37,-10.4,0.0,Low
8,10,6.9,85,64,92,44,44.3,3,1,1,5,69,3.07,-4.7,0.0,Low
6,3,5.6,88,47,38,78,38.1,1,7,2,5,39,1.27,-6.6,0.0,Low
15,12,6.2,60,34,53,15,58.4,1,7,0,10,46,1.77,2.9,3.8,High
19,19,4.6,85,72,55,15,39.8,2,6,1,10,15,1.83,-5.4,3.6,High
21,0,4.3,85,80,103,256,34.6,4,9,1,10,48,3.43,-4.9,2.4,High
18,11,9.2,93,31,20,72,44.5,4,6,1,10,47,0.67,-3.5,3.0,Moderate
9,12,6.5,88,33,147,59,44.6,5,3,0,6,63,4.9,-6.1,1.3,Moderate
12,12,6.6,93,57,13,83,55.9,4,3,3,9,30,0.43,0.8,0.0,Moderate
14,18,6.4,83,59,23,99,41.1,3,5,1,0,46,0.77,-0.2,0.0,Moderate
10,20,5.4,83,61,61,31,49.8,6,5,1,8,20,2.03,4.1,0.2,High
10,7,6.0,74,85,95,116,37.0,6,5,1,13,7,3.17,1.2,3.3,High
15,12,6.5,87,35,21,51,55.8,2,6,0,5,86,0.7,1.4,4.7,High
9,9,6.2,63,53,12,245,53.9,4,3,1,9,15,0.4,5.2,0.0,Moderate
5,5,5.5,76,65,99,78,51.0,2,11,0,5,97,3.3,6.2,5.9,High
7,10,7.0,84,65,29,9,53.5,7,5,1,12,40,0.97,5.1,0.0,Low
14,12,6.6,93,40,30,48,48.3,6,3,2,14,16,1.0,3.9,0.0,Moderate
10,10,6.9,73,41,43,78,47.0,3,7,0,6,43,1.43,2.1,0.1,Low
12,3,7.2,89,44,37,23,35.7,6,4,0,4,17,1.23,-3.6,0.0,Moderate
14,6,6.2,76,83,62,90,40.0,1,5,0,6,37,2.07,-3.8,0.7,Low
7,6,6.2,89,34,14,100,53.6,4,7,1,9,38,0.47,5.4,0.3,Low
14,4,8.2,69,46,11,61,53.2,3,6,1,3,18,0.37,-2.3,0.0,Low
12,10,5.3,86,66,52,8,54.0,3,2,2,3,160,1.73,0.8,0.0,High
1,11,4.2,77,32,54,198,42.1,2,8,0,2,59,1.8,-1.6,3.3,Low
19,14,7.1,65,57,62,19,61.1,4,6,0,6,19,2.07,7.9,2.0,High
6,4,5.6,76,18,60,51,44.5,6,4,0,12,16,2.0,3.0,0.7,Low
0,5,5.1,93,55,11,111,50.1,4,11,1,11,15,0.37,9.1,2.6,Moderate
3,18,7.5,67,53,59,95,71.0,3,8,1,7,43,1.97,12.9,0.0,High
3,8,6.2,62,55,58,38,41.4,1,3,1,7,31,1.93,-5.6,0.0,Low
10,9,4.9,82,36,12,38,52.5,4,4,1,9,48,0.4,6.1,0.0,High
8,7,8.7,60,56,78,73,32.4,5,4,1,5,174,2.6,-5.2,0.0,High
7,15,4.5,95,51,20,30,42.7,4,9,0,5,34,0.67,5.2,0.5,Moderate
14,15,6.3,95,75,18,72,51.4,1,4,0,0,142,0.6,0.2,2.2,Moderate
12,15,4.1,89,63,63,117,40.4,4,4,2,5,49,2.1,-7.3,0.6,Moderate
12,9,6.7,78,26,15,47,46.3,4,3,1,11,15,0.5,-0.7,0.0,Moderate
12,3,5.6,96,37,33,63,48.0,3,8,0,4,30,1.1,0.4,1.5,Low
14,20,7.4,93,41,30,88,47.4,6,5,0,7,17,1.0,4.3,0.0,High
0,13,6.4,72,55,26,152,30.0,2,3,0,10,51,0.87,-10.7,0.0,Low
7,6,8.0,94,49,21,93,66.2,5,1,2,8,34,0.7,-0.0,0.0,High
0,17,5.9,68,49,134,44,36.0,4,5,1,8,48,4.47,-3.6,4.4,Moderate
10,5,4.5,76,103,61,129,38.8,2,4,0,0,58,2.03,-5.1,1.9,Moderate
9,17,6.7,58,43,23,113,31.4,5,5,0,16,33,0.77,-6.1,1.2,Moderate
16,17,6.1,80,77,24,126,36.7,11,9,2,13,76,0.8,9.1,1.8,Moderate
17,3,4.2,75,49,49,55,45.4,5,10,0,4,41,1.63,3.8,3.9,High
11,12,5.1,73,15,29,142,54.9,4,3,1,4,29,0.97,1.0,0.0,Moderate
6,13,5.5,76,55,51,48,40.2,4,3,0,6,43,1.7,-2.8,3.4,Low
13,21,8.3,72,72,16,37,46.9,3,6,1,8,31,0.53,-4.0,0.3,Moderate
6,4,7.2,78,63,43,144,48.6,1,8,2,14,36,1.43,-1.4,1.4,Low
9,17,6.0,92,57,66,70,35.5,3,8,1,9,36,2.2,-2.6,2.4,Moderate
16,9,7.0,66,52,41,71,30.0,7,11,1,9,19,1.37,-4.0,5.1,Moderate
6,1,4.0,87,43,31,30,36.9,3,6,2,9,46,1.03,-3.4,1.0,Low
15,8,5.7,80,68,55,33,57.6,2,6,1,5,45,1.83,-1.3,0.7,High
14,9,6.9,82,44,6,39,38.3,5,4,2,13,42,0.2,0.4,2.5,High
3,2,6.6,78,40,66,51,38.9,4,3,0,11,46,2.2,-8.4,0.0,Low
16,10,5.8,70,59,7,53,48.5,3,7,1,13,169,0.23,-1.0,1.5,Moderate
14,14,6.4,83,47,73,15,51.1,5,12,0,6,29,2.43,6.3,7.2,High
10,10,6.8,84,75,30,111,35.1,3,6,1,6,18,1.0,-2.6,1.2,Low
5,5,6.4,69,60,70,196,52.0,2,12,0,2,33,2.33,2.4,6.2,Moderate
4,8,7.4,63,38,80,30,49.8,6,10,0,12,41,2.67,7.5,4.8,Moderate
6,8,6.8,79,31,32,67,40.1,7,1,3,10,109,1.07,-2.7,0.0,Low
13,10,7.0,86,42,76,123,30.0,1,8,0,10,26,2.53,-6.3,4.4,Moderate
3,15,8.5,89,94,47,138,52.5,7,1,0,6,22,1.57,4.5,0.0,Moderate
12,10,7.4,91,48,55,50,48.4,4,8,2,6,33,1.83,4.0,0.0,Low
1,0,8.5,82,66,88,127,46.9,8,4,1,4,10,2.93,6.3,0.0,Low
8,5,5.6,75,28,50,25,32.8,3,6,1,10,45,1.67,-8.6,3.6,Low
10,9,4.5,78,33,70,6,65.7,5,4,1,6,45,2.33,10.1,3.5,High
25,15,6.2,64,49,127,51,36.1,2,8,0,5,61,4.23,-3.3,2.2,High
1,16,6.1,70,83,69,207,40.3,4,13,0,6,18,2.3,8.1,3.8,Moderate
19,19,8.2,77,29,30,69,54.0,3,13,2,11,103,1.0,5.7,7.3,High
10,9,5.0,75,41,48,255,46.1,1,4,0,3,39,1.6,-1.3,0.0,Moderate
12,13,6.3,79,68,24,27,47.0,3,6,0,6,69,0.8,-2.1,0.0,Low
10,0,6.9,63,81,49,44,34.4,3,9,1,4,10,1.63,-4.6,0.0,Low
12,11,6.5,65,60,33,109,33.8,3,7,0,8,47,1.1,-6.0,0.0,Low
9,2,6.2,87,64,53,143,48.8,5,5,1,0,48,1.77,-0.8,2.3,Low
19,8,6.8,69,36,70,94,41.7,3,9,0,7,67,2.33,-1.4,3.1,High
7,21,7.7,71,28,23,49,62.5,3,5,1,4,33,0.77,1.8,1.3,High
17,10,8.2,79,31,42,249,34.8,5,7,0,10,21,1.4,-2.3,3.8,Moderate
5,3,6.4,68,36,19,63,41.8,5,8,3,8,35,0.63,-1.2,0.6,Moderate
9,11,5.4,90,56,24,48,47.2,4,7,1,2,89,0.8,-3.8,0.0,Moderate
3,6,8.2,64,30,46,88,41.5,7,4,2,9,48,1.53,-0.1,0.0,Low
12,3,5.1,78,57,31,115,38.3,5,6,1,2,22,1.03,-1.8,2.3,Moderate
19,21,8.5,70,46,99,45,46.2,4,8,0,8,47,3.3,0.6,2.1,High
9,15,8.0,80,42,9,30,63.7,7,5,1,4,69,0.3,4.8,0.0,Moderate
8,11,8.2,73,68,112,125,39.7,3,7,0,8,99,3.73,-6.4,3.5,Moderate
2,6,7.2,78,35,69,5,31.0,2,8,0,6,57,2.3,-4.1,5.8,Low
8,7,3.9,91,78,60,32,50.5,3,9,1,2,9,2.0,4.2,7.5,High
0,17,5.2,70,67,66,31,42.3,6,6,1,13,17,2.2,-5.6,2.3,Low
4,10,6.8,70,34,65,44,36.3,3,4,1,9,2,2.17,-4.5,0.0,Moderate
11,0,5.6,75,74,29,121,51.2,8,7,0,7,35,0.97,7.1,0.9,Moderate
18,21,6.0,94,32,72,132,49.9,6,5,1,5,46,2.4,8.7,1.8,High
27,10,7.1,77,75,49,67,39.5,3,3,0,7,128,1.63,-6.7,0.0,High
6,10,6.2,92,58,11,157,30.7,6,2,1,6,22,0.37,-9.1,0.0,Low
19,15,4.9,76,24,24,190,53.9,7,7,0,11,54,0.8,11.3,0.0,High
11,11,7.5,91,29,19,59,39.5,4,2,1,20,51,0.63,-1.4,0.0,Moderate
9,13,7.0,82,45,36,101,48.1,2,10,0,8,35,1.2,5.8,5.5,Moderate
12,6,6.1,84,68,7,39,44.5,1,4,0,5,33,0.23,-5.2,0.0,Low
10,1,7.3,62,49,64,13,50.3,6,1,1,6,102,2.13,4.3,0.0,Moderate
10,10,6.5,61,48,72,67,47.8,7,11,1,12,17,2.4,8.8,6.8,High
7,17,8.0,90,53,28,78,57.6,4,6,0,7,58,0.93,2.9,0.5,Moderate
0,5,6.6,90,16,53,96,51.7,2,7,0,5,18,1.77,3.6,2.7,Low
0,4,8.0,105,67,101,66,30.0,4,3,0,7,86,3.37,-10.6,0.0,Low
14,16,4.2,62,76,31,19,42.6,6,10,0,11,14,1.03,-1.9,0.0,Moderate
8,6,7.0,83,66,31,51,47.1,4,5,0,2,22,1.03,-0.0,0.1,Low
6,6,5.9,67,44,34,140,42.2,3,1,1,9,8,1.13,-4.8,0.0,Low
10,6,5.4,70,36,61,21,56.5,4,5,2,10,8,2.03,4.6,0.0,High
15,8,7.8,72,33,30,65,50.0,2,8,1,6,30,1.0,-0.5,5.4,Moderate
11,0,7.5,82,32,34,47,30.0,5,4,0,6,102,1.13,-7.8,0.8,Low
5,5,4.0,71,93,59,55,42.6,5,2,2,3,28,1.97,-9.2,0.0,High
17,10,7.3,78,51,57,128,46.2,4,5,0,5,52,1.9,-1.6,2.8,Moderate
20,10,7.1,87,68,27,219,38.8,5,12,0,10,104,0.9,5.0,0.0,High
13,15,5.5,90,67,18,42,52.1,2,10,1,5,68,0.6,5.3,5.2,High
16,19,5.4,86,55,32,24,50.9,4,10,1,3,3,1.07,6.5,2.5,High
18,17,4.5,83,35,37,33,49.4,2,9,0,8,114,1.23,3.4,1.4,High
17,14,6.0,76,61,47,32,52.5,4,5,2,4,68,1.57,0.8,0.0,Moderate
13,8,6.2,72,33,41,68,58.0,3,4,2,7,21,1.37,3.5,0.0,Low
13,5,7.4,84,63,15,126,53.4,5,7,0,5,24,0.5,1.7,2.0,Low
13,9,6.7,66,33,30,52,53.2,6,8,1,7,67,1.0,2.6,3.2,Moderate
2,12,5.1,79,44,7,37,45.8,3,2,0,9,40,0.23,-1.6,0.0,Low
14,13,6.7,66,44,47,129,40.8,3,5,3,7,28,1.57,-1.5,0.7,Low
1,12,6.1,78,77,17,24,64.4,5,10,1,13,52,0.57,9.9,2.7,Moderate
4,8,5.3,66,15,12,70,49.7,7,8,1,12,79,0.4,7.3,3.2,Moderate
18,13,4.5,74,94,33,96,37.3,2,9,0,2,62,1.1,-7.3,1.4,High
15,16,7.1,71,37,52,29,45.3,5,1,1,5,70,1.73,-4.8,0.0,Moderate
19,14,6.9,69,50,40,70,42.9,2,7,1,4,160,1.33,1.4,2.4,High
8,8,7.1,77,59,108,128,53.4,2,6,0,15,58,3.6,4.3,0.9,High
2,4,5.5,51,58,9,50,43.2,5,2,1,6,57,0.3,-11.3,0.0,Low
8,4,6.6,58,67,9,98,32.1,5,7,2,5,85,0.3,-6.5,0.0,Low
10,5,4.7,87,63,26,18,51.3,1,10,0,13,33,0.87,6.3,2.6,Moderate
10,10,5.2,80,89,70,38,41.2,6,5,0,5,9,2.33,1.3,3.9,Moderate
17,12,6.4,70,65,28,28,30.0,3,8,1,18,29,0.93,-6.5,0.3,High
7,0,6.7,89,50,20,58,54.2,3,5,2,10,37,0.67,6.7,0.6,Low
12,6,4.4,71,42,54,36,34.2,3,7,0,10,168,1.8,-9.5,2.8,Moderate
3,10,5.1,72,42,30,174,37.1,2,1,1,0,5,1.0,-8.9,0.0,Moderate
12,3,6.0,69,75,87,85,46.7,4,4,2,2,57,2.9,3.7,0.0,Low
10,11,7.6,99,84,33,27,47.3,5,4,0,12,37,1.1,-1.0,3.0,Moderate
5,7,5.4,81,70,71,47,41.1,4,5,2,6,21,2.37,-4.7,1.9,Low
8,4,6.6,80,15,35,48,49.3,3,3,0,7,62,1.17,-4.2,0.0,Moderate
8,9,6.7,83,15,52,129,53.5,6,8,0,8,46,1.73,8.4,1.0,Moderate
8,11,6.1,58,52,78,91,37.7,4,10,0,8,50,2.6,0.3,2.8,Moderate
21,4,6.7,71,49,9,67,46.7,3,7,0,9,36,0.3,2.7,2.0,High
9,7,4.8,83,52,6,94,47.2,7,7,0,10,71,0.2,2.5,2.1,Low
8,11,5.6,78,75,10,140,56.8,3,6,0,6,154,0.33,4.0,0.0,Moderate
0,4,8.1,102,74,18,244,47.9,1,10,0,4,28,0.6,1.2,2.2,Low
4,0,8.2,72,55,80,195,30.0,3,2,1,9,33,2.67,-14.2,0.0,Low
8,0,7.4,88,25,117,74,66.7,4,1,0,6,86,3.9,3.8,0.0,Moderate
5,6,7.7,87,30,37,54,46.9,5,2,2,7,142,1.23,0.8,1.0,Moderate
18,1,4.2,80,53,29,85,48.2,6,4,1,9,36,0.97,-1.4,0.0,Moderate
8,6,5.3,82,60,50,115,45.0,5,6,1,11,32,1.67,2.3,0.0,Moderate
18,18,6.0,75,30,23,42,48.4,1,8,3,10,23,0.77,-1.5,2.1,Moderate
10,1,9.3,56,64,48,78,49.7,4,5,0,13,30,1.6,-0.6,1.3,Low
10,7,6.0,82,20,78,87,52.9,3,4,1,7,27,2.6,0.3,0.0,Low
9,21,7.3,83,15,51,177,44.5,3,6,2,4,66,1.7,0.4,2.0,Moderate
10,11,6.9,84,36,16,36,30.0,2,9,0,9,52,0.53,-5.6,4.4,Moderate
21,6,6.8,79,77,36,18,41.9,3,5,1,6,9,1.2,-5.0,2.0,Low
0,8,6.4,89,79,126,17,44.0,4,4,1,4,11,4.2,-4.5,1.3,Moderate
0,11,5.0,68,23,54,130,39.7,3,9,1,9,63,1.8,-4.4,3.5,Moderate
6,18,3.2,94,25,27,156,36.1,4,12,0,1,78,0.9,2.2,2.4,Moderate
10,5,7.9,67,66,22,51,41.5,3,7,0,7,50,0.73,-1.6,0.0,Low
14,4,5.7,77,44,26,115,53.6,3,4,1,5,10,0.87,2.0,3.2,Low
13,1,4.2,85,77,65,144,48.7,4,4,2,4,59,2.17,-1.6,0.0,Moderate
7,9,6.9,72,65,46,89,33.7,6,11,1,8,14,1.53,4.7,0.1,Moderate
16,0,6.9,86,68,18,219,30.1,4,8,1,5,38,0.6,-4.5,3.9,Moderate
16,6,7.3,74,37,75,62,30.0,3,7,0,5,77,2.5,-8.0,1.0,High
11,3,7.7,79,60,124,111,48.0,4,8,2,3,104,4.13,3.9,4.5,Moderate
16,15,5.3,76,88,47,5,32.2,4,5,1,4,32,1.57,-5.9,0.0,High
11,6,5.4,72,55,84,187,45.0,2,8,0,6,40,2.8,-1.3,2.9,Moderate
6,11,6.0,103,51,16,80,51.7,6,9,1,10,26,0.53,5.5,2.5,Moderate
14,0,7.4,69,44,35,86,49.4,9,7,0,10,112,1.17,8.4,1.9,Moderate
10,9,3.9,53,23,14,113,42.7,2,5,4,0,8,0.47,-6.1,1.6,Moderate
10,2,6.6,69,32,67,137,59.8,7,5,0,2,38,2.23,9.5,0.0,Moderate
19,6,7.5,79,36,39,68,40.3,1,6,0,8,40,1.3,-2.4,0.0,Low
0,21,7.5,74,22,6,130,47.0,1,9,1,6,37,0.2,-0.6,2.2,High
0,14,7.3,89,24,16,59,42.3,5,9,1,11,19,0.53,-1.3,2.7,Low
2,8,7.7,89,15,36,160,44.0,9,7,1,10,50,1.2,6.3,1.8,Moderate
7,21,3.1,74,38,10,117,53.1,5,7,0,2,41,0.33,4.4,0.0,Moderate
8,3,8.3,59,64,17,32,51.6,2,6,1,0,38,0.57,-2.8,3.4,Low
0,15,6.8,64,46,80,31,30.0,3,1,1,8,88,2.67,-4.2,2.2,Low
3,0,8.0,78,46,22,136,36.5,3,4,2,6,115,0.73,-9.0,4.0,Low
4,7,5.0,61,66,47,13,53.2,4,5,1,6,11,1.57,-0.1,1.9,Moderate
25,1,4.3,74,82,72,59,33.9,3,6,0,3,41,2.4,-11.8,0.0,Moderate
21,10,8.5,94,93,64,123,36.6,5,1,2,8,54,2.13,-4.1,0.0,Moderate
7,9,5.3,82,55,104,46,48.8,2,9,1,9,56,3.47,-4.4,3.4,Moderate
7,7,6.0,79,47,76,80,54.5,4,3,0,8,24,2.53,-0.1,1.8,Moderate
2,15,7.0,67,45,46,44,53.3,3,8,0,5,99,1.53,5.7,3.3,Moderate
0,5,7.3,80,63,11,30,31.2,3,5,0,6,20,0.37,-6.9,0.0,Low
9,10,7.7,75,49,37,153,43.3,4,7,0,2,21,1.23,3.2,2.8,Moderate
3,13,6.7,81,49,64,36,42.3,6,1,0,3,6,2.13,-3.7,0.9,Low
9,0,5.1,86,50,19,41,40.3,6,4,1,12,54,0.63,1.0,0.0,Low
0,4,7.2,88,35,81,57,31.5,3,10,1,8,40,2.7,-4.3,3.2,Low
5,9,7.3,79,15,40,59,58.0,5,4,1,7,88,1.33,2.9,1.4,Low
10,12,4.2,84,40,64,63,44.7,3,2,1,6,19,2.13,-3.4,0.0,Moderate
12,17,8.1,72,78,64,147,36.9,0,7,1,10,93,2.13,-5.1,0.0,Moderate
12,7,3.4,90,77,66,83,49.0,3,6,0,14,63,2.2,2.1,0.0,Moderate
1,7,7.6,68,69,27,49,44.2,4,4,0,5,13,0.9,3.4,1.8,Low
15,3,5.6,76,43,104,63,53.3,5,8,2,9,55,3.47,9.6,5.8,Moderate
4,10,7.2,92,38,91,102,41.3,4,4,2,2,42,3.03,-1.4,0.0,Low
14,7,7.0,73,81,43,9,41.8,0,4,0,9,43,1.43,-8.4,0.0,Low
9,7,6.4,63,33,15,58,46.0,5,8,0,9,100,0.5,0.7,3.2,Low
1,8,6.9,73,53,28,168,51.9,1,4,1,5,77,0.93,1.8,0.0,Moderate
7,12,6.3,93,82,27,70,36.9,5,4,2,7,54,0.9,-2.0,1.5,Low
12,5,7.3,53,54,10,76,33.2,4,15,1,8,68,0.33,3.1,6.7,Moderate
13,4,9.0,79,47,23,62,50.4,6,9,1,12,34,0.77,8.4,1.2,Moderate
9,11,4.8,71,73,2,149,48.3,5,11,1,9,28,0.07,3.2,5.0,High
19,0,3.0,76,53,56,180,46.2,4,6,1,11,23,1.87,4.0,1.2,High
16,5,5.9,74,56,35,5,46.5,4,4,3,9,70,1.17,1.5,0.0,Low
8,2,5.8,89,79,67,209,46.1,3,2,3,6,42,2.23,-3.8,0.0,Moderate
14,15,5.9,79,15,31,24,57.9,6,5,0,0,53,1.03,14.3,2.8,High
22,6,5.3,89,58,10,124,47.7,3,1,0,12,61,0.33,-1.8,0.0,High
22,5,7.4,92,38,15,125,44.1,4,1,1,7,80,0.5,-4.6,0.0,Low
2,8,4.7,78,48,38,29,36.5,3,5,1,5,72,1.27,-4.4,1.4,Low
3,5,6.9,74,54,38,59,42.4,4,5,2,13,79,1.27,-1.3,3.3,Low
19,6,7.2,82,40,23,83,50.8,8,5,2,14,83,0.77,8.9,0.0,Moderate
3,9,6.8,84,56,22,215,52.5,6,8,0,9,34,0.73,3.4,5.3,Low
1,6,7.0,65,59,69,80,32.7,2,4,1,10,19,2.3,-8.1,0.0,Low
6,6,7.5,81,56,7,89,53.8,6,8,0,0,27,0.23,3.1,0.0,Moderate
12,3,6.5,75,54,49,141,44.7,5,6,2,12,42,1.63,0.4,3.3,Low
9,2,6.0,73,50,32,44,67.0,0,5,1,2,84,1.07,4.1,0.0,Low
5,9,7.0,70,50,69,40,56.8,3,2,0,5,20,2.3,6.8,0.0,Low
5,10,7.1,71,53,131,112,44.2,2,12,1,2,75,4.37,2.3,8.8,High
5,0,7.5,92,35,13,94,35.3,2,11,1,5,54,0.43,1.8,2.3,Low
4,13,4.3,74,75,61,58,36.5,5,5,1,11,30,2.03,-4.9,2.8,Moderate
24,13,6.2,91,50,59,138,40.9,3,9,1,16,73,1.97,-1.8,2.0,High
11,14,5.1,79,45,20,183,61.9,5,8,1,1,32,0.67,4.3,3.2,High
15,10,7.1,66,59,27,137,42.9,3,9,2,10,46,0.9,5.7,5.4,High
6,12,7.3,80,50,34,55,47.6,3,4,1,8,7,1.13,-1.6,0.0,Low
8,21,6.1,65,74,57,77,44.4,3,10,0,11,59,1.9,6.1,2.7,High
5,7,5.5,85,68,42,45,43.9,1,2,1,4,103,1.4,-5.3,0.0,Low
0,2,7.1,76,54,94,169,41.9,4,1,1,10,38,3.13,-3.2,1.2,Low
1,0,6.2,87,69,19,75,58.8,4,5,2,5,4,0.63,9.1,0.0,Moderate
0,19,8.1,94,56,37,19,53.4,5,4,0,12,103,1.23,-1.7,0.0,Moderate
0,19,8.5,59,31,48,110,32.8,3,8,1,9,33,1.6,-6.6,5.2,Low
2,3,7.6,73,68,30,77,30.8,1,1,1,15,62,1.0,-8.7,0.0,Low
18,4,6.7,65,18,16,69,53.0,3,7,0,3,32,0.53,1.4,5.8,High
9,7,8.6,102,15,82,20,55.4,4,4,5,10,16,2.73,0.9,0.0,Moderate
18,16,6.7,73,65,47,44,37.4,4,11,0,4,85,1.57,-1.6,5.2,Moderate
12,1,5.8,64,60,7,82,41.8,6,1,2,10,27,0.23,-0.5,0.0,Moderate
15,0,5.6,103,59,24,123,55.6,3,10,0,9,19,0.8,3.8,3.4,High
4,21,5.6,70,77,20,99,51.5,3,10,1,8,82,0.67,5.0,5.7,Moderate
13,10,6.4,60,52,108,39,45.7,5,6,2,8,43,3.6,1.0,0.0,High
14,11,7.0,65,45,32,50,50.9,3,8,2,14,24,1.07,0.6,3.9,Moderate
6,7,4.7,80,66,96,36,43.5,5,8,2,9,28,3.2,3.1,2.3,Moderate
13,11,5.9,79,39,54,62,42.1,4,6,1,9,23,1.8,-4.8,3.1,High
13,0,6.7,69,48,52,120,55.4,4,9,1,6,15,1.73,7.5,3.5,High
6,4,7.2,73,57,23,52,39.8,2,5,0,11,27,0.77,-9.3,3.6,Moderate
2,9,6.4,79,58,32,60,41.6,0,9,1,7,144,1.07,-7.8,1.4,Low
2,0,6.7,93,46,12,71,61.1,3,5,1,13,70,0.4,7.4,2.0,Low
10,7,4.9,82,43,75,24,38.1,4,5,0,7,38,2.5,-3.1,0.0,Moderate
12,6,5.3,72,32,75,84,60.8,4,8,1,8,63,2.5,10.2,2.3,Moderate
4,7,6.3,75,38,52,78,47.4,4,2,2,8,7,1.73,-7.3,0.0,Low
10,5,7.0,86,85,42,80,45.8,3,10,1,1,13,1.4,2.4,6.9,Moderate
13,3,6.7,96,47,35,36,50.5,7,5,0,0,38,1.17,5.3,3.1,Moderate
14,0,5.4,66,55,108,205,53.4,6,8,2,10,41,3.6,5.2,4.7,Moderate
20,9,6.1,90,25,83,213,58.1,5,6,0,4,5,2.77,4.3,0.0,High
18,7,8.2,75,98,47,59,43.8,6,8,1,6,103,1.57,5.6,5.6,Moderate
3,1,7.1,60,36,27,14,49.8,3,5,2,7,48,0.9,1.7,1.3,Low
20,9,6.2,58,31,25,5,41.8,4,7,1,7,65,0.83,-1.0,0.0,Moderate
6,7,5.2,93,51,102,32,40.9,4,5,1,2,46,3.4,-5.1,1.5,Moderate
16,6,5.5,94,36,21,34,46.9,6,14,1,2,102,0.7,6.5,4.2,High
10,0,6.4,72,59,37,63,52.4,8,4,0,6,12,1.23,4.2,0.0,Low
7,12,6.7,76,25,59,44,37.5,0,9,1,6,39,1.97,2.0,4.9,Moderate
0,1,7.1,58,72,71,51,31.4,3,3,2,10,180,2.37,-15.0,0.0,Low
8,9,6.9,86,69,50,139,36.6,3,3,0,6,28,1.67,-9.6,0.0,Moderate
0,4,6.0,78,50,43,48,41.5,5,8,0,10,17,1.43,-5.1,2.2,Low
16,6,5.8,61,22,41,170,57.4,4,1,1,5,66,1.37,8.8,1.1,High
19,15,8.9,80,37,34,73,38.2,1,2,0,12,18,1.13,-8.7,0.0,Moderate
4,12,5.7,63,53,16,76,50.3,1,3,1,11,20,0.53,0.7,0.0,Moderate
11,15,4.8,84,30,65,124,56.0,3,8,0,8,10,2.17,4.7,4.3,High
5,10,4.4,66,33,28,139,38.9,5,5,0,1,34,0.93,-3.5,0.0,Low
5,11,6.0,82,71,14,96,58.0,4,1,1,3,38,0.47,6.1,0.0,Moderate
15,0,7.5,71,55,18,72,51.0,3,5,1,9,13,0.6,3.7,0.0,Low
9,7,5.7,52,54,47,53,37.1,6,5,1,9,26,1.57,-4.5,0.6,Low
21,7,8.2,89,61,63,15,42.2,3,7,2,1,49,2.1,3.6,1.0,High
6,16,6.4,90,49,45,130,38.7,4,1,0,9,4,1.5,-3.0,0.0,Low
16,6,7.7,72,51,36,108,43.5,7,6,0,9,107,1.2,2.4,6.5,High
10,10,5.5,81,60,39,51,49.3,4,6,0,18,32,1.3,-2.2,0.0,Low
15,10,5.5,83,67,22,48,39.9,6,7,0,7,24,0.73,-4.4,0.3,Moderate
7,15,6.5,83,61,76,142,49.1,4,8,2,10,180,2.53,1.0,1.1,Moderate
9,8,7.0,97,78,18,5,47.4,3,7,2,1,93,0.6,1.2,3.9,Low
9,13,6.2,83,52,51,73,36.2,3,9,4,6,24,1.7,-1.0,2.8,Moderate
4,0,6.8,74,28,73,64,49.1,4,10,2,4,43,2.43,4.5,4.0,Low
14,0,7.1,83,72,48,130,55.4,3,2,1,11,25,1.6,4.6,0.0,Moderate
14,0,4.7,73,48,60,107,43.6,3,7,1,8,130,2.0,-2.7,1.4,Low
13,13,6.0,66,38,23,29,52.4,6,8,1,4,36,0.77,0.8,0.4,Moderate
19,12,5.8,91,65,50,47,36.6,3,5,0,4,18,1.67,-1.8,2.0,Moderate
19,14,5.8,84,59,70,10,59.6,3,5,0,10,86,2.33,13.0,0.0,High
7,5,6.9,58,29,65,79,51.2,7,13,1,13,109,2.17,7.9,10.0,Moderate
12,5,5.8,70,64,70,49,52.1,1,5,2,13,100,2.33,6.3,0.0,Moderate
5,8,4.0,86,86,32,26,39.8,2,9,0,5,51,1.07,-2.0,1.2,Low
10,17,6.1,61,58,79,33,52.2,8,9,2,7,77,2.63,10.8,5.3,High
6,18,5.1,70,47,44,187,49.5,6,10,0,11,61,1.47,7.2,5.4,High
20,13,7.0,107,22,31,53,52.5,3,10,1,3,109,1.03,3.2,3.1,High
12,10,7.4,74,89,103,91,57.5,3,7,1,11,22,3.43,10.3,4.9,High
8,16,3.8,90,43,7,12,41.4,4,6,1,4,53,0.23,1.9,0.0,High
17,7,5.5,95,27,42,120,57.5,1,6,1,4,48,1.4,6.3,0.0,High
0,6,6.8,68,54,24,94,52.7,5,7,1,3,26,0.8,1.9,2.6,Low
0,8,4.7,81,70,65,126,35.3,3,6,1,8,62,2.17,-6.2,2.7,Moderate
15,3,7.3,101,74,23,24,60.7,6,6,0,6,132,0.77,9.3,0.7,Low
10,7,7.7,83,40,11,211,41.1,2,2,1,9,40,0.37,-5.9,0.3,Low
11,2,6.2,104,50,30,150,47.7,2,8,0,7,137,1.0,2.5,1.9,Low
1,14,5.5,71,52,32,23,48.1,4,4,0,10,12,1.07,-1.1,0.0,Low
9,12,3.6,98,70,26,47,37.3,9,7,0,8,22,0.87,6.7,6.5,Moderate
23,17,7.4,78,63,14,94,53.7,3,5,2,4,85,0.47,-0.6,0.6,High
15,0,8.8,74,57,36,24,42.0,8,3,2,0,52,1.2,2.0,0.0,Low
11,20,8.6,85,68,9,182,34.5,3,4,2,5,18,0.3,-4.6,0.0,Moderate
7,0,6.2,77,27,36,115,38.6,4,9,0,11,26,1.2,-3.5,1.1,Low
7,2,5.1,77,60,37,48,30.0,8,2,2,6,34,1.23,-7.9,0.7,Low
0,5,7.4,83,56,97,107,34.0,3,6,0,13,65,3.23,-4.3,0.8,Moderate
11,16,6.2,58,51,46,50,54.9,2,8,1,7,44,1.53,4.1,2.2,Moderate
15,10,7.0,69,48,9,189,32.2,4,5,0,10,36,0.3,-4.8,0.0,High
0,7,6.8,86,54,55,79,49.1,1,4,2,11,47,1.83,-0.1,0.0,Low
5,4,6.5,89,42,106,91,40.7,1,5,0,6,80,3.53,-7.1,0.0,Low
2,1,7.6,82,101,23,33,55.7,3,4,2,10,1,0.77,1.5,0.0,Low
3,15,7.7,81,76,37,56,45.8,2,2,1,6,80,1.23,-4.0,0.0,Low
10,13,5.8,82,72,32,141,35.1,5,6,0,8,43,1.07,-0.3,0.0,High
0,16,5.3,89,42,39,60,51.2,5,1,2,12,126,1.3,1.2,0.0,Moderate
13,11,3.4,62,35,38,31,42.5,4,6,0,5,44,1.27,-3.7,0.0,High
14,0,6.0,72,48,37,23,52.0,3,9,0,2,16,1.23,2.3,1.0,Moderate
8,1,5.1,77,54,25,85,48.9,4,6,1,5,48,0.83,1.5,2.7,Low
0,11,6.9,80,26,34,17,36.5,4,7,0,3,38,1.13,-0.5,0.3,Low
3,6,6.0,55,61,42,15,44.8,3,6,1,0,55,1.4,-1.8,4.9,Low
18,5,6.1,64,71,45,9,40.8,6,5,0,14,42,1.5,0.1,0.1,Moderate
0,2,7.4,78,15,50,87,43.6,6,5,0,9,40,1.67,-3.8,1.4,Low
7,14,6.9,89,36,85,9,44.7,6,9,4,5,29,2.83,5.2,1.8,Moderate
2,11,6.3,73,74,60,79,31.6,4,8,2,9,82,2.0,-5.7,4.6,Moderate
15,11,8.4,71,59,45,71,48.6,5,8,0,9,23,1.5,1.2,1.7,Moderate
5,5,7.3,84,36,32,47,43.0,3,10,2,5,9,1.07,-0.8,4.7,Moderate
12,10,5.9,74,65,136,68,34.5,6,9,1,3,111,4.53,3.2,4.7,High
13,1,6.0,88,41,9,101,35.5,2,4,0,3,19,0.3,-4.4,0.0,Low
21,8,7.3,76,48,50,164,30.3,4,4,2,1,52,1.67,-6.5,0.0,Moderate
8,0,6.6,66,32,67,61,63.5,2,8,1,1,74,2.23,6.3,2.1,Low
12,0,5.1,94,52,42,80,45.6,6,7,2,15,79,1.4,3.5,2.2,High
0,7,7.5,92,70,24,29,49.3,1,9,0,4,33,0.8,1.3,5.3,Low
17,21,7.9,67,43,54,79,58.9,2,6,1,6,36,1.8,10.0,4.0,High
5,0,7.8,82,64,18,63,70.5,5,7,0,9,25,0.6,10.5,1.5,Low
6,1,8.3,74,51,67,93,39.5,7,10,2,6,12,2.23,4.2,4.4,Low
9,10,8.9,85,71,16,28,41.2,6,2,2,7,22,0.53,-0.8,0.0,Moderate
0,19,8.5,68,44,91,220,36.9,4,5,0,2,53,3.03,-7.3,2.6,Moderate
11,10,6.8,88,80,54,52,44.6,1,9,0,7,97,1.8,-4.8,1.6,Moderate
16,13,6.1,91,64,43,84,30.0,2,6,1,8,52,1.43,-9.4,1.3,High
11,7,4.2,68,56,35,5,57.7,5,7,3,1,29,1.17,6.6,2.3,Moderate
0,6,6.4,79,57,38,71,50.4,5,4,0,6,40,1.27,6.1,0.0,Low
9,9,7.0,91,44,19,87,44.1,8,7,0,6,43,0.63,4.1,1.6,Moderate
14,5,6.5,67,42,41,133,32.8,1,6,2,9,42,1.37,-7.0,3.3,Low
0,13,4.1,71,57,30,92,58.9,5,5,1,3,76,1.0,9.8,0.0,High
3,0,6.1,85,30,28,175,42.0,3,8,4,3,62,0.93,-3.6,0.6,Low
15,14,7.2,76,41,131,140,61.6,2,4,1,14,3,4.37,1.5,2.8,High
11,9,5.2,61,35,30,21,43.3,3,8,1,11,63,1.0,-7.0,0.9,Moderate
12,7,6.6,74,62,33,179,46.6,3,7,0,14,27,1.1,4.5,3.4,Moderate
22,0,6.9,97,63,76,57,34.7,5,7,0,11,116,2.53,-1.4,2.3,Moderate
13,3,7.7,101,75,19,69,56.8,3,9,0,7,3,0.63,4.3,2.0,Low
14,15,8.5,71,46,89,18,30.9,3,13,1,12,52,2.97,-2.7,3.5,Moderate
27,7,5.9,68,37,32,128,53.0,5,3,0,6,163,1.07,-1.9,0.3,Moderate
8,10,6.6,73,26,22,61,58.4,3,4,1,6,96,0.73,5.1,0.0,Moderate
4,3,6.7,98,57,9,64,31.0,6,5,0,10,38,0.3,-10.6,0.0,Low
12,8,7.2,87,77,82,74,54.4,3,4,1,8,58,2.73,0.9,0.0,Moderate
12,1,7.0,94,51,26,117,58.9,7,2,1,9,31,0.87,6.1,0.0,Moderate
6,9,8.1,89,52,32,166,49.9,1,3,2,12,49,1.07,1.4,0.0,Low
3,11,3.6,63,52,32,17,51.3,4,11,0,6,11,1.07,6.3,5.3,High
25,10,6.9,68,57,26,54,49.5,2,3,1,4,62,0.87,-0.8,0.2,High
12,3,7.0,70,70,54,34,46.6,5,8,1,3,57,1.8,7.8,7.0,High
5,7,6.1,72,87,70,132,36.8,4,4,0,8,46,2.33,-5.8,3.2,Low
15,12,3.7,71,61,135,110,45.5,2,6,1,7,46,4.5,-1.9,5.5,High
9,7,6.3,72,62,94,92,43.3,5,5,0,10,34,3.13,3.1,2.1,Moderate
8,7,5.5,85,48,43,65,62.9,6,4,0,8,28,1.43,6.9,1.9,High
13,20,8.4,79,50,68,118,45.4,2,5,2,8,46,2.27,-6.7,0.5,Moderate
1,3,6.9,91,50,111,79,45.7,2,10,1,2,23,3.7,-1.3,5.0,Low
12,15,5.4,81,45,74,100,47.7,5,6,1,11,52,2.47,1.0,3.6,Moderate
22,2,3.9,71,54,44,156,50.1,5,6,0,5,23,1.47,4.1,1.6,High
13,12,7.1,80,63,55,100,39.0,2,7,0,10,37,1.83,-3.3,1.2,Low
7,13,7.2,61,53,90,63,54.6,1,11,1,8,13,3.0,6.0,10.1,High
6,6,6.1,53,47,6,40,45.3,4,5,0,7,22,0.2,-5.9,0.0,Low
7,1,7.1,85,54,35,40,52.6,4,4,1,9,27,1.17,-0.9,0.0,Low
8,0,6.0,89,35,5,50,37.9,8,4,1,9,60,0.17,-2.2,0.0,Low
7,5,7.7,79,66,16,91,44.8,3,7,0,9,29,0.53,-3.6,3.3,Low
15,12,7.6,74,45,3,165,59.4,3,3,0,4,101,0.1,2.2,0.0,Moderate
0,2,4.4,63,31,33,36,63.9,5,3,1,5,37,1.1,5.8,0.0,Low
15,9,4.7,91,60,104,151,52.0,2,5,0,9,74,3.47,1.1,3.2,Moderate
7,0,8.8,83,61,83,46,35.9,5,7,0,13,6,2.77,-3.6,0.5,Low
12,7,7.5,81,37,22,167,30.0,1,3,0,5,94,0.73,-10.1,0.0,Low
2,2,4.9,78,63,54,47,52.0,2,9,2,13,125,1.8,7.5,3.0,Moderate
18,8,4.5,73,63,18,43,63.8,2,8,0,9,54,0.6,5.3,1.0,High
18,6,6.6,66,88,43,20,42.5,5,7,0,8,5,1.43,0.9,3.8,Moderate
16,2,5.0,81,48,96,54,44.3,3,9,2,11,7,3.2,-1.3,6.4,High
0,5,6.0,72,51,14,49,48.5,1,6,1,7,39,0.47,-6.0,2.0,Low
15,3,6.3,73,41,49,101,68.7,2,11,1,3,50,1.63,10.8,5.7,High
12,1,6.3,97,61,66,38,47.7,7,3,1,9,18,2.2,1.1,0.0,Low
0,15,7.8,77,52,25,81,47.9,5,1,0,8,73,0.83,-4.8,0.0,Moderate
9,6,8.6,51,70,49,49,42.7,3,2,0,4,9,1.63,-5.2,0.0,Low
12,0,5.8,72,44,21,123,47.0,6,7,0,5,32,0.7,-0.1,0.9,Low
13,5,5.0,67,60,45,112,56.2,4,8,1,12,42,1.5,3.8,2.8,Moderate
11,14,6.9,76,48,45,105,40.3,1,9,2,4,54,1.5,-1.5,2.9,Low
11,4,8.4,62,19,12,7,54.7,8,11,1,9,24,0.4,12.6,3.2,High
19,17,5.9,83,63,10,37,55.1,3,4,2,12,59,0.33,4.3,0.0,High
17,4,7.4,75,21,9,130,39.0,4,7,0,11,44,0.3,3.4,0.0,High
0,11,5.4,73,49,57,45,53.3,3,1,1,5,42,1.9,-2.8,0.0,Moderate
7,15,6.4,80,49,50,122,64.6,4,3,1,5,29,1.67,3.6,0.0,High
8,11,5.0,77,52,41,22,35.1,4,9,1,5,11,1.37,1.1,2.4,Moderate
0,1,6.4,77,53,34,98,44.8,5,5,0,11,125,1.13,0.8,0.0,Low
10,3,6.3,76,53,70,90,48.4,3,6,1,12,38,2.33,-0.6,3.4,Moderate
18,15,7.1,78,59,31,92,49.6,4,4,1,10,84,1.03,-4.0,0.0,Moderate
2,4,8.5,82,50,23,177,37.5,6,4,2,11,159,0.77,-6.2,1.1,Moderate
12,14,5.9,80,99,15,33,34.8,3,5,0,7,21,0.5,-5.2,2.7,Moderate
4,6,4.0,90,46,40,124,39.4,3,10,0,10,60,1.33,1.0,1.8,Low
5,9,6.2,72,30,46,81,47.0,2,11,1,8,180,1.53,3.9,4.2,Moderate
19,0,6.8,81,27,38,204,41.8,7,4,0,8,51,1.27,5.2,1.2,High
6,5,6.6,105,64,64,52,53.9,9,9,0,9,61,2.13,10.4,1.3,Moderate
13,3,6.2,78,23,32,140,56.9,2,10,1,0,26,1.07,4.9,3.9,Low
0,10,8.2,78,30,156,191,38.3,4,5,0,4,39,5.2,-9.8,3.0,High
22,9,6.6,64,28,40,35,49.1,4,1,1,9,35,1.33,-4.9,0.0,High
13,11,6.3,70,60,28,49,46.9,4,10,2,4,71,0.93,3.4,0.0,High
8,6,5.5,77,76,30,124,69.0,1,2,4,9,46,1.0,7.9,2.4,Moderate
13,3,4.3,84,35,51,102,42.2,3,1,2,13,39,1.7,-7.3,0.0,Moderate
0,10,6.8,85,60,134,62,49.7,8,7,0,11,50,4.47,6.7,1.1,Low
17,3,6.7,82,15,23,84,64.0,7,4,0,1,80,0.77,13.0,0.1,High
7,15,5.1,87,39,60,60,30.0,8,10,0,5,33,2.0,2.3,3.6,Moderate
8,8,6.3,67,63,49,62,59.4,2,2,1,10,49,1.63,6.3,0.0,Moderate
6,7,6.2,83,46,98,45,40.5,4,5,1,7,20,3.27,-7.9,4.9,Low
6,11,5.7,78,70,22,109,33.0,6,6,1,12,121,0.73,-3.1,1.2,Moderate
14,8,5.4,79,15,55,48,48.9,3,10,0,4,21,1.83,2.2,3.6,High
11,0,6.9,74,39,76,20,47.9,5,4,1,6,16,2.53,-2.6,0.4,Moderate
14,2,6.1,68,60,59,73,51.6,6,5,0,7,23,1.97,4.1,1.1,Moderate
9,15,5.7,65,60,70,91,52.9,6,1,0,9,86,2.33,3.6,0.0,High
13,9,5.4,82,61,31,30,45.1,4,6,0,2,3,1.03,0.8,1.8,Moderate
7,0,6.2,83,56,47,82,61.9,4,1,0,12,80,1.57,-0.2,0.0,Low
24,11,7.5,77,31,86,29,58.6,5,10,1,11,44,2.87,14.2,3.1,High
0,5,6.6,78,38,10,39,50.1,4,6,1,8,9,0.33,4.1,5.0,Low
18,3,6.1,70,94,31,42,49.3,3,11,1,2,121,1.03,0.5,2.7,Moderate
18,2,6.8,84,29,21,105,56.8,6,4,0,17,111,0.7,3.1,0.8,Moderate
4,14,8.0,79,27,20,32,46.5,8,6,1,6,64,0.67,5.8,2.0,Moderate
24,0,7.0,74,64,50,136,35.1,8,2,3,0,56,1.67,-2.6,0.0,High
16,4,6.7,88,33,49,148,45.2,4,6,3,4,15,1.63,2.2,2.1,Moderate
16,9,7.2,85,84,32,39,43.1,5,7,1,0,52,1.07,0.4,1.7,High
10,18,6.2,61,101,45,102,47.4,4,5,1,2,36,1.5,-1.0,0.0,Moderate
8,12,6.6,79,48,38,91,35.5,7,8,2,6,150,1.27,1.9,3.3,Low
8,4,5.8,67,58,9,86,36.7,4,3,1,16,5,0.3,-4.6,0.0,Moderate
12,17,4.5,80,19,15,153,56.5,4,12,2,2,74,0.5,6.2,3.0,High
19,1,6.8,50,71,60,57,46.8,1,7,0,12,50,2.0,-2.7,1.6,Moderate
11,10,6.8,80,15,18,82,43.6,4,2,0,9,53,0.6,-5.9,0.0,Moderate
4,11,6.1,86,28,32,97,42.3,4,6,0,4,55,1.07,-3.9,1.4,Low
15,3,7.6,77,54,53,12,44.8,5,4,1,0,180,1.77,-1.5,1.2,Low
15,13,5.5,65,62,49,117,47.7,6,8,1,6,82,1.63,2.1,7.7,High
14,6,4.3,100,25,24,198,31.3,7,1,1,4,28,0.8,-9.6,0.0,Moderate
14,13,5.6,91,42,40,15,42.6,3,6,0,16,3,1.33,-2.2,1.6,High
8,0,4.6,72,22,31,85,48.0,2,12,1,3,27,1.03,0.4,5.0,Low
3,10,6.8,75,46,36,64,44.9,3,7,4,8,43,1.2,0.8,0.9,Low
4,6,5.5,56,38,96,91,30.6,6,1,0,4,68,3.2,-10.6,0.0,Low
0,15,7.6,83,41,54,117,46.5,4,7,0,7,51,1.8,4.5,0.1,Low
11,8,7.6,63,64,36,45,45.9,1,5,3,10,9,1.2,1.4,0.0,Low
9,16,5.3,85,57,41,92,40.0,3,8,1,3,19,1.37,0.3,0.9,Moderate
7,11,5.4,89,62,5,153,37.9,0,7,1,9,20,0.17,0.7,0.0,Moderate
0,8,7.0,77,50,178,128,48.1,3,7,0,5,28,5.93,1.9,4.8,Moderate
1,13,7.6,66,65,85,110,47.2,3,5,0,6,82,2.83,1.7,0.0,Low
17,13,4.0,92,51,29,58,50.4,4,1,0,8,20,0.97,1.5,0.0,High
5,11,6.7,78,43,8,53,65.0,4,7,1,13,46,0.27,9.3,0.2,Moderate
12,0,3.8,79,62,30,86,51.5,1,3,1,12,25,1.0,-3.5,0.0,Low
0,3,5.7,68,44,76,87,39.8,3,9,1,3,59,2.53,-1.5,2.1,Moderate
19,17,7.7,80,46,71,129,57.6,3,3,0,6,65,2.37,2.0,0.3,High
9,1,9.5,76,71,39,85,44.0,6,14,0,10,29,1.3,11.1,4.9,Moderate
11,14,6.1,63,70,118,118,44.0,5,3,1,8,21,3.93,3.4,0.9,High
25,13,4.9,93,47,34,19,38.2,6,7,0,6,31,1.13,2.9,0.0,High
19,4,5.8,97,68,32,108,51.4,6,1,0,6,60,1.07,2.4,0.0,Low
8,0,6.5,89,29,52,111,43.6,5,12,0,7,30,1.73,3.1,5.8,Moderate
6,5,5.6,88,47,22,148,54.3,2,3,2,6,31,0.73,-2.8,0.0,Low
7,21,5.3,97,38,27,14,51.6,2,7,0,0,45,0.9,1.5,0.0,Moderate
13,3,5.9,66,52,61,173,38.8,5,8,0,3,6,2.03,-5.1,3.2,Low
9,4,6.9,66,65,20,68,37.8,3,8,1,4,24,0.67,-2.0,1.2,Low
7,3,6.2,73,62,52,55,48.6,2,8,0,2,108,1.73,2.4,1.2,Moderate
19,16,5.3,81,60,73,122,57.6,4,6,3,13,159,2.43,9.6,4.4,High
9,7,5.6,75,54,30,62,55.9,5,9,1,9,69,1.0,0.5,3.9,Low
24,5,5.9,67,49,34,9,60.1,3,6,2,9,104,1.13,2.1,1.6,Moderate
10,17,5.2,78,74,43,97,47.9,1,1,1,7,70,1.43,-8.8,0.0,Moderate
21,12,5.6,77,24,20,98,54.6,5,3,1,12,4,0.67,4.4,1.0,High
12,3,7.2,87,40,29,277,56.7,2,9,1,4,71,0.97,10.1,2.7,High
16,1,6.1,78,59,11,254,64.6,7,8,0,13,38,0.37,12.3,0.0,High
5,15,4.3,57,80,17,141,50.2,4,1,0,8,53,0.57,-3.4,0.0,Low
4,9,7.6,82,46,37,43,43.2,5,5,1,7,104,1.23,0.9,3.3,Low
12,0,6.9,95,47,50,102,57.0,3,3,1,4,42,1.67,4.6,2.0,Moderate
16,0,4.7,78,29,50,33,34.7,3,6,1,12,115,1.67,-12.4,4.0,Low
10,2,6.0,89,42,24,73,56.4,2,5,0,2,10,0.8,-2.9,0.0,Low
1,1,5.4,72,65,25,61,58.7,5,6,2,12,72,0.83,9.9,0.9,Low
1,0,7.2,84,80,27,206,55.8,4,9,0,0,98,0.9,6.4,0.3,Low
0,2,6.0,70,47,39,66,38.2,7,6,1,3,48,1.3,-2.6,0.9,Low
0,3,6.3,75,38,17,133,48.7,2,4,1,4,7,0.57,-2.5,0.0,Low
10,6,6.2,75,53,10,81,56.5,3,8,1,4,36,0.33,0.8,2.6,Moderate
17,18,4.6,83,23,44,135,51.5,2,7,1,6,9,1.47,-0.6,2.9,High
9,7,8.1,69,74,25,12,47.1,2,4,1,7,83,0.83,-3.5,0.0,Low
0,8,7.2,62,30,50,71,48.7,3,3,0,5,59,1.67,-7.2,0.0,Moderate
8,11,5.5,83,58,122,132,74.4,3,6,1,7,4,4.07,12.6,1.7,High
8,7,6.6,83,57,26,133,37.8,4,4,0,6,31,0.87,-4.4,0.0,Moderate
23,11,7.6,79,63,53,114,35.3,5,3,0,14,47,1.77,-5.7,1.8,High
0,10,6.5,88,57,6,55,38.2,6,8,0,14,69,0.2,3.6,0.0,Low
7,9,8.3,76,52,30,116,65.9,4,11,1,5,14,1.0,13.9,4.7,High
21,21,9.5,81,60,42,106,53.2,7,11,1,5,13,1.4,13.2,6.7,High
12,14,6.2,74,67,5,85,41.7,4,6,0,0,33,0.17,-0.8,0.0,Low
13,2,5.7,75,84,89,126,66.8,3,7,0,2,14,2.97,10.7,2.0,Moderate
10,11,5.2,82,32,21,38,36.5,4,4,0,9,46,0.7,-7.4,0.3,Moderate
12,4,3.7,103,19,66,70,41.4,5,6,0,10,33,2.2,0.2,4.5,Moderate
15,11,7.9,86,24,56,23,36.1,6,3,1,1,5,1.87,-3.3,0.0,Moderate
4,1,6.0,84,19,103,26,47.3,8,9,0,2,44,3.43,9.8,5.7,High
15,2,7.5,87,30,6,41,50.9,3,5,0,2,28,0.2,4.9,0.0,Low
1,10,7.7,52,28,47,189,48.0,4,9,3,7,37,1.57,4.2,4.9,High
12,14,5.1,82,45,36,131,57.4,4,8,2,8,46,1.2,10.7,1.6,Moderate
11,11,5.3,88,67,5,47,43.1,5,7,1,7,26,0.17,-4.6,2.6,Moderate
5,13,8.5,79,63,34,63,44.1,2,7,1,1,95,1.13,-3.5,6.2,Low
9,11,6.3,78,41,31,57,49.4,2,3,1,9,100,1.03,-8.2,0.0,Low
5,10,5.6,68,42,14,106,63.2,6,3,1,11,50,0.47,3.6,0.0,High
3,6,5.1,73,88,32,40,50.8,2,1,1,2,35,1.07,-1.1,0.0,Low
7,13,6.2,69,63,30,208,44.1,1,4,1,5,31,1.0,-6.7,1.5,Moderate
2,14,8.2,89,55,26,216,53.9,4,3,2,6,66,0.87,2.8,0.0,High
12,8,7.2,95,54,48,94,44.7,5,8,1,3,59,1.6,5.5,1.2,Moderate
2,8,6.6,99,47,62,58,48.9,3,9,2,5,4,2.07,0.9,3.7,Low
14,18,8.3,69,88,21,159,45.0,1,6,1,6,112,0.7,-2.0,0.5,Moderate
2,8,8.1,71,49,35,127,35.6,4,7,0,13,53,1.17,-1.2,6.7,Low
6,9,6.8,70,55,101,35,40.8,5,3,0,15,19,3.37,-2.2,0.5,Low
5,11,9.5,67,22,35,75,60.4,1,5,1,10,154,1.17,3.5,0.0,High
18,8,6.1,67,41,21,73,49.3,1,1,0,3,127,0.7,-9.6,0.0,Moderate
12,4,7.7,72,42,16,10,47.9,4,5,0,0,89,0.53,0.7,0.0,Low
8,11,5.9,88,61,54,121,46.9,5,5,0,6,58,1.8,2.0,0.9,Low
13,8,7.5,70,38,22,60,44.0,3,2,1,9,63,0.73,-5.4,0.0,Moderate
0,19,6.1,90,53,19,91,47.0,7,8,0,2,47,0.63,3.1,2.4,Low
9,13,7.0,93,41,52,152,43.2,7,4,2,13,95,1.73,-4.2,0.0,High
22,5,9.3,81,32,12,82,48.8,1,1,1,11,21,0.4,-5.7,0.0,Low
10,13,7.5,92,31,50,125,37.0,9,3,0,8,36,1.67,0.7,1.0,Low
10,10,7.0,63,49,16,71,52.7,2,8,1,2,42,0.53,3.0,2.1,Moderate
13,16,5.5,72,54,19,22,45.8,4,1,0,9,76,0.63,-1.1,0.0,High
15,5,6.6,80,49,12,178,35.0,7,6,0,2,71,0.4,4.4,3.3,High
0,10,5.2,80,37,20,185,43.9,4,3,0,11,52,0.67,-2.2,0.0,Low
0,8,7.5,94,50,77,33,43.0,7,4,0,0,45,2.57,4.7,1.4,Low
11,9,7.4,67,46,168,220,55.5,5,3,1,10,92,5.6,4.6,3.2,High
5,3,6.2,72,33,33,64,44.9,4,4,0,6,16,1.1,-1.3,0.0,Low
18,12,8.4,77,53,29,76,39.4,6,4,0,1,15,0.97,-2.1,0.0,Low
7,11,8.2,72,85,62,117,30.0,3,8,0,11,71,2.07,-13.8,1.4,Moderate
0,16,6.6,67,49,50,99,41.2,4,8,1,10,62,1.67,-2.4,0.3,Low
1,8,7.1,73,26,71,15,57.0,4,8,2,2,17,2.37,6.6,1.4,High
0,6,5.7,75,78,47,162,50.6,10,6,1,9,51,1.57,7.9,1.8,Moderate
8,13,6.1,94,75,77,70,38.6,3,5,2,2,52,2.57,-9.1,3.6,High
8,4,5.1,67,78,45,54,44.8,2,6,3,8,14,1.5,-3.4,1.8,Moderate
7,15,5.8,87,51,101,113,47.2,2,7,2,6,22,3.37,3.1,6.6,High
17,15,6.3,92,38,61,91,60.6,3,6,1,3,83,2.03,8.9,3.0,Moderate
17,16,4.4,72,36,95,180,46.5,3,6,1,10,61,3.17,1.4,3.2,High
8,11,7.1,81,73,29,171,41.7,4,9,1,7,52,0.97,8.2,5.1,Moderate
0,6,7.6,84,81,32,53,49.6,2,6,0,1,70,1.07,3.4,0.5,Low
14,9,6.4,83,35,43,65,52.1,3,7,0,0,54,1.43,6.9,3.3,High
13,11,3.2,79,15,45,34,53.3,2,9,0,5,66,1.5,6.1,3.4,High
12,5,6.1,71,52,36,171,53.1,5,12,3,0,9,1.2,12.7,5.7,High
16,16,4.7,85,36,39,143,65.7,5,4,0,12,80,1.3,9.9,0.3,High
2,12,5.7,74,39,31,54,35.5,3,5,0,15,30,1.03,-2.1,0.0,Low
23,3,8.1,78,48,43,132,45.2,6,9,0,3,24,1.43,-0.1,2.2,Moderate
3,19,3.5,80,59,27,42,46.3,2,7,1,0,67,0.9,1.7,4.7,High
14,9,5.4,87,38,75,95,34.8,2,5,1,8,43,2.5,-5.5,0.0,High
0,2,7.4,99,54,59,102,36.4,8,13,1,5,21,1.97,4.7,4.9,Low
3,4,5.6,70,50,44,92,44.1,2,9,2,10,89,1.47,5.3,6.4,Moderate
19,17,5.5,79,15,10,25,43.1,2,4,0,6,37,0.33,-1.7,0.0,High
8,19,8.8,62,62,9,123,41.8,6,4,3,5,23,0.3,-1.2,0.7,Low
15,14,6.9,94,44,39,46,30.2,5,7,2,8,28,1.3,-4.8,0.6,Moderate
11,16,7.5,78,29,18,28,36.3,4,7,0,0,93,0.6,-4.5,3.8,Moderate
9,16,7.0,75,39,54,121,41.2,4,5,1,8,28,1.8,-5.9,2.3,High
18,12,6.6,79,56,5,183,44.1,1,6,2,1,16,0.17,-5.8,1.6,Moderate
8,10,7.9,79,53,112,27,48.9,7,7,3,5,15,3.73,-0.9,3.9,Moderate
0,12,8.7,70,64,13,10,43.9,2,6,0,8,70,0.43,-4.5,0.6,Low
4,13,4.4,91,60,71,53,40.3,7,6,0,4,49,2.37,2.2,0.0,Low
13,4,6.4,85,31,30,97,49.5,5,3,2,7,10,1.0,2.0,0.0,Moderate
12,13,6.3,87,15,9,42,48.6,5,10,1,1,15,0.3,5.1,0.0,Moderate
0,17,5.9,71,54,32,99,37.9,5,3,2,4,85,1.07,-8.3,0.0,Low
5,7,7.6,70,63,89,51,63.9,3,10,1,5,26,2.97,15.8,6.6,High
6,7,6.7,77,48,30,32,30.0,8,10,0,13,48,1.0,-10.9,5.0,Moderate
7,11,8.7,87,64,84,12,52.2,3,5,2,9,29,2.8,2.2,0.0,High
1,5,7.7,84,34,37,158,54.4,4,10,4,3,43,1.23,15.9,3.6,Moderate
5,1,8.0,69,46,58,105,55.6,3,7,0,6,60,1.93,6.9,3.5,Low
5,15,5.0,85,35,23,121,49.2,2,4,0,5,31,0.77,-3.6,0.0,Moderate
15,6,5.4,67,65,20,6,33.9,3,8,1,8,58,0.67,-2.6,4.0,Low
15,9,5.5,71,36,14,62,63.8,4,4,1,13,14,0.47,8.2,0.0,High
9,5,8.0,80,89,44,174,34.0,3,5,2,0,77,1.47,-5.9,2.1,Moderate
7,16,5.2,65,43,52,287,36.6,6,5,0,0,36,1.73,4.3,0.3,High
10,13,5.3,67,66,31,138,41.4,4,7,1,8,52,1.03,1.8,0.0,Low
4,7,5.1,95,43,22,78,34.8,8,7,1,10,18,0.73,0.5,0.0,Low
2,2,9.5,93,76,99,45,34.9,7,9,0,10,63,3.3,2.3,4.2,Moderate
3,6,6.2,103,75,37,102,38.2,3,11,1,5,28,1.23,-0.7,6.9,Low
5,12,7.0,83,46,48,17,30.0,3,7,2,7,5,1.6,-9.0,5.3,Low
2,10,5.0,85,57,26,35,47.2,5,9,1,8,48,0.87,2.3,2.1,Low
11,9,7.6,76,75,10,67,42.2,2,6,1,10,5,0.33,-0.6,3.1,Moderate
14,10,4.3,74,57,19,137,43.9,1,4,0,10,36,0.63,-3.3,1.4,Moderate
0,13,5.2,88,35,35,83,48.7,3,6,1,7,69,1.17,-1.2,1.0,Low
10,8,5.5,93,53,11,116,45.0,4,7,0,14,55,0.37,4.4,2.2,Moderate
8,11,6.7,87,39,54,98,40.3,5,11,0,10,92,1.8,2.4,3.2,High
12,3,5.4,69,55,36,55,50.2,3,4,1,2,10,1.2,3.2,0.4,Low
9,21,8.2,82,38,33,22,43.6,2,6,0,10,27,1.1,-4.0,4.5,Moderate
0,7,7.0,70,59,6,44,38.8,6,7,0,8,37,0.2,-0.0,0.0,Low
1,10,5.6,74,20,35,90,44.8,4,8,1,12,55,1.17,1.1,0.6,Low
10,12,7.6,96,32,41,45,57.5,7,5,1,5,9,1.37,7.3,1.1,Moderate
16,6,5.9,65,38,17,88,41.0,2,5,0,10,138,0.57,-5.7,1.2,Moderate
0,9,5.7,102,49,25,208,52.0,5,3,1,10,33,0.83,3.3,0.4,Low
12,8,7.5,84,25,40,19,37.2,4,4,2,12,36,1.33,-4.8,0.0,Moderate
17,3,3.5,73,36,18,118,46.3,0,12,1,4,29,0.6,0.8,1.3,High
9,11,7.3,79,66,24,18,48.5,2,6,1,12,19,0.8,-6.8,0.0,Low
13,0,5.5,70,68,21,102,38.3,9,11,0,0,19,0.7,6.2,4.8,High
5,19,5.5,72,15,52,117,42.9,4,7,0,1,142,1.73,-0.0,2.6,Low
9,13,8.7,79,41,73,47,37.6,5,5,0,6,83,2.43,-5.4,0.0,Low
0,12,5.8,74,75,41,152,38.4,4,10,2,14,15,1.37,-1.2,2.5,Low
0,0,7.5,68,59,29,103,45.9,7,9,0,8,24,0.97,0.9,1.0,Low
16,4,6.7,76,59,58,230,60.5,4,6,2,0,46,1.93,6.8,4.6,High
3,17,6.9,64,62,9,52,49.8,1,3,1,8,43,0.3,-2.7,0.0,Low
7,21,6.1,64,35,34,55,46.3,7,7,0,5,83,1.13,1.3,0.0,Moderate
0,15,6.0,64,56,75,23,58.8,3,10,2,9,38,2.5,5.1,6.1,Moderate
0,15,8.2,96,60,22,275,34.3,5,9,1,10,103,0.73,-3.4,4.9,High
8,12,7.5,82,54,48,158,58.2,1,7,0,8,54,1.6,9.2,0.1,Moderate
5,4,5.8,85,45,61,31,42.8,4,9,1,7,140,2.03,1.4,1.1,Moderate
12,14,5.1,78,51,40,115,48.7,7,4,0,11,42,1.33,1.9,0.0,High
12,2,5.7,84,31,19,196,52.3,4,8,0,9,64,0.63,0.7,0.0,Low
12,1,7.6,91,63,25,55,50.5,5,7,1,8,62,0.83,0.1,0.4,Low
11,1,7.8,82,26,53,49,42.9,2,6,1,5,8,1.77,-4.4,0.4,Moderate
20,14,7.1,96,37,52,18,53.7,3,13,1,6,24,1.73,7.1,5.8,High
3,8,4.5,78,64,38,145,42.5,4,7,0,5,36,1.27,-1.0,2.2,High
9,9,7.3,85,57,7,45,42.5,6,1,1,7,50,0.23,-6.4,0.0,Moderate
17,8,8.0,86,43,13,25,45.8,9,9,2,6,20,0.43,7.3,4.6,High
18,2,6.6,68,21,34,110,50.8,1,14,0,8,43,1.13,-1.0,5.5,Moderate
0,5,8.8,78,51,21,20,37.3,5,3,0,5,180,0.7,-4.0,0.0,Low
7,5,4.8,58,41,15,94,38.3,3,7,3,9,57,0.5,-7.2,0.8,Moderate
18,0,7.2,77,61,15,28,30.7,5,6,4,4,19,0.5,-7.7,0.0,Low
13,6,5.2,75,43,130,119,43.7,3,8,1,6,37,4.33,-1.5,6.7,Moderate
11,2,7.7,74,20,43,31,55.7,2,5,2,7,30,1.43,7.5,0.6,Moderate
8,12,7.1,74,27,53,48,75.0,1,7,1,11,27,1.77,8.0,2.4,High
7,12,8.6,84,44,30,79,48.5,6,2,0,3,15,1.0,4.4,0.0,Moderate
11,1,7.0,68,54,67,52,61.1,0,9,0,6,17,2.23,6.4,1.4,Low
8,7,5.9,98,31,49,281,46.6,3,5,0,13,36,1.63,-0.5,0.0,Moderate
9,19,5.8,84,38,40,37,47.2,6,12,2,8,43,1.33,3.1,8.6,High
10,3,6.1,69,66,41,26,45.1,3,10,0,10,41,1.37,2.1,4.6,Moderate
5,11,5.8,85,72,20,206,45.9,1,5,1,0,32,0.67,-2.7,1.1,Low
13,9,8.0,89,57,19,60,45.9,4,9,0,6,13,0.63,-0.6,1.2,Moderate
27,15,7.9,82,47,42,113,43.3,6,10,2,2,59,1.4,3.1,5.5,High
0,10,4.6,67,41,62,43,62.2,7,3,1,4,24,2.07,5.9,0.0,High
12,6,6.4,103,62,78,57,51.2,4,4,0,6,79,2.6,1.0,0.3,Moderate
5,9,6.5,85,46,56,94,39.9,2,5,0,8,63,1.87,-2.3,1.4,Low
13,9,5.5,64,69,84,88,52.0,4,1,0,6,56,2.8,-3.9,0.9,Moderate
10,8,6.9,80,70,75,158,55.3,4,7,0,6,78,2.5,5.4,3.6,Moderate
14,1,8.2,76,59,32,25,35.2,1,10,0,8,24,1.07,-7.6,7.3,Low
17,16,7.5,78,43,97,85,55.6,5,7,1,7,103,3.23,4.2,6.5,High
11,15,8.0,65,44,37,11,54.4,2,8,0,10,45,1.23,1.8,4.6,Low
17,2,5.5,79,22,35,66,49.7,5,7,0,5,13,1.17,-0.5,1.9,Low
0,7,6.4,69,51,53,141,60.5,2,7,1,12,27,1.77,9.2,4.9,Moderate
20,7,5.5,74,50,78,357,55.4,3,1,1,11,30,2.6,-1.0,0.0,High
12,2,6.7,82,27,22,99,42.6,5,8,0,3,33,0.73,2.2,0.0,Low
17,0,6.8,73,95,36,148,47.6,1,7,0,8,19,1.2,-3.4,2.6,Low
2,5,7.6,75,62,32,53,59.1,5,6,0,11,9,1.07,10.5,3.1,Moderate
4,6,8.0,87,37,17,53,42.2,5,4,0,8,114,0.57,-2.8,0.0,Low
10,0,7.2,68,89,22,74,42.9,4,3,0,12,52,0.73,-5.5,0.0,Low
9,10,5.4,71,43,18,73,49.0,4,6,1,9,22,0.6,1.4,1.7,Low
11,15,4.8,64,67,51,91,44.5,7,7,0,9,56,1.7,2.7,2.3,Moderate
17,13,7.0,69,54,31,27,68.8,1,3,2,9,14,1.03,6.9,0.0,High
0,8,8.2,79,44,27,183,58.8,1,10,1,12,43,0.9,6.5,4.4,Low
16,0,6.4,85,46,47,80,66.2,5,4,2,8,124,1.57,12.3,2.1,High
10,13,4.6,69,78,48,119,57.6,6,6,2,13,41,1.6,2.6,0.1,High
8,9,8.9,85,68,75,151,48.4,5,8,0,11,62,2.5,2.9,2.7,Moderate
0,11,7.0,79,50,7,33,30.0,3,3,1,6,100,0.23,-8.3,0.0,Low
13,20,6.6,63,15,66,172,49.7,7,1,4,0,62,2.2,0.1,0.0,High
0,4,5.0,80,57,16,102,36.4,4,5,1,6,17,0.53,-5.2,0.0,Low
14,0,6.4,91,30,45,108,32.4,7,6,0,2,51,1.5,3.4,1.8,Low
0,2,7.2,57,62,15,71,57.0,4,9,3,9,9,0.5,2.0,0.0,Low
10,11,7.0,100,39,55,208,36.5,3,5,3,2,4,1.83,-1.4,0.0,Moderate
9,9,5.6,71,41,24,172,39.9,2,7,1,6,67,0.8,-7.0,0.6,Moderate
17,1,6.3,60,41,50,47,42.0,1,11,2,2,18,1.67,-3.9,4.3,Moderate
8,0,5.7,80,70,21,66,47.6,2,4,0,6,32,0.7,-1.1,0.0,Low
5,6,8.4,87,20,9,94,45.8,3,7,0,7,2,0.3,-4.6,0.0,Low
6,1,7.5,75,65,21,71,53.1,2,10,1,2,26,0.7,1.1,3.0,Low
18,12,5.8,81,58,48,160,51.5,2,4,1,5,16,1.6,0.3,0.0,High
13,6,5.0,101,51,30,173,32.2,8,4,1,0,69,1.0,-2.3,0.0,Low
7,5,6.7,80,44,60,57,60.1,6,7,2,7,46,2.0,4.8,2.5,Moderate
8,4,5.8,111,61,33,49,36.0,3,3,0,14,73,1.1,-0.9,0.0,Low
0,10,5.9,92,44,43,73,37.2,2,2,1,9,25,1.43,-14.9,0.0,Low
12,9,5.0,79,44,10,95,62.1,3,5,2,8,29,0.33,6.3,0.0,Moderate
0,10,5.2,81,53,48,96,45.5,4,3,0,13,78,1.6,-1.8,0.0,Moderate
14,10,6.6,74,83,64,36,56.4,1,5,2,7,49,2.13,4.5,3.4,Moderate
10,8,6.1,81,25,6,27,52.6,3,6,2,5,19,0.2,10.2,0.0,High
25,3,9.4,84,61,13,151,50.2,5,10,0,3,24,0.43,9.3,5.5,High
2,4,7.1,74,49,106,50,39.8,5,8,1,7,31,3.53,-0.2,7.0,Low
9,6,5.0,63,48,42,67,44.3,6,7,2,5,41,1.4,0.7,0.0,Low
21,20,4.6,93,25,31,135,61.2,3,2,2,4,17,1.03,6.3,0.2,High
17,1,6.9,89,20,28,85,39.8,5,1,0,9,52,0.93,-4.9,0.0,Low
5,6,5.9,62,58,3,67,46.7,5,5,0,14,65,0.1,2.1,0.0,Low
11,9,8.0,80,29,55,34,50.7,7,8,0,6,74,1.83,5.8,3.8,Moderate
10,7,6.7,89,70,29,51,42.5,6,11,1,5,33,0.97,1.6,1.0,Moderate
11,15,4.0,88,34,38,43,39.8,7,7,0,8,23,1.27,-0.7,1.1,High
5,7,5.2,70,62,64,62,44.4,1,11,1,9,58,2.13,-1.2,2.6,Moderate
9,7,5.6,89,42,33,40,44.2,3,3,0,7,9,1.1,2.0,0.0,Moderate
0,13,6.9,78,41,72,28,32.5,4,7,0,7,56,2.4,-2.5,0.0,Low
10,19,5.1,82,36,9,71,48.5,4,2,1,11,62,0.3,-0.2,0.0,Moderate
12,17,6.6,68,60,46,104,58.0,4,4,1,7,16,1.53,1.8,0.8,High
8,8,4.8,50,65,24,17,30.0,4,10,1,2,68,0.8,-1.5,4.2,Moderate
0,8,6.4,69,46,48,35,47.7,7,4,1,9,50,1.6,0.3,0.0,Low
16,9,6.8,84,63,30,114,30.0,0,4,1,9,24,1.0,-13.9,0.0,Low
12,9,8.2,76,52,76,90,59.3,5,3,2,5,48,2.53,2.2,0.0,High
5,4,6.7,85,28,57,96,40.7,4,9,0,3,63,1.9,-0.4,3.3,Low
8,14,5.4,90,59,25,112,46.1,2,8,0,1,51,0.83,-0.2,0.0,Moderate
0,10,8.2,74,47,23,128,36.9,3,6,0,12,49,0.77,-3.1,1.1,Low
3,8,6.2,73,15,46,63,63.8,3,6,1,10,10,1.53,8.5,0.0,Low
6,1,7.3,54,45,32,73,64.8,3,2,0,10,16,1.07,9.7,0.7,Moderate
17,9,5.7,61,22,41,30,36.0,3,4,2,11,80,1.37,-3.8,0.0,Moderate
5,0,6.5,63,30,52,69,35.0,4,8,0,1,17,1.73,-3.6,3.2,Low
14,5,5.4,84,48,66,108,53.5,4,6,3,5,47,2.2,5.3,3.1,High
6,5,6.8,74,51,29,61,53.8,4,6,1,6,26,0.97,9.0,0.9,Low
11,10,7.4,72,37,19,60,42.5,6,8,1,5,63,0.63,2.2,4.2,Low
9,19,5.8,71,61,76,33,36.5,5,5,0,7,58,2.53,-3.7,1.6,Moderate
15,12,5.7,69,50,64,55,59.5,3,11,1,4,17,2.13,7.1,8.2,High
6,17,6.8,88,44,48,68,43.6,4,2,1,12,18,1.6,-1.9,0.0,Moderate
0,12,5.4,79,53,54,121,43.0,3,8,1,3,84,1.8,-0.6,0.7,Low
1,15,4.6,89,74,35,43,47.1,1,8,0,3,38,1.17,2.3,2.9,Moderate
6,19,6.8,54,15,53,49,32.7,7,7,2,3,51,1.77,-5.8,3.5,Moderate
1,4,6.3,84,75,85,116,40.3,3,1,0,10,9,2.83,-5.4,0.0,Low
12,4,6.2,73,41,17,10,36.9,3,7,0,6,21,0.57,-4.7,0.0,Moderate
6,12,7.0,75,38,20,130,30.0,3,4,2,3,67,0.67,-7.7,0.0,Low
25,8,7.2,93,45,57,56,38.2,6,10,0,2,7,1.9,6.0,5.9,High
0,10,6.2,74,36,5,52,45.4,1,3,1,4,61,0.17,-5.9,0.0,Low
11,7,5.1,83,33,88,127,38.7,7,8,1,5,26,2.93,-2.0,1.1,Moderate
2,5,5.6,67,67,99,84,44.6,3,4,1,5,22,3.3,-0.9,0.0,Low
6,18,7.1,78,55,19,72,36.3,3,1,2,10,10,0.63,-6.2,0.0,Low
10,2,6.6,60,17,19,54,51.4,6,6,1,16,27,0.63,8.8,0.7,Moderate
0,12,5.7,77,64,3,20,54.8,4,8,0,7,47,0.1,3.6,4.2,Low
11,12,5.5,82,62,19,38,51.8,4,5,0,4,12,0.63,0.4,0.4,Moderate
22,0,7.1,90,25,36,130,47.3,6,6,0,0,44,1.2,3.9,1.1,High
7,4,6.1,69,55,8,94,53.2,0,7,0,2,14,0.27,-2.4,0.0,Low
11,5,7.3,72,63,69,27,40.3,6,8,0,2,36,2.3,-1.4,1.9,Low
16,12,7.5,71,23,66,143,38.7,6,3,0,5,122,2.2,-1.6,1.8,Moderate
8,6,6.0,75,57,43,14,45.2,6,11,1,5,33,1.43,8.7,2.4,Moderate
6,8,7.5,67,40,24,42,41.0,2,4,1,7,73,0.8,-8.2,0.3,Low
0,0,6.6,54,62,22,33,58.2,2,7,3,11,41,0.73,2.5,0.7,Low
14,21,6.7,67,35,55,16,64.1,5,10,1,15,12,1.83,2.7,3.7,Moderate
9,9,3.8,77,71,79,72,69.6,5,3,1,6,117,2.63,13.0,0.0,High
3,11,5.2,76,48,24,51,54.3,7,7,0,8,59,0.8,11.6,0.5,Low
10,5,5.3,84,41,80,54,49.2,4,4,1,11,19,2.67,0.7,0.3,Low
6,5,6.0,87,39,49,94,30.0,3,3,2,4,40,1.63,-15.0,0.0,Low
6,20,6.5,73,68,82,28,42.2,6,10,1,7,60,2.73,5.8,0.1,High
13,0,6.6,61,39,29,88,39.3,4,6,0,3,6,0.97,1.2,0.1,Low
1,10,6.7,82,71,13,225,40.0,1,5,1,12,27,0.43,-9.3,0.0,Low
16,1,5.6,78,56,82,46,58.2,6,5,0,6,98,2.73,9.7,0.7,Moderate
0,6,7.2,75,27,22,249,59.1,0,5,1,9,69,0.73,-1.5,0.0,Low
5,5,8.6,91,52,70,106,42.2,3,1,1,16,6,2.33,-3.3,0.0,Low
22,3,6.0,83,53,5,116,40.5,4,10,0,6,24,0.17,-2.0,1.3,Moderate
17,9,5.6,79,26,38,72,44.0,3,8,0,7,63,1.27,-0.1,0.0,Low
10,0,5.6,80,52,49,31,30.0,5,1,0,10,18,1.63,-9.5,0.0,Low
3,7,6.5,87,62,42,61,57.6,3,6,0,12,16,1.4,3.6,0.0,Moderate
6,8,5.8,70,72,43,104,53.4,1,8,1,5,72,1.43,0.1,4.3,Moderate
10,1,4.3,68,72,34,38,34.9,3,7,1,9,12,1.13,-3.5,1.2,Low
10,17,4.7,75,95,32,82,35.0,6,8,1,11,38,1.07,2.0,5.1,Moderate
9,5,7.6,65,52,46,135,61.0,4,9,1,10,62,1.53,14.5,6.6,Moderate
9,7,7.9,78,62,77,42,53.6,7,6,0,5,21,2.57,8.0,0.0,High
8,5,8.3,79,41,22,148,62.7,2,7,2,6,161,0.73,7.5,0.0,Moderate
0,8,6.7,77,86,57,40,39.3,3,4,0,4,87,1.9,-8.7,0.0,Low
6,16,5.2,74,36,14,188,62.4,4,13,0,4,136,0.47,12.7,5.9,High
15,21,5.9,96,85,52,106,37.8,3,12,1,8,18,1.73,-3.1,8.2,High
1,13,4.6,88,83,26,78,47.7,4,4,2,8,49,0.87,-0.4,1.7,High
8,15,4.6,77,38,20,152,30.7,1,6,1,0,58,0.67,-15.0,0.0,Low
4,18,6.7,79,71,45,117,41.8,7,4,0,9,47,1.5,-2.3,0.0,Low
10,10,7.0,93,60,85,95,48.1,4,10,1,9,83,2.83,3.1,3.7,High
7,18,8.8,72,45,17,42,42.7,4,7,1,10,13,0.57,2.8,0.0,Low
19,13,6.3,67,50,15,81,52.1,1,6,1,5,90,0.5,0.2,0.0,Moderate
13,9,4.8,80,57,37,95,39.1,3,9,1,0,67,1.23,-2.2,1.9,Low
1,11,6.3,83,58,20,126,46.5,3,4,0,14,43,0.67,-0.1,0.0,Moderate
14,0,6.1,83,79,38,54,43.5,2,5,1,5,30,1.27,-4.3,2.6,Low
4,10,5.8,87,62,28,45,43.4,0,4,2,0,26,0.93,-3.6,0.0,Low
6,0,6.8,70,38,15,50,53.7,3,9,0,8,20,0.5,3.2,1.9,Low
12,0,4.9,63,65,23,118,40.2,5,4,0,10,49,0.77,-4.6,1.4,Low
6,10,6.6,72,21,70,50,44.8,3,3,2,3,20,2.33,-1.1,0.4,Moderate
15,2,7.2,84,45,31,118,42.1,7,9,0,9,5,1.03,3.8,2.7,Low
4,8,8.1,68,47,36,93,60.8,2,1,0,7,73,1.2,4.8,0.0,Low
5,9,6.8,57,64,20,101,46.0,4,7,0,6,160,0.67,4.0,1.9,High
5,10,7.7,80,84,45,197,46.1,3,7,0,4,87,1.5,2.1,2.4,Low
6,3,5.9,72,56,59,128,43.8,4,8,1,14,22,1.97,1.2,2.5,Moderate
17,14,6.0,59,45,40,155,50.1,7,2,1,6,30,1.33,4.2,0.0,Moderate
14,8,8.0,79,39,30,50,42.4,2,8,0,10,16,1.0,-0.7,0.0,Low
21,11,4.8,74,67,66,31,42.0,6,1,1,4,39,2.2,-3.4,0.0,High
24,2,5.9,96,48,37,38,42.0,4,5,0,11,76,1.23,-5.3,4.9,Moderate
3,7,7.8,79,43,76,31,46.7,4,5,1,8,37,2.53,1.4,2.1,Low
10,15,6.1,84,69,54,42,55.8,5,11,0,14,168,1.8,9.9,5.4,High
2,14,6.1,78,73,29,66,43.2,4,6,0,4,7,0.97,-0.1,2.6,Low
4,4,6.1,71,35,11,60,34.3,3,11,1,9,58,0.37,1.3,3.4,Low
5,5,6.5,73,25,55,108,32.7,5,8,0,5,98,1.83,-1.9,3.9,Low
3,3,7.7,90,50,76,44,72.2,1,14,1,1,46,2.53,13.3,9.0,High
3,5,7.5,86,31,17,54,38.6,1,5,1,3,22,0.57,-0.2,3.6,Low
9,0,6.4,62,29,35,102,63.1,4,5,0,4,42,1.17,6.8,0.0,Low
2,8,7.7,64,33,54,83,43.9,5,10,0,14,40,1.8,5.6,6.0,Low
15,12,6.8,65,71,29,60,37.4,4,9,0,6,20,0.97,1.3,2.4,Low
4,4,7.4,90,64,38,177,45.3,0,9,1,5,33,1.27,2.1,1.1,Low
27,8,5.2,59,96,95,139,51.7,4,8,1,11,84,3.17,12.0,4.5,High
7,7,8.5,87,40,45,231,44.0,4,6,0,15,78,1.5,0.7,5.0,Moderate
10,15,6.7,82,76,20,202,40.6,4,2,2,11,21,0.67,-6.9,0.0,Moderate
1,5,3.1,80,61,37,22,32.0,4,2,0,12,43,1.23,-5.7,0.0,Moderate
21,5,8.4,73,42,38,91,40.4,2,7,0,3,40,1.27,0.2,2.8,Low
17,4,6.4,91,49,17,68,49.6,1,2,1,7,43,0.57,-5.2,0.0,Moderate
11,2,5.9,79,42,119,114,32.1,5,8,0,0,55,3.97,-2.9,6.8,Moderate
1,12,5.7,62,57,4,221,42.1,4,5,0,13,89,0.13,0.3,0.0,Low
11,8,6.9,65,70,11,113,48.4,2,10,1,8,34,0.37,2.6,1.0,Moderate
2,9,5.3,60,45,17,76,56.8,3,8,2,10,122,0.57,11.4,3.8,Moderate
19,16,5.7,91,67,11,70,36.0,2,4,1,14,29,0.37,-4.8,0.0,High
15,16,5.7,94,75,8,145,64.3,4,9,1,4,17,0.27,8.1,0.9,High
10,0,6.0,90,79,95,125,50.1,6,8,1,7,7,3.17,6.0,7.9,Moderate
0,12,5.8,76,31,56,66,35.5,4,6,0,5,53,1.87,-6.4,1.4,Moderate
3,10,7.4,62,51,67,26,47.3,2,9,0,11,116,2.23,-3.1,5.4,Low
14,6,6.7,66,65,28,83,39.5,3,4,0,10,36,0.93,-7.2,0.0,Moderate
17,10,6.9,67,32,78,49,31.9,4,4,0,9,61,2.6,-3.8,0.0,High
17,0,7.1,77,28,55,44,44.6,4,3,1,7,65,1.83,-0.8,0.0,Moderate
0,17,6.3,93,52,27,19,44.8,7,1,0,9,121,0.9,-2.4,0.0,Moderate
11,11,5.2,93,45,51,188,48.5,6,2,0,4,112,1.7,-3.2,0.0,Low
16,3,8.6,73,49,12,240,37.5,6,5,2,10,79,0.4,-4.3,0.0,High
0,5,7.5,53,44,46,62,38.1,6,6,0,11,87,1.53,2.3,1.3,Low
9,0,8.3,65,91,33,70,54.5,2,9,1,5,47,1.1,7.7,3.2,Low
11,7,7.6,91,44,95,86,52.9,6,2,1,1,38,3.17,7.2,0.0,High
8,6,5.8,81,63,71,60,34.8,3,3,0,13,12,2.37,-7.8,0.0,Low
0,1,3.6,74,61,12,97,31.0,4,5,1,13,10,0.4,-9.2,0.0,Low
7,13,4.9,73,22,18,103,35.9,2,6,1,8,85,0.6,-5.2,2.0,Low
7,16,7.2,70,78,122,180,56.1,3,8,1,8,34,4.07,9.4,4.9,High
9,8,6.3,65,63,28,33,30.0,4,1,0,3,119,0.93,-3.4,0.0,Moderate
6,7,5.9,101,55,12,95,40.7,3,11,3,8,37,0.4,2.4,3.5,High
7,11,3.4,97,71,58,64,54.3,0,5,0,4,20,1.93,2.1,1.4,Moderate
9,8,6.4,69,51,86,60,47.7,2,11,3,3,28,2.87,5.7,7.5,Moderate
12,2,5.1,59,68,32,13,44.6,2,8,2,9,72,1.07,1.3,2.2,Moderate
8,5,5.5,80,18,50,45,54.3,3,2,1,14,44,1.67,2.0,1.2,Low
7,7,7.4,76,67,35,106,44.0,2,4,1,7,18,1.17,-6.8,0.0,Low
10,10,5.2,85,55,59,46,41.1,5,1,0,2,27,1.97,-0.9,0.0,Low
0,9,5.3,87,56,20,84,52.8,3,2,0,5,61,0.67,1.7,0.0,Low
13,10,6.6,65,37,43,67,63.2,6,5,0,9,7,1.43,9.3,0.0,High
9,0,7.4,92,48,70,81,30.0,6,4,1,15,73,2.33,-5.6,0.0,Low
10,12,5.9,74,48,27,43,38.9,3,2,1,0,41,0.9,-9.7,0.0,Moderate
16,9,8.2,85,31,66,63,43.2,5,4,0,5,13,2.2,-3.1,0.0,Moderate
0,21,4.9,75,58,57,91,40.9,6,4,2,6,42,1.9,2.6,2.1,Moderate
0,6,4.7,88,80,15,55,46.5,1,3,2,3,28,0.5,-1.3,0.0,Low
11,10,4.6,52,26,21,103,45.8,2,6,0,8,74,0.7,-0.3,0.0,Moderate
9,21,4.4,86,61,62,50,35.0,2,1,1,3,19,2.07,-11.6,0.0,High
11,10,6.8,69,44,21,123,51.1,3,8,1,7,68,0.7,0.4,0.7,Low
6,8,5.2,79,42,4,23,44.9,3,6,0,0,75,0.13,-4.4,0.8,Low
14,3,4.7,92,53,41,71,57.3,1,7,3,9,158,1.37,5.5,2.0,Moderate
16,17,6.9,69,54,39,102,55.6,1,5,2,8,42,1.3,1.3,0.2,Moderate
13,2,7.4,67,55,60,73,44.1,5,5,4,12,12,2.0,0.3,2.6,Low
8,11,7.7,74,32,82,122,50.8,4,1,0,8,29,2.73,-1.0,0.4,Low
0,6,7.5,73,72,39,58,30.0,4,14,1,4,22,1.3,-1.6,7.6,Low
15,7,5.3,66,53,47,60,30.0,3,8,2,4,39,1.57,-7.7,6.1,High
17,0,6.7,79,63,11,17,55.8,4,6,0,10,45,0.37,6.7,0.0,High
14,16,7.0,80,74,28,120,44.8,5,8,0,9,48,0.93,0.5,1.3,Low
4,7,5.8,83,17,142,135,57.4,5,5,0,4,12,4.73,4.2,0.0,Moderate
14,1,6.6,69,63,53,127,55.9,6,3,0,0,26,1.77,5.6,1.1,Low
15,16,4.9,68,49,84,53,32.2,2,3,0,9,29,2.8,-10.8,0.0,High
20,6,5.6,77,70,28,22,51.9,2,11,1,3,19,0.93,1.7,3.2,Moderate
4,10,6.8,75,38,25,195,38.9,1,5,2,4,30,0.83,-2.5,0.0,Low
8,13,8.2,76,69,25,68,43.3,4,9,1,12,62,0.83,-1.0,0.0,Moderate
14,11,7.8,70,33,68,26,34.5,5,8,0,7,53,2.27,-2.1,6.5,High
10,0,7.2,82,59,32,160,54.9,6,5,1,9,73,1.07,2.7,2.2,Low
2,13,6.5,68,57,11,14,50.4,5,6,0,16,52,0.37,-0.5,0.0,Low
12,8,6.3,77,49,34,185,40.6,3,4,2,9,85,1.13,0.9,0.8,Low
13,7,4.7,75,33,26,22,39.0,2,6,0,11,102,0.87,-4.3,0.4,Moderate
10,8,5.4,78,45,71,67,53.0,3,9,0,13,44,2.37,-4.4,4.1,Moderate
11,0,5.4,91,69,117,67,38.9,1,9,2,10,12,3.9,1.1,6.8,Moderate
8,10,7.1,64,79,11,86,40.5,5,2,0,12,39,0.37,-7.5,0.0,Moderate
19,1,7.5,52,87,55,103,39.4,5,5,3,5,73,1.83,-5.0,3.3,Moderate
4,7,7.3,71,61,78,50,39.3,2,3,1,3,44,2.6,-3.7,0.0,Low
6,9,7.8,65,57,62,61,52.1,5,10,2,8,10,2.07,7.0,3.2,Moderate
10,15,6.5,50,60,25,49,48.0,2,6,3,2,46,0.83,4.1,2.1,High
15,4,5.2,97,87,30,144,40.9,5,7,2,10,31,1.0,-2.8,3.0,Moderate
0,17,6.3,84,61,38,95,36.5,3,6,1,10,51,1.27,-3.2,0.0,Low
1,14,5.5,85,54,22,140,45.8,1,4,0,0,50,0.73,-0.9,0.0,Moderate
0,6,7.2,75,47,44,57,43.6,5,12,2,3,50,1.47,9.0,6.8,Moderate
10,2,6.0,83,49,88,57,53.0,4,10,1,6,28,2.93,6.6,5.3,Moderate
2,0,6.3,73,59,54,27,39.5,2,7,0,9,31,1.8,-6.6,0.0,Low
7,10,7.2,87,38,9,119,49.9,7,3,0,10,10,0.3,-3.4,0.0,Moderate
14,4,5.5,80,41,35,77,43.7,3,5,1,0,59,1.17,2.9,0.0,Low
5,15,7.6,78,51,110,70,48.6,4,7,1,9,79,3.67,3.1,2.9,High
11,5,4.8,78,44,20,51,60.6,3,5,1,11,60,0.67,4.7,0.0,Moderate
8,3,6.8,94,63,62,59,43.6,2,3,1,4,133,2.07,-3.2,0.0,Low
14,10,6.3,80,64,15,96,65.6,2,6,1,3,13,0.5,6.3,0.4,Low
13,5,7.4,67,57,54,113,44.1,6,5,0,5,123,1.8,1.5,0.1,Low
5,9,4.8,82,61,30,44,36.6,2,1,0,1,98,1.0,-5.6,0.0,Low
8,14,4.6,83,54,95,111,60.1,5,1,0,9,29,3.17,3.4,0.0,High
16,9,7.3,76,15,94,72,62.3,6,6,1,6,68,3.13,5.3,3.3,High
12,9,5.9,77,36,11,91,37.6,5,6,0,8,59,0.37,-2.3,0.0,Low
0,10,6.3,66,65,34,63,38.9,2,8,2,16,17,1.13,-2.7,5.9,Low
14,0,5.6,79,37,28,57,53.4,3,10,0,6,38,0.93,4.8,0.0,Low
2,11,7.5,65,67,60,63,51.2,6,1,3,12,85,2.0,4.4,0.0,Low
19,9,6.8,75,68,148,28,38.7,2,4,0,7,30,4.93,-5.3,1.5,High
16,14,6.7,71,47,33,54,37.9,5,1,1,3,164,1.1,-4.3,0.0,Moderate
11,12,5.0,89,41,88,17,48.6,3,11,0,6,13,2.93,7.8,5.2,High
11,7,7.0,95,52,31,115,44.8,3,6,1,10,2,1.03,2.3,2.4,High
8,14,5.2,65,51,42,26,51.2,0,1,2,12,53,1.4,-2.8,0.0,Moderate
14,7,5.6,78,63,33,100,51.2,4,6,2,7,97,1.1,6.0,2.0,High
7,10,4.8,75,15,61,35,54.2,2,3,0,7,52,2.03,-5.1,0.0,Low
11,7,6.2,83,39,99,157,30.0,2,9,1,10,7,3.3,-10.6,3.9,High
15,11,7.7,79,34,69,14,62.8,5,4,0,0,18,2.3,5.2,0.0,High
6,6,6.7,74,15,29,66,50.7,4,5,0,12,3,0.97,1.0,0.0,Low
5,18,5.9,79,43,14,160,42.1,2,1,0,8,67,0.47,-8.3,0.0,Moderate
2,20,6.5,76,25,22,103,45.0,3,4,1,5,34,0.73,-0.1,0.0,Moderate
3,14,6.5,95,45,83,54,51.8,3,5,0,8,82,2.77,2.4,4.8,Moderate
0,17,6.5,69,43,43,215,48.1,4,6,3,5,73,1.43,-0.4,1.4,High
14,0,6.6,81,60,46,64,48.2,4,12,2,4,41,1.53,0.3,8.8,Moderate
21,0,5.2,84,47,67,63,45.2,2,1,1,7,8,2.23,-6.3,0.0,Moderate
19,7,6.5,83,22,39,129,61.0,6,8,0,8,44,1.3,16.0,2.4,High
0,9,4.3,75,58,72,60,49.1,1,4,2,6,84,2.4,3.1,0.4,Moderate
14,7,7.1,93,96,34,62,56.2,3,5,0,13,34,1.13,5.3,0.1,Moderate
19,0,5.1,55,71,28,48,65.6,4,3,1,0,53,0.93,7.6,0.0,Moderate
7,15,7.8,66,64,16,97,54.7,1,4,0,3,33,0.53,3.1,0.0,High
10,21,3.5,85,48,5,108,48.7,6,1,1,1,29,0.17,-0.0,0.0,High
0,16,8.4,68,43,44,46,30.0,4,9,1,9,34,1.47,-7.2,6.2,Moderate
11,15,4.4,68,42,64,147,42.3,5,5,2,5,49,2.13,-2.6,0.0,Moderate
3,10,5.0,73,56,64,48,65.1,3,11,0,3,21,2.13,10.2,2.1,Moderate
11,4,6.8,69,32,86,39,49.0,2,9,0,5,17,2.87,4.3,6.1,Moderate
0,9,7.1,85,56,37,31,34.0,3,8,1,3,92,1.23,-3.7,3.8,Low
13,21,6.1,88,40,85,136,44.1,2,13,1,6,15,2.83,3.5,5.2,High
16,6,7.5,79,21,40,35,35.4,8,4,0,3,161,1.33,4.0,0.0,High
4,6,5.4,90,40,16,195,41.9,3,8,0,9,39,0.53,0.2,0.3,Low
2,15,5.9,63,75,53,30,42.4,2,1,0,6,170,1.77,-7.3,0.0,Low
0,15,6.0,79,54,17,65,40.7,4,7,0,6,6,0.57,-5.1,1.8,Low
8,4,5.8,93,15,37,34,46.7,5,8,0,3,44,1.23,4.2,1.9,Low
6,7,4.1,89,40,76,51,30.0,1,9,0,2,4,2.53,-8.3,4.7,Moderate
0,6,6.4,94,68,3,69,52.0,6,4,1,5,9,0.1,2.6,0.0,Low
12,9,6.3,72,47,42,190,58.9,3,7,0,8,90,1.4,1.4,8.8,High
7,15,7.7,88,61,23,118,30.0,5,4,1,6,52,0.77,-10.4,1.3,Moderate
3,4,4.9,73,45,76,11,55.6,4,5,5,3,74,2.53,9.4,3.0,Moderate
6,15,5.6,85,55,105,67,51.9,5,5,0,6,53,3.5,5.6,5.6,High
16,9,7.8,92,53,32,69,49.3,3,6,1,9,8,1.07,0.2,0.8,Moderate
13,21,6.8,69,40,59,53,46.4,3,7,0,10,128,1.97,-1.7,5.3,High
9,10,7.1,58,62,12,83,48.0,2,10,2,5,42,0.4,0.9,3.7,Moderate
14,8,6.9,98,80,47,244,53.8,5,9,0,11,78,1.57,9.8,3.5,High
2,12,6.9,83,59,18,48,48.0,5,6,2,11,144,0.6,-1.1,2.7,Low
10,7,8.6,77,54,20,102,70.2,4,8,1,8,21,0.67,13.9,0.9,High
10,0,6.5,76,37,35,26,40.3,3,7,0,2,97,1.17,0.5,2.4,Low
6,7,5.2,55,69,20,16,60.8,6,4,1,9,180,0.67,7.5,0.0,Moderate
12,7,7.2,80,43,49,65,44.8,4,6,0,3,61,1.63,-1.5,5.1,Low
4,0,5.7,72,62,39,115,42.4,7,8,1,4,78,1.3,6.0,4.9,Low
13,8,6.3,79,66,24,63,55.1,3,9,1,11,27,0.8,4.4,0.5,High
13,0,6.8,78,70,23,110,43.2,5,7,2,9,160,0.77,0.5,0.0,Moderate
0,6,5.4,50,70,54,111,61.7,5,9,0,9,48,1.8,10.3,6.5,Moderate
17,10,5.8,83,69,63,327,39.3,3,9,0,12,80,2.1,-1.5,0.0,High
0,9,7.0,80,29,42,94,57.4,3,8,1,4,15,1.4,7.4,6.5,Moderate
5,6,5.7,82,37,60,67,51.4,0,6,1,5,78,2.0,-3.5,1.7,Low
16,8,7.6,76,27,16,98,44.5,3,6,0,13,135,0.53,-3.4,0.4,Moderate
7,4,5.2,79,26,18,44,37.2,4,4,3,5,8,0.6,-7.1,0.0,Moderate
0,9,5.2,80,79,25,107,37.1,3,8,1,11,61,0.83,5.2,1.9,Low
2,9,8.7,81,34,15,100,38.4,6,2,0,11,25,0.5,-10.6,0.0,Low
16,3,4.6,83,32,4,166,56.0,4,11,0,10,40,0.13,7.0,2.3,High
0,10,6.4,81,51,32,37,46.4,3,6,1,8,69,1.07,-2.4,1.4,Low
17,10,8.6,98,39,21,79,53.1,5,2,1,13,39,0.7,1.2,0.0,Moderate
9,8,6.4,70,93,28,195,47.4,8,9,1,9,64,0.93,4.4,1.1,Low
2,21,8.0,74,47,20,49,36.1,3,4,0,3,68,0.67,-3.0,0.1,Low
6,8,7.2,97,60,27,8,49.2,3,7,1,10,20,0.9,1.8,0.4,Low
3,7,6.4,76,38,39,76,51.5,7,3,2,9,136,1.3,6.6,1.8,Low
15,6,6.2,88,22,58,71,30.3,3,4,1,8,19,1.93,-15.0,0.0,Low
14,3,3.9,79,39,81,70,40.6,1,10,1,6,109,2.7,-5.1,7.4,High
0,12,6.0,75,39,31,87,38.7,3,5,2,7,65,1.03,-6.7,0.0,Low
7,5,6.7,89,39,21,114,34.7,8,8,3,5,26,0.7,4.7,3.3,Moderate
4,5,6.7,84,23,9,353,47.3,3,6,1,5,18,0.3,4.1,0.0,Low
18,5,9.4,61,54,128,49,48.5,5,6,0,4,39,4.27,2.0,0.7,High
1,3,6.7,80,46,62,43,57.8,3,4,3,3,63,2.07,5.6,0.0,Low
20,0,7.2,67,24,43,111,53.3,3,2,1,5,101,1.43,-5.1,0.0,High
9,6,7.8,92,54,12,40,43.3,2,7,1,5,24,0.4,0.9,0.0,Low
2,14,7.0,97,66,4,55,43.3,2,6,1,5,47,0.13,-2.5,2.0,Moderate
5,10,6.3,99,74,8,60,62.0,5,4,0,14,109,0.27,8.3,0.2,Moderate
4,18,6.3,82,15,25,159,50.6,4,5,2,9,45,0.83,2.1,0.0,High
1,13,6.0,73,39,22,171,56.3,4,10,0,14,42,0.73,9.9,0.5,Low
10,12,6.9,82,27,21,14,33.3,4,8,1,5,6,0.7,-3.3,5.9,Moderate
2,19,6.2,68,40,23,18,31.7,4,7,1,4,85,0.77,-5.3,0.0,High
0,8,7.1,104,77,69,73,42.3,3,4,1,0,48,2.3,-3.9,0.8,Low
7,9,5.2,91,39,12,138,54.8,10,7,1,8,38,0.4,9.0,0.3,High
0,8,6.6,81,43,16,201,60.3,6,4,3,5,41,0.53,6.0,0.0,Low
5,17,8.3,89,37,16,77,39.1,5,5,0,13,56,0.53,-5.1,0.0,Low
4,9,6.1,73,81,25,169,50.7,6,10,2,4,33,0.83,9.2,5.6,Moderate
4,5,8.6,66,15,8,44,49.7,8,3,3,6,93,0.27,7.5,0.0,Moderate
23,12,6.6,54,42,52,60,35.5,2,4,0,15,116,1.73,-8.8,0.0,High
10,4,6.3,79,36,21,83,38.3,4,8,0,6,22,0.7,-4.9,5.2,Low
11,12,6.5,76,21,33,55,45.0,2,9,0,5,21,1.1,-2.5,1.9,Moderate
0,11,6.0,84,72,37,192,34.5,4,3,3,11,8,1.23,-12.4,0.0,Low
5,7,4.0,78,20,28,56,68.8,6,5,0,8,16,0.93,13.0,0.0,High
11,12,7.5,83,44,63,89,36.5,3,11,1,9,56,2.1,-4.6,5.0,High
3,0,9.0,87,51,80,50,41.9,11,10,2,10,17,2.67,8.7,3.5,Moderate
15,9,7.0,62,38,13,51,49.3,5,4,3,14,99,0.43,1.4,4.1,Moderate
2,6,7.0,88,21,20,36,48.2,1,6,3,2,32,0.67,-1.8,2.0,Low
8,21,6.2,74,49,17,128,51.6,3,7,2,2,56,0.57,1.5,4.9,High
6,9,7.8,84,38,11,111,36.9,1,9,0,7,10,0.37,-4.2,0.0,Moderate
11,5,6.4,89,67,57,117,33.8,3,5,0,12,36,1.9,-3.8,1.3,High
5,1,6.7,89,61,49,53,46.9,2,5,0,8,52,1.63,1.7,2.4,Low
8,16,4.5,79,87,21,61,37.8,4,16,1,0,83,0.7,0.9,5.9,Moderate
8,6,5.8,80,54,20,103,39.4,4,9,0,8,114,0.67,0.2,2.8,Low
5,4,6.8,88,63,42,36,38.8,2,8,0,13,79,1.4,-6.3,3.0,Low
13,10,7.5,61,46,30,66,38.8,4,4,1,18,33,1.0,-4.0,1.1,Moderate
11,12,7.5,68,83,42,103,32.9,2,7,0,10,29,1.4,-15.0,2.5,Moderate
9,12,4.5,75,52,23,45,36.4,3,6,1,3,22,0.77,-8.0,3.0,Moderate
7,9,4.6,63,50,40,216,42.7,1,5,4,8,65,1.33,-0.5,1.8,Low
15,9,7.1,75,62,65,97,56.2,3,4,1,11,49,2.17,-6.5,0.0,Moderate
8,10,5.5,74,40,33,69,64.3,5,4,0,5,143,1.1,13.4,2.4,Moderate
8,10,7.5,79,43,93,56,54.3,1,6,2,5,78,3.1,4.7,0.8,Moderate
10,11,4.4,77,62,43,108,48.2,1,2,1,16,32,1.43,-3.5,0.0,Moderate
21,15,6.3,90,65,5,47,55.2,2,1,0,10,15,0.17,3.9,0.0,Moderate
1,9,6.4,84,63,31,110,44.6,2,3,2,12,40,1.03,-8.1,0.0,Low
15,4,7.0,77,51,54,32,48.3,2,6,2,0,10,1.8,-3.2,1.2,High
0,8,5.2,74,57,47,69,52.5,2,2,2,3,73,1.57,-0.6,0.0,Low
11,13,4.0,77,69,53,123,50.9,6,1,3,0,35,1.77,-1.1,0.0,High
20,0,6.6,78,32,39,44,54.6,2,3,0,6,17,1.3,-4.2,0.0,Low
13,0,7.0,106,52,90,44,52.1,4,7,0,4,15,3.0,7.9,1.5,Moderate
11,14,7.6,62,15,58,73,39.4,8,7,2,9,133,1.93,2.2,3.0,High
6,17,6.0,68,65,36,80,51.8,3,3,1,9,30,1.2,-1.3,0.0,Moderate
10,1,7.3,66,38,43,137,39.3,1,4,4,12,52,1.43,-5.3,3.9,Moderate
8,9,7.0,81,38,121,109,52.6,4,6,1,11,55,4.03,3.1,2.4,Moderate
4,6,8.0,81,50,85,63,42.3,10,6,1,7,23,2.83,5.7,5.0,Moderate
8,7,6.3,72,63,30,65,34.4,2,5,0,12,11,1.0,-6.6,0.0,Low
11,10,4.3,88,95,44,115,33.4,6,9,0,3,86,1.47,-6.5,1.3,Moderate
5,1,6.3,82,24,89,31,65.4,5,5,1,8,46,2.97,11.3,1.8,Moderate
4,2,6.5,88,37,16,38,36.5,6,9,1,3,28,0.53,-1.3,3.5,Low
1,7,7.0,91,56,26,52,54.5,4,9,0,7,57,0.87,5.5,2.0,Low
12,8,4.6,55,39,68,22,52.1,3,1,0,5,45,2.27,-0.2,0.0,High
13,2,6.0,86,67,19,132,54.3,8,8,1,13,48,0.63,8.4,1.5,High
11,13,7.4,64,49,30,29,36.9,7,9,0,10,10,1.0,-3.1,2.5,High
16,6,6.3,81,68,42,253,42.2,3,8,0,5,88,1.4,0.9,0.0,Moderate
10,6,6.0,77,48,62,101,37.2,4,2,2,6,17,2.07,-4.2,1.6,Low
12,10,8.7,78,62,12,53,54.9,1,5,0,7,16,0.4,-2.3,0.0,Moderate
11,8,5.1,65,35,65,63,59.3,3,5,1,6,49,2.17,1.1,3.0,High
9,13,7.9,89,87,40,179,45.6,3,10,1,7,26,1.33,-0.6,5.3,Moderate
6,3,7.6,64,21,41,58,65.3,7,10,1,10,30,1.37,16.4,1.7,High
24,0,6.1,86,39,9,51,48.3,4,4,0,5,101,0.3,-2.1,0.0,Moderate
7,7,6.4,62,26,35,62,44.1,4,5,0,6,7,1.17,-0.8,0.0,Low
5,9,6.4,78,66,14,59,46.9,1,1,0,9,91,0.47,0.2,0.0,Low
12,1,6.6,98,62,95,76,50.3,8,6,0,15,36,3.17,6.5,3.7,Moderate
11,0,5.7,104,30,28,59,32.7,5,11,0,9,180,0.93,-1.5,7.5,High
0,10,5.9,60,70,82,161,48.3,6,1,0,9,22,2.73,-1.8,0.0,Low
17,4,6.0,70,39,41,69,44.5,5,1,0,9,35,1.37,0.6,0.0,Low
9,0,6.0,72,59,83,40,43.6,3,4,3,3,29,2.77,-1.9,0.0,Low
2,14,6.0,103,63,6,26,44.8,4,6,2,7,91,0.2,-1.0,0.0,Low
17,5,3.7,77,48,19,31,54.8,3,6,1,3,50,0.63,0.2,1.6,Moderate
14,15,6.5,90,68,79,116,46.0,2,3,0,7,22,2.63,-8.0,0.0,High
1,9,5.8,81,49,108,101,35.7,6,8,0,2,22,3.6,1.2,5.8,Low
21,10,4.2,65,58,31,85,46.6,6,6,0,5,60,1.03,1.9,2.8,High
14,7,6.0,58,47,24,116,43.7,3,10,1,14,64,0.8,3.0,4.3,Moderate
9,0,5.9,71,18,11,116,46.0,6,6,1,10,23,0.37,-0.8,0.0,Low
20,2,7.9,103,50,8,101,45.2,5,5,1,10,59,0.27,5.8,0.0,High
11,8,5.8,81,36,7,23,49.1,3,9,1,9,48,0.23,1.1,1.8,Moderate
9,11,7.2,90,77,37,20,33.4,5,11,1,13,2,1.23,-2.7,8.0,Moderate
5,0,8.1,62,27,35,67,33.7,1,1,1,14,47,1.17,-9.0,0.0,Low
13,8,5.6,74,74,14,144,45.1,2,9,1,6,50,0.47,3.2,3.8,High
13,2,6.3,87,49,21,66,43.6,6,2,0,11,63,0.7,-5.6,0.0,Low
10,10,8.5,66,59,29,70,37.3,2,10,0,9,46,0.97,-7.2,5.7,Moderate
4,8,6.7,77,27,6,109,30.0,0,1,1,0,32,0.2,-13.7,0.0,Low
10,13,6.8,68,46,42,8,48.2,9,8,0,3,17,1.4,7.4,0.7,Moderate
9,15,5.9,87,40,46,70,41.9,5,8,2,14,30,1.53,1.7,2.4,Moderate
1,11,7.2,82,90,54,62,48.9,3,6,2,15,46,1.8,4.1,1.7,Low
0,13,6.4,86,40,51,73,48.3,5,8,1,3,33,1.7,6.9,3.6,Low
13,6,4.2,88,73,33,196,52.3,6,8,2,6,48,1.1,3.8,0.4,Moderate
0,21,6.0,75,73,94,56,36.3,6,8,2,16,76,3.13,3.3,1.0,Moderate
11,1,5.0,89,73,25,110,46.1,3,3,1,7,118,0.83,-3.1,0.0,Low
6,5,6.5,72,41,50,58,64.7,6,3,2,10,12,1.67,6.7,0.0,Low
18,14,5.3,85,84,13,41,48.1,2,8,2,14,63,0.43,2.4,0.0,Moderate
6,13,7.0,56,88,13,63,59.4,4,2,0,5,35,0.43,6.1,0.0,Moderate
14,11,6.5,70,59,47,152,52.3,3,1,0,14,29,1.57,-0.5,0.0,Moderate
7,12,4.9,103,44,17,129,38.0,5,4,0,12,62,0.57,-1.0,0.6,Moderate
10,0,5.8,85,37,47,57,67.6,9,3,2,6,64,1.57,11.6,0.0,High
14,18,7.1,85,60,49,30,58.5,4,8,1,10,21,1.63,13.6,6.5,High
6,7,7.8,69,53,101,123,34.4,6,7,0,5,16,3.37,-3.7,6.7,Moderate
16,16,5.3,66,55,12,119,44.6,1,10,1,11,76,0.4,1.3,2.6,High
3,0,5.1,75,28,10,70,62.0,5,10,0,11,44,0.33,11.5,2.2,High
11,10,8.7,77,53,38,30,51.7,5,8,1,5,33,1.27,6.1,3.7,Moderate
15,5,6.4,99,73,77,129,30.0,3,3,2,13,24,2.57,-12.4,0.0,Low
14,12,6.5,89,67,37,79,39.7,7,9,1,6,10,1.23,3.5,3.3,High
22,10,5.5,79,45,173,77,38.9,4,13,1,2,100,5.77,7.8,8.5,High
5,11,6.7,79,50,46,182,59.3,5,6,0,3,44,1.53,2.2,0.0,Moderate
1,2,8.5,86,26,44,79,50.6,5,8,1,7,12,1.47,6.0,3.7,Moderate
3,8,6.7,63,40,29,123,43.2,3,5,5,8,94,0.97,-2.6,1.0,Low
14,7,7.7,57,46,52,161,39.0,5,1,0,8,58,1.73,-1.5,0.0,Moderate
13,11,6.4,86,63,76,53,52.0,4,4,0,2,20,2.53,6.5,1.8,Moderate
10,14,5.2,79,39,41,37,44.9,3,10,2,8,109,1.37,1.4,1.8,High
2,9,5.6,64,33,71,91,47.6,5,5,0,5,24,2.37,1.6,2.3,Low
14,1,5.1,55,66,41,232,51.5,2,9,0,5,77,1.37,8.7,2.7,Moderate
2,9,6.7,88,44,11,71,47.6,1,10,0,7,12,0.37,7.1,4.5,Low
17,21,7.9,72,37,9,39,33.8,4,4,2,6,20,0.3,0.1,0.0,High
27,18,6.6,82,67,59,43,53.7,4,4,0,12,15,1.97,0.7,3.1,High
12,0,6.0,75,60,42,59,55.3,6,5,0,13,13,1.4,3.9,3.8,Moderate
13,9,5.5,78,48,74,71,65.0,1,2,1,9,27,2.47,7.0,0.0,Moderate
6,14,6.8,71,46,60,109,40.4,1,6,0,4,61,2.0,-2.0,1.6,Moderate
0,7,4.9,77,59,9,98,57.5,7,1,2,4,68,0.3,5.3,0.0,Moderate
6,6,5.0,84,62,25,168,57.5,3,1,1,7,13,0.83,5.4,0.0,Moderate
2,7,7.5,75,56,17,76,55.6,3,7,0,5,20,0.57,1.4,0.0,Low
0,12,6.1,74,54,36,104,47.4,3,4,0,10,87,1.2,-3.0,0.0,Low
21,2,6.0,85,41,33,177,37.8,5,4,0,5,40,1.1,-4.6,0.0,Moderate
11,15,6.2,85,42,8,84,43.4,4,9,0,8,73,0.27,2.9,0.9,High
12,8,7.3,65,49,23,11,35.9,7,7,0,14,73,0.77,2.7,1.9,Low
7,3,6.6,78,35,23,67,32.4,5,2,0,12,121,0.77,-6.5,0.0,Low
8,15,5.5,72,33,49,73,52.8,3,7,0,3,23,1.63,-0.2,6.3,Low
16,0,5.6,78,50,35,40,38.4,2,10,1,6,95,1.17,1.1,3.3,Moderate
9,5,6.2,94,70,21,25,30.0,4,9,3,8,25,0.7,-3.6,5.3,Moderate
13,5,6.8,82,15,18,29,47.1,1,9,1,7,89,0.6,0.5,0.6,High
8,21,6.4,102,45,8,181,53.3,4,6,1,7,18,0.27,0.6,1.9,Moderate
7,5,6.3,80,57,59,113,51.7,4,5,1,4,62,1.97,0.2,1.1,Low
0,0,6.5,76,71,60,26,37.1,4,9,4,7,47,2.0,-3.2,3.3,Low
0,5,6.4,78,84,79,57,40.6,2,12,2,9,124,2.63,4.2,5.2,Moderate
8,11,5.5,80,47,22,8,49.7,4,5,0,13,17,0.73,4.7,1.1,Moderate
10,13,7.7,82,88,94,64,54.2,5,4,0,16,78,3.13,0.4,2.8,Moderate
1,21,5.8,67,60,59,22,49.9,6,11,0,17,152,1.97,10.6,5.2,High
9,17,6.6,75,67,64,153,53.9,3,6,1,5,6,2.13,4.4,2.6,High
10,10,3.9,70,33,27,191,44.5,4,5,1,12,30,0.9,-3.2,1.8,Moderate
0,3,6.1,89,60,26,197,49.6,4,4,0,6,94,0.87,1.2,4.0,Low
4,18,5.1,57,68,54,35,48.0,4,8,0,11,103,1.8,7.0,6.7,Moderate
12,6,5.2,80,40,80,25,36.1,5,6,1,10,52,2.67,-7.0,0.8,Moderate
12,5,9.3,61,15,95,61,30.1,5,5,1,3,17,3.17,-6.0,2.5,High
2,6,6.7,83,55,86,59,38.3,3,6,1,14,51,2.87,-6.6,3.2,Low
11,1,7.9,74,48,48,13,39.4,7,5,0,16,22,1.6,1.2,0.7,Low
16,6,7.4,58,76,13,43,58.0,2,5,0,6,44,0.43,-0.8,0.3,Low
15,7,7.6,88,42,2,65,44.9,4,7,1,9,128,0.07,-0.4,0.0,Moderate
9,13,6.2,50,39,62,22,38.4,6,6,0,16,19,2.07,-2.8,0.0,Moderate
6,6,8.3,78,31,18,35,44.2,3,7,0,11,38,0.6,-0.9,2.4,Low
5,1,7.4,86,41,116,86,47.8,6,9,2,8,74,3.87,4.2,7.7,Moderate
13,0,6.4,93,100,84,84,42.0,4,2,0,10,33,2.8,-1.2,0.0,Low
11,10,6.7,60,23,37,135,40.8,5,1,1,8,106,1.23,-7.4,0.0,Moderate
14,9,6.2,72,28,40,13,42.4,4,3,0,13,10,1.33,-0.9,0.2,Low
10,5,6.5,90,51,55,77,47.9,6,6,1,14,38,1.83,4.0,0.1,Low
15,6,6.3,91,88,39,109,44.4,5,6,2,4,31,1.3,2.6,0.0,High
10,11,6.9,92,65,58,185,41.7,4,4,0,0,51,1.93,-8.1,0.4,Low
15,17,8.5,106,80,36,55,39.1,4,6,0,4,79,1.2,-2.3,1.7,High
15,4,5.0,72,45,26,65,48.9,5,4,1,1,64,0.87,5.5,1.5,Moderate
4,9,7.8,82,27,18,54,42.5,4,1,0,8,15,0.6,-3.6,0.0,Low
0,14,6.0,74,44,27,72,51.1,3,2,0,9,41,0.9,0.1,0.0,Low
20,4,7.9,56,50,42,141,60.1,5,8,0,9,8,1.4,9.7,3.1,High
11,8,6.0,77,52,17,128,35.9,5,1,1,0,45,0.57,-5.2,0.0,Low
0,8,6.9,56,48,68,39,43.8,7,9,0,15,2,2.27,0.6,3.2,Low
5,1,6.2,72,63,43,68,31.6,5,6,1,4,38,1.43,-6.8,3.0,Low
15,9,4.3,62,39,31,53,43.8,4,3,1,6,30,1.03,-7.2,0.0,Moderate
8,9,8.5,83,35,16,52,63.0,3,5,0,8,74,0.53,-1.0,0.0,Moderate
6,12,5.3,69,30,73,103,51.3,6,3,2,10,30,2.43,2.8,0.0,Low
19,2,6.5,58,56,92,55,40.0,6,11,0,8,28,3.07,2.4,5.0,Moderate
3,9,5.1,88,54,3,105,50.1,2,5,1,10,17,0.1,-0.2,0.0,Low
4,17,4.8,71,72,40,56,35.8,7,3,0,7,25,1.33,-3.0,1.8,Moderate
11,21,6.2,73,80,81,48,35.8,4,14,2,14,38,2.7,-1.7,9.3,High
12,16,5.7,67,30,56,66,51.9,5,6,1,0,58,1.87,-1.6,0.0,Moderate
13,2,5.0,91,52,9,256,43.2,6,8,1,7,83,0.3,1.6,0.7,Moderate
15,11,6.4,81,48,29,36,44.0,4,6,1,16,29,0.97,-2.0,1.5,Low
11,6,4.6,71,24,15,43,45.6,3,7,2,6,44,0.5,4.1,0.0,Moderate
13,10,6.6,57,42,17,18,43.7,4,8,0,5,45,0.57,-2.3,0.0,Low
8,4,6.2,106,80,38,47,57.7,3,9,0,6,38,1.27,9.4,2.8,Moderate
10,0,3.4,100,41,51,15,32.9,2,4,0,12,31,1.7,-11.7,2.6,Low
10,7,5.8,94,38,23,16,38.8,1,6,1,14,15,0.77,-7.2,2.3,Moderate
11,13,7.0,70,51,35,91,48.0,6,6,0,9,95,1.17,1.0,0.0,Moderate
15,10,5.1,72,68,51,113,35.5,3,5,2,5,149,1.7,-10.2,2.1,Moderate
13,11,7.0,82,47,10,208,39.1,3,10,1,2,91,0.33,-3.8,4.9,Moderate
10,10,6.9,68,54,17,37,53.7,5,10,1,5,21,0.57,9.2,5.0,Moderate
4,11,5.2,67,15,19,36,38.4,4,1,1,4,59,0.63,-5.5,0.0,Moderate
10,12,6.4,94,62,27,146,53.4,4,8,1,15,125,0.9,6.1,0.0,High
9,7,7.4,77,56,30,76,33.9,6,8,0,6,67,1.0,-1.9,1.2,Low
11,9,5.3,66,68,38,38,64.5,1,8,0,3,43,1.27,9.2,2.3,Moderate
24,19,6.2,88,18,23,116,52.1,4,7,1,0,9,0.77,3.8,0.0,Moderate
6,9,7.8,72,47,54,70,52.3,1,5,1,9,104,1.8,-1.0,0.0,Low
12,9,5.4,56,69,25,69,42.5,3,11,0,7,5,0.83,0.7,5.7,Moderate
16,9,7.0,66,42,13,175,46.1,4,1,1,11,66,0.43,-9.8,0.1,Moderate
10,7,5.1,72,53,21,95,70.3,2,1,2,7,119,0.7,4.6,0.0,High
25,6,6.2,80,45,15,97,36.2,7,2,2,8,24,0.5,-5.3,0.0,Low
7,10,6.9,80,45,5,115,40.9,6,7,1,12,25,0.17,-1.2,1.5,Low
12,6,3.5,92,73,108,68,43.0,6,4,1,9,39,3.6,-3.4,1.0,High
4,8,5.8,75,26,5,114,47.5,3,6,1,7,101,0.17,1.3,0.7,Low
7,4,6.9,73,51,26,180,52.2,5,4,1,9,142,0.87,-2.1,0.0,Low
11,9,6.7,92,57,35,69,50.5,1,3,0,12,2,1.17,-3.0,0.0,Low
15,12,5.8,89,69,34,89,36.3,4,7,1,8,38,1.13,-2.7,0.0,Moderate
12,7,5.1,76,50,4,39,52.9,7,8,0,10,25,0.13,3.7,2.5,Moderate
18,0,7.2,81,69,37,44,52.9,1,13,0,2,6,1.23,2.1,6.5,Moderate
9,12,6.0,73,51,73,61,46.7,5,7,1,3,50,2.43,1.9,5.6,High
7,9,7.1,65,54,10,65,40.4,5,5,1,9,28,0.33,-4.7,0.3,Low
27,3,6.9,102,53,37,20,48.6,2,5,0,3,54,1.23,-5.6,1.9,Moderate
12,13,5.9,72,64,37,188,43.5,3,1,1,7,43,1.23,-5.5,0.0,Moderate
5,0,7.7,81,62,31,118,45.6,2,8,3,7,103,1.03,-0.7,2.7,Low
5,15,5.7,61,32,118,83,46.2,2,6,0,9,121,3.93,-1.5,0.0,Moderate
3,8,7.8,86,56,31,37,38.1,2,6,1,12,16,1.03,-2.2,1.4,Low
16,0,8.0,65,62,22,87,46.3,4,6,1,7,21,0.73,2.6,0.0,High
7,10,7.7,96,78,7,58,55.6,4,3,0,4,16,0.23,0.3,0.0,Low
10,6,6.2,98,34,80,102,52.1,0,1,0,6,73,2.67,-6.4,0.0,Moderate
9,5,9.5,84,62,14,29,44.3,3,5,0,11,35,0.47,-4.9,0.2,Low
14,4,6.6,79,46,41,152,43.8,3,5,1,7,10,1.37,-0.6,0.0,Low
4,8,6.7,76,55,86,64,61.8,4,7,1,6,46,2.87,9.5,2.5,High
3,6,6.4,77,33,48,145,38.2,6,6,0,11,71,1.6,-0.1,0.0,Moderate
11,0,5.0,83,52,9,275,51.8,6,6,0,13,91,0.3,6.2,1.4,Moderate
13,16,8.0,79,58,56,37,57.0,1,4,0,5,34,1.87,2.4,1.6,Moderate
12,7,5.7,89,35,21,63,36.1,1,12,0,8,40,0.7,-2.5,5.9,Moderate
4,4,7.5,68,78,53,29,44.5,8,9,0,2,12,1.77,10.8,4.5,Moderate
14,2,7.8,95,24,107,45,56.0,6,3,2,3,126,3.57,3.0,0.7,Moderate
5,13,7.1,73,62,49,81,39.5,2,10,0,4,99,1.63,-3.9,3.0,Moderate
6,1,5.6,70,15,33,25,47.4,2,7,0,4,73,1.1,-4.9,0.1,Moderate
3,9,6.0,82,47,2,171,33.4,3,1,1,10,59,0.07,-10.4,0.0,Low
18,5,3.2,83,61,19,52,42.4,1,10,0,8,16,0.63,-2.7,2.1,Low
14,5,6.3,59,65,14,100,58.6,4,5,1,6,50,0.47,7.2,0.0,Moderate
13,2,7.4,73,50,49,180,34.8,7,5,1,0,87,1.63,-6.0,0.0,Low
18,5,6.1,54,48,82,28,31.3,7,5,1,12,60,2.73,-1.6,2.9,Moderate
27,9,5.7,71,62,45,107,45.7,3,6,0,17,46,1.5,0.1,1.8,High
0,10,6.0,71,69,37,122,50.8,5,5,1,6,46,1.23,-0.1,0.4,High
5,4,7.9,81,77,37,27,41.6,6,9,1,5,75,1.23,4.0,3.8,Low
5,8,6.3,69,29,32,32,43.2,5,11,0,4,56,1.07,7.5,5.2,High
4,14,8.6,72,48,76,82,52.7,3,5,1,2,39,2.53,-1.3,3.1,Moderate
2,0,5.7,92,15,58,170,57.0,6,1,0,12,48,1.93,7.1,0.0,Moderate
8,8,6.7,101,27,91,132,50.7,3,5,0,14,16,3.03,1.8,0.0,Moderate
2,3,5.9,68,39,85,42,54.5,4,3,1,11,58,2.83,5.3,1.5,Low
12,2,8.9,89,68,130,118,45.7,3,4,1,4,61,4.33,-2.2,0.4,Low
10,10,6.6,82,43,66,175,40.4,4,2,0,9,73,2.2,-6.1,0.0,Moderate
13,5,9.0,59,47,59,47,32.6,6,7,0,6,52,1.97,-1.6,6.9,Moderate
13,1,5.9,69,57,34,51,33.6,3,2,0,12,58,1.13,-11.8,3.3,Moderate
13,16,8.2,50,40,38,22,44.9,6,3,1,13,106,1.27,0.2,0.0,Moderate
7,14,6.5,82,16,71,37,57.7,3,11,3,1,12,2.37,7.5,7.5,High
23,0,7.4,66,39,28,78,37.5,2,2,0,8,94,0.93,-10.6,0.2,Moderate
11,0,4.9,79,50,78,47,73.7,7,2,3,13,145,2.6,7.1,0.0,Moderate
0,12,6.8,106,60,33,21,44.4,1,11,2,4,40,1.1,-3.2,4.6,Low
3,7,5.1,96,48,40,47,37.0,6,6,1,11,56,1.33,-3.9,2.4,Low
0,17,6.7,70,60,102,233,41.0,2,3,3,9,76,3.4,-4.3,1.6,Moderate
10,12,4.6,67,69,60,173,45.4,5,3,1,12,55,2.0,-4.4,0.0,High
9,10,6.3,92,72,40,95,58.3,6,14,3,0,27,1.33,11.6,9.7,High
6,3,7.7,67,55,120,90,47.0,6,8,0,6,41,4.0,-2.6,5.9,Low
23,11,7.1,89,32,23,167,34.8,5,7,1,7,46,0.77,-4.4,0.0,High
13,1,4.9,108,30,19,97,61.8,4,9,0,15,33,0.63,3.5,3.5,High
14,16,4.1,85,31,18,78,40.5,9,5,0,5,31,0.6,4.5,0.0,High
3,11,7.0,91,33,44,107,38.7,2,6,0,12,47,1.47,-5.5,0.0,Low
3,4,8.3,90,54,39,41,50.2,5,7,2,12,60,1.3,5.4,5.5,Moderate
10,13,5.2,72,86,50,79,55.0,6,4,1,6,100,1.67,3.0,0.0,Moderate
11,21,8.9,81,56,8,88,54.7,5,6,1,7,47,0.27,9.0,0.0,High
0,7,6.4,67,50,8,64,30.3,5,11,0,4,14,0.27,-7.4,0.0,Low
8,12,4.0,92,69,19,82,60.6,5,3,1,12,85,0.63,8.4,0.0,High
10,6,4.5,66,37,44,55,36.6,3,4,1,1,101,1.47,-6.3,0.0,Moderate
8,9,7.3,86,71,27,34,51.7,3,4,1,0,41,0.9,0.5,3.5,Moderate
4,0,6.6,90,69,14,49,50.1,2,8,0,18,15,0.47,-1.0,5.7,Moderate
6,8,8.2,73,53,17,84,51.4,3,9,0,5,45,0.57,4.2,0.9,Moderate
8,9,5.0,70,90,62,78,44.1,4,2,1,1,42,2.07,-0.5,1.9,Low
10,19,6.5,76,72,91,84,56.4,4,5,2,14,31,3.03,0.8,1.7,Moderate
13,0,6.4,68,53,29,62,46.3,7,4,2,1,31,0.97,-2.3,0.0,Low
17,7,6.2,80,49,14,17,58.6,3,7,0,13,51,0.47,9.5,0.5,High
8,16,5.9,68,44,46,101,35.9,7,6,1,11,120,1.53,-1.9,0.0,Low
7,7,6.0,69,50,111,70,62.1,6,9,1,8,94,3.7,6.1,2.4,Moderate
12,8,6.6,84,50,41,102,30.4,7,12,0,3,28,1.37,-2.7,5.0,Low
13,4,6.8,85,46,43,80,61.5,8,1,1,7,17,1.43,4.8,0.0,Low
7,3,6.7,75,48,34,49,41.5,6,1,1,4,97,1.13,-3.1,0.0,Moderate
15,0,7.8,60,31,52,74,49.9,3,6,1,7,18,1.73,-2.3,3.9,High
16,5,5.0,91,42,43,252,42.1,3,7,0,8,30,1.43,-0.8,0.4,High
18,3,4.2,73,23,7,139,37.9,7,3,1,0,4,0.23,-0.9,0.0,Moderate
21,9,7.6,101,59,51,89,42.2,2,6,1,6,62,1.7,-2.2,4.5,High
4,4,5.3,77,53,41,311,53.4,2,7,2,5,15,1.37,2.7,1.8,Moderate
10,6,5.9,79,50,16,44,49.7,8,2,1,11,16,0.53,4.4,0.0,Moderate
10,6,5.7,73,68,22,61,57.5,5,7,0,11,49,0.73,6.0,5.7,Moderate
9,8,5.6,81,36,10,78,51.2,3,8,0,10,59,0.33,3.5,3.3,Moderate
5,5,4.7,116,39,57,36,49.6,2,6,1,3,180,1.9,-2.0,0.0,Low
0,2,5.7,74,25,67,219,61.4,4,1,1,13,74,2.23,-2.1,0.0,Low
10,9,7.2,92,70,46,232,50.6,8,3,0,8,63,1.53,3.0,0.1,High
5,15,6.4,79,63,28,115,37.4,2,7,1,4,50,0.93,-3.6,0.0,Moderate
10,9,7.0,91,76,38,15,35.2,5,11,2,10,1,1.27,1.3,6.2,Moderate
4,5,5.8,57,80,45,23,62.9,2,7,0,7,39,1.5,8.6,2.5,Low
2,8,7.5,99,44,45,93,45.4,7,5,0,8,31,1.5,-2.5,2.1,Moderate
11,0,5.8,82,39,61,174,46.8,2,7,2,8,6,2.03,1.1,1.6,Moderate
10,8,3.9,75,20,23,55,41.0,2,5,1,3,50,0.77,0.1,0.0,Low
13,6,6.8,88,32,41,99,32.1,8,7,3,0,36,1.37,-4.0,0.9,Moderate
24,3,7.3,80,46,19,161,64.0,5,7,1,6,3,0.63,7.8,0.3,High
11,4,5.7,65,15,57,42,35.1,3,1,0,0,55,1.9,-4.9,0.0,Low
13,6,7.8,51,33,20,152,37.4,4,10,1,6,28,0.67,0.2,1.7,Moderate
2,14,5.4,98,51,120,62,43.4,4,11,0,12,58,4.0,5.8,2.3,High
1,15,7.2,76,68,39,67,42.0,3,2,0,0,11,1.3,-6.5,0.0,Low
20,3,8.5,71,39,28,89,41.0,5,4,0,11,35,0.93,1.9,1.9,Moderate
3,5,6.4,72,54,24,34,52.4,2,8,2,11,156,0.8,2.4,2.8,Low
3,6,6.1,94,86,38,103,56.3,3,5,0,6,70,1.27,1.4,0.0,Low
9,13,6.3,73,19,103,47,45.8,4,3,0,7,7,3.43,-6.6,2.0,Moderate
9,9,8.4,85,72,16,38,48.9,4,1,1,8,54,0.53,-7.9,0.0,Low
4,9,6.9,74,59,58,59,38.0,1,6,1,6,37,1.93,-2.5,0.8,Moderate
8,12,9.0,64,75,19,31,51.6,5,2,1,6,5,0.63,-1.6,1.7,Low
17,5,6.7,88,69,14,35,43.9,9,8,1,11,37,0.47,7.3,0.7,Moderate
4,16,5.6,90,40,50,124,42.9,5,6,1,3,23,1.67,3.6,3.2,Moderate
0,8,5.7,71,52,29,98,55.0,3,11,0,6,32,0.97,9.5,8.7,Moderate
16,4,6.5,78,26,36,67,33.4,5,10,1,4,128,1.2,-3.5,3.7,Moderate
13,7,4.0,79,43,47,37,55.7,4,6,0,8,93,1.57,0.1,1.1,Moderate
5,16,5.8,83,53,103,110,45.8,4,10,0,2,35,3.43,4.8,4.5,High
0,6,5.9,100,57,57,149,42.0,9,4,0,10,62,1.9,3.5,0.0,Moderate
5,14,6.7,74,66,28,319,62.2,3,4,1,3,20,0.93,9.3,0.0,High
9,5,8.7,74,80,61,157,53.6,3,10,1,8,13,2.03,1.0,3.7,Moderate
17,4,6.5,76,44,12,55,31.1,3,12,0,3,39,0.4,-1.2,3.8,Moderate
3,12,4.1,68,73,32,33,55.1,5,9,0,4,122,1.07,12.0,4.1,High
9,3,5.3,59,57,25,70,51.7,6,2,0,3,38,0.83,0.6,0.0,Low
14,13,6.7,79,28,134,148,34.9,6,2,1,4,6,4.47,-0.8,0.3,Moderate
0,11,6.5,84,49,19,55,45.7,3,8,0,8,106,0.63,1.0,2.8,Low
16,3,8.3,78,54,56,20,53.6,4,3,1,12,23,1.87,1.5,0.2,Low
2,8,7.6,77,37,24,99,30.0,6,3,1,0,50,0.8,-12.3,0.0,Low
12,5,7.5,68,33,18,58,53.4,4,6,0,8,65,0.6,5.6,0.0,Moderate
11,11,6.1,81,33,21,37,42.9,5,4,1,5,38,0.7,-1.8,2.6,Low
17,19,7.7,80,42,41,160,44.8,6,12,1,9,57,1.37,9.0,7.2,High
13,6,5.3,83,36,35,39,56.6,3,11,0,9,43,1.17,10.1,6.2,High
0,12,7.6,82,74,28,54,39.5,4,11,0,3,62,0.93,1.4,4.3,Moderate
4,9,6.1,82,15,69,48,36.4,4,5,2,8,15,2.3,-2.4,3.2,Moderate
10,9,4.7,93,54,31,21,52.7,8,11,1,4,59,1.03,5.1,6.5,Moderate
8,8,7.1,84,62,66,66,47.3,6,6,1,6,57,2.2,2.2,0.2,Low
13,4,8.1,83,35,37,18,42.3,0,8,0,11,54,1.23,-8.4,1.7,Low
15,10,5.9,59,48,16,32,34.1,3,8,2,10,146,0.53,-1.4,2.1,Moderate
13,7,8.3,90,46,40,36,42.7,4,4,2,6,61,1.33,-3.7,0.0,Moderate
8,3,4.4,75,51,39,25,40.9,1,8,0,10,18,1.3,-2.7,0.7,Low
0,14,5.0,79,64,152,95,44.0,4,5,1,7,15,5.07,4.2,1.9,Moderate
7,9,6.2,64,62,85,81,31.9,2,8,1,3,51,2.83,-5.3,5.1,Moderate
12,7,6.0,101,41,96,102,39.9,6,4,0,8,19,3.2,0.2,0.0,Low
2,16,5.6,51,25,35,22,49.8,7,8,1,5,31,1.17,2.1,1.5,Moderate
14,0,6.6,94,55,24,131,45.4,4,8,0,9,37,0.8,3.0,2.2,Moderate
15,16,5.8,83,40,31,134,44.3,1,8,2,8,74,1.03,-3.7,1.4,High
10,3,6.0,57,43,30,144,37.5,5,12,0,5,9,1.0,-6.3,5.0,Moderate
0,10,6.7,100,56,67,74,37.8,2,10,0,1,13,2.23,-5.0,3.4,Low
1,5,5.6,84,44,25,71,43.5,1,4,0,9,58,0.83,-3.0,0.9,Low
22,3,6.3,52,58,62,101,45.8,3,4,1,9,39,2.07,-7.8,3.8,High
6,16,5.6,73,97,74,156,38.5,3,9,0,9,12,2.47,-0.3,5.9,Moderate
0,19,5.0,84,64,52,70,47.7,3,11,0,6,65,1.73,5.2,7.9,High
18,7,7.3,97,76,13,61,47.6,7,1,0,6,71,0.43,3.8,0.0,High
10,10,8.4,73,61,50,85,36.7,4,7,0,5,55,1.67,-0.2,0.9,Low
17,9,7.7,50,53,12,71,57.0,5,1,1,14,43,0.4,1.4,0.0,High
11,19,6.8,94,61,39,17,38.6,8,8,0,4,46,1.3,1.1,4.5,High
12,0,5.6,83,61,32,63,37.9,4,9,1,6,46,1.07,-2.5,1.7,Low
12,11,6.1,53,68,54,76,40.3,4,6,2,11,16,1.8,0.1,2.2,Low
14,4,7.7,82,53,27,94,33.9,6,6,0,15,29,0.9,-3.4,1.9,Low
24,0,3.7,83,28,25,96,30.3,5,5,1,9,35,0.83,-6.6,0.0,Moderate
16,6,6.0,74,26,27,82,55.6,5,8,1,0,70,0.9,9.2,3.6,Moderate
0,19,7.3,69,60,29,118,54.2,2,8,0,2,20,0.97,-2.7,1.8,Low
12,5,5.0,71,32,12,211,38.2,5,9,0,6,119,0.4,0.7,5.8,Moderate
17,13,6.9,74,64,76,69,51.8,5,7,0,11,54,2.53,6.5,4.5,High
17,15,6.9,82,76,30,95,40.3,5,3,1,16,44,1.0,-7.8,0.0,High
7,8,4.7,87,48,62,168,36.9,5,1,0,5,36,2.07,-3.3,0.0,Moderate
17,9,6.5,54,74,49,68,43.8,5,3,0,0,73,1.63,-2.8,0.0,Moderate
16,0,5.7,81,57,31,78,43.7,8,6,0,5,33,1.03,0.9,1.5,Moderate
26,4,6.9,83,52,26,16,54.9,4,11,1,7,120,0.87,10.0,0.0,High
5,14,7.2,80,53,11,61,30.0,5,9,1,2,25,0.37,-4.7,0.6,Low
6,9,6.9,74,37,23,88,43.4,2,12,1,12,27,0.77,7.0,7.2,Moderate
8,11,6.5,94,35,14,84,66.3,4,8,1,5,40,0.47,18.2,2.8,High
6,9,6.7,93,22,17,71,30.0,2,10,0,8,70,0.57,0.9,3.8,Moderate
4,21,5.0,74,39,61,55,40.9,1,1,0,7,68,2.03,-11.2,0.0,Moderate
0,6,6.4,77,91,26,86,43.2,3,2,3,11,51,0.87,-2.0,0.0,Low
7,18,5.4,86,25,20,151,47.3,6,10,0,9,83,0.67,9.2,1.3,High
12,9,7.6,92,31,27,57,52.6,8,7,2,5,57,0.9,3.4,2.1,Moderate
6,18,7.2,69,37,13,33,47.3,3,6,1,8,28,0.43,-6.4,0.0,Low
22,1,7.2,66,38,15,145,60.2,8,1,0,9,8,0.5,7.8,0.0,Moderate
10,10,8.5,81,57,66,90,42.6,5,8,0,9,80,2.2,-2.5,3.4,Low
18,6,6.0,66,41,90,30,55.5,6,5,1,10,36,3.0,11.6,1.0,High
11,9,5.7,57,48,35,109,44.7,1,1,2,6,74,1.17,-6.3,0.0,Moderate
15,16,6.0,69,37,7,119,53.0,4,8,0,1,19,0.23,4.9,1.9,High
11,11,4.5,83,43,86,27,40.2,2,6,0,5,29,2.87,-3.0,0.6,Moderate
18,16,4.6,95,51,115,102,38.0,4,5,0,9,13,3.83,-5.2,2.4,High
10,5,7.1,70,50,44,133,34.2,6,8,1,8,9,1.47,-4.3,2.5,Moderate
13,4,4.7,77,88,22,40,43.7,5,4,0,7,15,0.73,-3.2,3.2,Low
12,9,5.1,80,51,62,55,39.6,3,2,1,9,40,2.07,-7.5,0.1,Moderate
8,8,6.3,71,48,34,146,49.0,4,4,2,4,15,1.13,0.4,0.0,Low
12,7,5.9,70,15,57,128,52.1,4,9,0,4,26,1.9,5.0,5.5,Moderate
24,3,7.5,82,56,9,64,55.3,3,3,1,5,36,0.3,6.0,0.0,High
8,15,6.5,65,16,25,103,53.4,1,6,0,0,38,0.83,2.5,4.4,Low
12,6,5.4,70,62,13,56,55.8,4,9,2,4,82,0.43,4.5,1.5,Moderate
18,17,7.6,76,55,17,148,52.2,6,6,0,6,62,0.57,4.9,4.1,High
17,9,7.3,82,66,9,28,35.9,3,4,0,6,39,0.3,-10.3,0.0,Low
10,12,4.7,61,41,17,27,48.5,5,8,0,0,24,0.57,-0.1,0.3,Moderate
0,12,6.7,77,52,75,87,39.5,5,6,1,4,62,2.5,3.1,0.1,Low
13,4,5.5,64,64,19,77,44.7,4,5,0,7,31,0.63,-4.8,2.1,Low
0,11,5.5,70,35,9,322,45.6,5,4,1,5,31,0.3,-0.2,0.0,Low
19,20,8.6,87,63,19,98,30.0,7,6,1,1,7,0.63,-3.1,0.0,High
11,10,6.5,77,62,9,35,36.6,4,8,3,8,17,0.3,-4.0,2.2,Moderate
16,14,6.1,96,50,36,52,41.5,3,4,0,0,24,1.2,-4.7,1.6,High
4,13,6.5,77,80,19,44,30.0,3,5,0,6,76,0.63,-7.1,1.8,Low
0,10,7.4,89,61,29,41,57.8,9,9,0,1,21,0.97,13.3,6.2,Moderate
11,10,5.6,87,22,22,88,47.1,1,6,0,0,55,0.73,0.6,3.7,Moderate
9,12,5.8,78,70,29,64,47.0,3,6,1,5,92,0.97,-1.7,2.7,Low
6,13,7.2,64,40,8,55,55.2,2,2,2,8,38,0.27,-0.3,0.0,Moderate
10,1,4.6,77,66,18,177,52.4,1,6,0,2,18,0.6,2.9,0.0,Moderate
27,10,7.6,72,57,50,81,52.4,4,8,0,9,50,1.67,-2.1,0.0,High
15,7,4.5,72,15,53,6,55.2,3,5,2,11,165,1.77,7.6,4.0,High
16,6,6.1,80,63,31,141,48.7,5,7,1,0,81,1.03,11.0,0.0,High
15,16,4.5,62,48,32,265,48.9,5,5,0,6,24,1.07,6.8,2.4,High
19,4,5.1,68,44,6,36,50.0,6,1,0,8,40,0.2,-0.5,0.0,High
8,0,8.0,67,44,43,155,34.1,3,1,0,8,24,1.43,-9.6,0.0,Low
0,13,7.7,75,66,75,30,30.0,6,9,1,5,64,2.5,-4.1,6.2,Moderate
8,0,7.8,70,35,10,17,30.0,3,12,1,8,132,0.33,-4.6,3.0,Low
15,0,4.7,70,72,59,35,52.3,3,10,0,10,69,1.97,4.8,2.8,High
3,14,5.1,79,25,9,67,41.2,7,4,0,3,65,0.3,-1.8,0.0,Moderate
8,9,6.8,73,57,36,111,43.5,1,9,0,10,31,1.2,-5.7,3.4,Low
5,11,7.3,78,66,8,43,47.4,7,4,1,11,12,0.27,0.3,0.0,Moderate
19,6,5.4,66,65,11,46,58.8,2,4,0,7,50,0.37,5.3,0.0,Moderate
14,0,5.7,69,55,17,72,51.9,6,10,1,3,83,0.57,12.6,2.2,Moderate
14,2,5.0,100,48,15,62,47.8,5,4,1,15,10,0.5,-3.6,0.0,Low
14,7,8.4,70,42,70,190,49.7,6,5,1,4,70,2.33,3.0,2.1,Moderate
9,1,5.8,55,30,38,94,66.2,6,5,1,12,1,1.27,7.6,3.0,Moderate
11,10,6.4,82,40,15,66,37.1,6,4,0,13,12,0.5,-6.9,2.0,High
2,6,6.5,70,35,50,159,58.5,3,11,0,3,180,1.67,6.9,4.5,High
0,10,7.7,81,32,56,153,46.2,3,10,0,8,32,1.87,2.1,5.9,Moderate
10,9,5.3,77,84,45,65,45.3,2,1,1,4,34,1.5,-1.4,1.0,Low
12,11,7.8,84,21,41,157,51.6,5,7,1,11,154,1.37,-0.5,1.2,Moderate
17,11,4.9,77,72,41,130,30.0,1,6,2,6,67,1.37,-10.3,0.0,Moderate
20,7,7.8,76,30,14,119,36.4,3,4,3,3,39,0.47,-10.2,0.0,High
20,10,4.3,91,34,36,36,49.5,4,5,2,7,125,1.2,2.3,0.0,High
3,10,6.3,54,33,70,67,50.1,3,7,0,6,19,2.33,3.8,4.9,Low
7,0,8.4,63,32,99,80,51.1,2,6,1,1,80,3.3,1.3,5.2,Low
13,12,7.2,69,69,32,58,52.4,3,8,0,13,14,1.07,3.4,5.8,Moderate
26,9,6.9,59,63,21,73,64.1,1,8,0,4,59,0.7,8.6,3.0,Low
19,12,5.1,73,48,16,90,40.2,1,2,0,3,13,0.53,-6.9,0.0,Low
17,1,5.5,72,101,66,17,49.5,4,6,0,8,64,2.2,1.4,2.4,Moderate
7,7,8.0,89,52,17,73,52.7,3,5,2,12,135,0.57,-1.5,4.2,Moderate
4,2,7.0,77,53,28,152,49.4,1,9,0,4,99,0.93,-0.2,5.3,Low
15,13,7.5,76,40,28,163,45.0,2,1,0,9,26,0.93,-5.5,0.0,Moderate
2,0,6.5,74,38,55,18,39.0,2,11,2,5,31,1.83,0.6,5.6,Moderate
8,3,6.1,66,42,43,165,44.1,5,6,1,5,12,1.43,4.6,2.1,Moderate
9,12,7.3,88,67,114,33,57.7,6,7,3,6,18,3.8,8.7,4.9,High
20,5,6.7,91,62,42,114,65.7,7,1,0,4,78,1.4,14.1,0.0,High
7,3,6.2,65,75,68,88,30.3,5,5,0,2,80,2.27,-8.1,0.0,Low
0,14,4.7,96,39,23,227,46.2,2,3,1,10,22,0.77,1.7,2.3,High
13,14,7.5,71,63,42,25,30.0,7,9,0,8,27,1.4,-2.5,2.6,Moderate
5,13,6.9,70,57,71,336,39.5,4,5,3,8,23,2.37,-3.2,0.6,High
10,13,5.7,83,60,65,122,48.1,3,6,1,8,59,2.17,-0.9,1.0,Low
9,7,7.8,84,36,11,94,35.3,5,4,0,0,64,0.37,-4.1,0.6,Moderate
8,7,6.7,77,33,15,43,42.0,3,3,0,4,10,0.5,-6.2,0.0,Low
15,5,6.7,74,62,43,43,40.6,5,8,1,5,15,1.43,-4.2,0.3,Moderate
0,9,7.5,91,68,29,157,47.7,7,3,0,8,36,0.97,-1.9,0.0,Low
6,5,7.2,71,41,34,93,42.2,5,7,0,11,20,1.13,4.1,0.0,Low
14,6,6.8,77,63,28,18,56.5,6,4,1,6,83,0.93,7.0,0.0,High
6,12,6.2,97,74,61,69,45.4,8,7,1,6,39,2.03,6.6,1.3,Moderate
0,15,8.8,63,45,39,168,38.1,4,9,1,7,46,1.3,-2.0,4.8,Moderate
14,11,5.5,73,26,31,23,31.8,3,6,2,13,19,1.03,-2.6,2.4,Moderate
17,19,7.3,89,28,139,112,38.2,4,9,2,12,28,4.63,-2.4,1.2,High
9,4,6.3,84,40,70,104,44.1,7,9,0,12,46,2.33,5.2,4.6,Moderate
0,0,6.9,88,44,80,145,50.4,3,7,2,9,42,2.67,3.3,0.0,Low
14,13,7.9,63,51,14,79,52.3,7,7,0,14,49,0.47,12.9,2.8,High
0,4,6.0,82,52,146,45,54.1,1,4,2,0,57,4.87,-2.7,3.0,Low
12,7,7.1,75,47,134,140,51.0,1,4,0,2,30,4.47,1.4,5.5,Moderate
4,0,6.7,103,64,60,76,54.6,7,7,0,4,69,2.0,10.3,6.5,Moderate
2,3,5.6,87,38,38,41,42.8,2,4,0,9,33,1.27,1.1,0.0,Low
7,0,7.9,78,75,20,85,44.3,3,5,0,15,23,0.67,2.2,0.0,Low
8,6,7.3,81,69,65,174,40.5,7,8,2,11,24,2.17,-1.0,2.4,Moderate
5,6,5.9,79,68,117,12,38.7,3,9,1,4,109,3.9,2.7,9.6,Moderate
13,9,7.7,86,40,39,62,58.2,3,1,1,4,78,1.3,-1.6,0.0,Moderate
7,16,5.4,69,50,15,81,44.3,1,6,1,6,20,0.5,-7.3,1.3,Moderate
16,12,6.4,93,65,35,126,35.7,8,8,2,12,35,1.17,0.9,0.8,Moderate
11,0,5.9,63,48,24,54,38.2,3,5,1,12,49,0.8,-10.9,0.0,Low
5,12,7.3,80,39,17,144,64.8,5,8,0,10,60,0.57,11.1,2.0,High
4,9,5.8,69,39,9,50,48.2,6,8,1,7,34,0.3,1.1,4.0,Low
0,8,7.3,78,40,108,49,50.1,5,6,1,8,87,3.6,4.2,2.6,Low
11,8,7.1,89,31,85,58,41.1,3,4,1,10,117,2.83,-5.7,0.0,Low
7,10,5.9,59,104,27,116,30.0,6,3,1,8,44,0.9,-12.3,1.4,Low
0,4,8.6,76,17,4,54,34.5,4,1,1,1,27,0.13,-7.5,0.0,Low
6,7,5.5,62,34,49,55,40.0,1,6,1,11,84,1.63,-4.3,2.6,Moderate
4,15,4.7,75,63,90,30,40.3,5,1,0,10,56,3.0,-7.4,0.9,Moderate
20,4,7.4,62,40,115,41,45.8,2,8,1,7,68,3.83,-1.2,5.7,High
0,3,3.8,80,46,48,94,53.4,3,9,1,11,94,1.6,2.4,1.2,Low
0,8,8.2,73,59,20,96,46.1,4,9,0,7,26,0.67,-0.1,3.9,Low
17,2,6.5,86,71,43,71,49.7,4,4,0,8,51,1.43,5.6,0.0,Moderate
18,0,4.7,92,47,32,72,54.1,7,9,0,15,33,1.07,9.7,2.9,Moderate
5,7,5.3,78,69,28,37,58.9,6,1,1,8,61,0.93,11.3,0.0,Moderate
5,17,4.4,88,21,77,113,37.5,3,4,3,9,138,2.57,-6.5,0.0,Moderate
14,8,6.9,93,41,50,62,49.5,3,1,0,7,13,1.67,-1.3,0.0,Moderate
0,10,4.8,68,61,12,92,50.0,2,7,0,1,70,0.4,0.1,1.7,Low
0,0,7.0,94,88,78,157,48.2,3,4,1,8,35,2.6,-2.5,0.0,Low
8,11,6.0,78,35,108,110,42.2,2,3,1,6,16,3.6,-1.5,0.0,Moderate
20,9,5.8,67,31,19,87,37.0,3,1,0,3,150,0.63,-5.3,0.0,Low
7,5,7.0,81,58,49,75,44.3,0,7,0,2,1,1.63,-4.6,6.5,Low
10,10,7.1,77,53,31,53,47.9,4,5,1,8,99,1.03,2.1,0.1,Moderate
17,9,7.8,63,39,8,53,55.4,5,4,0,6,6,0.27,-0.5,0.0,Moderate
23,2,5.6,66,30,43,45,44.4,1,7,0,4,10,1.43,-3.7,1.9,Low
6,10,6.4,96,43,63,144,35.2,3,4,2,12,68,2.1,-5.0,0.0,Moderate
9,15,5.6,81,61,44,38,36.7,6,8,0,7,33,1.47,3.0,1.5,Moderate
21,7,6.6,94,46,87,57,35.0,5,2,0,9,33,2.9,-1.8,0.0,Moderate
0,3,5.5,73,73,41,77,44.9,4,11,0,13,16,1.37,0.2,7.5,Low
16,7,5.9,69,50,8,213,33.3,4,11,1,12,24,0.27,-1.3,4.9,Moderate
3,13,5.9,59,63,21,29,38.6,3,4,1,10,35,0.7,-3.4,0.0,Low
10,1,6.8,89,57,72,31,60.2,2,10,0,14,67,2.4,6.6,3.4,High
8,12,6.4,83,45,2,140,44.1,5,4,1,14,66,0.07,-1.6,0.8,Low
3,5,7.0,74,67,23,102,46.4,6,7,1,7,54,0.77,-0.8,0.0,Low
3,10,6.3,69,30,42,86,34.0,3,1,0,0,43,1.4,-11.5,0.0,Low
11,5,5.7,90,42,73,121,45.3,0,4,2,7,169,2.43,-7.0,0.4,Moderate
16,5,6.6,76,45,93,39,30.8,5,8,1,8,35,3.1,-4.6,3.6,High
9,17,5.3,76,59,30,122,46.9,2,11,0,13,31,1.0,0.2,1.7,Low
10,0,7.1,71,63,36,101,34.5,4,6,1,10,67,1.2,-4.0,2.4,Moderate
13,11,6.1,74,37,24,58,57.6,6,2,0,7,51,0.8,0.5,0.0,Moderate
3,19,6.6,84,35,39,75,63.1,4,7,1,6,77,1.3,7.6,0.0,High
14,12,6.7,62,53,13,38,39.9,1,2,2,10,64,0.43,-10.7,1.1,Moderate
15,1,8.3,79,24,51,117,31.6,5,3,0,6,25,1.7,-2.9,0.0,Low
26,1,6.9,89,70,3,30,41.6,3,5,0,15,30,0.1,-6.0,1.8,Low
7,4,6.5,77,48,47,32,30.8,3,7,0,11,54,1.57,-10.3,2.6,Low
7,9,5.6,90,31,31,55,42.6,4,3,2,0,77,1.03,-6.0,1.8,Moderate
14,10,7.4,93,31,74,11,37.7,4,5,1,0,7,2.47,-5.6,6.8,Moderate
15,1,6.1,88,58,62,78,56.0,4,6,0,7,73,2.07,5.5,2.0,Low
6,3,4.6,72,57,27,90,30.0,5,8,0,4,54,0.9,-6.1,5.2,Low
7,4,6.2,78,38,59,156,33.9,3,2,1,1,9,1.97,-3.4,0.0,Low
13,7,6.6,82,50,14,62,53.6,3,4,0,15,40,0.47,3.2,0.6,Moderate
4,20,5.4,73,32,9,83,40.3,1,6,1,6,16,0.3,-1.4,0.0,Moderate
7,3,6.3,72,47,47,74,59.5,6,7,2,8,16,1.57,12.5,2.3,Low
10,3,6.3,72,79,8,132,46.1,2,7,0,8,95,0.27,-4.4,0.8,Low
16,2,6.3,106,90,99,202,47.8,3,7,3,13,71,3.3,0.4,2.4,High
6,12,7.9,75,48,6,85,48.7,6,5,0,4,28,0.2,0.5,0.0,Moderate
0,8,4.8,90,60,70,62,49.4,3,9,0,10,35,2.33,2.6,4.3,Low
0,3,8.8,68,59,31,87,44.0,2,8,4,1,125,1.03,-2.7,1.5,Low
1,6,6.4,97,21,52,74,44.4,6,10,0,3,23,1.73,8.5,5.0,Low
1,4,7.1,74,31,39,31,56.9,5,4,1,6,98,1.3,9.9,0.0,Moderate
8,10,6.6,79,15,23,54,39.2,5,2,0,5,52,0.77,-7.0,0.0,Low
2,21,4.3,58,60,20,99,47.4,2,5,1,7,28,0.67,0.8,0.0,Moderate
5,12,5.1,90,87,55,126,42.3,1,6,0,13,51,1.83,-4.9,0.0,Low
4,8,5.8,93,71,75,227,51.7,7,7,4,4,48,2.5,6.9,0.9,Moderate
7,5,7.6,65,53,43,24,57.5,3,1,1,5,62,1.43,1.5,0.0,Low
18,1,4.7,91,50,51,99,41.2,5,3,0,3,99,1.7,-1.8,0.1,Low
14,13,5.4,63,46,41,27,37.1,2,4,1,2,51,1.37,-7.5,0.3,High
10,12,6.6,85,71,12,185,39.2,4,7,3,5,24,0.4,-1.2,3.4,Moderate
7,6,7.0,75,56,13,69,54.2,0,2,1,6,49,0.43,-3.3,0.0,Low
7,16,6.9,93,53,93,113,48.2,4,7,0,6,54,3.1,4.7,2.2,High
12,9,5.2,81,32,31,19,45.3,7,2,1,7,51,1.03,-2.6,0.3,High
13,13,4.5,88,63,68,93,44.2,8,4,0,10,27,2.27,2.0,0.0,Moderate
4,10,7.0,92,49,26,159,39.6,3,3,2,4,21,0.87,0.2,0.9,Low
10,7,8.1,75,59,18,138,53.7,6,6,1,15,29,0.6,13.3,1.2,High
0,3,6.0,78,70,26,83,47.5,5,8,2,8,35,0.87,2.3,1.6,Low
11,8,5.0,66,23,58,41,62.0,2,12,0,11,16,1.93,6.5,5.7,High
14,13,5.9,75,47,20,106,45.7,5,7,1,16,30,0.67,-1.3,0.8,Moderate
8,6,6.9,99,44,41,91,48.3,5,5,0,7,123,1.37,4.2,0.0,Moderate
21,11,6.1,86,42,51,153,41.8,5,4,0,7,125,1.7,-2.2,0.0,High
4,2,8.1,67,32,36,41,40.2,2,6,0,5,74,1.2,-1.8,1.8,Moderate
11,13,7.5,96,39,41,97,45.4,3,13,1,10,51,1.37,4.1,7.7,Moderate
9,10,6.6,82,32,41,114,56.7,4,3,0,8,14,1.37,3.9,0.0,Moderate
9,2,4.1,87,67,19,19,41.8,1,11,1,10,79,0.63,2.8,4.7,Low
9,7,5.6,83,59,29,54,41.6,5,8,2,4,9,0.97,0.9,1.9,Low
10,14,5.7,83,58,18,110,33.1,5,4,0,6,40,0.6,-8.4,0.6,Moderate
15,1,5.5,56,17,28,47,68.3,5,6,1,3,68,0.93,14.3,0.0,High
18,2,6.6,90,87,61,157,40.6,7,1,1,2,73,2.03,0.2,0.0,Moderate
9,8,6.7,53,45,60,165,33.1,1,7,0,8,25,2.0,-12.2,4.3,Low
15,21,4.4,89,83,42,66,47.6,2,2,1,10,10,1.4,-4.1,0.0,Moderate
5,5,7.4,79,65,35,13,48.2,2,6,2,6,32,1.17,-0.4,2.2,Low
14,11,6.4,87,48,49,68,53.1,5,6,0,8,19,1.63,7.7,3.0,High
5,10,6.8,80,89,40,57,47.7,5,7,0,10,51,1.33,5.0,0.8,High
17,5,7.3,89,62,28,206,30.2,3,5,1,1,63,0.93,-11.3,1.2,Moderate
24,9,5.5,78,48,34,47,39.1,7,7,0,9,23,1.13,-2.4,4.2,Moderate
9,6,7.9,81,45,15,61,55.6,4,5,0,8,51,0.5,4.7,4.1,Moderate
0,6,6.2,82,71,13,64,54.3,5,5,5,4,21,0.43,6.1,0.7,Low
6,0,8.2,99,42,85,65,49.8,4,7,0,9,36,2.83,0.3,3.0,Low
18,8,5.3,85,45,57,35,59.2,1,2,0,4,14,1.9,-0.8,0.0,Low
13,14,8.1,64,41,23,19,43.9,7,6,0,6,13,0.77,7.9,0.0,Moderate
11,9,5.3,72,38,34,49,56.4,1,4,0,9,44,1.13,1.0,0.0,Low
16,15,9.5,85,39,26,88,42.1,2,4,2,8,40,0.87,-7.0,0.0,Moderate
13,12,5.3,92,84,34,137,61.6,7,2,1,6,48,1.13,12.1,0.0,High
17,8,7.7,70,70,58,60,41.4,5,1,1,7,33,1.93,-8.0,0.4,Moderate
15,5,6.0,103,56,3,69,35.5,3,4,3,8,33,0.1,-9.0,0.0,Moderate
19,6,7.3,80,42,47,45,35.1,3,6,0,5,56,1.57,-6.1,0.0,High
12,0,6.4,83,42,12,97,58.5,3,7,0,6,23,0.4,7.2,1.2,Low
15,7,5.1,64,45,180,89,59.5,4,6,0,0,49,6.0,5.2,6.8,High
8,9,3.0,90,84,67,157,37.5,5,7,1,10,9,2.23,-0.6,1.1,Moderate
6,18,9.4,73,57,10,16,39.9,4,4,0,14,41,0.33,-9.4,0.0,Low
21,12,6.5,70,65,10,86,30.0,1,5,3,9,167,0.33,-7.0,0.1,Moderate
11,3,3.0,75,56,21,124,34.8,7,10,2,5,45,0.7,3.8,7.5,Moderate
15,0,6.8,93,36,33,64,43.5,8,8,1,10,126,1.1,-6.2,0.0,Moderate
10,7,7.2,83,54,20,26,43.4,4,4,0,12,11,0.67,-6.6,0.0,Low
6,13,5.5,68,33,22,55,30.0,3,5,1,0,62,0.73,-10.2,0.0,Moderate
10,7,5.5,72,74,4,231,32.7,5,3,1,7,21,0.13,-9.9,2.5,Moderate
19,12,6.4,94,39,139,134,62.7,3,10,0,12,33,4.63,7.6,3.8,High
13,7,7.8,75,42,33,83,56.3,9,6,1,4,21,1.1,11.7,0.0,Moderate
0,13,6.5,84,67,102,71,47.2,6,2,0,2,41,3.4,-0.7,1.0,Moderate
8,0,8.2,87,39,22,42,47.5,7,5,0,4,54,0.73,0.1,2.1,Low
21,18,7.8,50,48,127,84,46.0,4,2,1,6,10,4.23,-2.1,0.1,High
8,2,6.1,92,15,51,161,44.9,3,5,1,9,8,1.7,-3.0,5.6,Low
0,13,4.5,69,46,36,75,46.1,4,6,1,8,45,1.2,0.6,2.1,Moderate
22,7,6.1,74,63,91,161,31.9,7,4,1,4,13,3.03,-1.1,0.0,Moderate
14,8,7.0,95,41,11,268,43.7,4,6,4,9,59,0.37,-5.8,0.8,Moderate
9,7,6.5,94,62,34,50,30.0,1,7,0,9,70,1.13,-8.1,0.4,Moderate
7,10,7.2,83,52,29,51,44.1,4,7,2,9,26,0.97,-8.1,2.5,High
17,11,7.4,86,72,67,37,49.8,5,8,1,7,50,2.23,2.3,3.6,High
6,15,7.0,89,39,6,53,40.9,5,9,1,9,4,0.2,2.7,2.6,Low
17,17,6.1,94,48,24,50,48.3,3,7,0,11,39,0.8,3.3,0.0,High
13,10,7.0,95,26,4,54,45.0,4,3,1,10,51,0.13,-3.9,0.9,Moderate
11,18,9.1,79,50,26,20,50.0,5,10,1,8,101,0.87,6.0,4.8,High
10,9,4.6,70,44,81,60,49.2,1,12,0,8,30,2.7,2.2,3.0,Low
8,15,7.0,75,69,26,161,38.3,4,3,0,8,74,0.87,-6.4,1.8,Low
16,11,8.6,79,41,18,98,33.2,3,3,0,13,44,0.6,-10.1,0.0,Moderate
4,5,5.0,77,44,57,58,33.8,5,9,1,9,11,1.9,0.5,0.0,Low
0,10,7.6,67,40,19,102,37.7,1,9,2,9,13,0.63,-8.8,4.3,Low
13,11,7.8,83,52,74,114,53.2,5,4,0,13,7,2.47,4.2,4.9,High
14,8,4.6,61,88,99,58,52.5,4,1,0,9,30,3.3,-5.7,0.0,High
13,11,7.3,79,15,37,109,41.7,4,1,0,4,101,1.23,-4.1,0.5,High
12,14,6.1,80,51,50,6,43.3,2,4,1,7,25,1.67,-3.8,0.0,Moderate
7,8,6.3,79,73,78,188,34.0,3,10,2,0,73,2.6,-3.5,2.8,Moderate
15,0,6.0,87,43,36,87,34.5,6,6,1,2,9,1.2,5.4,4.3,Low
9,18,8.0,86,61,8,122,49.7,4,5,3,0,55,0.27,4.4,0.0,Moderate
6,7,6.3,102,73,84,128,42.1,0,10,0,14,23,2.8,3.9,4.3,Moderate
7,4,5.8,72,47,51,328,43.0,7,7,2,16,45,1.7,0.9,0.9,Moderate
23,2,5.9,81,40,28,273,52.0,5,5,0,12,16,0.93,-4.3,1.4,Moderate
0,7,6.0,80,69,12,60,50.0,7,2,0,10,118,0.4,0.4,0.0,Low
13,5,5.1,80,61,26,101,43.9,4,3,0,5,68,0.87,-1.7,0.0,Low
0,4,5.8,64,51,44,141,56.7,2,10,0,0,31,1.47,5.2,5.8,Low
9,5,6.5,65,63,48,111,41.2,5,5,0,5,27,1.6,1.9,0.7,Low
7,12,6.9,78,69,61,28,37.3,2,1,0,6,32,2.03,-6.9,0.0,Low
0,20,7.8,61,51,87,79,34.6,2,5,1,3,50,2.9,-6.2,0.1,Low
12,13,6.7,74,57,59,183,56.8,6,7,2,8,30,1.97,8.7,3.3,High
7,15,5.8,71,61,36,59,40.3,3,6,1,5,137,1.2,-4.3,0.3,Low
0,6,5.2,75,44,22,75,46.1,7,10,0,1,88,0.73,4.1,1.9,Moderate
15,9,6.8,90,73,17,56,62.9,5,9,1,13,102,0.57,6.2,2.7,Moderate
19,11,6.3,66,33,65,98,38.9,5,3,2,1,58,2.17,-2.4,2.2,High
19,5,6.3,88,50,34,113,47.0,5,4,2,0,75,1.13,-1.7,0.0,Moderate
12,6,6.7,72,66,14,30,47.0,8,6,0,6,80,0.47,10.6,3.4,Moderate
10,13,7.0,73,33,48,97,46.4,5,7,0,10,43,1.6,-2.5,0.0,Low
18,15,6.7,83,68,47,38,54.3,3,3,0,10,17,1.57,-5.0,0.0,Moderate
20,9,6.2,75,55,136,25,49.4,5,8,0,11,15,4.53,8.4,6.9,High
17,2,5.4,68,76,4,151,47.7,0,4,2,2,15,0.13,-1.8,0.0,High
3,7,5.7,74,63,9,123,61.1,3,8,0,9,15,0.3,5.7,0.2,Low
11,0,7.4,58,49,5,51,32.7,2,6,0,3,20,0.17,-9.9,0.7,Moderate
12,9,5.9,82,56,18,145,35.3,4,6,0,12,63,0.6,-8.2,0.0,Moderate
0,10,4.8,50,57,34,18,45.4,4,7,0,3,50,1.13,2.7,2.1,Moderate
13,7,7.8,88,88,27,39,50.7,2,7,1,9,24,0.9,1.2,3.0,Low
24,10,5.3,85,54,93,46,45.6,5,6,0,5,31,3.1,2.9,2.7,High
14,11,6.4,96,50,28,86,40.1,4,6,1,11,14,0.93,-2.0,0.0,Low
19,10,7.0,102,48,6,252,57.4,6,8,1,4,62,0.2,6.5,0.0,High
11,2,6.4,88,55,122,28,53.3,3,12,1,5,16,4.07,4.4,6.9,Moderate
9,7,3.4,71,32,65,37,40.6,4,9,1,10,18,2.17,0.3,6.1,High
12,11,6.9,102,45,63,127,60.8,6,4,1,2,69,2.1,3.9,1.6,Moderate
4,18,8.0,65,34,12,72,42.3,5,9,1,6,70,0.4,4.7,2.7,Moderate
3,7,7.3,57,36,39,112,43.6,8,8,0,9,57,1.3,1.5,5.0,Low
18,12,3.9,98,66,82,90,32.2,4,9,1,7,143,2.73,-1.5,4.7,High
18,14,9.0,85,52,72,103,48.4,3,7,2,9,82,2.4,1.1,0.0,High
3,7,4.8,57,39,19,14,63.3,4,7,2,12,98,0.63,9.9,0.0,Moderate
16,15,5.1,63,49,34,69,63.0,2,1,1,7,103,1.13,3.0,0.0,High
9,15,7.3,84,48,72,169,42.8,3,4,2,5,6,2.4,-6.1,2.5,Moderate
12,17,6.9,68,53,39,250,41.1,0,8,0,9,75,1.3,-4.1,0.8,Moderate
12,11,6.5,70,25,27,103,46.2,2,10,0,8,94,0.9,-1.2,2.8,Low
16,21,5.7,100,32,13,243,58.8,4,2,0,11,28,0.43,5.9,0.0,High
10,5,8.0,102,26,34,98,47.8,3,3,1,11,48,1.13,-2.5,0.0,Low
19,21,6.4,80,36,89,97,53.2,6,8,0,10,88,2.97,7.3,3.1,High
12,13,4.5,76,39,81,103,52.3,1,5,0,7,14,2.7,2.9,0.0,Moderate
14,16,7.9,88,33,46,45,56.2,2,7,0,1,49,1.53,5.3,3.2,High
4,7,6.7,72,66,42,48,53.8,3,7,0,3,2,1.4,2.3,4.2,Low
24,13,7.7,53,85,60,39,40.3,5,9,1,9,124,2.0,-0.6,4.8,High
13,17,7.1,50,67,43,42,47.4,0,10,1,12,36,1.43,4.7,5.0,High
14,2,9.3,77,42,43,28,42.0,2,3,0,8,15,1.43,-2.7,0.5,Low
0,8,6.0,88,56,9,92,54.4,4,4,0,7,31,0.3,10.3,1.6,Moderate
4,0,6.4,78,51,15,44,50.7,4,9,2,6,51,0.5,6.5,1.7,Moderate
18,7,7.3,87,41,55,65,51.0,3,6,1,2,34,1.83,5.2,6.5,High
11,4,6.0,88,76,40,87,49.3,2,7,0,3,82,1.33,-1.4,2.6,Moderate
0,7,7.4,93,88,36,168,32.3,5,2,0,7,10,1.2,-6.1,0.0,Low
16,21,3.0,80,26,27,29,51.0,3,5,0,9,95,0.9,0.2,1.8,High
6,18,6.3,81,78,88,112,34.6,4,9,0,6,16,2.93,-8.4,5.6,High
19,0,6.3,78,41,56,69,36.9,10,7,0,5,25,1.87,-1.3,2.0,Moderate
9,12,6.2,75,47,49,37,56.1,2,6,0,6,48,1.63,4.8,3.2,Moderate
11,13,5.3,61,57,14,69,42.5,3,1,0,7,73,0.47,-1.5,0.0,Low
17,7,7.5,91,80,49,125,33.7,3,2,0,5,62,1.63,-8.8,0.0,Low
4,10,5.8,74,57,156,125,40.4,4,9,2,7,38,5.2,5.6,6.6,High
3,10,6.6,73,59,7,38,52.7,7,7,0,0,55,0.23,7.3,0.0,Low
8,1,6.4,72,67,65,75,41.8,8,7,1,6,15,2.17,0.4,0.8,Low
15,3,7.0,63,70,36,75,56.0,11,9,0,5,34,1.2,11.4,0.0,Moderate
1,9,8.1,77,61,36,26,54.2,3,7,1,3,66,1.2,8.7,0.5,Low
0,9,6.6,84,70,76,57,55.0,5,3,1,10,58,2.53,4.3,0.0,Moderate
15,4,7.4,70,41,19,65,51.9,9,7,1,10,43,0.63,8.3,1.8,Moderate
6,4,6.6,89,21,27,218,34.6,3,7,1,2,43,0.9,-5.2,1.8,Low
7,8,5.8,74,85,31,107,43.7,3,6,0,3,47,1.03,3.6,0.0,Moderate
0,14,6.2,61,33,18,78,49.9,4,7,0,13,54,0.6,3.8,3.7,High
5,8,6.1,93,42,30,111,38.8,3,6,1,5,40,1.0,-5.1,0.0,Moderate
9,18,7.1,80,46,20,57,50.6,2,5,1,6,8,0.67,-2.4,0.0,Moderate
16,4,6.5,87,43,37,101,55.6,1,6,1,14,26,1.23,1.7,0.0,Moderate
4,10,5.4,88,39,66,32,35.9,3,9,0,7,180,2.2,-4.3,3.5,High
20,6,6.1,68,60,17,47,30.0,3,11,2,9,68,0.57,-2.2,3.3,High
5,12,4.6,72,61,41,53,46.9,2,6,2,8,29,1.37,-5.5,0.0,Low
5,4,6.2,89,63,35,15,68.0,2,8,0,10,35,1.17,8.6,1.1,Moderate
19,20,6.4,98,62,34,134,45.5,4,8,2,10,15,1.13,-2.0,0.0,High
11,0,8.6,79,44,16,133,34.6,0,12,0,7,69,0.53,-7.0,7.9,Low
6,18,8.0,71,44,77,38,51.0,3,11,3,5,29,2.57,9.6,4.6,High
8,9,5.2,97,72,77,22,49.0,3,6,1,13,42,2.57,-0.1,0.1,Moderate
18,12,6.6,71,43,33,104,51.2,4,5,0,7,64,1.1,-0.8,3.9,Moderate
19,16,6.7,82,42,62,41,65.7,4,1,0,9,93,2.07,1.0,0.6,High
4,13,6.1,73,69,22,115,35.1,2,7,2,14,22,0.73,-4.8,0.3,Low
9,4,6.2,81,52,67,103,52.8,3,7,0,10,58,2.23,1.9,0.8,Moderate
10,12,6.0,68,43,17,149,45.8,2,6,0,14,10,0.57,2.0,2.9,Low
3,19,8.6,74,43,14,47,49.8,3,7,1,0,59,0.47,5.2,0.9,High
9,3,5.9,71,72,39,55,39.9,5,8,1,6,68,1.3,0.7,0.0,Low
10,21,6.8,85,63,110,41,33.4,4,6,0,1,44,3.67,-7.2,4.9,High
17,11,3.4,80,56,13,16,60.9,5,3,0,5,35,0.43,8.4,0.0,High
17,6,7.4,88,31,7,72,62.2,1,8,1,11,30,0.23,6.6,1.4,High
7,3,7.8,69,56,66,169,63.6,4,6,3,9,21,2.2,8.7,3.3,Moderate
8,7,5.1,76,48,40,69,39.4,4,5,0,6,32,1.33,-3.1,0.7,Low
14,0,5.8,85,36,43,42,44.7,3,12,1,7,34,1.43,2.4,4.9,Moderate
6,6,6.9,87,41,27,6,57.0,1,7,2,10,76,0.9,-0.1,2.3,Low
13,7,6.4,62,65,53,45,44.6,5,4,2,8,71,1.77,1.8,0.0,Moderate
9,2,7.0,81,74,62,55,39.9,1,7,2,7,38,2.07,-1.8,2.6,Low
3,13,6.1,69,33,11,102,49.8,2,13,0,13,10,0.37,8.3,3.1,Moderate
3,7,8.6,88,35,9,127,34.9,4,8,1,15,34,0.3,-7.7,0.0,Low
19,5,5.6,98,64,15,20,30.0,2,5,1,0,54,0.5,-6.4,0.0,Moderate
8,7,9.5,50,45,21,51,67.2,3,14,1,9,25,0.7,14.3,5.6,High
20,11,7.9,71,62,31,86,43.3,4,8,2,13,6,1.03,1.0,1.8,High
6,9,7.4,81,44,39,132,53.4,3,7,0,8,33,1.3,4.0,0.9,Moderate
11,4,5.2,78,62,56,50,43.5,1,4,0,2,68,1.87,-5.9,0.0,Low
25,9,7.5,88,27,21,141,48.2,2,6,1,7,21,0.7,4.9,3.0,High
3,8,7.1,79,62,64,90,46.5,3,9,0,8,27,2.13,-0.3,5.1,Moderate
0,2,3.9,72,15,40,75,32.5,2,8,0,0,52,1.33,-10.4,5.2,Low
18,7,4.7,67,69,45,49,40.6,5,1,0,7,16,1.5,-8.3,0.0,Low
4,12,6.8,65,51,11,94,52.5,4,5,2,11,7,0.37,0.9,0.0,Low
9,12,6.2,70,60,18,15,49.0,7,7,1,16,31,0.6,2.0,0.2,Moderate
6,7,5.8,72,56,26,69,45.9,2,2,2,4,3,0.87,-1.7,0.0,Low
11,12,7.7,82,21,180,117,30.0,5,1,1,4,13,6.0,-13.9,3.4,High
3,3,5.3,76,77,63,83,50.6,7,9,3,3,31,2.1,0.7,2.7,Low
8,3,5.9,71,58,32,78,41.9,3,6,1,6,18,1.07,-1.2,2.3,Low
12,7,5.6,67,66,23,48,40.5,4,5,3,10,39,0.77,-1.8,0.0,Low
3,17,7.0,70,38,114,86,38.5,7,5,0,13,8,3.8,-2.5,1.6,Moderate
5,9,4.3,72,56,42,123,46.7,4,8,2,7,95,1.4,1.7,1.6,Moderate
7,7,5.8,70,28,18,78,45.0,6,8,0,14,70,0.6,-0.6,3.1,Low
0,17,4.3,85,55,14,116,42.4,3,9,1,17,72,0.47,-1.3,3.8,Moderate
7,7,6.0,93,35,50,6,58.2,6,7,0,7,60,1.67,7.2,1.8,Moderate
10,21,7.3,65,110,32,13,46.3,5,8,0,10,37,1.07,0.3,2.7,Moderate
7,6,7.3,90,63,73,79,32.9,3,9,3,4,103,2.43,1.4,5.7,Moderate
8,3,5.5,86,76,13,102,40.3,3,10,1,14,65,0.43,2.0,0.0,Low
9,8,7.0,80,48,65,145,47.9,3,7,0,8,23,2.17,2.7,0.7,High
5,7,6.2,95,59,69,133,52.0,4,6,1,8,90,2.3,2.4,2.4,High
14,4,8.0,76,68,84,236,37.1,2,10,0,9,37,2.8,-2.9,3.3,High
19,21,6.2,82,33,20,180,37.1,5,3,2,12,40,0.67,-2.7,0.0,High
6,10,3.0,79,40,65,49,50.4,2,4,0,10,99,2.17,-1.3,0.0,Moderate
13,11,7.5,79,70,27,78,46.7,3,8,1,4,18,0.9,5.4,0.5,Low
8,6,5.8,83,48,16,27,49.3,4,9,0,5,78,0.53,0.9,2.6,Low
12,5,6.1,79,39,33,28,39.9,4,4,0,2,83,1.1,-2.6,0.0,Moderate
20,14,6.8,83,41,5,37,53.5,4,7,0,4,31,0.17,4.3,2.1,Moderate
13,0,4.7,71,30,45,46,53.0,2,6,0,13,47,1.5,-3.5,2.5,Moderate
0,2,6.5,71,17,34,24,51.7,5,5,1,10,12,1.13,2.8,0.0,Low
12,7,7.0,71,21,10,90,41.8,9,6,0,6,45,0.33,1.8,1.0,Moderate
18,16,6.8,74,53,46,45,41.7,7,9,1,9,19,1.53,1.9,1.2,High
8,6,5.7,89,64,62,105,44.3,6,9,2,17,5,2.07,-3.5,2.5,Low
16,11,7.6,73,97,31,60,30.1,5,10,0,4,13,1.03,-0.6,7.1,Moderate
5,9,5.2,85,51,24,36,42.3,5,7,0,9,12,0.8,0.9,6.7,Moderate
0,16,5.6,81,29,52,92,53.8,2,5,1,6,26,1.73,2.9,0.0,High
10,0,6.2,73,51,91,306,38.4,0,6,1,13,77,3.03,-8.5,6.6,High
0,13,6.8,92,65,30,53,62.2,2,6,0,0,44,1.0,6.6,0.0,Moderate
8,7,6.0,86,71,122,131,34.5,1,2,0,0,56,4.07,-12.7,0.0,Moderate
18,14,7.9,78,69,76,17,37.2,4,3,0,7,35,2.53,-8.6,2.2,High
0,4,6.8,77,62,25,64,39.6,3,1,1,9,17,0.83,-12.4,0.0,Low
1,9,6.5,79,54,18,72,50.9,3,5,0,9,21,0.6,-0.2,1.6,Low
3,8,6.7,61,65,53,150,42.6,2,3,1,13,66,1.77,-9.1,0.3,Low
9,3,7.3,69,31,13,141,34.7,9,7,0,9,37,0.43,-0.9,0.3,Low
7,1,6.7,83,16,13,52,50.5,4,5,0,0,62,0.43,-3.4,0.0,Low
19,5,4.2,61,90,27,146,48.1,3,10,0,5,37,0.9,-3.5,4.8,Moderate
16,9,7.7,70,51,25,38,38.8,3,8,0,3,33,0.83,-7.0,1.0,Moderate
13,4,6.5,74,62,107,74,61.3,6,1,0,0,73,3.57,6.7,0.0,High
10,7,7.2,110,15,68,218,52.3,4,3,0,5,27,2.27,-0.3,0.0,High
12,0,5.9,85,80,69,44,50.9,7,5,1,3,40,2.3,6.1,0.0,Moderate
4,6,4.2,90,73,52,126,40.4,4,5,0,5,41,1.73,-5.1,0.0,Low
15,14,3.7,69,24,27,43,36.5,9,5,1,7,50,0.9,-2.4,0.0,Moderate
2,13,5.3,82,46,31,119,58.8,3,1,1,13,59,1.03,3.1,0.0,Moderate
15,8,7.0,59,57,48,85,37.8,5,7,0,11,55,1.6,0.8,0.7,Moderate
17,10,8.0,74,29,16,61,50.5,3,5,0,7,36,0.53,2.7,0.3,Moderate
11,4,6.8,84,61,16,25,54.2,6,3,0,5,1,0.53,5.4,1.1,Moderate
8,18,5.1,62,71,63,54,33.2,3,3,1,6,46,2.1,-9.3,0.0,Moderate
12,20,5.5,82,58,55,106,43.9,5,5,0,6,35,1.83,2.6,0.8,Moderate
0,9,8.0,83,24,15,297,37.0,2,13,1,6,49,0.5,-1.2,2.7,Moderate
11,21,4.8,71,33,14,104,49.1,3,5,0,13,34,0.47,-2.1,1.0,Moderate
9,5,8.9,69,50,15,152,38.4,2,8,0,10,115,0.5,-4.2,0.7,Moderate
9,1,8.7,70,48,62,61,37.8,4,9,0,8,87,2.07,-4.0,3.3,Moderate
14,4,9.0,74,48,74,64,33.9,3,4,1,6,73,2.47,-6.7,0.0,Low
9,7,6.9,75,47,16,67,45.1,5,6,0,3,23,0.53,7.3,0.5,Moderate
2,21,6.0,84,20,41,244,30.6,7,3,0,7,59,1.37,-6.3,0.0,Moderate
9,7,6.8,72,67,16,58,59.2,4,1,1,7,95,0.53,1.1,0.0,Moderate
10,4,7.5,96,63,86,34,43.9,4,6,1,11,40,2.87,2.6,4.2,High
10,3,5.6,96,61,8,22,53.1,6,6,0,9,52,0.27,4.1,0.0,Low
11,15,5.1,81,60,45,44,45.0,2,4,3,6,134,1.5,-6.1,0.0,High
16,14,6.1,74,47,26,21,48.5,6,10,0,2,29,0.87,8.4,3.9,High
2,6,5.5,72,41,16,98,34.0,3,7,1,2,13,0.53,-3.5,0.2,Low
11,0,7.9,81,34,10,75,50.6,6,1,1,4,50,0.33,0.4,0.0,Moderate
18,2,5.7,83,80,13,109,35.0,6,4,1,12,32,0.43,-4.8,0.0,Moderate
0,18,6.5,76,52,30,145,57.9,4,6,2,11,20,1.0,2.7,0.0,Moderate
11,12,7.6,74,22,21,41,41.0,5,8,0,4,98,0.7,0.9,1.0,Low
6,9,7.9,82,51,40,85,51.9,4,7,2,9,26,1.33,1.8,1.1,Moderate
7,19,6.7,79,15,110,74,34.6,1,7,1,10,41,3.67,-4.4,3.6,High
4,20,6.9,72,56,66,45,52.4,5,8,0,0,40,2.2,7.6,3.6,Moderate
8,8,5.2,79,55,63,44,30.5,7,1,2,6,7,2.1,-9.1,0.0,Moderate
21,8,7.6,71,42,61,143,31.2,3,5,0,12,82,2.03,-6.7,3.1,Moderate
1,5,7.9,70,35,50,80,55.0,6,3,0,12,14,1.67,3.2,0.0,Low
2,7,4.2,78,62,74,27,54.1,6,11,2,16,16,2.47,4.5,7.3,Moderate
1,0,8.5,72,51,24,115,41.6,5,7,0,8,10,0.8,3.2,1.8,Low
21,0,5.6,70,17,50,49,42.3,3,7,3,13,63,1.67,-2.8,1.4,Moderate
6,0,7.1,90,74,7,81,44.4,6,8,2,13,45,0.23,-1.6,0.2,Low
9,15,6.5,74,35,62,10,48.2,5,5,2,6,74,2.07,-3.4,1.6,Low
7,0,6.3,98,28,39,49,54.6,3,3,1,15,26,1.3,3.9,0.0,Low
3,20,6.2,85,76,34,97,42.6,3,6,1,9,37,1.13,-1.3,0.0,Moderate
8,4,5.2,69,71,15,34,31.6,4,7,2,1,25,0.5,-9.7,0.0,Low
25,19,7.0,91,44,11,22,44.9,6,12,0,7,30,0.37,3.2,7.6,High
19,6,6.1,70,29,25,48,39.0,3,10,2,8,23,0.83,-3.2,0.0,Moderate
4,0,4.8,100,36,39,93,57.4,4,3,1,5,89,1.3,-3.1,2.4,Moderate
14,16,5.2,80,44,67,136,42.3,8,8,0,5,180,2.23,6.2,4.2,High
4,17,4.8,84,74,74,127,56.4,4,9,1,8,61,2.47,7.5,3.0,High
0,3,5.8,78,75,68,118,45.3,4,2,2,11,45,2.27,-3.3,1.4,Low
16,7,7.0,81,55,53,174,39.8,1,5,0,4,113,1.77,-7.0,3.7,Moderate
17,3,5.5,75,64,11,140,56.2,4,5,1,11,180,0.37,2.5,2.1,Moderate
16,8,7.6,68,48,35,100,38.7,7,2,0,8,49,1.17,-5.2,0.0,Moderate
6,9,6.3,82,36,92,83,45.6,2,5,0,9,15,3.07,0.7,1.9,Moderate
8,6,6.1,89,25,110,75,42.5,8,5,1,9,62,3.67,2.9,0.3,High
14,0,6.4,65,58,11,55,38.4,7,8,0,13,2,0.37,-1.0,2.8,Low
12,5,8.1,95,68,26,68,48.4,4,5,1,10,104,0.87,1.7,0.0,Moderate
7,13,4.8,85,43,96,42,40.3,3,4,0,8,30,3.2,-9.3,0.3,Moderate
0,7,8.4,73,73,75,115,38.1,3,5,0,7,44,2.5,-6.3,0.0,Low
10,7,7.6,73,45,37,30,44.0,2,10,1,8,8,1.23,0.2,5.2,Moderate
17,3,6.4,99,54,45,119,40.1,2,8,0,2,25,1.5,-12.0,5.9,High
2,5,7.8,88,48,51,284,41.9,2,2,0,11,93,1.7,-3.3,0.0,Moderate
14,17,6.0,91,74,77,23,44.3,4,6,2,1,58,2.57,-1.8,2.5,Moderate
12,2,6.7,75,61,75,114,50.9,5,4,0,12,52,2.5,4.3,1.7,Low
14,13,5.8,84,51,29,52,41.4,4,1,0,6,43,0.97,-9.2,1.8,Moderate
15,9,7.6,82,53,92,142,33.9,8,5,1,4,12,3.07,-0.1,6.5,Moderate
5,10,5.6,76,31,99,89,50.1,1,11,1,9,36,3.3,0.9,7.3,Moderate
0,4,6.3,79,15,32,27,40.1,2,7,1,13,39,1.07,-0.2,0.0,Low
6,6,7.2,90,42,95,76,48.7,7,5,2,12,42,3.17,7.5,0.0,High
15,8,7.7,96,49,32,89,55.5,1,9,1,2,33,1.07,2.8,3.6,High
6,5,5.4,75,62,60,59,45.1,4,8,1,15,61,2.0,3.7,5.2,Low
5,10,7.3,64,49,105,81,37.6,4,5,0,8,58,3.5,-7.9,2.8,Low
0,11,5.2,96,44,83,57,43.5,4,10,1,8,43,2.77,4.0,6.6,High
21,21,3.8,96,15,21,59,38.5,3,3,0,5,123,0.7,-7.4,0.0,Moderate
15,10,5.5,82,61,50,12,38.1,0,10,0,5,45,1.67,-5.1,0.4,Moderate
15,0,7.4,98,56,56,20,42.0,7,8,3,9,92,1.87,3.8,0.0,High
16,15,6.4,82,67,44,22,34.4,4,6,0,1,26,1.47,-7.3,0.0,Moderate
13,7,5.8,68,52,23,41,35.8,2,5,1,5,43,0.77,-7.5,0.0,Moderate
8,20,6.5,64,73,22,20,51.5,3,1,1,10,134,0.73,-0.9,0.0,Moderate
8,17,6.4,63,42,33,28,46.7,5,3,0,10,14,1.1,-1.6,0.0,Low
7,6,7.1,78,51,11,83,48.2,3,6,0,6,41,0.37,-4.3,0.0,Low
27,13,4.5,73,56,55,108,51.8,3,4,2,0,160,1.83,-0.6,0.0,High
13,5,6.3,72,64,6,60,30.0,2,3,2,4,34,0.2,-11.6,0.0,High
6,9,6.5,77,59,116,81,42.5,4,7,0,12,140,3.87,3.8,2.5,Moderate
13,12,4.8,87,61,36,85,58.9,5,2,2,4,80,1.2,5.9,0.0,High
3,15,4.7,72,57,22,220,60.6,8,6,1,5,70,0.73,13.4,2.2,High
19,14,6.0,70,49,14,20,39.2,2,3,1,8,85,0.47,-10.8,0.0,Low
5,9,6.4,73,68,79,64,37.3,6,3,1,3,15,2.63,-7.0,0.0,Moderate
13,21,6.4,88,22,50,21,30.0,3,10,1,3,92,1.67,-6.5,4.2,Moderate
16,6,5.7,77,41,44,82,41.5,2,3,0,5,44,1.47,-7.3,0.4,Moderate
12,0,5.7,81,81,51,29,50.4,5,1,1,8,24,1.7,-1.2,0.3,Moderate
10,0,5.9,95,40,52,50,53.3,4,12,0,4,38,1.73,8.7,5.2,Moderate
10,17,6.8,109,51,55,19,33.4,3,4,0,8,72,1.83,-3.1,1.0,High
9,8,7.9,85,77,48,58,43.5,2,3,1,11,51,1.6,-6.4,0.0,Moderate
6,9,3.7,84,50,61,61,40.4,3,8,0,15,28,2.03,-2.1,0.9,Low
7,5,7.1,65,37,53,59,35.5,7,4,2,4,60,1.77,-0.3,0.0,Low
19,6,6.3,82,74,7,116,39.6,1,5,1,10,14,0.23,-5.2,0.0,Moderate
9,4,7.0,79,47,20,77,52.7,7,5,0,6,39,0.67,3.4,1.9,Moderate
4,11,7.8,88,48,20,42,49.5,4,7,0,11,180,0.67,-0.1,3.8,Moderate
6,8,5.5,74,16,22,69,48.4,3,7,2,5,11,0.73,0.5,1.4,Moderate
17,11,7.5,80,50,15,45,57.2,3,10,1,16,56,0.5,10.8,3.1,High
14,10,4.9,85,64,47,28,44.1,4,10,3,5,72,1.57,5.0,4.4,High
13,6,6.6,99,44,63,43,43.8,3,6,1,7,47,2.1,-3.0,0.6,Moderate
8,0,6.1,95,29,9,34,49.0,1,10,3,4,40,0.3,1.4,2.1,High
13,0,6.5,92,43,17,110,36.1,1,9,1,0,10,0.57,-2.3,3.7,Low
5,21,5.2,86,41,11,152,52.6,5,4,0,4,51,0.37,6.7,0.2,High
8,17,6.9,73,47,5,70,50.6,5,9,0,2,43,0.17,11.4,2.2,High
16,16,8.3,86,43,39,33,48.5,3,14,1,9,11,1.3,8.0,8.8,High
15,5,5.2,70,82,7,174,38.8,4,5,0,7,56,0.23,-6.1,0.0,Moderate
3,9,6.6,76,57,38,271,51.3,5,6,2,5,22,1.27,2.4,0.0,Low
4,4,7.4,98,21,45,15,60.6,2,1,2,12,57,1.5,3.9,0.0,High
10,1,6.0,84,53,36,62,49.9,3,7,1,6,80,1.2,5.7,5.0,Moderate
21,5,8.0,80,51,37,38,40.1,1,8,0,11,11,1.23,-10.6,1.8,Moderate
0,16,5.9,82,74,33,21,61.1,4,7,0,11,117,1.1,8.0,1.1,Moderate
11,13,6.3,77,49,67,89,49.1,3,7,1,8,7,2.23,3.9,1.5,Moderate
1,3,5.2,54,49,99,33,60.8,6,9,2,0,64,3.3,10.6,4.1,Moderate
5,7,6.6,64,86,47,31,36.5,5,4,0,5,48,1.57,-0.5,0.0,Low
7,13,6.4,85,33,21,137,39.1,1,3,0,3,42,0.7,-11.0,0.0,Low
7,5,7.2,68,66,17,65,52.4,4,8,1,10,51,0.57,0.5,2.7,Low
6,9,5.6,77,53,6,115,30.0,5,8,0,7,10,0.2,0.2,1.7,Low
10,11,5.6,64,43,87,153,62.3,5,5,0,8,18,2.9,11.3,4.3,High
6,11,7.0,70,40,30,276,56.8,3,7,0,4,28,1.0,6.0,0.0,Low
0,10,8.1,78,76,32,70,39.1,4,5,0,9,7,1.07,-5.5,1.5,Low
15,5,7.2,88,60,38,166,56.4,6,9,0,10,23,1.27,5.9,4.7,Moderate
14,5,8.6,90,63,25,107,45.9,2,8,0,16,44,0.83,0.5,5.5,Moderate
15,2,7.1,70,68,44,83,43.3,2,7,2,12,66,1.47,1.5,4.6,Moderate
0,0,7.0,81,58,45,81,36.7,2,4,1,6,41,1.5,-7.0,1.8,Low
11,8,7.2,62,33,50,89,54.7,1,3,1,12,77,1.67,1.2,0.0,Low
14,13,8.2,79,24,11,68,51.7,6,8,0,10,46,0.37,5.7,3.2,High
3,0,7.9,88,80,4,22,48.0,9,14,1,4,57,0.13,8.5,3.4,Low
10,10,5.1,77,56,65,38,35.2,7,6,2,11,45,2.17,-6.2,0.0,High
9,13,7.4,92,53,31,10,50.1,3,3,0,8,107,1.03,1.9,0.0,Low
21,0,6.7,87,84,19,100,54.4,3,11,1,7,23,0.63,8.6,1.0,Moderate
22,7,6.2,81,33,70,20,61.3,2,11,0,11,8,2.33,9.9,2.4,High
0,18,4.3,75,15,19,30,44.3,3,10,0,4,8,0.63,3.4,2.9,Moderate
26,12,4.6,72,19,18,36,40.9,0,5,1,0,37,0.6,-12.2,0.0,High
4,0,6.0,62,42,24,70,36.2,3,5,0,4,5,0.8,-8.8,0.0,Low
16,12,4.6,64,54,21,104,46.6,2,5,1,7,12,0.7,-0.7,0.0,High
16,4,6.0,89,77,21,90,53.2,5,5,0,5,55,0.7,9.5,0.0,Moderate
3,13,7.3,95,67,60,125,63.3,3,7,0,11,11,2.0,7.5,4.4,High
13,4,5.7,66,15,91,135,50.2,2,5,1,11,58,3.03,-1.9,1.0,Moderate
9,8,6.5,79,102,16,95,57.7,4,6,1,6,49,0.53,3.8,2.5,Low
13,5,5.1,61,45,37,52,47.1,6,7,0,10,75,1.23,2.4,5.7,Low
11,9,6.8,67,74,21,20,52.2,4,5,0,5,35,0.7,5.5,1.7,Low
17,5,7.0,81,62,75,47,40.9,4,2,1,13,13,2.5,-2.6,0.4,High
10,7,4.7,72,52,47,35,48.2,5,3,2,15,114,1.57,-2.9,0.0,Moderate
8,2,5.5,57,48,38,74,36.7,2,6,1,5,27,1.27,-3.8,0.2,Low
17,11,4.9,97,32,58,126,55.6,3,6,1,1,49,1.93,5.0,2.3,High
13,10,7.0,77,29,70,46,65.0,5,1,0,4,27,2.33,11.8,0.0,High
14,0,6.6,66,49,57,257,47.4,3,5,0,12,28,1.9,-1.3,3.9,Low
5,14,6.3,79,27,56,35,42.0,5,7,2,0,31,1.87,1.5,2.7,Moderate
3,7,6.2,77,82,98,59,75.0,5,9,1,9,73,3.27,12.1,5.0,High
6,9,6.8,83,54,49,33,56.3,6,7,1,3,10,1.63,9.8,2.3,High
5,13,6.8,74,90,18,41,59.6,5,9,0,2,56,0.6,9.1,2.4,Low
15,10,5.8,81,44,41,81,49.6,5,8,2,10,52,1.37,6.2,0.0,Moderate
16,15,5.6,88,41,26,69,36.8,2,1,0,7,20,0.87,-8.0,0.0,High
8,7,6.3,63,63,94,101,44.1,2,5,1,12,21,3.13,-0.2,0.0,Moderate
19,14,6.2,70,47,28,102,46.8,1,8,3,13,21,0.93,0.2,1.7,Moderate
18,9,8.9,87,70,29,130,45.7,5,3,0,4,106,0.97,1.8,0.0,Moderate
11,11,5.9,72,78,33,86,36.2,4,8,1,7,4,1.1,2.1,2.3,Moderate
4,11,6.7,77,72,44,56,45.8,3,1,0,8,118,1.47,-0.1,0.0,Moderate
20,16,7.0,73,77,22,58,35.6,3,10,0,4,24,0.73,-5.0,5.2,High
9,13,8.1,74,67,22,80,33.9,5,6,2,11,104,0.73,-2.2,1.4,Moderate
10,6,5.4,73,42,18,67,38.9,6,2,0,8,34,0.6,-0.8,0.0,Low
7,5,8.0,64,73,88,79,43.3,8,3,0,6,38,2.93,2.2,0.0,Low
4,8,6.2,83,65,54,22,43.9,6,7,0,6,31,1.8,2.5,3.7,Low
0,4,9.4,90,41,31,53,44.7,3,5,1,13,34,1.03,-2.9,0.0,Low
14,2,6.8,76,43,25,13,62.2,5,11,0,5,26,0.83,11.6,6.5,Moderate
4,0,4.9,88,50,17,182,44.8,2,5,0,12,39,0.57,-4.7,3.1,Low
27,0,6.2,73,72,28,71,30.0,4,7,0,8,54,0.93,-5.6,4.3,Moderate
2,20,8.0,72,54,31,110,42.7,3,11,0,0,32,1.03,7.3,3.8,Moderate
1,5,6.5,83,52,76,115,43.4,5,7,2,0,63,2.53,0.2,4.9,Low
13,20,6.3,83,49,17,152,30.0,3,5,1,5,34,0.57,-4.4,1.2,High
19,11,7.3,77,46,43,77,45.5,3,5,0,9,130,1.43,1.0,0.0,Moderate
10,8,6.0,85,31,53,45,40.5,5,9,1,8,57,1.77,1.0,2.5,Low
13,0,6.1,64,66,21,81,44.6,4,11,1,6,91,0.7,4.8,6.4,High
0,9,5.3,75,34,8,124,47.3,5,4,1,7,96,0.27,3.8,0.0,Moderate
5,19,8.5,89,53,42,43,44.0,5,4,1,10,29,1.4,-1.2,0.0,High
3,18,4.9,89,45,17,57,44.2,4,4,0,0,72,0.57,-4.8,0.0,Low
0,10,6.6,87,66,46,41,40.5,6,7,1,7,51,1.53,-4.1,3.9,Low
10,2,7.0,89,46,42,66,50.2,3,11,0,6,83,1.4,3.7,7.4,Low
0,3,6.4,74,34,66,111,41.5,4,9,0,11,44,2.2,0.4,2.2,Low
1,4,4.9,59,70,69,83,50.9,5,7,1,6,69,2.3,5.8,2.4,Low
6,16,5.2,75,37,10,44,35.2,3,7,0,1,45,0.33,-2.7,1.4,Moderate
4,18,7.0,85,55,53,112,41.3,4,8,4,11,69,1.77,-2.1,1.2,High
12,10,5.5,87,75,46,32,49.5,3,1,2,3,33,1.53,-2.0,0.0,Moderate
11,7,3.9,72,39,45,194,35.0,1,7,2,5,30,1.5,-2.0,4.4,Moderate
15,17,6.9,67,50,70,171,40.1,7,13,1,2,30,2.33,11.6,7.0,High
14,3,5.4,68,44,18,205,50.1,3,4,0,6,98,0.6,6.3,0.0,Moderate
17,9,7.2,72,54,69,43,38.3,5,1,0,8,142,2.3,-3.6,0.0,Moderate
9,11,6.2,57,51,52,33,56.0,7,11,1,2,37,1.73,10.0,5.6,High
11,3,6.1,72,69,8,141,45.3,9,4,1,12,10,0.27,5.9,0.0,Low
13,5,6.5,79,41,24,166,42.5,3,6,1,2,25,0.8,-2.2,0.0,Low
10,4,5.0,77,75,37,92,50.5,3,8,2,12,26,1.23,8.4,0.5,Moderate
7,17,5.4,74,81,9,208,45.8,2,9,0,9,14,0.3,1.4,2.7,Moderate
7,20,6.1,70,57,52,32,45.5,2,11,1,0,32,1.73,3.2,2.5,Moderate
4,9,5.0,72,38,70,141,43.5,4,8,1,10,46,2.33,-5.7,4.7,Low
12,7,7.3,72,51,62,97,43.9,2,7,0,6,43,2.07,-6.6,2.1,Moderate
9,5,6.0,86,50,57,28,35.8,6,9,1,12,37,1.9,3.3,3.6,Moderate
5,9,4.7,78,84,26,154,51.0,5,2,0,2,17,0.87,1.4,0.9,Moderate
5,5,5.7,113,50,51,27,39.8,1,11,2,6,96,1.7,-6.0,5.3,Low
2,8,6.5,74,77,95,118,54.1,6,1,2,0,2,3.17,4.8,2.5,Moderate
16,11,5.9,83,54,14,152,36.8,3,6,0,9,64,0.47,-1.1,0.0,Low
10,6,6.9,75,53,12,17,55.8,5,7,1,13,14,0.4,3.1,0.0,Low
4,7,7.1,74,46,18,150,38.3,4,8,0,9,48,0.6,2.3,0.1,Low
15,7,9.3,95,47,35,66,51.9,5,1,1,9,41,1.17,2.1,0.0,High
6,7,7.8,89,68,17,59,41.6,6,2,0,6,83,0.57,-4.8,0.0,Moderate
0,6,4.4,59,39,59,52,46.9,4,8,0,7,75,1.97,0.5,4.5,Low
16,13,6.0,67,69,38,223,39.9,2,10,0,9,33,1.27,2.3,2.6,High
6,0,6.1,77,78,37,99,38.2,4,5,0,8,51,1.23,-3.1,0.0,Low
7,18,7.1,72,41,70,43,42.0,3,5,1,7,14,2.33,-2.8,2.9,Moderate
10,9,5.3,61,74,10,192,51.0,4,5,0,3,39,0.33,-1.1,0.0,Moderate
17,12,5.8,79,71,45,165,51.0,4,9,1,8,135,1.5,6.9,2.2,High
10,13,4.9,57,68,47,92,50.1,6,11,1,3,74,1.57,4.0,1.4,Moderate
2,4,5.7,79,41,85,96,47.3,6,6,0,2,40,2.83,10.0,2.2,Moderate
13,3,5.7,86,50,129,18,63.8,6,7,0,11,55,4.3,18.4,0.0,High
6,3,6.0,88,50,13,53,37.9,2,4,0,5,5,0.43,-2.1,0.0,Low
22,7,5.0,76,90,25,37,44.1,3,6,1,12,23,0.83,-0.3,1.7,Low
9,13,7.6,95,52,6,77,30.0,5,7,0,7,9,0.2,-6.4,0.1,Moderate
0,5,7.0,82,49,16,57,49.0,2,9,0,12,60,0.53,-0.0,0.0,Low
12,12,4.7,87,31,89,69,37.3,2,4,3,9,78,2.97,-6.7,0.0,High
22,0,6.4,70,35,61,87,44.9,1,8,0,7,29,2.03,-4.6,4.2,Moderate
20,6,4.5,95,40,31,17,38.7,3,3,0,9,43,1.03,-0.2,0.0,High
21,15,8.0,78,59,35,41,43.8,7,1,1,7,79,1.17,0.3,0.0,Moderate
3,8,8.3,95,26,13,121,46.6,6,9,1,10,14,0.43,5.0,0.1,Moderate
15,4,6.3,93,40,14,56,38.9,3,7,0,8,82,0.47,-2.9,1.6,Low
5,5,5.4,81,19,36,109,48.1,3,11,3,2,59,1.2,3.0,6.1,Moderate
11,0,5.6,82,77,23,185,41.4,5,3,0,1,180,0.77,-0.9,0.0,Low
1,3,5.9,76,54,59,131,39.4,6,9,1,1,180,1.97,6.3,4.7,Low
5,15,6.3,69,58,67,25,51.0,2,5,0,11,64,2.23,0.2,0.2,Low
5,5,8.0,85,32,25,12,47.2,7,10,0,5,37,0.83,5.8,3.9,High
15,6,7.5,84,73,47,80,30.0,4,7,1,10,71,1.57,-7.7,5.3,Moderate
15,0,7.6,60,79,35,44,42.3,6,5,0,6,33,1.17,-0.9,0.3,Moderate
11,0,6.6,77,53,34,78,36.5,3,3,0,12,52,1.13,-7.1,0.0,Low
1,15,5.0,88,43,87,45,57.1,6,7,1,9,39,2.9,0.5,5.9,High
7,12,5.5,94,62,11,26,38.7,1,6,0,14,76,0.37,-4.4,3.0,Low
5,1,6.5,86,65,85,145,39.6,3,4,0,7,75,2.83,-8.2,0.8,Low
15,5,5.0,61,68,63,83,45.7,3,9,1,12,24,2.1,3.0,2.7,Low
17,8,6.8,66,64,45,51,49.7,1,8,1,9,51,1.5,-4.1,2.3,Moderate
16,2,7.4,74,69,58,76,39.2,4,1,1,9,8,1.93,-3.8,0.7,Low
5,0,7.1,93,40,33,280,46.7,4,4,0,4,42,1.1,1.9,0.0,Low
0,8,7.0,71,68,24,8,47.7,4,8,1,3,56,0.8,-0.3,6.5,Low
0,12,4.2,90,44,18,65,30.7,3,4,0,12,20,0.6,-6.0,0.0,Low
19,12,8.0,71,15,64,56,49.4,3,3,0,9,66,2.13,-6.1,0.0,Moderate
7,14,4.5,84,44,42,58,40.8,3,2,1,6,145,1.4,-2.0,0.0,High
5,0,6.2,68,42,105,172,35.1,1,3,1,7,55,3.5,-10.5,0.0,Moderate
20,9,7.1,76,56,60,46,61.2,4,8,0,1,93,2.0,10.4,6.5,High
18,7,6.8,66,67,45,13,37.6,5,5,0,10,68,1.5,-2.9,0.0,Moderate
10,8,4.9,94,55,23,70,52.0,6,1,0,15,9,0.77,1.7,0.0,High
8,7,5.1,70,88,26,109,49.5,2,3,0,0,65,0.87,0.7,1.4,Low
9,5,6.7,61,43,22,54,30.6,7,5,0,2,163,0.73,-5.7,2.8,Low
11,0,7.0,60,16,50,183,38.6,3,7,1,7,56,1.67,-1.5,0.4,Low
20,15,5.1,77,57,32,68,35.5,5,2,2,11,73,1.07,-6.3,0.0,High
12,10,6.9,73,42,24,115,53.3,2,1,0,6,35,0.8,2.7,0.5,Moderate
14,0,4.6,85,32,110,199,52.3,2,6,0,12,21,3.67,-0.8,0.9,Moderate
17,11,7.1,75,47,75,52,59.4,2,7,1,1,28,2.5,8.6,6.7,Moderate
2,6,5.3,91,38,37,108,36.6,8,10,0,5,131,1.23,1.7,0.8,Moderate
14,6,6.5,74,40,39,77,66.2,4,9,0,9,31,1.3,12.5,2.1,High
8,4,6.3,89,79,62,126,53.6,3,4,0,12,146,2.07,-0.1,0.0,Moderate
0,12,7.8,68,54,33,76,60.0,7,8,0,2,13,1.1,6.3,8.0,High
0,4,6.7,61,47,13,59,46.7,3,8,2,12,7,0.43,0.4,1.5,Low
3,2,5.7,69,81,22,142,42.9,4,3,0,17,10,0.73,-5.0,0.0,Low
13,15,6.8,66,47,40,71,37.8,6,6,0,7,36,1.33,0.1,6.3,Moderate
10,7,9.0,64,30,39,129,56.6,3,5,1,4,21,1.3,1.7,1.9,Low
11,8,7.3,83,28,9,172,44.3,5,6,0,8,31,0.3,-2.8,0.8,Moderate
22,13,6.3,75,51,62,136,44.4,4,5,0,4,110,2.07,4.6,3.3,High
1,5,5.4,80,22,9,28,55.5,3,10,0,2,36,0.3,7.2,4.7,Low
9,6,5.7,84,31,16,60,52.7,5,9,0,2,48,0.53,8.4,5.5,High
11,10,7.2,59,45,65,69,43.6,2,9,1,2,48,2.17,4.2,2.9,Moderate
5,0,5.3,84,72,31,120,46.7,7,10,0,10,7,1.03,3.5,2.9,Low
10,10,6.4,65,75,79,80,48.1,5,4,1,8,24,2.63,-2.1,2.8,Low
0,4,8.1,72,64,71,168,46.1,2,5,1,7,49,2.37,3.8,0.0,Low
19,13,6.6,57,52,13,50,56.1,6,8,0,13,50,0.43,7.4,2.0,High
5,12,5.1,85,42,28,139,50.3,7,3,1,7,99,0.93,5.0,0.5,High
23,11,9.0,59,59,23,95,42.8,6,10,0,5,31,0.77,3.5,5.6,High
9,0,8.5,65,84,25,59,57.1,4,4,0,3,43,0.83,5.2,2.8,Low
16,8,7.0,66,55,23,95,40.1,7,1,0,8,30,0.77,-2.2,0.0,Moderate
9,2,7.9,77,44,16,244,44.7,4,5,0,10,41,0.53,1.6,0.0,Low
9,8,6.1,76,49,75,90,43.6,2,5,0,6,134,2.5,-6.7,0.8,Low
6,0,7.3,87,47,17,71,42.1,3,7,1,13,47,0.57,0.7,0.0,Low
10,0,5.9,77,62,30,108,42.8,2,1,1,2,180,1.0,-8.2,0.0,Low
12,15,4.8,89,38,16,83,54.2,4,7,1,4,17,0.53,7.6,1.0,High
4,11,9.5,82,59,41,57,46.3,4,7,1,18,74,1.37,-4.3,5.1,Low
9,6,4.7,68,62,30,65,61.0,5,11,2,8,53,1.0,11.2,4.7,Moderate
6,3,6.8,71,58,24,5,41.1,2,5,0,1,96,0.8,-1.9,0.4,Low
24,2,6.7,95,32,74,224,40.4,2,7,2,3,26,2.47,-5.2,0.7,High
9,10,7.0,92,49,33,142,34.1,0,5,0,8,4,1.1,-5.5,0.0,Low
20,7,6.3,87,43,35,17,34.0,5,6,0,6,168,1.17,-6.3,0.0,Moderate
8,17,6.3,89,51,9,43,38.9,9,4,1,9,18,0.3,-1.8,0.0,Low
11,7,6.6,83,40,39,58,38.5,2,13,0,9,91,1.3,3.1,5.4,Moderate
1,9,7.0,82,74,59,103,40.6,5,5,3,6,60,1.97,-2.2,2.8,Moderate
7,0,6.4,79,55,19,110,47.1,3,6,0,0,58,0.63,4.0,3.3,Low
11,6,6.3,97,23,30,69,38.5,7,9,0,3,59,1.0,2.5,3.9,Low
20,10,4.8,73,28,84,48,60.6,3,4,3,5,20,2.8,2.0,1.4,High
11,6,8.8,81,74,24,25,44.8,7,11,1,6,54,0.8,10.5,0.7,Moderate
18,6,7.0,59,49,53,108,53.0,3,7,1,10,43,1.77,5.1,0.8,Moderate
14,10,6.7,62,45,31,41,37.9,2,7,1,12,29,1.03,-4.7,2.8,Moderate
20,17,5.7,98,72,75,107,42.3,3,6,0,2,116,2.5,-2.9,3.5,Moderate
9,9,5.2,85,49,44,167,48.5,8,7,1,0,14,1.47,5.8,0.0,Low
25,15,7.4,76,30,21,86,49.5,1,5,2,7,48,0.7,-0.7,0.0,Moderate
6,12,6.2,79,32,12,35,53.7,3,9,0,7,64,0.4,3.4,2.6,Moderate
5,15,7.1,63,63,96,7,34.1,3,1,2,9,58,3.2,-5.7,0.0,Low
2,5,4.8,73,89,50,24,69.4,3,9,3,8,27,1.67,15.8,1.8,Moderate
25,7,8.3,62,67,44,156,60.2,4,7,1,0,28,1.47,8.4,6.5,High
15,7,7.5,75,45,27,259,47.8,3,13,1,8,15,0.9,4.8,9.5,High
7,12,6.3,85,48,10,28,48.9,4,9,1,4,53,0.33,4.0,1.5,Moderate
18,13,7.0,83,53,46,93,47.7,3,3,2,4,84,1.53,-3.4,0.8,Low
14,9,7.3,95,16,45,120,37.2,0,7,0,3,78,1.5,-5.7,2.4,Low
22,14,4.8,81,52,53,145,33.6,4,11,1,8,45,1.77,0.1,5.3,High
0,5,8.4,51,63,80,340,35.5,2,6,2,9,46,2.67,-4.0,1.4,Low
8,14,7.0,99,84,42,11,34.4,5,4,2,0,14,1.4,-5.1,0.0,Moderate
6,14,5.6,69,72,9,41,61.0,3,9,1,1,20,0.3,7.1,0.8,Moderate
0,12,5.1,80,87,56,35,41.4,5,6,0,7,44,1.87,-4.1,1.9,Low
16,9,7.6,79,82,98,183,55.8,1,4,1,9,42,3.27,-4.5,2.0,High
8,13,6.7,81,77,34,122,43.7,6,2,1,12,13,1.13,2.5,0.0,Low
14,3,7.0,79,52,33,171,44.7,2,8,1,5,30,1.1,2.7,6.7,Moderate
25,10,6.4,79,58,31,36,43.7,2,2,1,8,173,1.03,-4.9,2.6,Low
7,10,5.2,63,22,38,202,40.6,8,9,2,8,25,1.27,3.8,4.2,Moderate
7,1,7.0,106,54,46,103,61.6,4,7,0,3,5,1.53,3.7,0.0,Moderate
10,11,6.2,85,62,53,42,47.0,3,3,0,5,35,1.77,4.0,0.0,High
16,1,6.4,79,47,23,94,58.5,4,10,0,4,26,0.77,11.0,3.8,High
6,6,9.3,98,24,25,108,47.9,0,6,0,10,36,0.83,-2.3,2.2,Low
5,9,7.4,66,80,2,97,58.6,4,4,1,10,30,0.07,9.0,0.0,Low
16,4,7.5,88,59,9,152,46.7,3,2,1,9,38,0.3,-8.4,0.0,Low
12,9,9.5,72,83,28,87,43.5,3,3,0,11,92,0.93,-4.9,0.0,Moderate
0,9,6.9,82,65,46,64,32.6,4,7,2,8,49,1.53,-5.1,1.3,Low
2,4,6.5,83,77,27,38,52.6,2,5,1,3,30,0.9,-0.7,1.2,Low
19,12,5.6,52,73,59,116,59.7,2,6,0,4,99,1.97,11.8,1.7,High
12,4,5.9,62,40,22,113,54.9,0,5,0,12,23,0.73,-2.2,1.7,Moderate
5,21,3.9,95,43,23,49,42.1,6,12,0,6,13,0.77,4.9,7.1,High
8,8,7.3,75,44,71,90,53.1,3,10,0,6,52,2.37,11.9,2.6,High
10,2,4.9,100,35,45,57,36.4,3,12,2,2,12,1.5,4.1,2.3,Low
14,3,7.5,92,84,65,50,36.8,5,5,0,3,46,2.17,-5.1,0.0,Moderate
1,15,6.3,76,53,47,210,39.7,5,9,0,6,51,1.57,-1.6,1.7,Moderate
4,6,6.6,75,60,39,49,39.8,5,4,1,10,51,1.3,-6.4,0.3,Low
11,1,6.3,96,28,46,211,51.2,2,1,3,6,45,1.53,2.5,0.0,Moderate
9,13,8.1,101,67,15,111,53.4,6,3,1,0,4,0.5,3.3,1.0,Moderate
13,6,7.9,75,45,6,120,42.3,6,11,0,8,180,0.2,0.0,2.9,Moderate
2,12,6.4,95,75,13,41,60.3,4,7,0,9,14,0.43,4.7,0.0,Low
12,14,5.3,89,40,9,180,41.4,2,10,2,10,92,0.3,-4.8,4.0,High
17,10,7.5,91,76,45,37,56.5,9,2,1,7,46,1.5,2.8,0.0,High
13,21,5.2,79,69,72,92,42.7,5,6,4,5,23,2.4,2.3,1.9,Moderate
10,0,4.5,71,44,14,274,46.1,2,6,1,3,30,0.47,-3.3,2.4,Low
9,4,7.0,66,78,43,76,46.6,1,1,0,9,54,1.43,-10.7,0.0,Moderate
4,7,7.9,64,73,89,55,53.5,3,10,1,6,24,2.97,6.8,2.1,Moderate
9,21,5.9,99,61,62,59,44.2,4,8,1,2,40,2.07,-0.6,6.5,Moderate
18,19,6.9,78,34,48,56,30.9,4,5,3,8,36,1.6,-7.0,1.8,High
9,16,5.9,65,66,37,47,52.9,1,10,0,9,117,1.23,2.4,2.7,High
4,4,7.3,89,53,45,143,45.9,4,2,0,8,112,1.5,-3.1,1.6,Low
6,5,7.7,73,53,40,114,61.7,6,6,0,10,89,1.33,10.5,0.0,Moderate
11,4,6.1,71,53,33,75,34.3,3,6,1,0,109,1.1,-2.7,4.8,Moderate
7,4,5.2,101,51,16,90,44.1,4,5,1,6,12,0.53,3.0,0.0,Moderate
13,17,4.7,63,36,23,21,31.5,5,10,0,3,7,0.77,-3.8,2.1,High
13,7,7.5,81,25,43,16,46.9,3,6,3,6,25,1.43,-0.3,0.0,Moderate
15,8,5.0,71,21,68,98,46.9,5,3,1,10,40,2.27,-0.0,0.0,Moderate
19,13,6.8,70,57,15,45,58.6,7,7,1,10,11,0.5,12.3,2.8,High
16,0,7.3,62,15,117,151,50.4,4,4,1,9,72,3.9,2.1,2.2,Moderate
3,9,5.8,79,65,8,37,41.4,7,5,3,0,56,0.27,-1.7,1.9,Low
4,2,6.2,68,61,18,10,46.8,3,9,1,11,133,0.6,2.0,2.6,Low
9,7,7.6,85,47,44,25,54.8,2,4,0,9,61,1.47,5.0,1.0,Low
7,5,5.4,77,70,56,95,30.2,4,7,1,12,33,1.87,-6.7,3.4,Low
2,5,5.3,75,47,23,24,50.9,7,5,2,11,86,0.77,4.7,0.0,Low
7,10,6.1,68,60,37,79,39.6,5,7,1,1,45,1.23,-0.4,2.8,Moderate
6,10,7.9,94,17,33,22,42.7,6,8,1,1,17,1.1,-2.2,3.9,Low
5,7,8.3,86,15,29,50,46.2,3,12,3,3,80,0.97,4.7,5.4,Moderate
7,11,6.3,71,48,18,76,32.3,4,8,0,5,117,0.6,-4.1,1.8,Low
17,3,5.5,63,60,44,107,32.4,3,10,1,6,13,1.47,0.6,1.4,Moderate
11,12,7.7,57,69,45,45,51.9,0,6,1,15,39,1.5,1.0,1.2,Low
26,7,4.4,91,49,37,57,42.2,3,4,0,1,36,1.23,-8.0,0.0,Moderate
11,6,6.7,88,56,59,38,45.7,1,4,0,5,13,1.97,0.9,0.0,Low
8,4,6.3,90,66,44,50,48.0,1,8,1,8,28,1.47,1.6,2.1,Low
10,7,8.0,77,50,21,71,34.8,5,12,0,8,55,0.7,-5.9,3.0,Moderate
11,19,8.1,87,63,90,87,39.3,5,6,1,6,52,3.0,-1.9,2.3,Moderate
12,8,5.3,89,32,51,107,37.9,7,11,2,9,81,1.7,0.7,6.1,High
23,2,6.6,77,22,29,84,30.0,6,2,0,17,9,0.97,-11.2,0.0,Moderate
4,14,5.7,74,42,26,39,44.2,6,7,1,5,155,0.87,4.5,0.0,Low
15,6,6.0,67,66,26,74,44.5,3,6,0,12,31,0.87,-4.1,1.7,Moderate
11,10,7.1,83,39,16,198,50.3,4,5,2,6,53,0.53,-0.3,0.2,Low
0,5,6.0,84,64,22,28,49.2,2,6,1,2,51,0.73,2.6,0.0,Low
15,16,6.6,74,34,40,91,30.4,9,4,1,10,48,1.33,-3.9,0.0,High
18,5,7.5,75,42,52,179,30.6,4,7,0,10,81,1.73,-8.0,0.6,Moderate
4,17,8.2,76,56,83,68,40.4,3,7,1,10,68,2.77,-4.3,3.8,Low
9,2,6.7,87,40,30,7,47.9,3,8,0,16,77,1.0,2.5,3.2,Low
0,7,6.5,63,43,43,88,41.3,7,6,1,1,53,1.43,2.6,1.9,Low
1,17,5.1,66,15,42,65,39.0,8,6,1,10,5,1.4,-0.6,1.1,Moderate
16,9,8.3,66,67,22,109,57.8,1,7,0,3,108,0.73,3.0,1.3,High
6,21,7.0,76,50,49,82,51.2,3,5,2,8,118,1.63,2.2,0.0,High
2,7,6.6,81,35,12,50,52.4,4,4,1,5,47,0.4,3.2,0.0,Low
11,10,6.5,66,85,34,40,49.1,1,6,0,9,18,1.13,-6.4,2.2,Low
6,20,6.8,88,38,30,150,36.0,7,2,0,7,38,1.0,-1.8,0.0,Moderate
6,0,7.3,94,43,23,33,52.6,6,4,2,8,98,0.77,6.0,0.0,Moderate
14,0,7.5,83,35,45,123,68.7,1,1,2,2,91,1.5,-0.3,0.0,High
2,4,8.3,90,72,83,39,51.5,3,4,1,10,13,2.77,1.0,0.4,Low
4,13,6.7,68,78,64,64,45.1,5,7,3,2,69,2.13,4.0,0.2,Moderate
11,0,8.5,68,76,42,10,32.2,5,3,0,10,46,1.4,-10.5,0.0,Low
16,12,7.7,84,76,61,277,39.2,1,5,2,6,6,2.03,-3.5,3.1,Moderate
18,12,6.3,78,41,99,20,52.3,1,7,1,9,93,3.3,2.4,2.9,High
5,20,4.4,68,82,21,109,51.8,2,7,1,2,39,0.7,0.3,0.5,High
16,15,6.5,94,48,34,175,36.7,2,7,0,11,42,1.13,-2.8,0.4,High
4,11,8.3,81,24,48,51,50.3,4,2,3,4,128,1.6,1.2,0.5,Low
21,16,5.5,86,44,51,101,37.3,4,7,1,5,52,1.7,-8.4,7.2,High
2,12,6.5,71,58,30,83,53.8,2,6,0,3,25,1.0,0.2,3.0,Low
18,6,6.6,96,40,42,92,51.5,2,11,0,6,41,1.4,4.8,1.4,Moderate
5,2,7.5,76,55,31,72,54.8,2,6,1,11,51,1.03,5.7,0.9,Low
23,5,5.9,89,62,35,49,41.6,3,8,2,9,50,1.17,1.3,2.0,Moderate
13,8,5.4,72,59,9,170,52.5,4,5,0,5,29,0.3,4.7,0.0,Low
3,10,7.1,80,64,83,136,47.0,2,5,1,10,92,2.77,2.2,1.6,Low
6,0,5.5,84,49,7,50,49.6,3,4,0,8,36,0.23,1.7,2.3,Moderate
15,7,4.2,100,39,25,92,46.6,5,1,0,10,35,0.83,-4.3,0.0,Low
16,9,8.6,73,26,52,199,38.2,3,3,0,1,77,1.73,-11.0,0.0,Moderate
9,12,7.5,80,50,69,82,48.9,4,9,2,10,90,2.3,-0.8,3.0,Moderate
10,18,8.7,85,42,31,62,50.1,3,6,1,3,30,1.03,-0.5,0.0,High
14,10,7.4,62,50,57,6,36.1,3,9,1,5,68,1.9,-0.3,3.2,Moderate
10,3,7.2,54,15,34,75,51.1,6,10,1,2,51,1.13,7.4,5.2,Low
1,0,6.8,67,25,45,106,50.7,4,4,0,14,29,1.5,4.7,0.0,Low
4,12,6.2,89,61,26,77,39.9,4,9,0,9,12,0.87,-2.4,2.6,Moderate
11,3,7.0,97,23,53,27,48.4,3,2,2,12,10,1.77,-3.2,0.0,Low
17,14,5.7,68,49,14,34,40.5,4,3,3,7,9,0.47,-0.4,0.0,High
20,17,5.1,65,37,114,119,51.3,5,6,1,4,7,3.8,4.6,0.9,High
15,0,6.0,95,36,23,20,38.0,0,7,0,5,32,0.77,-4.5,0.8,Low
11,12,7.9,72,54,16,80,57.9,2,7,0,7,39,0.53,5.0,0.7,Moderate
14,16,4.9,74,53,36,101,57.4,3,12,1,2,59,1.2,9.2,4.0,High
5,14,4.9,94,62,29,83,53.4,1,11,1,5,77,0.97,-2.4,3.4,Moderate
9,0,7.1,92,32,82,28,63.5,6,7,0,2,46,2.73,8.6,1.7,High
4,4,5.9,88,36,102,11,58.9,1,6,0,1,125,3.4,6.2,3.7,Moderate
1,1,7.0,59,72,23,21,54.4,1,10,1,8,30,0.77,4.1,1.6,Low
12,12,7.6,64,48,48,85,60.1,3,4,0,16,6,1.6,6.0,0.0,Moderate
11,11,7.0,90,59,45,12,44.9,2,7,1,11,44,1.5,-3.9,0.0,Moderate
14,0,5.6,81,43,47,61,41.0,4,1,0,11,18,1.57,-5.4,0.0,Low
13,7,7.9,69,60,18,120,54.8,5,7,0,6,137,0.6,6.4,4.0,High
11,13,7.3,74,15,18,127,45.0,4,13,1,10,25,0.6,6.5,4.3,Moderate
13,9,6.4,90,73,39,60,54.3,5,10,1,8,29,1.3,6.4,10.5,Moderate
9,9,6.4,95,44,46,107,39.1,5,7,0,3,32,1.53,0.9,0.3,Moderate
12,6,6.8,78,30,13,38,40.1,3,8,1,4,57,0.43,0.4,4.6,High
5,2,6.0,70,33,25,117,32.9,9,1,0,7,21,0.83,-12.7,0.0,Low
12,8,4.4,75,47,33,109,36.0,3,8,2,11,62,1.1,2.4,1.5,Moderate
14,9,7.3,93,50,71,65,49.1,1,7,0,13,108,2.37,5.0,3.0,Moderate
5,12,7.2,93,55,60,40,33.3,3,10,1,10,23,2.0,-2.6,6.9,High
10,13,3.6,80,31,81,61,37.1,7,8,3,17,66,2.7,-1.6,4.8,High
5,9,7.0,72,68,36,77,38.8,5,3,0,6,180,1.2,-1.0,0.0,Low
6,15,8.5,90,43,27,137,42.3,3,11,1,5,64,0.9,4.3,1.3,Moderate
2,6,5.0,96,42,78,52,46.8,1,5,1,5,89,2.6,-0.9,0.0,Moderate
18,0,6.3,62,48,35,107,63.6,7,12,0,7,68,1.17,17.4,6.7,High
16,11,6.2,75,64,53,53,53.1,4,6,0,1,40,1.77,7.1,0.0,Moderate
13,9,8.4,91,51,7,105,40.7,4,3,0,3,25,0.23,-2.3,0.0,Low
22,11,7.7,79,42,34,46,46.2,4,3,0,9,49,1.13,1.3,0.0,Moderate
8,1,5.3,73,46,35,169,41.2,3,2,0,11,46,1.17,-1.8,0.0,Low
27,19,6.8,80,74,35,143,54.0,5,8,0,3,19,1.17,6.2,3.5,High
8,13,9.2,82,71,38,69,51.1,3,5,1,1,43,1.27,1.2,0.0,Moderate
11,7,5.7,66,59,76,22,41.1,5,8,2,3,24,2.53,0.0,1.7,Moderate
7,3,6.4,79,55,26,49,49.5,4,3,0,7,64,0.87,-4.5,0.0,Low
12,15,7.0,82,94,59,86,50.1,6,8,0,8,66,1.97,7.1,3.5,High
15,2,5.7,73,60,11,144,46.5,3,5,2,14,72,0.37,1.4,0.9,Moderate
9,21,8.5,69,55,13,34,49.5,1,6,0,6,83,0.43,-3.4,0.2,Moderate
21,5,5.8,72,48,19,110,51.2,7,8,0,0,34,0.63,6.7,0.6,Moderate
11,18,4.7,67,58,22,84,65.2,7,9,2,11,78,0.73,10.8,3.4,High
11,7,5.8,87,15,59,53,56.8,6,8,1,10,19,1.97,10.5,2.8,High
4,18,7.2,67,70,39,71,37.3,3,11,1,8,42,1.3,-1.9,3.7,Moderate
12,4,5.4,80,29,9,38,48.3,3,1,1,7,17,0.3,-11.1,0.0,Moderate
9,9,6.8,74,39,41,100,65.2,5,3,1,13,26,1.37,9.8,0.1,High
6,13,7.1,70,27,41,79,49.3,5,4,0,9,44,1.37,0.1,0.0,Moderate
4,12,4.9,93,39,2,48,62.6,1,8,1,5,5,0.07,5.1,3.8,Moderate
27,15,5.7,77,46,81,193,69.6,6,1,0,4,51,2.7,9.3,0.6,High
8,6,6.8,71,68,20,104,37.6,5,3,2,7,24,0.67,-1.5,0.4,Low
0,9,7.2,70,75,59,100,45.4,1,7,0,10,37,1.97,-3.7,4.2,Low
5,16,5.8,82,87,51,69,46.7,4,5,1,1,4,1.7,1.7,0.0,Low
9,4,6.6,87,54,15,79,34.3,6,1,1,0,19,0.5,-14.0,0.0,Low
13,12,6.1,92,48,72,32,58.5,4,7,1,4,53,2.4,10.7,1.2,High
13,7,7.3,76,66,46,52,49.1,4,5,1,0,80,1.53,1.6,0.5,Moderate
14,10,7.0,75,37,71,118,31.1,2,2,2,2,82,2.37,-11.0,0.0,Low
5,9,6.0,79,35,94,114,48.9,3,6,1,14,5,3.13,-2.5,4.0,Low
12,4,7.0,80,45,18,32,38.9,3,1,0,9,32,0.6,-11.0,0.0,Moderate
4,7,5.9,70,51,43,38,45.8,2,3,2,10,34,1.43,-4.4,2.2,Low
5,9,6.9,94,15,12,105,30.0,4,11,1,7,38,0.4,1.1,0.1,Low
4,8,7.0,78,71,71,107,44.3,3,9,1,4,9,2.37,-0.9,0.0,Low
2,18,9.2,84,56,9,40,53.6,6,6,0,5,180,0.3,4.9,0.0,Moderate
16,14,6.0,83,66,14,119,42.2,3,7,1,0,51,0.47,-2.7,0.0,High
14,10,6.2,82,24,24,41,30.0,7,2,0,10,9,0.8,-8.5,0.7,Moderate
16,4,5.6,67,40,35,64,45.5,3,11,0,6,48,1.17,-0.4,4.0,High
10,4,5.2,78,39,60,67,44.2,5,6,2,4,46,2.0,-1.9,2.7,Moderate
15,20,5.9,103,48,10,114,60.1,2,6,0,5,24,0.33,2.2,0.0,Moderate
0,3,7.2,95,51,43,134,50.0,2,6,1,13,68,1.43,6.0,0.2,Low
15,9,7.3,80,68,23,54,43.9,1,6,1,1,57,0.77,-4.9,0.0,Moderate
11,11,6.8,74,54,34,96,35.2,8,6,1,8,9,1.13,-6.4,0.0,Moderate
14,7,6.0,54,39,79,217,45.6,9,10,4,5,66,2.63,6.3,5.1,High
12,3,5.8,73,91,38,150,63.4,5,7,1,9,49,1.27,11.1,0.6,High
3,4,5.3,77,47,50,34,49.4,2,4,2,5,8,1.67,3.3,0.0,Moderate
0,5,5.7,75,36,7,73,51.9,4,5,0,3,25,0.23,-0.6,0.0,Low
5,4,4.8,75,18,20,86,30.0,3,10,0,11,14,0.67,-4.2,1.8,Moderate
13,16,8.0,85,54,35,68,54.3,6,10,3,4,51,1.17,10.8,5.8,High
14,8,8.6,67,64,12,76,46.8,5,2,0,10,138,0.4,0.6,0.0,Moderate
1,5,4.1,81,31,9,109,46.2,1,7,0,9,22,0.3,-5.8,2.6,Low
3,9,6.7,77,63,21,132,47.6,5,2,0,12,76,0.7,3.0,0.0,Moderate
5,12,6.7,68,54,35,125,47.8,4,7,0,5,30,1.17,-0.8,1.1,Moderate
7,7,6.7,96,20,58,111,43.7,3,4,1,7,23,1.93,-0.3,1.7,Low
1,14,5.7,86,63,58,32,41.5,5,2,2,0,54,1.93,1.6,0.0,Moderate
0,1,7.6,69,47,32,108,33.4,4,10,0,5,144,1.07,-4.1,2.2,Low
4,15,6.9,84,32,38,43,42.7,4,9,1,4,36,1.27,4.8,0.0,Low
10,8,7.6,63,69,11,33,56.0,6,4,2,0,29,0.37,6.6,0.0,Moderate
2,8,5.5,71,69,108,53,41.0,4,7,1,5,93,3.6,-3.2,4.3,Low
9,4,4.7,93,31,85,26,53.2,2,6,1,3,75,2.83,-5.2,2.7,Moderate
16,1,6.9,82,57,45,46,36.4,6,5,0,7,32,1.5,-1.2,3.5,Moderate
1,0,5.2,81,56,29,82,33.8,7,9,0,9,13,0.97,-2.4,2.3,Low
8,4,7.7,89,51,69,133,42.1,2,7,2,9,47,2.3,-3.0,5.1,High
16,12,3.8,85,43,109,117,54.3,5,6,0,8,34,3.63,5.2,3.3,High
7,3,5.8,75,49,49,64,32.8,5,13,0,9,17,1.63,0.2,4.6,Low
6,0,5.7,88,69,59,55,62.0,9,6,0,7,38,1.97,9.8,0.0,Moderate
17,3,6.0,59,59,24,17,65.2,3,6,0,0,32,0.8,8.7,3.8,Moderate
8,6,6.7,71,17,13,175,52.4,6,1,0,7,89,0.43,-6.7,0.0,Moderate
17,6,6.9,77,15,33,150,41.2,3,13,0,7,50,1.1,6.4,4.4,Moderate
12,8,7.2,84,19,53,86,41.7,6,2,0,7,55,1.77,-0.3,0.0,Moderate
7,14,7.3,74,28,10,129,39.8,6,10,1,11,93,0.33,6.5,6.0,High
13,16,6.2,58,38,103,77,39.8,3,3,1,6,19,3.43,-7.3,0.8,Moderate
12,20,8.9,57,44,51,32,44.0,4,6,1,8,43,1.7,2.2,0.0,High
16,0,8.1,77,51,58,22,30.0,3,8,0,11,12,1.93,-1.2,1.2,Low
6,4,6.0,73,51,7,83,49.1,4,13,1,5,42,0.23,7.2,3.3,Low
10,13,6.2,68,51,25,209,35.8,3,3,1,12,18,0.83,-4.0,0.0,Moderate
9,6,6.0,66,73,39,5,38.3,0,11,1,7,91,1.3,2.7,7.6,Low
14,13,6.8,79,22,15,85,39.1,4,4,0,5,48,0.5,-3.0,0.0,Moderate
3,10,5.2,92,58,131,73,49.3,5,7,1,7,83,4.37,4.1,3.6,Low
16,18,5.5,79,58,82,94,55.9,2,3,0,5,62,2.73,4.2,2.4,High
13,15,3.8,92,29,40,70,36.9,5,7,0,8,62,1.33,-0.9,1.3,High
1,15,5.9,74,62,64,235,56.8,5,8,0,11,58,2.13,3.3,3.8,Moderate
17,6,7.7,83,59,29,19,35.9,6,9,0,11,40,0.97,0.4,3.2,Low
24,8,6.2,93,51,73,50,39.4,5,8,1,0,73,2.43,0.5,0.0,High
16,7,6.3,76,15,33,63,54.1,5,6,0,12,40,1.1,5.8,0.4,High
19,0,6.7,78,69,99,25,31.0,3,5,2,10,87,3.3,-5.6,0.0,Moderate
10,17,5.2,74,56,23,117,41.0,7,9,1,4,42,0.77,2.9,4.7,High
0,13,6.4,85,59,12,55,37.6,6,11,1,1,37,0.4,1.1,6.4,Low
0,6,7.5,88,15,36,48,41.9,4,2,0,3,13,1.2,-3.2,0.0,Low
11,16,6.8,82,42,21,121,39.8,4,6,0,10,10,0.7,-2.9,2.0,Moderate
6,5,7.6,75,26,49,67,30.3,6,4,0,11,19,1.63,-6.2,0.0,Low
4,0,7.9,62,75,18,33,51.5,4,7,0,10,102,0.6,6.4,3.9,Low
9,14,7.2,77,32,131,31,49.1,6,4,0,9,19,4.37,5.2,3.1,High
14,1,5.5,76,79,12,69,54.1,4,7,0,9,22,0.4,4.5,0.0,Moderate
0,7,6.0,81,69,51,133,42.3,3,9,0,0,60,1.7,1.9,0.0,Low
7,10,8.7,79,56,28,42,45.2,1,1,2,5,54,0.93,-8.8,0.0,Low
19,11,6.8,95,72,90,94,54.0,2,4,0,11,106,3.0,-1.0,0.0,Moderate
3,13,6.6,70,35,30,123,48.0,4,6,0,11,19,1.0,-1.4,1.9,Low
15,12,5.4,61,38,30,109,54.2,1,3,0,15,119,1.0,1.0,0.4,Moderate
6,12,6.3,65,69,28,48,53.5,1,7,2,8,89,0.93,0.0,0.0,Low
13,4,7.3,71,35,52,108,46.4,1,3,1,8,95,1.73,-4.5,3.2,Moderate
17,10,6.4,90,28,27,119,46.9,3,7,2,13,58,0.9,-0.2,0.0,Moderate
14,0,5.8,64,46,24,24,45.4,5,6,0,7,36,0.8,-0.7,0.0,Moderate
15,18,6.1,65,36,11,44,46.9,0,4,3,8,61,0.37,-14.5,0.0,Moderate
2,0,7.8,83,86,19,62,41.1,1,2,1,8,53,0.63,-5.5,0.0,Low
17,6,7.2,87,66,62,48,49.1,5,7,0,3,29,2.07,4.3,0.9,Low
4,1,7.0,61,42,21,28,47.7,3,12,0,7,58,0.7,4.6,4.3,Low
11,4,6.9,59,34,41,33,40.6,1,8,1,10,17,1.37,-8.4,3.9,Low
11,9,5.0,69,58,7,59,49.5,2,8,0,6,90,0.23,0.8,0.5,Moderate
13,5,6.7,85,73,60,63,57.1,2,5,0,8,47,2.0,3.9,0.0,Moderate
12,15,7.7,80,57,149,101,46.1,5,6,0,13,7,4.97,-0.1,0.0,High
4,10,6.1,70,35,14,63,46.6,0,3,0,2,19,0.47,-5.5,0.0,Low
1,6,7.6,86,26,18,28,47.7,1,4,1,9,32,0.6,-3.6,0.0,Moderate
15,8,7.1,79,45,30,116,30.0,7,8,0,10,31,1.0,0.1,4.1,Moderate
11,16,7.4,77,58,9,60,42.7,3,3,0,2,71,0.3,-6.3,0.0,Moderate
17,14,6.5,60,44,16,85,66.8,6,5,1,12,39,0.53,9.1,0.1,Moderate
9,2,7.5,70,70,58,61,46.4,2,4,0,19,20,1.93,-3.4,0.0,Low
0,5,4.6,100,61,36,44,37.9,4,5,0,12,34,1.2,-3.6,0.8,Low
16,11,6.4,74,56,37,59,45.7,9,3,2,14,87,1.23,-1.2,0.9,Moderate
7,11,7.3,67,61,7,108,40.9,6,1,1,2,48,0.23,1.1,0.0,Moderate
12,2,6.8,74,27,11,139,47.5,7,7,0,10,27,0.37,11.4,0.0,Moderate
5,13,7.7,79,43,26,58,47.6,7,6,1,8,26,0.87,6.0,0.0,Low
20,3,6.2,88,33,82,86,45.4,5,8,0,5,12,2.73,6.6,1.5,Low
4,16,5.7,85,59,25,21,54.0,4,11,1,15,57,0.83,2.5,2.2,Moderate
7,12,4.4,71,34,42,19,35.1,4,7,5,5,23,1.4,-0.7,3.4,Moderate
10,2,6.1,92,53,21,96,49.0,6,8,2,3,36,0.7,-0.5,3.6,Low
2,5,7.0,87,49,36,106,55.4,6,8,1,8,1,1.2,6.7,7.0,Low
12,5,7.3,73,63,107,39,43.5,5,11,0,4,32,3.57,5.9,3.9,Moderate
20,9,4.7,77,30,47,44,53.3,6,4,3,13,75,1.57,6.0,0.1,High
6,7,7.8,85,60,30,153,43.9,0,5,0,0,37,1.0,-3.5,1.8,Low
12,2,5.2,90,33,56,82,36.2,3,4,1,6,32,1.87,-11.7,1.7,Low
0,0,6.3,61,35,54,53,30.0,4,6,0,0,54,1.8,-5.1,0.0,Low
9,12,5.7,79,49,51,128,41.0,6,4,1,9,33,1.7,0.5,1.6,Moderate
7,10,6.9,78,73,25,34,43.2,3,3,0,11,18,0.83,-8.4,0.0,Moderate
4,9,6.5,72,37,10,164,65.7,4,4,1,9,52,0.33,7.2,0.0,Low
17,10,7.2,72,20,33,71,46.4,4,3,0,12,33,1.1,-5.9,1.1,High
7,5,8.6,90,35,16,40,40.9,4,4,0,2,26,0.53,-4.7,0.0,Low
8,10,6.9,84,45,14,172,50.8,4,1,1,7,42,0.47,-2.5,0.0,Moderate
7,21,5.7,101,86,42,24,42.5,3,12,1,7,86,1.4,-2.0,2.3,High
0,15,7.0,72,59,35,49,55.3,4,4,0,6,39,1.17,4.0,1.2,Low
2,7,8.7,80,38,55,142,59.9,4,9,0,4,89,1.83,8.2,2.3,Low
16,5,7.2,81,49,50,54,47.5,3,9,0,9,116,1.67,5.9,1.4,Moderate
0,0,7.5,88,80,55,38,30.0,5,6,2,1,14,1.83,-6.6,0.0,Low
5,15,4.5,93,48,136,110,45.1,3,3,1,7,34,4.53,-5.3,3.2,High
7,13,6.9,79,48,25,93,44.5,3,9,0,8,52,0.83,-1.9,3.3,High
21,5,6.1,66,45,48,113,60.7,4,9,2,5,25,1.6,11.9,6.4,High
14,0,5.6,70,65,41,100,50.0,3,9,1,1,83,1.37,4.1,6.2,Low
6,2,6.4,80,43,7,126,42.5,4,9,3,8,67,0.23,2.8,3.9,High
18,11,6.5,90,68,32,89,58.6,3,8,0,9,45,1.07,9.6,0.2,High
5,8,5.7,62,71,15,78,44.9,7,8,0,5,34,0.5,4.7,0.9,Moderate
16,13,6.6,65,63,62,144,44.9,7,9,0,7,4,2.07,7.1,3.8,High
1,9,6.2,86,48,24,220,41.5,3,4,1,4,16,0.8,-4.7,1.6,Moderate
16,14,7.2,64,27,19,84,56.4,7,6,1,13,68,0.63,10.0,5.3,High
7,11,6.7,66,48,79,39,41.2,7,2,0,16,20,2.63,-3.2,0.0,Moderate
3,13,6.9,91,40,44,60,51.8,5,10,0,8,66,1.47,1.9,1.8,Low
8,0,7.6,76,38,52,29,49.6,2,7,0,10,69,1.73,-4.5,3.6,Moderate
11,1,7.1,75,48,42,159,46.6,9,2,0,14,59,1.4,3.4,0.0,Moderate
6,6,6.4,93,61,16,53,54.2,5,1,0,8,24,0.53,4.3,0.0,Low
13,15,3.9,66,41,11,52,59.9,4,6,0,13,74,0.37,7.4,1.6,High
6,19,7.0,64,27,51,80,34.9,5,5,1,2,19,1.7,-8.4,0.0,Low
14,8,5.3,96,35,74,40,44.5,4,5,0,0,44,2.47,0.1,0.0,Low
12,5,6.3,81,82,30,42,43.8,4,7,2,10,64,1.0,-5.1,4.6,Moderate
9,0,6.8,85,62,76,28,47.0,5,9,1,11,14,2.53,-0.7,4.2,Moderate
7,14,8.0,75,35,30,32,40.8,3,10,0,5,17,1.0,-4.6,6.7,Low
10,5,8.6,77,75,26,94,36.7,2,10,2,4,48,0.87,-3.6,3.0,Low
13,21,5.3,70,48,40,85,45.0,5,6,1,8,24,1.33,7.1,1.1,High
23,4,4.8,81,93,18,51,55.2,5,11,0,5,133,0.6,5.8,6.2,High
16,21,6.8,87,57,58,242,44.2,3,5,3,13,39,1.93,2.4,0.0,High
16,13,6.7,80,62,78,75,49.7,3,7,1,0,28,2.6,4.5,3.6,High
27,3,5.0,90,67,16,155,59.8,9,7,4,6,113,0.53,13.6,0.6,High
13,10,6.4,85,79,25,61,47.5,8,8,0,7,82,0.83,8.7,0.3,Moderate
13,13,7.1,66,44,78,21,54.9,4,3,0,4,14,2.6,5.2,0.0,High
14,7,4.9,76,77,21,188,55.7,6,9,0,9,87,0.7,13.7,3.3,High
3,13,5.2,73,41,20,224,57.2,3,8,0,7,38,0.67,1.6,4.0,High
7,13,5.6,86,45,97,172,64.7,5,2,2,13,8,3.23,5.5,2.9,High
6,12,6.1,83,52,110,83,44.9,3,6,0,15,16,3.67,1.3,2.6,Low
14,8,7.2,79,69,43,93,54.2,6,5,0,0,35,1.43,3.9,2.2,Low
8,2,6.0,89,46,40,63,48.0,3,12,1,10,19,1.33,6.5,9.5,Low
10,8,6.5,57,82,112,139,50.5,6,7,2,4,86,3.73,4.0,4.4,Moderate
17,10,9.1,71,76,81,82,49.7,5,5,1,14,41,2.7,1.7,3.7,Moderate
15,0,5.3,72,53,115,115,56.7,8,5,1,8,65,3.83,12.9,2.4,Moderate
8,9,5.6,81,35,23,30,41.4,9,9,0,3,46,0.77,3.3,7.4,Moderate
5,8,7.2,84,70,28,52,49.5,4,7,1,4,16,0.93,5.0,2.2,Moderate
17,1,7.6,78,15,6,118,34.6,5,6,0,2,7,0.2,-3.8,0.0,Moderate
15,7,6.9,64,65,8,39,38.8,6,8,0,9,14,0.27,-2.8,4.5,Low
0,7,8.6,82,37,9,56,40.8,6,6,1,0,49,0.3,-3.1,2.8,Low
7,20,6.8,79,75,29,71,51.3,7,10,1,5,49,0.97,12.7,6.8,High
11,10,4.0,62,27,18,90,49.8,4,5,1,0,38,0.6,6.4,0.0,High
15,15,6.5,75,40,42,43,58.6,6,3,1,11,10,1.4,5.2,0.0,Moderate
15,8,5.7,82,60,22,119,54.9,5,5,0,6,90,0.73,1.3,0.0,Moderate
11,0,8.1,96,63,90,79,45.9,5,6,1,9,36,3.0,0.9,0.0,Low
13,12,7.6,66,41,17,5,73.1,4,7,1,7,85,0.57,15.8,0.7,High
10,5,4.5,87,46,6,26,47.7,5,7,0,0,17,0.2,7.8,1.2,Moderate
5,7,8.0,66,69,11,26,33.4,5,7,1,5,35,0.37,-8.4,0.4,Low
8,2,7.5,64,70,82,33,34.6,3,4,0,7,100,2.73,-2.4,1.2,Low
10,9,6.0,65,46,17,113,52.3,4,2,0,4,30,0.57,2.0,0.0,Moderate
9,15,6.3,85,41,60,21,31.9,5,1,4,1,17,2.0,-9.7,3.1,High
0,14,8.1,79,27,41,25,47.6,5,8,0,16,173,1.37,3.8,2.4,Moderate
7,18,4.0,75,57,74,248,43.0,4,1,0,2,121,2.47,-0.3,0.0,High
10,19,6.9,83,67,97,32,63.2,6,7,0,4,40,3.23,10.3,0.1,High
8,0,7.7,78,55,44,53,35.5,2,7,0,7,42,1.47,-4.6,1.7,Low
8,2,6.3,79,35,45,81,55.0,1,8,0,6,112,1.5,-0.7,2.4,Moderate
13,0,7.2,75,84,3,40,42.9,3,7,0,9,4,0.1,-1.8,0.3,Low
2,12,6.5,67,15,39,54,42.0,5,6,0,4,30,1.3,0.1,5.4,Low
0,4,5.5,97,68,25,36,59.7,3,2,2,6,17,0.83,4.6,0.0,Low
7,6,5.4,93,56,55,48,41.4,3,4,1,9,11,1.83,-4.8,0.0,Low
14,7,7.3,95,60,60,40,37.9,10,10,0,8,44,2.0,4.6,5.7,High
20,11,5.6,72,38,12,75,41.8,4,7,1,12,24,0.4,-1.7,0.0,Moderate
15,0,4.6,70,49,33,49,36.9,2,3,2,7,97,1.1,-7.5,0.0,Moderate
0,1,6.5,73,57,86,13,32.2,4,3,0,6,13,2.87,-9.7,2.3,Low
8,9,5.8,90,50,61,223,39.0,6,12,0,12,51,2.03,1.1,6.4,Moderate
11,15,5.0,78,20,48,17,31.5,6,2,0,4,48,1.6,-4.2,0.0,High
11,8,6.5,72,83,53,97,38.2,4,6,3,6,84,1.77,-0.6,0.0,Low
13,4,7.3,82,64,3,39,38.0,4,7,1,6,28,0.1,3.7,4.5,Moderate
4,0,6.4,70,53,37,78,48.2,2,9,2,10,20,1.23,1.9,7.9,Low
10,14,5.1,63,54,22,17,34.4,3,9,0,11,62,0.73,-2.9,0.0,Moderate
12,4,7.0,79,82,96,83,51.3,3,8,1,7,66,3.2,5.6,2.8,Moderate
15,2,7.6,72,39,136,108,30.0,4,6,2,6,24,4.53,-11.2,2.1,Moderate
4,0,9.1,78,35,22,73,37.6,3,8,1,6,62,0.73,-4.0,1.3,Low
7,0,8.1,50,67,105,73,44.1,5,15,0,8,18,3.5,4.1,8.1,Moderate
0,3,5.2,68,60,58,35,42.4,7,17,0,9,119,1.93,8.4,6.9,Low
5,7,7.4,78,34,3,55,46.5,6,8,2,10,92,0.1,6.4,1.0,Moderate
6,1,6.7,61,72,88,13,33.9,5,5,2,0,24,2.93,-8.9,0.0,Low
3,10,5.0,62,57,74,24,63.1,2,6,2,5,109,2.47,8.1,0.4,Moderate
11,7,6.7,78,36,37,122,60.6,5,9,2,11,50,1.23,12.0,4.2,High
9,21,8.7,86,61,58,296,30.0,0,3,0,2,13,1.93,-15.0,0.0,Moderate
0,0,7.8,68,58,63,94,51.4,3,8,3,2,147,2.1,0.7,3.2,Low
11,9,5.2,75,50,96,76,42.8,4,7,1,9,27,3.2,2.8,5.7,High
3,10,6.4,75,59,97,9,44.9,6,1,0,1,32,3.23,3.6,0.0,Low
13,3,7.0,61,63,27,72,45.1,4,7,1,10,17,0.9,-0.2,1.9,Low
1,9,4.3,91,68,20,26,38.8,6,4,0,11,42,0.67,-2.7,0.7,Low
10,13,4.4,76,54,22,86,44.9,6,9,0,13,69,0.73,2.2,2.8,Moderate
8,9,6.6,76,47,19,166,59.7,3,5,0,9,10,0.63,0.3,0.0,Low
11,17,6.6,82,56,28,36,62.4,3,2,1,8,118,0.93,10.2,0.0,High
10,0,4.2,61,73,29,65,44.9,5,5,2,0,18,0.97,-1.7,0.0,Moderate
8,4,6.9,88,63,18,67,31.3,2,7,0,5,65,0.6,-7.1,0.0,Low
0,17,7.7,90,46,33,70,43.6,2,1,0,12,61,1.1,-8.5,0.0,Moderate
0,14,6.1,80,53,87,90,43.2,3,8,1,2,6,2.9,-6.2,3.6,Low
6,12,6.5,83,82,39,36,58.9,3,4,2,4,14,1.3,5.6,0.0,Low
9,16,7.1,74,65,12,25,35.1,4,8,1,9,8,0.4,-5.7,4.7,Moderate
6,0,6.9,87,55,23,185,30.0,3,12,2,10,3,0.77,-1.7,5.5,Low
14,13,4.4,69,73,113,86,39.6,4,10,1,9,92,3.77,1.8,7.4,High
8,15,5.3,78,42,84,145,51.8,5,6,1,10,17,2.8,6.3,2.5,High
3,5,5.9,78,58,18,133,37.4,3,9,0,12,68,0.6,0.8,4.6,Low
8,21,5.4,78,86,96,37,43.6,5,8,0,10,90,3.2,2.0,2.8,High
11,10,8.2,90,64,64,98,52.6,1,6,0,12,73,2.13,1.9,0.0,High
12,0,7.2,102,81,107,102,32.0,3,15,2,6,60,3.57,0.9,7.8,Moderate
22,11,5.1,77,50,8,53,44.9,2,9,0,5,110,0.27,-1.3,4.0,Moderate
5,4,6.1,83,43,24,38,48.0,4,4,2,14,75,0.8,-0.3,0.0,Moderate
9,15,7.8,69,73,67,53,51.6,2,7,1,8,36,2.23,5.2,2.8,Moderate
12,12,5.6,89,19,51,56,42.1,5,8,0,9,24,1.7,-0.4,3.6,Moderate
9,5,7.4,72,55,100,47,59.7,4,7,2,6,41,3.33,5.1,5.9,High
6,17,8.1,113,71,75,31,41.4,4,6,0,1,45,2.5,-1.6,4.1,Moderate
0,14,7.9,60,62,8,94,53.1,8,7,0,11,63,0.27,5.1,0.0,Moderate
6,4,6.6,102,15,57,25,55.9,3,5,2,10,70,1.9,1.1,0.0,Low
3,8,7.9,89,28,78,112,30.0,3,7,1,10,32,2.6,-9.2,7.8,Low
0,11,5.8,66,50,15,234,59.7,1,12,0,2,4,0.5,7.3,8.9,Moderate
4,6,9.4,104,61,42,73,36.0,4,7,0,8,116,1.4,0.0,0.0,Low
3,7,6.7,68,61,17,69,41.9,2,7,3,11,30,0.57,-3.3,0.0,Low
13,9,7.8,75,52,49,48,55.6,1,10,1,2,87,1.63,8.0,5.7,High
13,2,6.0,64,65,32,123,41.9,7,9,0,3,61,1.07,7.9,0.0,Low
4,0,7.0,76,60,38,60,45.1,3,5,1,8,7,1.27,-2.1,0.0,Low
8,10,7.1,77,50,78,69,54.1,4,3,1,3,77,2.6,5.3,0.0,Moderate
0,0,5.3,87,62,26,87,47.3,6,2,2,0,34,0.87,2.8,0.0,Moderate
6,3,5.2,105,40,30,34,36.8,6,8,1,5,80,1.0,-2.6,4.4,Moderate
12,0,6.2,72,63,31,33,56.6,5,14,1,4,33,1.03,8.7,9.6,Moderate
15,0,7.7,50,37,46,49,48.9,3,6,0,9,49,1.53,4.6,0.2,Moderate
5,11,4.2,85,61,27,44,31.8,4,1,2,11,16,0.9,-8.9,0.0,Low
16,7,6.0,72,60,20,172,44.8,4,10,1,4,26,0.67,5.0,5.0,High
0,7,8.0,98,47,68,71,48.9,3,7,0,17,45,2.27,6.1,5.2,Moderate
1,1,4.9,78,63,29,29,42.2,2,5,0,8,18,0.97,-4.4,0.5,Low
14,5,7.9,70,80,35,53,31.1,6,2,2,4,85,1.17,-7.3,0.7,Low
20,11,5.0,67,34,60,101,33.4,5,10,1,10,109,2.0,-6.3,5.1,High
13,8,5.3,85,69,24,155,39.8,1,6,2,9,50,0.8,-4.1,1.2,Low
9,13,6.2,75,72,12,348,49.1,1,9,0,9,31,0.4,5.2,1.8,High
0,14,8.6,94,48,95,23,56.3,4,6,0,14,76,3.17,6.6,0.3,Moderate
0,7,5.6,76,66,51,227,33.2,2,12,0,3,43,1.7,-5.5,3.5,Low
10,0,4.3,94,47,38,84,40.6,3,7,2,10,68,1.27,-2.0,0.6,High
7,4,4.7,63,75,41,154,30.0,3,4,1,7,106,1.37,-8.2,0.8,Low
2,8,7.5,59,15,108,46,45.5,6,8,1,0,78,3.6,4.0,5.5,High
10,4,4.8,87,78,60,148,59.4,3,6,2,1,96,2.0,10.7,1.8,High
10,2,7.8,73,32,2,161,55.0,1,3,0,12,47,0.07,-1.7,0.0,Moderate
16,9,6.5,75,54,37,115,43.3,4,3,0,10,16,1.23,-4.5,0.0,Moderate
10,21,6.4,67,37,41,203,42.8,4,6,1,14,19,1.37,0.1,0.0,Moderate
17,6,6.8,66,79,38,34,42.5,5,10,1,8,32,1.27,6.8,2.8,High
10,8,5.4,85,48,6,47,43.1,5,4,3,0,7,0.2,4.7,0.0,Low
9,1,6.6,78,42,15,58,46.0,6,9,0,6,18,0.5,5.7,2.2,Low
16,16,5.0,66,72,8,29,42.5,10,6,0,6,75,0.27,3.3,0.0,High
3,14,8.0,87,65,119,102,45.7,4,10,1,7,79,3.97,0.8,5.9,Moderate
27,13,5.2,91,46,39,109,35.6,4,12,1,3,47,1.3,-2.6,4.9,High
12,16,6.9,77,34,43,18,49.8,7,7,0,13,26,1.43,10.5,4.0,Moderate
12,6,5.2,89,32,33,136,51.3,4,4,0,3,25,1.1,5.5,0.0,Moderate
13,7,5.8,67,75,10,114,68.1,5,4,0,7,132,0.33,6.1,0.8,High
22,18,6.0,84,60,18,101,50.2,1,9,3,4,70,0.6,3.9,5.6,High
15,12,9.5,80,55,20,5,44.4,7,3,0,10,60,0.67,-0.8,0.0,Low
0,0,6.4,69,61,119,82,60.2,3,1,0,2,28,3.97,5.3,0.7,Low
19,11,5.4,101,17,34,226,58.4,1,10,0,1,22,1.13,6.9,7.1,High
7,5,5.9,81,46,24,97,39.4,7,4,0,11,60,0.8,-3.5,0.0,Low
10,14,4.6,72,47,76,51,61.5,3,2,1,9,41,2.53,7.6,0.0,High
1,11,6.2,78,70,30,44,48.9,4,4,0,14,35,1.0,0.2,3.7,Low
13,0,8.6,68,26,12,151,33.2,4,5,1,8,6,0.4,-3.0,0.6,Moderate
5,10,6.8,65,71,18,47,39.4,7,2,0,8,53,0.6,-4.9,0.0,Low
10,10,7.5,73,84,75,97,40.3,7,3,1,3,56,2.5,-1.9,0.0,Moderate
8,11,5.3,74,21,25,31,59.3,4,7,0,12,57,0.83,1.2,1.8,Moderate
22,12,6.2,69,52,46,202,47.5,3,5,1,11,39,1.53,-3.9,1.1,Moderate
22,17,6.6,92,61,34,143,46.8,7,7,1,11,70,1.13,2.6,0.5,High
10,11,5.5,70,68,63,150,45.4,4,8,0,8,106,2.1,-3.9,3.4,Low
10,9,6.9,68,15,30,127,63.8,7,4,2,5,10,1.0,15.5,0.0,High
7,15,7.1,65,58,20,74,44.1,5,6,0,7,25,0.67,1.0,3.2,Moderate
17,21,7.1,64,48,17,28,42.2,5,9,1,8,26,0.57,1.1,5.8,High
7,14,6.2,89,47,67,31,56.6,6,10,0,6,36,2.23,9.0,1.9,High
7,10,7.7,81,89,24,120,47.4,5,1,1,6,92,0.8,-0.6,0.0,Moderate
16,11,6.1,86,48,44,65,58.7,5,2,2,10,48,1.47,6.1,0.0,Moderate
6,10,6.0,89,60,83,76,42.2,2,7,3,12,52,2.77,2.6,3.7,Moderate
9,9,8.1,74,50,38,83,47.6,4,6,1,3,50,1.27,3.1,0.8,Moderate
0,21,5.1,94,56,50,15,62.1,3,5,1,8,43,1.67,6.1,0.1,Moderate
14,4,4.4,71,62,24,110,41.5,6,5,1,14,72,0.8,-0.5,1.7,Low
22,15,5.4,66,68,30,66,54.7,4,4,1,4,59,1.0,5.5,1.5,High
14,8,6.9,82,38,85,181,32.0,5,11,3,6,53,2.83,-2.9,2.7,High
19,0,7.9,80,55,62,66,52.6,3,3,1,4,13,2.07,-1.6,2.4,Moderate
4,7,5.6,80,55,33,140,40.1,3,6,1,7,13,1.1,-2.8,1.7,High
11,5,8.6,89,22,39,133,53.9,3,6,1,8,44,1.3,6.2,0.0,Moderate
3,12,6.4,79,35,32,75,35.8,7,9,1,8,39,1.07,-1.2,3.1,Moderate
8,9,6.3,81,68,58,35,55.1,3,8,0,11,13,1.93,7.3,2.1,High
15,3,5.4,93,44,23,100,45.3,2,6,0,8,14,0.77,-4.7,0.9,Moderate
10,17,8.7,81,99,57,122,49.6,4,5,1,9,52,1.9,-3.3,0.6,High
0,15,6.2,83,69,105,235,47.0,0,3,3,5,24,3.5,0.7,0.0,Moderate
1,18,4.8,62,60,42,130,44.9,2,10,1,3,69,1.4,-1.5,2.0,Low
1,10,9.3,119,79,13,88,39.9,8,1,1,15,24,0.43,1.3,0.0,Moderate
13,8,6.9,61,66,34,94,37.2,5,3,0,10,32,1.13,-2.6,0.0,Low
23,13,7.4,72,55,99,96,52.1,4,9,0,4,37,3.3,10.6,7.2,High
18,5,8.4,72,27,38,125,35.6,6,3,0,7,37,1.27,-8.7,0.0,High
0,9,7.1,101,64,16,57,44.4,2,8,1,10,116,0.53,-4.2,1.7,High
19,7,7.6,71,77,33,87,36.7,4,10,1,6,33,1.1,-2.0,5.0,High
16,0,6.5,83,41,89,18,42.7,2,10,1,7,19,2.97,-6.8,8.2,High
0,9,7.3,72,19,23,39,30.0,8,4,1,9,97,0.77,-6.1,0.0,Moderate
8,6,6.4,67,33,90,94,56.4,7,5,2,9,37,3.0,10.3,3.0,Moderate
17,7,6.4,84,84,31,159,52.3,4,3,1,1,138,1.03,3.6,0.0,Low
13,11,6.5,70,53,152,85,45.4,4,7,0,7,43,5.07,-0.3,5.0,High
1,16,5.9,80,78,25,133,47.5,3,11,1,0,23,0.83,0.2,3.5,Low
13,4,7.0,85,52,19,136,56.4,1,6,0,8,44,0.63,-2.9,0.1,Low
0,7,7.0,99,43,3,129,41.0,6,6,0,8,80,0.1,-1.0,1.7,Low
8,4,7.4,64,90,35,26,57.6,5,6,0,7,67,1.17,8.7,0.8,Moderate
17,4,7.2,76,45,31,51,39.5,5,6,0,10,19,1.03,-1.1,0.0,Low
10,5,8.8,77,48,99,160,45.5,7,8,1,0,49,3.3,5.8,3.9,High
6,7,7.7,78,60,68,72,33.3,3,2,0,6,66,2.27,-5.4,0.0,Moderate
15,12,6.2,106,47,87,79,58.2,3,6,2,5,50,2.9,4.2,3.4,High
16,10,6.9,76,66,75,87,43.3,2,8,2,5,58,2.5,-2.2,0.2,Moderate
18,2,8.1,50,60,36,186,48.9,4,9,1,4,60,1.2,4.9,4.3,Moderate
15,16,5.3,76,61,180,44,38.9,4,11,1,5,31,6.0,3.8,9.4,High
17,14,8.8,77,41,34,125,44.0,2,4,4,2,17,1.13,-8.8,0.6,Moderate
14,3,5.5,75,22,50,92,36.8,4,3,0,7,47,1.67,-6.3,0.0,Low
11,16,7.5,70,37,120,84,38.2,6,5,1,8,53,4.0,-1.6,2.0,High
10,10,6.4,63,39,70,54,31.1,6,8,2,10,44,2.33,-7.0,4.0,Low
8,8,6.3,102,57,42,110,43.4,11,2,1,6,49,1.4,6.6,0.0,Moderate
2,11,4.8,82,37,56,71,39.4,1,7,1,10,23,1.87,-5.3,0.0,Moderate
3,8,7.5,76,26,23,169,65.6,2,7,0,6,12,0.77,4.5,1.2,Low
8,12,4.9,101,31,28,127,35.6,5,4,1,12,46,0.93,-3.5,0.0,Moderate
11,10,4.7,68,59,50,114,39.4,4,8,1,8,9,1.67,-1.4,4.0,Moderate
19,7,7.8,85,64,16,147,52.5,2,2,2,5,10,0.53,-3.9,0.0,Moderate
9,0,8.5,64,43,22,46,36.7,2,10,1,11,103,0.73,-1.1,0.0,Low
16,12,5.6,86,45,7,206,44.3,5,8,0,4,102,0.23,-2.9,0.7,Moderate
17,6,7.6,66,63,38,94,52.0,2,5,1,9,9,1.27,-0.2,1.2,Low
8,13,7.4,83,55,42,75,51.3,7,2,0,4,63,1.4,2.5,0.0,Moderate
13,11,6.3,99,73,77,149,45.8,1,6,1,11,45,2.57,-3.0,2.6,High
8,6,8.0,79,49,19,46,44.5,4,8,2,14,106,0.63,5.0,0.0,Low
18,14,6.2,54,37,29,82,54.0,5,4,0,0,31,0.97,8.0,0.0,High
14,10,7.0,78,72,64,78,56.3,4,1,1,6,50,2.13,7.2,0.0,High
2,9,4.9,83,46,72,64,45.9,4,4,2,15,47,2.4,-3.9,3.7,Low
11,8,4.9,88,38,70,129,50.0,2,14,0,4,58,2.33,3.4,6.8,High
20,18,7.8,94,68,20,111,40.6,3,7,1,6,29,0.67,-5.3,2.0,Moderate
8,4,7.1,95,78,8,73,55.6,6,5,3,7,4,0.27,5.8,0.0,Low
12,7,6.2,77,55,41,163,52.3,3,14,0,5,48,1.37,4.6,4.7,High
13,1,8.7,71,34,37,94,42.4,6,9,1,13,25,1.23,3.0,2.2,Moderate
3,13,8.7,66,80,43,106,40.6,2,11,1,12,46,1.43,-5.4,3.7,Moderate
13,5,6.9,72,59,48,115,61.5,5,7,1,1,29,1.6,4.7,1.2,High
0,6,4.7,83,56,54,38,40.7,2,9,1,6,37,1.8,-2.6,3.7,Moderate
5,6,6.3,63,45,54,74,43.4,7,7,0,14,26,1.8,2.8,1.4,Low
16,9,5.4,68,72,29,66,34.0,2,4,2,4,23,0.97,-13.6,0.0,Low
12,1,6.5,84,32,33,57,54.5,6,6,1,8,50,1.1,7.0,0.4,Moderate
8,0,5.3,71,30,26,63,40.7,0,6,0,2,86,0.87,-0.2,2.0,Low
12,11,5.0,82,86,66,249,45.5,1,6,0,10,37,2.2,5.3,3.9,Moderate
9,0,3.7,69,36,16,54,44.7,4,4,0,9,57,0.53,-1.3,0.5,Low
10,13,6.6,81,69,114,150,66.6,4,5,0,4,19,3.8,7.7,3.0,High
14,18,3.6,70,77,37,108,61.5,5,5,1,10,24,1.23,8.6,0.0,High
5,8,6.0,57,56,37,91,48.3,2,5,1,3,32,1.23,1.9,0.0,Low
10,16,7.2,89,36,32,61,39.6,3,10,0,12,14,1.07,1.8,1.3,Moderate
7,8,5.5,70,63,67,22,46.6,3,7,3,12,37,2.23,5.8,3.7,Moderate
0,18,5.1,75,77,40,52,44.9,4,2,1,10,26,1.33,-4.1,1.7,Low
4,6,6.3,70,58,27,62,59.8,5,2,1,8,112,0.9,3.7,0.0,Low
20,0,5.4,84,39,65,76,68.7,1,5,0,4,77,2.17,7.2,2.7,High
12,8,6.6,82,58,23,169,48.5,7,3,2,3,38,0.77,-3.9,0.0,Low
1,18,5.2,84,27,68,69,52.7,3,5,0,10,52,2.27,0.0,0.0,Moderate
0,12,6.3,72,34,11,5,63.2,5,12,0,0,9,0.37,11.8,5.3,Moderate
9,6,6.0,77,47,88,129,50.3,3,4,0,3,125,2.93,-1.3,0.0,Moderate
20,10,6.4,83,53,22,106,38.3,2,3,2,8,55,0.73,-6.1,0.0,Moderate
8,14,8.4,95,30,14,94,44.6,1,7,1,5,24,0.47,0.8,0.3,Low
18,8,6.6,81,56,31,132,45.6,5,4,0,14,33,1.03,5.2,0.0,Moderate
12,21,7.0,67,61,27,88,39.1,5,1,2,3,26,0.9,-8.0,0.0,High
13,5,5.7,81,48,49,146,46.1,5,5,0,4,111,1.63,1.3,3.3,High
1,14,6.7,76,15,13,135,32.0,2,1,0,5,52,0.43,-11.9,0.0,Moderate
16,13,6.1,56,54,48,108,30.0,5,3,0,2,17,1.6,-7.8,0.0,Moderate
7,4,6.4,58,85,30,193,45.2,3,7,0,12,7,1.0,-1.0,0.0,Low
15,6,7.2,77,60,40,84,43.7,4,2,0,0,46,1.33,-4.9,0.0,Moderate
4,14,5.8,78,52,16,57,61.8,4,9,2,7,9,0.53,8.6,0.4,Low
11,9,5.9,75,45,38,111,41.5,2,5,1,13,13,1.27,-6.1,0.4,Low
12,10,5.8,88,62,23,43,48.6,9,11,0,10,45,0.77,10.8,0.0,High
8,0,5.8,68,56,9,33,42.1,8,6,0,8,60,0.3,3.6,0.0,Low
12,12,6.6,63,65,57,57,30.0,8,6,2,4,14,1.9,-8.3,6.1,High
8,10,6.0,69,32,19,84,45.4,5,6,1,6,66,0.63,-2.2,0.5,Low
5,8,8.2,71,54,48,47,47.9,4,8,1,9,73,1.6,2.7,0.0,Low
20,11,9.5,77,44,20,79,41.0,10,10,0,15,32,0.67,3.9,6.2,High
16,6,5.7,69,59,37,20,44.1,3,3,1,6,118,1.23,-5.6,0.0,Moderate
5,5,6.8,54,17,141,108,54.4,2,6,2,0,105,4.7,5.7,2.9,High
13,7,7.6,50,45,75,81,43.5,8,6,1,12,10,2.5,3.6,3.5,Moderate
5,6,6.1,79,62,107,101,57.4,5,10,0,7,16,3.57,11.5,2.2,Moderate
2,21,5.2,66,65,78,70,47.9,3,7,2,8,13,2.6,-1.7,1.3,Moderate
16,14,8.5,56,51,36,34,55.5,5,4,0,5,118,1.2,8.3,0.5,Moderate
0,3,7.2,85,15,67,61,60.2,4,6,0,3,59,2.23,4.3,4.5,Low
16,20,6.8,95,64,33,214,37.9,4,2,3,0,67,1.1,-12.0,0.0,High
8,6,8.1,77,81,13,34,55.7,5,11,0,9,4,0.43,9.2,0.0,Moderate
8,9,7.3,81,37,44,106,57.9,4,4,1,10,57,1.47,4.0,0.5,Moderate
12,14,6.3,81,44,10,163,55.7,5,3,3,9,83,0.33,0.4,0.0,Moderate
13,0,5.2,53,67,32,26,43.6,7,9,0,5,53,1.07,4.6,1.0,Moderate
4,7,5.8,88,67,83,151,30.0,6,8,0,16,89,2.77,-5.3,4.1,Moderate
14,5,7.8,92,72,73,124,68.1,6,12,1,13,89,2.43,19.5,6.6,High
10,10,7.2,98,70,32,42,31.9,5,7,0,10,26,1.07,-6.2,3.2,Low
1,11,6.2,73,24,106,24,64.0,4,8,0,6,28,3.53,9.4,6.1,High
8,8,8.5,66,43,52,190,35.5,7,8,0,11,16,1.73,-5.3,1.6,Low
18,8,6.2,93,63,60,35,34.7,2,5,2,7,8,2.0,-4.6,1.0,Moderate
20,15,7.6,83,50,27,52,46.7,3,6,0,13,40,0.9,2.1,0.0,Moderate
14,10,6.7,88,59,66,252,45.4,1,10,1,7,20,2.2,-0.5,5.4,High
2,9,8.7,71,50,34,63,65.7,2,4,0,4,43,1.13,3.1,0.0,Moderate
13,9,7.3,81,44,17,22,40.1,3,6,1,12,48,0.57,-5.6,3.6,Moderate
15,19,6.5,66,48,53,18,54.3,2,1,0,13,18,1.77,-1.5,0.0,Low
14,10,6.2,78,32,38,75,50.6,8,8,1,8,26,1.27,5.6,0.7,High
15,6,6.4,74,39,36,67,38.0,5,8,0,8,30,1.2,-0.7,0.5,Moderate
12,0,5.5,104,51,56,37,51.1,6,11,1,11,7,1.87,9.1,3.9,High
9,0,4.8,84,51,10,17,45.3,7,7,1,1,9,0.33,6.2,1.3,Moderate
6,6,6.8,54,62,24,74,56.7,3,3,1,9,22,0.8,0.4,0.9,Low
0,8,5.8,78,47,48,24,44.1,5,7,0,8,39,1.6,-1.5,2.5,Low
12,5,5.8,82,82,16,50,59.4,4,14,0,5,21,0.53,11.8,6.3,Moderate
11,11,6.3,73,74,21,44,49.4,2,2,0,9,67,0.7,-2.3,0.0,Low
13,5,6.5,66,43,66,41,35.2,3,6,0,16,42,2.2,-9.8,0.0,Moderate
1,3,6.4,85,56,13,27,30.0,5,1,0,2,39,0.43,-12.4,0.0,Low
14,12,8.5,67,74,75,27,62.5,5,10,2,9,94,2.5,12.9,6.1,High
23,16,7.2,84,40,57,110,45.6,4,5,0,6,56,1.9,-4.1,0.0,Moderate
10,2,8.9,66,39,61,99,45.5,3,9,1,4,17,2.03,3.6,5.0,Moderate
9,10,5.9,72,75,15,11,48.3,3,2,0,5,23,0.5,3.1,0.0,Moderate
12,0,7.3,89,64,77,145,45.7,4,5,1,10,94,2.57,-0.2,0.0,Moderate
23,0,5.9,83,71,43,37,47.1,4,1,0,7,34,1.43,-3.5,0.0,Moderate
3,5,5.7,78,58,108,34,31.4,3,4,1,10,20,3.6,-4.6,4.4,Low
11,15,9.0,78,47,58,53,54.5,4,8,1,5,31,1.93,5.3,4.7,Moderate
4,4,5.5,79,28,36,45,47.6,8,3,0,11,34,1.2,3.7,0.0,Low
6,4,3.7,69,54,11,155,52.4,9,10,0,2,46,0.37,9.2,0.9,High
9,9,5.6,61,74,50,80,41.1,2,4,1,11,30,1.67,2.7,1.3,High
18,9,4.0,84,74,71,39,46.0,3,5,0,1,80,2.37,-4.4,0.8,Moderate
21,4,5.3,95,71,65,66,33.2,4,3,0,9,15,2.17,-7.5,2.2,Moderate
12,20,5.4,85,66,17,16,56.1,7,11,2,6,82,0.57,7.8,4.6,High
7,7,6.4,81,92,105,65,45.0,5,1,1,0,53,3.5,-1.9,0.0,Low
26,9,3.9,65,24,24,25,30.0,4,7,0,10,23,0.8,-3.9,0.0,High
7,6,7.8,88,56,74,133,42.8,3,5,1,9,56,2.47,-5.2,0.0,Moderate
6,11,4.1,83,35,19,91,49.5,8,11,1,6,57,0.63,5.5,5.7,Moderate
0,16,6.2,86,80,19,62,59.3,3,5,1,0,36,0.63,1.3,3.8,Low
19,18,6.0,89,42,20,136,32.9,8,5,4,9,13,0.67,-2.1,0.8,High
16,4,7.4,95,70,20,79,57.8,1,4,1,8,31,0.67,3.4,0.0,Moderate
25,15,6.8,66,44,13,152,52.5,2,6,0,0,22,0.43,2.5,3.9,Moderate
0,12,7.8,64,60,17,77,42.0,7,8,1,9,32,0.57,3.2,1.3,Low
19,14,6.0,80,50,5,94,54.1,2,6,1,14,97,0.17,2.9,1.0,High
10,8,5.8,68,52,7,119,48.9,3,3,1,0,70,0.23,0.8,2.7,Moderate
15,7,6.9,66,58,121,119,41.1,5,5,2,4,17,4.03,-0.8,1.6,High
0,14,7.6,91,69,47,22,56.0,3,8,0,8,17,1.57,4.2,1.0,Moderate
19,14,7.4,67,50,37,39,58.6,5,8,1,14,68,1.23,8.4,5.2,High
15,18,6.8,78,68,46,40,33.4,4,11,0,7,113,1.53,-2.2,3.0,Moderate
9,10,6.7,60,71,27,85,49.3,5,5,0,9,12,0.9,-0.3,0.0,Moderate
14,8,6.4,79,44,35,53,44.6,5,6,0,0,48,1.17,-0.8,3.7,Moderate
5,0,6.9,91,86,29,18,50.3,5,7,1,9,50,0.97,-0.1,1.6,Low
6,0,8.8,91,65,53,38,43.1,4,8,0,6,19,1.77,-0.2,3.4,Low
6,6,6.1,89,44,69,35,59.7,1,8,1,9,94,2.3,4.8,4.9,Moderate
0,2,6.0,77,63,21,206,30.0,4,2,0,12,31,0.7,-8.8,2.7,Low
15,13,5.9,90,71,16,176,47.6,2,1,0,14,14,0.53,-8.1,0.0,High
17,1,6.9,83,63,25,121,41.2,0,7,0,11,123,0.83,-8.3,3.3,Moderate
5,6,3.9,73,56,22,60,43.9,4,3,4,6,42,0.73,-0.0,0.0,Moderate
12,6,6.2,82,15,54,102,30.0,4,3,2,4,8,1.8,-5.8,2.1,Low
8,15,7.5,88,35,37,107,57.5,6,5,2,3,64,1.23,3.6,3.6,High
12,5,5.8,63,64,18,39,33.4,7,1,1,5,59,0.6,-6.9,0.0,Moderate
5,11,6.6,66,34,125,68,50.1,6,5,2,14,47,4.17,-0.2,2.0,High
4,10,8.9,76,61,7,40,41.0,3,5,0,4,38,0.23,-0.2,0.6,Low
16,14,6.8,65,68,60,17,43.5,4,5,0,4,73,2.0,-0.1,3.4,Moderate
9,13,3.7,64,50,21,85,51.3,2,2,1,5,10,0.7,-1.8,0.0,Moderate
23,8,4.7,73,20,28,105,57.1,7,11,0,6,21,0.93,9.7,3.8,High
10,0,6.1,89,39,49,59,34.0,5,10,0,4,13,1.63,1.7,1.8,Low
3,7,5.4,89,64,3,152,42.3,5,11,1,9,66,0.1,4.4,0.0,Moderate
17,8,6.5,82,75,50,106,48.5,3,3,0,9,57,1.67,2.5,0.3,Moderate
14,10,6.0,80,15,66,32,45.6,6,7,1,6,36,2.2,5.2,1.7,Moderate
14,4,7.8,101,53,79,58,53.6,3,13,0,7,66,2.63,6.9,8.3,Moderate
17,15,5.1,72,26,20,21,59.6,2,7,1,5,11,0.67,0.6,0.0,Moderate
5,9,6.2,81,54,60,132,40.0,3,7,0,11,78,2.0,-2.5,3.6,Low
9,3,6.7,72,49,72,117,38.5,4,6,0,4,37,2.4,-2.0,0.0,Low
8,6,6.8,64,94,70,84,51.0,3,6,2,3,63,2.33,1.0,0.0,Moderate
1,20,6.6,91,42,42,88,35.3,7,12,1,15,72,1.4,0.7,5.5,High
8,12,3.5,75,71,81,86,50.3,2,1,0,2,102,2.7,-2.4,0.0,Moderate
18,15,6.5,86,70,138,99,45.5,4,5,2,9,47,4.6,0.6,0.1,High
11,2,6.2,75,48,36,101,44.5,0,9,1,5,45,1.2,-4.9,2.3,Low
1,5,7.4,92,54,21,39,52.4,6,4,0,12,145,0.7,1.7,0.0,Low
0,5,7.3,67,52,44,21,41.6,3,8,1,3,53,1.47,-3.9,3.0,Low
20,10,6.7,91,39,27,118,75.0,3,7,0,8,27,0.9,10.7,0.2,High
9,7,6.8,88,37,24,138,43.3,6,9,0,9,94,0.8,7.5,2.1,Moderate
5,6,8.0,58,45,109,138,39.3,4,5,1,11,45,3.63,-3.7,1.7,Moderate
8,6,7.8,72,32,30,168,66.4,4,5,0,6,9,1.0,4.7,0.0,Moderate
0,4,6.7,89,43,29,164,45.8,3,7,3,14,6,0.97,2.9,0.0,Low
19,7,9.0,96,48,25,114,36.4,4,6,0,9,45,0.83,-6.3,0.0,Moderate
7,15,5.6,86,55,48,45,44.5,3,7,0,11,28,1.6,-1.0,2.6,Moderate
18,0,5.0,74,60,57,21,62.4,3,8,1,12,22,1.9,10.7,3.6,High
10,11,6.4,67,48,89,53,48.3,6,7,0,7,67,2.97,4.9,2.4,High
19,17,6.0,84,38,16,15,37.7,4,5,1,6,180,0.53,-0.4,0.0,High
11,7,3.4,73,60,87,140,54.6,6,3,0,4,20,2.9,-1.7,0.0,Moderate
15,5,5.6,74,66,19,24,51.7,5,7,0,8,120,0.63,5.5,0.0,Moderate
14,14,6.8,76,43,16,76,51.4,4,2,0,4,45,0.53,2.1,0.0,High
14,3,6.3,88,34,33,72,31.3,2,8,1,8,94,1.1,-5.6,0.0,Low
12,8,5.5,98,44,17,139,36.5,4,5,0,11,66,0.57,-9.8,0.0,Moderate
8,2,6.5,89,49,48,98,32.1,4,5,0,5,32,1.6,-5.4,0.7,Low
22,0,6.5,78,73,24,47,42.9,3,4,0,1,43,0.8,-8.2,1.4,Moderate
4,8,7.3,68,64,67,78,59.1,5,6,0,6,51,2.23,9.7,0.1,Low
10,1,5.6,85,52,54,75,30.0,3,5,1,6,48,1.8,-7.3,4.2,Moderate
10,8,7.4,96,86,57,32,35.2,3,5,0,8,20,1.9,0.7,3.3,Low
12,15,5.1,89,51,45,63,30.5,6,7,0,7,5,1.5,-7.9,1.3,Moderate
7,19,5.8,80,77,44,127,53.0,2,5,1,7,19,1.47,-6.3,1.0,Moderate
12,9,8.4,73,74,23,82,62.8,6,7,0,9,41,0.77,4.2,1.8,High
8,14,5.2,82,73,25,60,48.3,0,9,0,9,164,0.83,2.8,0.0,Moderate
0,11,5.6,91,58,26,84,50.2,8,6,2,10,64,0.87,0.7,1.9,Low
10,6,4.9,81,54,64,25,45.6,4,6,2,4,12,2.13,-1.0,0.0,Low
2,0,5.4,77,52,48,138,44.3,6,1,0,5,31,1.6,-3.9,0.0,Low
0,18,6.6,70,67,25,204,52.3,4,8,0,4,33,0.83,8.1,2.6,High
10,2,7.2,106,38,38,15,37.8,4,1,2,9,72,1.27,-6.6,0.0,Moderate
13,17,6.4,68,47,85,8,51.7,5,7,3,4,82,2.83,6.7,2.8,High
13,12,6.0,67,82,2,77,43.1,0,5,0,6,99,0.07,-5.7,0.0,Moderate
13,3,4.9,80,63,35,20,45.6,4,5,0,16,26,1.17,-1.0,0.0,Low
0,10,5.5,76,69,39,76,40.9,3,3,0,9,14,1.3,-5.5,0.0,Low
1,21,4.5,89,30,24,85,30.0,4,4,0,9,39,0.8,-6.8,0.0,Moderate
22,17,7.3,90,44,11,105,52.7,4,1,0,4,120,0.37,-1.2,0.0,High
3,6,7.4,65,58,23,76,44.9,4,9,0,11,6,0.77,4.9,3.5,Low
13,4,6.4,70,51,20,5,45.3,1,6,2,6,58,0.67,-2.6,0.0,Low
5,9,6.9,68,30,40,171,63.0,6,5,0,12,63,1.33,7.8,0.7,Moderate
10,8,7.5,87,66,21,101,47.2,7,1,0,6,56,0.7,0.5,0.0,Low
5,15,6.5,83,71,38,45,39.2,2,5,2,1,115,1.27,-4.2,0.5,Low
13,13,8.1,74,47,99,52,32.0,7,2,1,5,17,3.3,-4.3,0.1,Moderate
10,0,5.2,80,66,16,50,43.0,2,1,0,6,26,0.53,-8.7,0.0,Low
7,11,6.0,66,89,71,33,49.6,3,7,2,5,46,2.37,4.0,3.1,High
3,7,5.8,70,79,33,76,32.9,6,4,1,10,33,1.1,-6.0,0.1,Low
11,9,7.2,64,48,5,52,55.6,2,14,1,14,33,0.17,13.6,6.2,High
2,10,4.7,80,32,68,115,42.3,1,5,1,0,80,2.27,-4.5,0.8,Low
12,15,8.1,80,56,67,86,44.4,6,5,0,4,38,2.23,-0.3,3.0,Moderate
27,14,7.1,67,94,16,238,45.7,2,11,2,9,80,0.53,1.6,0.0,Moderate
18,4,8.5,83,76,49,40,33.0,7,5,1,3,70,1.63,0.0,0.0,Moderate
14,8,6.4,90,52,32,126,41.1,4,6,1,11,21,1.07,1.3,1.0,Low
9,6,5.7,67,80,42,44,49.5,3,10,1,3,116,1.4,6.8,0.9,Moderate
0,0,7.2,74,73,22,57,45.1,3,6,2,8,92,0.73,-6.8,2.7,Low
1,8,7.6,84,18,17,26,41.3,5,5,0,2,21,0.57,-3.4,0.0,Low
18,19,5.5,78,71,14,61,42.8,4,10,1,8,25,0.47,0.7,4.3,High
4,0,4.0,63,54,80,35,50.8,5,9,1,0,52,2.67,8.6,4.2,Moderate
5,8,4.2,73,36,16,276,58.5,2,12,2,5,59,0.53,5.2,3.3,High
8,8,6.7,73,54,48,87,44.2,1,9,1,6,95,1.6,-1.3,2.4,Low
3,10,8.2,76,59,17,102,37.8,4,6,1,11,24,0.57,-6.9,1.0,Low
2,3,4.8,77,38,139,53,67.9,1,6,2,11,37,4.63,7.4,0.7,Moderate
9,0,6.1,95,50,16,219,55.0,3,6,0,7,48,0.53,4.5,0.0,Low
4,1,6.0,76,46,16,135,44.8,3,3,1,11,43,0.53,-0.7,0.0,Low
5,16,8.7,59,66,88,94,40.4,5,7,0,4,72,2.93,2.3,2.8,Moderate
4,3,9.1,79,47,30,53,61.3,1,10,0,11,27,1.0,6.6,0.8,Low
13,6,6.9,97,21,13,186,38.2,6,9,1,11,25,0.43,-4.8,3.2,Moderate
8,21,7.5,76,44,34,88,46.0,4,4,1,8,45,1.13,-3.2,0.0,Moderate
8,4,7.4,73,35,19,91,52.1,5,4,0,10,107,0.63,-0.9,1.0,Moderate
13,10,4.9,75,29,154,107,47.7,2,9,3,5,120,5.13,4.3,8.8,High
9,15,7.2,84,73,8,165,37.3,4,4,1,7,30,0.27,-2.2,0.0,Moderate
8,14,5.2,75,66,56,161,42.3,6,4,2,11,31,1.87,0.8,0.0,High
13,1,6.2,61,35,90,41,45.8,4,4,0,8,79,3.0,6.0,0.0,Moderate
14,4,7.8,71,29,61,86,35.4,2,5,2,6,106,2.03,-7.9,1.5,Low
9,10,6.5,77,50,21,76,44.3,2,10,0,8,29,0.7,6.9,2.2,Low
10,20,7.7,84,28,73,88,59.1,4,6,0,0,31,2.43,2.9,0.0,Moderate
4,4,8.0,72,48,40,149,62.2,5,5,0,9,28,1.33,9.9,1.2,Moderate
4,6,4.3,75,53,54,179,43.9,5,10,0,3,20,1.8,3.2,2.8,Moderate
14,11,3.8,78,57,62,41,45.3,5,4,1,1,36,2.07,0.2,3.5,High
12,12,7.8,69,58,15,50,44.1,5,3,0,6,29,0.5,-2.2,0.0,High
12,12,7.8,77,38,52,60,30.0,3,5,1,11,104,1.73,-12.6,0.0,Low
11,4,6.7,83,53,59,152,50.0,4,5,0,5,28,1.97,4.2,0.0,Low
10,5,6.9,65,75,35,142,48.2,2,7,2,8,63,1.17,-2.1,2.2,Moderate
14,10,7.5,81,15,21,6,55.2,3,13,0,9,12,0.7,13.7,3.5,High
16,16,7.4,66,58,33,95,55.4,2,3,1,8,24,1.1,-0.5,0.0,Low
15,7,6.0,66,31,108,24,51.4,4,5,0,8,56,3.6,3.3,5.0,High
9,8,7.5,71,77,48,62,51.5,4,8,1,6,56,1.6,7.2,0.3,Low
19,3,6.0,93,67,37,16,36.5,6,9,0,4,30,1.23,7.2,5.8,High
11,19,6.7,59,66,16,73,47.4,1,12,1,7,74,0.53,2.0,8.4,High
14,9,6.6,73,37,72,74,33.2,4,9,0,12,51,2.4,-7.9,7.5,Moderate
11,15,5.4,78,57,51,40,42.4,6,5,0,5,54,1.7,-1.9,4.3,Moderate
11,9,5.5,91,59,26,71,60.5,5,6,0,7,19,0.87,9.7,2.3,High
5,9,9.1,99,15,23,60,50.6,5,4,1,6,52,0.77,2.0,0.0,Moderate
14,0,5.3,73,55,14,85,48.5,3,6,0,15,37,0.47,3.8,0.0,Low
27,0,6.8,84,63,53,11,45.5,5,8,2,11,20,1.77,2.6,0.0,Moderate
7,16,7.1,77,27,7,34,45.7,2,6,2,5,15,0.23,-0.7,0.7,Moderate
10,9,6.3,77,63,54,96,47.3,4,6,2,0,23,1.8,3.6,0.0,Low
7,10,7.2,81,54,8,48,46.6,1,8,0,9,163,0.27,0.5,2.6,Low
6,1,6.8,61,77,31,29,51.8,4,9,1,5,28,1.03,2.4,4.9,Low
20,3,5.4,77,45,74,35,64.2,5,8,0,0,53,2.47,10.9,1.2,High
5,15,7.0,83,55,6,198,58.9,2,9,0,4,26,0.2,7.6,0.5,Low
6,19,5.7,69,58,85,20,42.0,6,7,1,13,91,2.83,-1.4,0.0,High
0,5,8.5,83,15,22,40,40.4,5,3,0,9,33,0.73,-7.5,0.0,Low
5,12,6.9,59,46,33,79,41.2,2,5,1,5,38,1.1,-8.4,1.5,Low
0,10,5.6,79,54,23,76,40.2,3,5,1,7,57,0.77,-6.2,1.1,Moderate
14,8,6.8,93,15,25,69,30.3,4,7,0,8,15,0.83,-2.8,0.0,Moderate
27,19,5.3,76,64,18,42,47.0,4,9,1,10,24,0.6,0.6,2.8,High
7,6,6.7,67,54,69,51,42.3,4,7,0,8,30,2.3,-3.4,1.9,Low
0,16,6.1,62,53,58,60,45.7,4,3,0,9,5,1.93,-1.9,0.0,Moderate
15,11,5.4,82,65,16,24,41.5,4,8,1,4,40,0.53,-1.8,0.0,Moderate
5,8,5.4,88,45,49,187,46.5,5,7,1,9,30,1.63,0.9,3.3,Moderate
18,16,9.3,77,53,42,45,40.0,4,7,0,0,78,1.4,3.4,0.0,High
8,10,6.5,73,68,27,122,40.2,7,13,0,12,28,0.9,8.4,6.0,High
5,8,5.9,57,53,51,80,63.9,4,13,1,5,3,1.7,11.6,6.8,High
8,17,5.7,79,19,32,94,34.9,4,8,0,9,48,1.07,4.6,0.0,High
14,16,7.0,70,53,64,90,74.1,7,6,0,7,21,2.13,14.8,5.9,High
8,15,5.6,71,53,18,30,33.8,4,8,0,0,75,0.6,2.2,0.4,Low
6,0,5.1,96,68,59,147,38.5,5,1,1,1,9,1.97,-13.4,0.0,Low
8,11,6.4,58,46,7,18,34.6,3,2,1,10,137,0.23,-8.0,0.0,Low
1,10,6.4,60,34,39,39,42.5,3,10,0,5,57,1.3,1.2,3.8,Low
12,8,5.9,81,34,36,77,30.0,2,4,1,2,53,1.2,-10.0,0.0,Low
0,12,5.3,74,78,19,59,54.8,2,4,0,8,30,0.63,-8.5,0.0,Low
7,10,5.9,72,57,52,41,38.6,6,9,0,9,36,1.73,0.1,4.9,Moderate
14,12,5.8,81,77,55,139,48.8,4,7,2,5,72,1.83,-2.9,3.0,Low
11,7,5.7,81,80,22,100,61.5,5,6,1,11,26,0.73,11.2,0.0,High
13,17,6.7,67,39,27,86,41.3,2,7,1,2,73,0.9,-1.8,0.0,Moderate
9,13,9.1,71,37,45,63,49.5,9,9,1,4,35,1.5,8.7,0.0,High
17,12,8.0,79,50,9,99,37.7,5,11,1,4,13,0.3,3.2,7.9,High
16,11,8.7,80,63,23,122,53.5,7,2,1,14,51,0.77,4.2,0.0,High
12,15,5.7,83,27,24,48,49.1,6,8,0,2,19,0.8,3.4,0.0,Moderate
16,14,8.4,72,60,29,28,34.7,6,10,2,10,31,0.97,-0.1,2.9,Moderate
14,8,6.7,82,59,61,24,58.2,4,1,1,11,3,2.03,3.0,0.0,High
7,14,7.6,88,32,58,155,45.0,4,8,0,5,21,1.93,3.7,6.8,High
1,10,6.9,79,32,18,32,44.5,2,6,2,5,8,0.6,-6.4,0.3,Low
12,20,6.0,77,60,38,32,52.2,7,2,1,14,31,1.27,1.2,0.0,Moderate
13,15,7.3,75,89,44,120,55.3,4,5,1,6,83,1.47,-0.2,0.0,Low
17,5,7.0,71,47,50,75,36.7,8,12,1,9,102,1.67,5.9,6.5,Moderate
3,21,4.3,68,58,13,196,54.4,3,1,2,9,22,0.43,1.4,0.0,Moderate
4,0,6.3,75,41,4,55,46.3,4,8,1,4,46,0.13,2.6,3.2,Low
12,12,7.4,83,56,117,75,43.8,3,3,1,2,19,3.9,-5.2,0.0,Moderate
9,4,6.7,68,41,20,62,40.2,1,12,0,3,30,0.67,-5.6,3.0,Low
0,19,7.0,77,47,34,153,48.0,2,14,1,0,48,1.13,5.5,7.0,Moderate
12,10,5.5,76,96,45,70,33.3,7,3,0,10,87,1.5,-3.5,0.8,Moderate
0,4,6.7,98,54,33,62,38.5,7,6,2,0,32,1.1,1.0,0.0,Low
3,7,6.3,86,24,35,66,30.9,4,8,0,7,42,1.17,-13.9,3.6,Low
18,4,6.2,86,64,43,7,53.5,5,10,0,12,45,1.43,9.8,5.3,High
21,7,5.6,88,72,19,18,47.5,6,8,1,0,37,0.63,8.0,2.1,Moderate
2,7,7.5,72,64,19,37,48.1,4,2,1,1,15,0.63,0.9,0.0,Low
7,4,6.8,93,49,20,80,41.8,7,3,1,3,21,0.67,-7.6,0.0,Low
10,10,6.7,80,35,47,101,44.2,4,6,2,10,90,1.57,-1.3,2.4,Moderate
21,11,8.9,78,36,55,108,44.3,5,4,1,10,29,1.83,1.0,0.0,High
6,3,7.0,65,49,17,100,49.0,2,6,0,5,31,0.57,-3.2,1.1,Low
6,0,7.8,74,45,19,92,32.2,5,2,1,11,39,0.63,-11.3,0.0,Low
20,10,6.7,59,42,51,64,46.8,3,3,0,7,41,1.7,0.0,0.0,Moderate
7,12,6.0,75,74,61,102,50.1,3,2,1,8,39,2.03,-7.2,0.0,Moderate
14,13,5.1,72,69,66,64,50.4,6,8,1,7,17,2.2,6.2,2.6,High
0,12,6.7,74,75,21,180,64.0,2,8,2,11,69,0.7,10.2,0.0,Moderate
8,18,3.2,63,38,48,72,48.4,5,6,0,9,98,1.6,2.2,0.0,Moderate
0,14,6.7,86,35,99,36,53.8,7,1,2,7,46,3.3,4.2,2.3,Low
3,21,6.8,85,53,25,308,54.6,2,7,1,0,9,0.83,3.8,0.4,Moderate
15,21,6.1,97,59,58,11,39.3,3,6,3,10,68,1.93,-3.5,0.2,High
9,0,6.3,96,53,39,53,53.1,3,10,2,10,56,1.3,2.9,4.9,Moderate
7,0,4.9,80,58,130,74,30.0,5,6,1,7,12,4.33,-5.4,3.5,Low
5,8,8.1,89,81,5,75,38.7,5,3,2,12,53,0.17,-2.9,0.0,Moderate
8,11,6.0,81,48,43,45,52.2,9,6,0,9,46,1.43,10.0,2.5,Moderate
11,8,5.2,73,67,84,48,35.9,7,4,1,7,14,2.8,-0.1,1.8,Moderate
16,13,7.1,75,61,16,93,55.8,5,4,1,10,127,0.53,6.3,0.0,High
0,7,6.5,85,54,59,16,55.4,1,5,0,4,50,1.97,5.1,0.0,Low
4,4,6.0,123,66,25,84,50.0,2,5,0,8,24,0.83,0.0,0.6,Moderate
11,5,5.8,91,38,8,160,48.7,2,5,1,9,106,0.27,-2.7,0.3,Moderate
9,7,6.4,81,35,25,62,44.0,3,5,0,12,60,0.83,0.7,0.0,Low
12,13,8.0,83,60,17,124,47.8,6,8,1,4,22,0.57,-0.7,1.6,High
11,6,7.0,83,23,71,83,55.3,5,2,0,3,58,2.37,0.3,0.0,Moderate
8,7,6.4,77,61,131,24,56.5,5,6,0,10,24,4.37,0.1,1.3,Moderate
6,12,7.4,86,32,26,11,47.0,3,4,1,6,24,0.87,-2.7,0.0,Low
8,7,6.4,76,79,25,71,34.1,3,4,1,2,45,0.83,-6.7,0.0,Low
17,15,6.9,67,45,6,23,43.5,2,9,3,8,55,0.2,-1.0,1.2,High
5,3,6.6,83,78,67,122,48.4,3,8,1,17,36,2.23,-0.9,3.0,Moderate
9,2,7.1,85,48,93,79,53.3,4,7,0,9,50,3.1,2.3,1.0,Low
11,10,5.9,76,47,52,180,50.0,1,9,2,2,42,1.73,1.6,4.1,High
20,11,5.0,81,68,24,38,57.7,2,11,1,4,27,0.8,11.9,0.8,High
8,3,7.5,89,57,45,30,40.0,4,8,3,3,39,1.5,-4.4,0.0,Low
16,16,8.2,77,51,65,100,40.0,5,6,0,3,89,2.17,-3.1,1.7,High
18,20,5.1,73,45,33,144,55.1,2,9,0,7,65,1.1,9.4,6.7,High
9,5,6.6,70,45,55,133,37.9,6,3,1,5,45,1.83,-2.6,0.0,Low
8,17,5.9,75,94,27,169,36.8,1,4,1,14,110,0.9,-8.4,0.0,Low
7,0,7.5,95,22,12,102,46.6,0,6,0,5,49,0.4,0.9,0.0,Low
8,15,6.7,76,30,63,58,52.9,5,7,0,9,78,2.1,6.2,0.0,High
15,4,9.5,82,73,41,55,48.1,2,2,1,8,27,1.37,-4.4,0.0,Low
11,14,6.0,74,72,45,141,30.0,2,1,4,11,71,1.5,-6.1,0.0,Moderate
11,3,8.2,73,35,69,146,44.8,8,5,2,5,79,2.3,5.6,0.0,Moderate
2,8,8.4,68,20,18,130,39.4,7,7,1,2,6,0.6,-0.7,3.9,Low
3,4,7.0,79,75,25,61,56.8,1,11,1,5,22,0.83,6.8,6.0,Moderate
23,7,6.4,72,33,91,111,32.2,3,6,2,10,33,3.03,-3.4,0.8,Moderate
8,19,6.5,92,43,43,102,51.2,5,7,1,6,105,1.43,3.9,2.8,High
4,8,6.4,77,54,65,101,46.2,3,6,0,5,32,2.17,-6.1,0.0,Moderate
19,21,7.8,78,33,37,97,48.4,3,13,1,11,81,1.23,7.0,9.4,High
11,6,5.4,76,69,55,73,53.2,7,7,1,9,29,1.83,12.0,0.0,Moderate
13,17,6.2,82,52,56,50,44.2,2,3,3,0,140,1.87,-3.6,0.0,High
9,0,6.1,94,36,22,28,46.9,6,8,0,4,10,0.73,5.4,0.0,Low
7,7,4.3,67,38,138,316,61.7,3,6,0,13,124,4.6,4.9,5.3,High
8,5,7.4,81,75,44,49,55.0,3,5,0,8,134,1.47,3.5,0.0,Low
1,17,7.7,61,47,9,103,54.4,3,4,3,8,45,0.3,-3.1,0.0,Low
9,10,5.6,91,63,11,32,54.1,4,6,0,1,69,0.37,7.8,0.0,Moderate
11,0,7.6,77,52,26,80,63.1,2,5,0,10,105,0.87,6.5,0.0,Low
22,1,4.5,62,20,7,88,51.2,3,5,0,8,80,0.23,-1.0,0.6,Moderate
10,3,6.4,64,65,83,16,47.1,2,7,0,7,29,2.77,0.1,2.2,Low
0,14,6.2,87,71,23,15,51.7,2,8,0,5,39,0.77,3.9,0.3,Moderate
9,13,6.5,60,85,14,99,41.0,4,6,0,9,21,0.47,-0.4,1.4,Moderate
27,7,6.5,81,18,46,59,53.6,2,5,0,3,110,1.53,2.2,0.1,High
15,5,6.3,73,15,55,22,55.3,3,5,2,8,41,1.83,7.9,0.0,High
4,13,5.9,76,64,28,15,43.1,3,8,2,4,23,0.93,4.8,1.0,Moderate
13,2,6.3,71,41,56,75,44.9,6,6,0,4,22,1.87,7.5,1.2,Moderate
5,11,8.0,68,26,65,157,49.2,5,4,1,3,21,2.17,3.3,0.0,Low
1,11,5.7,73,54,27,92,40.3,2,1,0,11,83,0.9,-11.8,0.0,Moderate
7,7,9.1,84,44,13,87,36.7,6,9,0,10,21,0.43,-0.0,1.6,Moderate
10,11,5.6,75,29,25,87,43.9,4,3,1,11,98,0.83,-2.6,0.0,Moderate
0,9,6.7,83,51,31,26,46.7,2,2,1,9,96,1.03,-3.2,0.0,Low
2,11,7.1,75,62,38,6,52.0,4,8,0,8,130,1.27,1.5,5.1,Low
10,1,6.0,85,55,66,43,51.0,4,1,3,14,22,2.2,-5.7,0.0,Moderate
7,12,8.1,83,55,32,28,45.6,2,4,1,6,34,1.07,-3.1,0.0,Moderate
12,14,7.1,72,60,20,30,51.2,9,8,1,14,52,0.67,10.2,3.8,Moderate
2,10,6.2,68,22,24,116,41.3,4,7,0,13,5,0.8,-0.9,2.2,Low
14,12,8.0,89,51,42,142,32.5,4,5,0,12,63,1.4,-5.4,0.0,Moderate
2,8,5.2,69,56,45,12,44.2,7,5,0,11,36,1.5,4.3,3.3,Moderate
20,14,5.7,84,45,103,11,48.3,5,4,0,15,70,3.43,5.4,1.7,Moderate
0,9,7.1,78,37,31,119,40.8,4,5,2,9,36,1.03,-1.5,0.0,Moderate
2,2,7.4,73,39,20,101,32.8,5,5,1,6,18,0.67,-5.2,0.0,Low
12,13,6.8,83,47,5,64,38.2,4,6,1,6,20,0.17,-1.7,0.0,Moderate
20,0,6.2,93,68,8,238,35.2,4,9,2,3,33,0.27,-4.0,0.0,Moderate
12,10,6.1,85,79,51,141,33.7,7,7,2,12,75,1.7,-3.0,0.0,High
13,6,7.8,79,76,23,107,46.5,7,6,1,12,51,0.77,7.6,0.0,Low
10,6,6.7,96,24,78,66,56.7,4,4,1,10,34,2.6,4.0,0.3,High
3,9,5.4,60,35,7,24,46.4,6,8,0,3,39,0.23,3.0,0.7,Moderate
6,4,5.3,66,64,26,151,56.6,8,9,1,11,11,0.87,12.5,3.4,High
2,11,8.2,73,75,64,30,30.0,2,6,2,6,51,2.13,-8.8,3.7,Moderate
1,9,5.5,94,35,84,93,47.8,2,7,2,4,29,2.8,-0.6,1.7,Moderate
12,5,6.7,88,55,54,177,51.1,10,1,0,16,24,1.8,3.5,0.0,High
2,16,8.0,59,32,68,31,39.2,7,4,1,5,71,2.27,-4.8,1.3,Moderate
12,10,7.1,73,57,19,57,38.1,2,2,0,7,95,0.63,-11.1,0.0,Low
1,12,5.5,63,40,29,47,42.8,2,6,2,3,60,0.97,-0.7,0.4,Low
11,17,5.2,78,55,88,66,54.1,3,2,3,8,82,2.93,1.9,0.0,Moderate
6,17,8.6,88,30,18,132,35.4,1,15,1,10,34,0.6,3.0,3.6,Moderate
19,12,5.2,89,23,37,27,38.6,3,8,3,13,45,1.23,-5.9,2.7,High
12,7,5.7,81,108,58,51,34.2,5,7,1,4,34,1.93,-2.4,4.3,Moderate
18,0,6.8,73,53,81,17,51.5,5,4,1,8,16,2.7,3.9,2.0,High
5,10,6.1,77,90,34,86,39.7,6,5,0,4,34,1.13,-1.9,3.3,Low
10,15,7.1,86,79,28,49,45.1,2,7,1,6,16,0.93,-8.5,1.9,Moderate
3,11,4.6,104,23,48,13,50.3,4,12,0,10,61,1.6,8.5,7.6,High
7,0,6.1,65,59,107,84,41.5,8,8,0,1,10,3.57,2.9,4.3,Moderate
8,14,7.2,95,29,48,103,32.8,2,8,2,10,180,1.6,-7.1,2.0,High
5,14,7.2,81,47,50,52,50.6,8,5,0,1,43,1.67,2.4,0.0,Low
2,7,5.7,87,18,34,121,51.2,3,1,1,8,15,1.13,-0.1,0.0,Moderate
0,14,5.2,80,24,19,52,60.4,2,5,0,6,52,0.63,3.2,1.9,Low
0,12,6.7,93,37,29,42,48.8,5,5,1,5,16,0.97,9.4,0.0,Moderate
3,5,4.8,82,42,33,25,46.7,6,5,2,6,56,1.1,1.4,0.0,Low
14,16,7.9,71,53,28,339,48.5,6,6,0,12,5,0.93,6.3,0.0,Moderate
0,1,6.6,83,33,36,94,44.4,2,6,2,3,108,1.2,-1.7,0.0,Low
1,8,5.6,90,55,51,83,45.7,5,4,1,5,31,1.7,-2.5,0.0,Low
21,8,5.1,78,72,23,72,40.6,2,9,2,16,52,0.77,0.6,2.0,High
5,4,5.6,55,57,66,120,48.4,3,11,0,11,73,2.2,0.4,8.2,High
12,10,4.5,77,51,48,158,48.6,3,5,3,8,49,1.6,-2.4,0.0,Moderate
14,16,7.0,79,58,39,82,44.5,3,6,0,11,30,1.3,-1.8,3.4,Moderate
14,16,5.4,78,26,32,124,37.5,2,3,0,7,96,1.07,-6.2,0.0,Moderate
0,13,6.9,73,69,18,142,32.7,0,2,1,8,71,0.6,-15.0,0.0,Low
8,0,7.0,93,30,51,151,41.2,3,10,1,3,10,1.7,1.0,2.2,Low
0,1,7.6,52,80,139,64,40.3,5,9,2,10,42,4.63,-0.8,3.3,Moderate
25,9,6.7,79,66,82,54,42.4,1,6,1,5,6,2.73,-3.6,2.3,High
0,8,7.8,79,62,56,64,41.9,4,7,0,13,1,1.87,0.2,0.0,Low
3,6,8.1,101,63,89,77,61.4,3,7,2,4,24,2.97,5.0,5.5,Moderate
3,20,6.7,78,52,25,91,42.5,4,3,3,8,41,0.83,-4.3,0.0,Moderate
0,9,6.8,83,38,21,14,34.0,7,2,1,2,51,0.7,-7.9,0.0,Low
18,12,5.7,79,35,36,122,46.2,2,1,0,4,27,1.2,-2.3,0.0,Moderate
25,14,5.2,79,84,38,36,42.6,3,7,1,4,149,1.27,-2.3,4.0,Moderate
6,9,7.9,97,54,77,142,62.7,2,10,0,13,54,2.57,9.5,5.3,Moderate
1,21,7.1,66,32,65,34,48.7,1,8,0,10,32,2.17,-6.9,5.3,Moderate
0,3,7.2,71,61,6,74,54.1,3,4,0,10,79,0.2,2.2,0.0,Low
8,5,5.7,86,58,66,57,46.3,3,1,2,13,100,2.2,1.1,0.0,Low
7,3,8.3,81,46,32,12,47.7,4,9,0,8,39,1.07,5.3,0.7,Moderate
5,18,6.1,75,36,46,38,41.2,4,6,1,0,94,1.53,-2.8,2.8,Moderate
11,13,5.4,77,65,35,169,45.5,4,6,0,8,80,1.17,0.4,2.1,Moderate
12,5,5.7,88,69,23,41,37.9,5,7,0,10,11,0.77,-0.2,3.7,Moderate
12,3,8.3,83,58,46,39,42.1,3,4,0,6,28,1.53,-0.9,0.0,Low
7,17,5.1,70,53,22,169,48.8,2,5,2,13,18,0.73,-1.4,1.8,High
2,11,5.5,81,38,33,93,49.5,2,5,2,5,53,1.1,1.1,0.6,Low
14,17,9.5,77,61,19,37,48.0,5,8,0,1,46,0.63,-1.0,1.8,Moderate
10,8,7.5,83,41,14,62,40.5,4,4,0,9,10,0.47,-8.6,0.0,Low
15,11,5.5,74,29,134,220,65.9,2,5,1,9,54,4.47,5.6,2.2,High
15,10,5.1,65,72,26,151,45.2,3,4,0,3,37,0.87,4.6,3.8,High
0,5,4.4,85,33,33,41,48.2,2,4,0,6,132,1.1,-4.2,0.0,Low
0,8,6.5,84,18,81,74,57.4,5,5,5,9,35,2.7,7.5,2.1,Low
5,2,7.3,94,76,41,60,37.6,6,6,0,0,20,1.37,5.2,2.4,Low
3,11,8.2,64,21,18,61,44.4,7,8,1,7,51,0.6,2.7,0.5,Moderate
14,13,4.1,77,45,18,70,62.5,2,9,0,7,12,0.6,10.2,4.6,High
12,14,4.8,75,32,17,18,50.1,5,14,0,12,11,0.57,9.1,4.5,Moderate
17,12,6.3,74,39,107,31,53.2,5,9,0,16,22,3.57,4.4,6.9,High
12,8,9.5,61,92,5,130,42.6,5,8,4,7,49,0.17,1.7,0.0,Moderate
11,18,7.5,66,50,16,137,42.3,3,5,0,1,122,0.53,-3.2,0.0,High
17,14,6.8,81,58,26,71,36.3,3,9,0,13,34,0.87,-3.2,4.3,High
13,17,4.9,73,66,26,55,64.0,5,11,0,3,25,0.87,5.8,4.6,High
10,17,3.9,69,40,24,58,42.0,6,7,0,11,105,0.8,-2.5,2.3,High
19,8,6.4,94,71,52,167,33.9,3,6,1,9,60,1.73,-8.0,0.0,Moderate
10,11,6.3,104,59,44,181,56.6,4,8,3,10,36,1.47,8.4,5.7,High
8,13,6.1,77,66,21,151,40.0,8,11,2,10,84,0.7,5.7,0.8,Moderate
4,2,5.9,61,39,25,78,52.3,2,4,1,7,26,0.83,1.2,1.3,Low
14,2,5.5,82,60,159,55,52.1,7,10,1,11,144,5.3,7.4,7.9,High
18,1,5.2,55,52,45,104,55.3,2,8,1,6,96,1.5,6.1,1.3,Moderate
9,8,8.1,63,72,2,49,33.4,2,4,1,15,41,0.07,-3.8,0.0,Low
18,7,5.3,83,42,18,73,49.4,3,5,2,10,44,0.6,3.5,0.9,High
0,0,6.1,63,89,24,71,36.2,3,7,0,7,57,0.8,-6.1,0.9,Low
9,9,6.4,75,58,132,66,46.5,4,4,1,5,46,4.4,-0.4,0.9,Moderate
9,8,7.2,62,50,26,42,53.7,7,10,0,11,163,0.87,12.8,4.6,High
5,15,5.4,79,48,27,83,30.6,7,8,0,6,78,0.9,-1.6,5.5,Moderate
25,20,7.6,90,52,8,50,42.0,7,2,2,3,42,0.27,-4.2,0.0,High
9,11,5.7,71,41,37,13,37.5,1,8,2,8,67,1.23,-5.8,3.9,Moderate
7,4,6.2,78,64,61,19,47.5,5,7,1,1,5,2.03,-0.8,3.4,Low
10,12,8.4,69,52,36,59,35.9,5,7,2,9,25,1.2,-3.6,5.5,High
0,9,5.2,70,87,25,31,52.1,3,8,1,5,30,0.83,4.9,4.8,Low
5,7,7.3,69,44,31,59,43.8,7,7,3,14,20,1.03,0.9,3.7,Moderate
16,4,7.6,87,50,59,21,45.5,4,7,1,7,20,1.97,2.1,5.5,Low
5,6,6.8,62,44,29,134,48.1,3,4,0,10,57,0.97,0.2,0.0,Low
4,7,6.3,74,86,30,52,30.0,4,11,1,12,44,1.0,-1.1,3.9,Moderate
18,13,9.0,83,26,48,90,36.4,1,8,2,7,49,1.6,-3.7,4.5,Moderate
18,11,6.4,88,54,22,142,59.1,3,3,0,10,67,0.73,5.3,0.0,High
13,19,6.6,83,58,17,132,34.9,6,8,1,14,14,0.57,-3.9,4.7,High
7,12,6.0,77,32,8,83,36.5,2,1,0,6,93,0.27,-9.8,0.0,Moderate
8,11,6.6,72,100,33,140,42.8,0,1,0,8,65,1.1,-7.1,0.0,Moderate
4,7,7.6,88,35,22,28,53.0,5,11,0,12,20,0.73,13.5,2.7,Moderate
3,2,6.1,68,53,66,43,33.5,5,10,1,7,27,2.2,1.4,2.7,Low
3,5,3.9,69,82,30,215,43.6,4,6,1,6,100,1.0,-1.7,0.0,Moderate
5,4,7.0,93,45,61,83,57.0,6,8,2,3,54,2.03,7.3,0.0,Low
3,0,5.1,82,55,53,93,48.9,5,7,0,1,29,1.77,5.4,0.6,Low
0,3,7.3,82,46,7,59,37.1,5,6,0,5,26,0.23,-2.5,0.0,Low
11,18,6.4,85,51,13,54,55.3,3,4,0,0,24,0.43,2.5,0.0,Moderate
11,11,7.5,77,71,112,43,43.0,3,2,2,11,33,3.73,-5.9,0.0,Moderate
21,6,5.3,62,44,22,99,50.1,3,9,0,4,137,0.73,1.7,3.2,High
5,11,5.8,81,15,46,96,39.0,4,5,0,14,25,1.53,-6.0,1.0,Low
11,0,6.0,78,51,32,103,54.9,7,1,3,17,100,1.07,6.6,0.0,Moderate
12,10,4.6,69,53,8,79,43.0,5,5,1,7,18,0.27,0.2,1.3,Moderate
8,16,7.7,66,56,18,33,48.0,3,5,1,9,41,0.6,-2.2,0.0,Low
14,8,4.4,77,49,16,37,30.0,1,14,0,8,67,0.53,-3.6,0.9,Moderate
15,0,7.7,63,36,58,49,59.5,7,5,0,4,37,1.93,7.7,0.0,High
12,6,6.9,76,48,18,137,57.8,5,7,1,0,74,0.6,7.1,1.5,High
8,16,6.2,75,84,49,87,35.4,2,7,3,2,46,1.63,-5.6,5.0,High
7,10,6.8,77,51,12,118,59.8,7,6,1,0,46,0.4,8.8,2.9,Moderate
1,0,6.8,82,64,3,65,33.9,3,5,0,3,22,0.1,-7.4,0.0,Low
4,21,5.9,85,33,38,98,34.6,2,7,0,14,22,1.27,-4.8,0.0,Moderate
5,1,6.8,70,47,47,22,44.1,8,4,1,6,13,1.57,6.4,0.4,Moderate
2,7,7.3,88,34,26,51,47.7,0,8,1,8,61,0.87,-3.2,2.5,Low
12,2,5.3,76,75,37,42,54.0,2,6,2,14,15,1.23,-3.7,1.1,Low
17,2,6.8,97,24,10,226,45.2,4,4,3,5,24,0.33,-2.9,0.0,Moderate
4,6,3.2,72,59,28,44,36.4,4,9,0,6,93,0.93,-0.3,0.0,Low
11,12,4.1,60,58,66,29,55.7,5,7,3,5,67,2.2,6.9,2.0,High
3,16,7.1,87,57,115,103,44.4,8,5,0,14,49,3.83,4.5,2.0,High
8,6,5.9,83,15,33,104,51.8,6,9,0,9,28,1.1,3.8,0.9,Moderate
5,3,5.4,91,16,44,108,54.6,3,7,2,10,40,1.47,7.6,1.6,Moderate
13,11,6.3,81,54,68,56,41.0,2,9,1,10,42,2.27,0.6,3.8,Low
5,11,5.9,104,35,39,95,43.8,1,4,1,7,26,1.3,-10.1,0.0,Moderate
16,10,5.2,76,40,46,90,51.9,4,6,0,6,44,1.53,-2.0,4.9,High
8,10,4.4,90,44,92,27,54.7,5,8,1,9,44,3.07,7.0,4.3,High
5,8,4.0,72,33,45,7,40.5,3,5,0,6,68,1.5,-3.1,0.0,High
1,9,7.3,83,30,27,47,45.7,3,5,0,7,19,0.9,2.3,0.0,Low
11,7,5.9,85,52,91,79,33.5,5,9,0,11,50,3.03,1.8,6.8,High
15,15,7.6,87,18,42,18,42.4,8,10,0,8,86,1.4,0.4,4.3,High
11,21,5.9,87,43,13,55,59.4,6,6,0,9,16,0.43,9.5,0.0,Moderate
24,10,6.8,50,40,29,81,30.0,7,2,0,11,32,0.97,-6.5,0.0,Moderate
19,8,6.2,77,52,124,83,62.4,6,9,3,1,30,4.13,10.7,6.9,High
8,10,6.5,72,95,71,195,62.6,4,1,2,1,30,2.37,0.4,0.0,Moderate
7,5,6.5,74,34,23,104,35.3,4,7,0,3,75,0.77,-11.0,0.0,Low
13,13,5.9,75,59,77,13,36.6,2,10,1,0,39,2.57,-1.2,3.4,High
4,11,4.9,89,56,29,163,46.2,5,4,1,3,24,0.97,-1.9,0.0,Low
17,6,7.3,80,62,19,50,42.4,3,8,0,14,53,0.63,-1.0,4.1,High
12,14,8.3,72,48,67,29,55.6,3,2,1,9,15,2.23,4.9,0.0,Moderate
11,9,8.4,62,78,13,50,53.0,1,5,0,10,141,0.43,0.6,0.0,Moderate
14,3,5.7,95,64,19,32,45.3,2,9,0,8,93,0.63,-3.8,5.4,Moderate
21,11,5.5,71,65,38,6,34.2,5,6,0,8,52,1.27,-2.5,1.4,Moderate
11,10,5.7,77,27,43,40,43.6,3,1,0,10,29,1.43,-3.6,0.0,Low
9,14,6.2,102,54,60,83,69.0,6,5,0,9,29,2.0,15.2,0.3,Moderate
19,13,6.3,71,43,16,86,48.2,4,1,0,10,52,0.53,0.4,0.0,Moderate
16,8,5.2,75,36,39,98,59.1,2,5,0,2,85,1.3,3.3,2.6,Moderate
7,6,4.6,81,41,4,88,49.5,1,4,1,10,17,0.13,0.9,0.0,Moderate
10,9,6.5,60,51,5,86,61.8,2,1,1,12,38,0.17,-0.8,0.0,Low
11,11,3.0,59,60,20,43,45.6,4,4,0,2,3,0.67,-2.3,0.0,Low
12,11,6.3,73,70,60,38,57.1,6,3,1,6,85,2.0,5.4,3.5,High
1,10,5.3,73,69,51,37,54.9,3,7,1,7,32,1.7,1.8,5.8,Low
0,8,7.3,79,57,29,52,47.0,4,4,2,7,48,0.97,-1.6,0.6,Low
4,14,7.7,67,53,7,108,47.0,3,7,2,7,20,0.23,-4.2,0.0,Moderate
3,5,7.7,83,46,43,14,33.0,4,8,1,12,93,1.43,-3.8,6.6,Low
5,21,6.0,54,48,180,69,42.8,5,10,2,13,70,6.0,3.6,5.7,High
14,13,5.0,77,38,35,56,68.6,3,7,0,6,54,1.17,1.4,3.3,High
8,2,5.4,82,44,13,132,62.4,2,8,0,0,17,0.43,4.6,1.9,Low
11,10,6.7,82,58,33,152,45.4,2,5,1,3,69,1.1,-1.3,1.5,High
2,13,4.4,76,80,8,71,38.6,2,3,2,13,51,0.27,-2.7,0.0,Low
6,6,8.1,71,49,23,71,57.4,3,8,1,3,40,0.77,9.1,2.4,Low
13,0,6.0,76,37,57,66,48.9,3,6,2,2,16,1.9,-0.7,1.1,Low
13,2,7.0,92,69,87,188,50.5,5,6,0,7,81,2.9,2.5,0.1,Moderate
5,12,4.3,71,16,28,35,43.5,4,6,1,7,41,0.93,-3.3,0.0,Low
11,0,5.3,89,71,11,16,59.7,5,5,1,1,5,0.37,3.5,0.0,Moderate
24,0,4.1,91,26,60,39,48.6,1,4,2,8,56,2.0,-0.5,0.0,High
9,12,7.6,59,64,41,124,51.9,3,6,0,5,10,1.37,0.8,1.0,Low
5,7,6.2,77,43,32,87,36.8,3,3,0,11,29,1.07,-10.1,0.6,Low
8,4,7.1,67,58,37,31,39.2,3,10,1,3,28,1.23,4.3,5.1,Moderate
10,6,6.5,61,89,29,69,35.9,3,7,0,9,68,0.97,-10.1,2.3,Moderate
9,0,7.0,87,37,35,129,50.2,3,1,1,3,39,1.17,-2.8,0.0,Moderate
9,11,6.0,83,34,40,109,46.9,1,10,1,11,46,1.33,5.3,4.3,Moderate
0,4,6.2,81,53,43,17,34.2,3,10,0,3,83,1.43,0.4,6.1,Low
3,5,6.3,66,79,37,104,49.0,6,5,0,5,29,1.23,4.3,0.6,Low
9,11,6.9,80,55,17,123,47.3,4,5,2,7,57,0.57,3.7,0.0,Low
8,7,6.9,64,53,111,53,30.0,4,10,1,12,84,3.7,-6.1,10.6,Moderate
6,4,9.5,79,55,34,62,39.6,5,10,0,4,63,1.13,-0.8,2.8,Low
8,0,8.4,71,34,7,65,48.3,4,1,2,7,42,0.23,0.2,0.0,Low
10,11,4.3,90,55,30,223,36.8,1,8,0,5,28,1.0,-1.3,2.2,Moderate
15,9,6.2,74,45,31,95,43.7,7,10,0,4,34,1.03,9.8,1.3,Moderate
9,5,5.9,81,76,19,72,39.3,7,4,1,7,35,0.63,-0.3,0.0,Low
12,2,7.9,81,66,14,78,31.8,4,3,1,3,31,0.47,-8.6,0.0,Low
6,9,6.0,77,28,39,15,30.0,2,8,0,6,47,1.3,-5.6,3.2,Low
13,11,7.0,79,47,39,108,35.4,5,12,1,8,58,1.3,-3.3,3.4,Moderate
12,9,3.6,81,62,13,168,63.9,6,10,1,10,7,0.43,11.5,2.7,High
15,18,4.6,68,34,40,162,34.8,3,8,1,12,64,1.33,-6.7,4.9,High
14,13,8.9,82,33,47,41,44.4,3,6,0,13,42,1.57,-3.1,0.0,High
13,8,6.5,88,44,12,94,45.4,4,6,1,7,45,0.4,1.1,0.6,Low
9,13,5.2,82,58,29,20,63.4,4,6,0,8,44,0.97,7.8,0.0,High
11,9,6.7,74,71,110,117,30.0,2,5,1,5,50,3.67,-1.2,2.6,High
16,9,5.1,80,56,54,33,39.5,6,4,1,10,110,1.8,0.0,0.0,High
5,16,6.1,74,96,55,135,48.6,5,8,0,8,13,1.83,6.1,0.4,High
5,3,4.7,77,40,55,96,44.8,3,2,0,13,117,1.83,-0.8,0.0,Low
11,9,5.5,65,65,75,15,42.1,5,9,0,9,93,2.5,-1.4,8.1,High
12,15,5.9,93,32,20,128,50.8,2,5,4,5,30,0.67,-1.4,1.1,Moderate
4,10,7.7,99,81,8,10,30.0,6,7,0,10,18,0.27,-4.0,0.8,Low
9,6,7.0,70,76,28,37,43.2,3,4,1,5,25,0.93,-5.4,0.9,Moderate
9,0,7.2,87,65,23,22,40.6,4,1,2,4,21,0.77,-6.6,0.0,Low
0,0,6.4,94,21,25,240,53.7,7,10,3,7,30,0.83,13.8,6.7,Moderate
8,21,7.4,67,65,57,94,30.0,5,9,1,0,48,1.9,-6.1,3.8,Moderate
8,10,5.4,54,37,20,74,43.7,4,5,1,10,21,0.67,-2.5,3.4,Moderate
8,5,5.5,95,60,113,55,44.1,1,12,0,6,13,3.77,8.5,8.8,High
19,11,6.9,78,26,6,280,41.8,4,11,2,9,64,0.2,6.6,4.7,High
2,3,6.1,72,57,80,66,40.3,6,8,1,14,17,2.67,5.0,4.0,Moderate
4,7,6.4,79,46,9,271,44.3,3,2,2,12,52,0.3,-4.0,0.0,Moderate
0,3,6.2,74,38,56,72,55.4,3,2,0,7,37,1.87,-4.2,0.0,Low
6,0,7.9,111,63,54,154,51.4,4,7,1,7,50,1.8,5.3,2.1,Low
7,0,8.0,72,51,29,170,39.0,7,9,0,13,26,0.97,6.2,6.2,Moderate
6,0,5.6,82,48,60,42,39.0,2,11,0,3,71,2.0,-2.5,4.0,Moderate
17,14,4.3,92,65,18,95,35.7,1,7,1,8,67,0.6,-10.1,0.8,High
15,3,5.5,92,86,16,147,54.5,3,8,2,14,21,0.53,5.4,3.2,High
10,12,5.3,90,57,57,12,40.0,5,10,0,8,23,1.9,3.7,1.3,Moderate
7,14,7.4,73,19,24,124,34.3,4,1,0,10,64,0.8,-8.4,0.0,Low
16,9,7.5,76,24,105,111,46.2,2,4,1,8,9,3.5,2.9,4.2,Moderate
9,7,5.2,54,53,57,105,47.8,3,7,0,6,32,1.9,-0.8,1.7,Moderate
4,9,5.5,77,70,45,39,42.7,7,8,2,5,180,1.5,0.9,5.8,Moderate
0,6,4.6,78,54,25,10,46.3,3,3,1,5,62,0.83,-1.4,0.2,Low
7,15,6.6,86,61,13,52,43.7,6,8,0,5,26,0.43,3.5,0.9,Moderate
14,19,6.3,98,51,71,53,49.8,5,8,3,7,71,2.37,8.3,5.5,High
24,17,7.3,86,69,70,110,47.7,0,7,0,11,20,2.33,-2.6,1.9,High
10,0,7.0,90,63,20,44,39.4,4,8,0,8,44,0.67,3.3,0.0,Low
5,6,7.1,78,34,11,117,51.0,6,7,1,2,5,0.37,10.6,4.2,Moderate
2,9,4.5,92,60,37,12,37.5,3,7,2,10,64,1.23,-4.6,0.0,Low
13,11,5.6,78,24,36,125,35.5,6,5,1,6,80,1.2,0.4,0.0,Low
0,0,7.5,91,60,63,49,46.7,4,4,1,4,17,2.1,5.2,0.0,Moderate
13,0,5.8,87,47,29,88,48.6,3,5,2,4,78,0.97,4.5,0.1,Moderate
15,16,4.4,82,55,96,30,52.9,4,7,0,3,26,3.2,1.2,3.8,High
12,5,7.4,61,58,50,104,61.9,8,1,0,9,31,1.67,7.1,0.0,Moderate
8,0,5.7,90,57,107,78,30.0,2,3,1,17,42,3.57,-11.0,4.5,Moderate
13,2,7.7,82,78,11,98,39.9,6,4,0,7,35,0.37,-3.2,0.6,Low
11,11,6.4,86,53,40,213,46.4,3,1,1,3,17,1.33,-5.9,0.0,Moderate
4,4,6.1,81,55,91,50,60.4,2,6,3,6,29,3.03,2.0,1.8,Moderate
22,10,8.0,83,76,12,29,41.7,5,1,0,1,7,0.4,-2.1,0.0,Moderate
7,3,4.8,92,86,67,86,30.5,5,7,1,3,91,2.23,-6.5,2.8,Moderate
15,0,8.1,73,52,7,44,35.4,1,5,0,12,10,0.23,-8.9,0.0,Low
0,17,5.6,83,43,13,65,43.4,2,7,1,7,10,0.43,1.4,4.8,Moderate
18,11,6.6,69,44,12,68,48.7,4,9,0,12,27,0.4,6.0,3.1,Moderate
19,7,6.6,84,60,14,251,65.0,2,8,1,9,87,0.47,11.7,0.3,High
10,5,5.9,81,48,61,57,39.3,2,2,2,3,24,2.03,-5.5,0.0,Low
13,17,5.5,71,21,28,138,50.0,4,3,1,2,12,0.93,0.8,0.8,High
13,12,6.0,79,72,34,12,54.6,6,4,0,12,5,1.13,1.3,0.2,High
5,15,5.2,72,67,18,54,40.0,6,14,1,5,62,0.6,0.7,5.8,Moderate
13,5,8.8,74,73,36,71,60.2,2,1,0,4,33,1.2,1.7,0.0,High
4,9,5.8,82,76,89,58,39.9,2,5,0,4,47,2.97,-8.8,2.8,Low
6,11,7.8,81,55,12,68,35.8,4,9,1,9,37,0.4,7.8,2.6,Low
17,5,7.6,57,57,180,38,59.0,5,6,1,8,104,6.0,10.0,3.5,High
16,8,6.8,82,70,31,133,44.7,3,5,0,7,123,1.03,-0.7,0.6,Low
5,5,6.2,75,30,17,42,35.0,1,10,0,11,17,0.57,-4.5,3.6,Low
5,11,6.6,73,46,11,32,41.2,2,1,0,3,81,0.37,-3.3,0.0,Moderate
5,1,7.1,66,51,46,84,38.7,3,8,2,6,31,1.53,0.9,4.5,Low
14,12,6.5,78,69,42,99,40.1,3,4,0,7,39,1.4,-7.3,0.0,Moderate
3,10,4.5,72,42,14,70,46.7,6,7,0,9,15,0.47,7.8,0.4,High
12,7,4.2,92,39,78,29,42.0,3,9,0,10,107,2.6,-3.4,3.8,Moderate
14,11,8.2,59,44,52,144,63.6,1,4,1,1,21,1.73,0.4,0.0,Moderate
9,6,3.2,67,60,75,76,41.9,6,6,1,9,64,2.5,2.3,0.3,Moderate
16,5,6.6,67,51,83,67,43.7,2,9,5,6,11,2.77,-7.3,4.6,Moderate
8,12,6.1,81,26,11,72,58.4,3,1,1,5,11,0.37,6.4,0.0,Moderate
8,12,6.6,91,29,83,188,56.3,3,8,0,3,46,2.77,6.6,2.7,Moderate
3,6,5.0,84,54,58,33,51.9,5,4,0,2,91,1.93,6.7,3.0,Moderate
16,5,6.8,66,55,51,133,41.5,3,9,1,7,44,1.7,-4.2,3.0,Moderate
5,7,6.6,73,52,30,27,58.1,5,5,0,5,69,1.0,7.9,0.0,High
12,5,9.5,69,44,80,100,41.6,3,4,0,6,17,2.67,-2.8,2.0,Low
9,17,6.6,84,66,88,29,35.5,5,6,0,5,11,2.93,-6.3,0.4,Moderate
3,10,8.0,73,59,49,158,39.7,4,10,1,4,35,1.63,1.8,7.7,High
6,9,4.6,62,58,51,100,52.3,6,5,1,0,24,1.7,4.0,0.0,Moderate
18,3,7.6,84,59,132,14,42.7,3,4,0,6,54,4.4,-5.8,0.1,High
11,13,6.7,92,81,2,106,46.9,2,10,1,6,101,0.07,2.9,5.0,Low
3,5,6.7,76,34,94,76,36.3,3,6,2,9,55,3.13,-8.4,1.8,Low
11,5,6.7,79,44,37,18,52.5,8,5,0,3,12,1.23,5.1,0.2,Moderate
9,13,8.4,61,46,100,213,38.4,7,5,1,11,5,3.33,-1.9,0.0,High
27,11,6.7,55,75,18,75,37.1,7,9,1,18,71,0.6,1.6,2.2,High
11,0,5.5,58,45,48,83,43.2,6,8,0,9,20,1.6,-0.8,2.2,Low
7,8,5.7,78,38,47,65,33.4,4,3,0,0,33,1.57,-8.2,0.0,Low
19,9,7.4,75,50,55,87,36.8,3,4,0,5,45,1.83,-4.5,2.5,Moderate
0,7,6.9,84,54,31,35,37.2,7,9,1,0,73,1.03,0.2,1.1,Low
10,9,4.6,76,74,24,29,47.2,3,7,0,0,26,0.8,0.7,0.5,Moderate
22,0,7.0,89,45,55,78,38.7,2,1,1,9,14,1.83,-11.4,0.0,Low
9,0,5.1,88,40,59,20,47.8,7,7,2,7,13,1.97,4.7,1.2,Moderate
0,3,6.9,74,36,35,56,43.6,4,6,1,10,11,1.17,4.1,0.0,Low
7,10,5.4,67,46,53,32,40.8,8,9,0,16,46,1.77,0.1,4.2,Moderate
19,0,6.1,57,98,111,5,56.2,6,11,0,4,117,3.7,10.3,9.0,High
12,4,5.7,94,59,40,42,30.3,5,5,1,9,28,1.33,-7.5,1.7,Low
4,0,8.2,68,63,5,151,50.6,9,14,0,5,48,0.17,15.8,7.6,Moderate
5,7,6.9,62,52,49,90,34.9,4,1,0,7,54,1.63,-5.0,0.0,Low
6,20,7.9,79,54,13,165,37.7,6,6,1,16,104,0.43,0.4,0.0,Moderate
12,7,9.5,62,66,45,46,41.2,3,6,1,5,65,1.5,-4.6,0.0,Moderate
18,8,6.5,79,62,70,118,43.0,5,8,2,8,7,2.33,0.2,1.6,Moderate
16,13,8.2,74,58,33,138,44.6,2,9,0,15,9,1.1,4.5,3.9,Moderate
12,9,5.6,88,52,65,20,46.0,4,9,1,8,57,2.17,3.3,5.8,High
1,7,7.9,87,46,66,46,40.5,7,8,0,7,75,2.2,-1.0,1.2,Low
1,14,5.4,90,60,84,109,30.0,6,7,0,9,84,2.8,-1.6,3.2,Moderate
13,11,6.4,80,54,123,53,38.4,5,5,1,14,22,4.1,-3.8,4.3,High
1,10,7.0,69,90,100,33,52.5,8,2,2,9,9,3.33,1.8,2.3,Moderate
8,8,7.2,67,71,3,257,50.0,9,5,1,10,67,0.1,3.0,1.6,High
11,6,4.9,72,40,24,15,50.3,1,6,0,7,61,0.8,-0.5,0.4,Moderate
2,14,5.4,100,31,17,38,42.7,4,2,0,5,69,0.57,-4.1,2.2,Low
3,7,7.1,75,45,58,53,49.3,2,8,0,9,43,1.93,0.4,6.8,Low
9,16,6.0,80,33,34,68,40.7,1,4,0,3,7,1.13,-4.3,0.0,Low
13,2,4.7,95,44,19,64,41.6,2,8,2,6,16,0.63,-5.1,3.6,Moderate
16,17,6.3,81,35,24,56,39.7,6,7,3,6,75,0.8,-4.5,1.6,High
13,11,6.3,70,46,27,50,53.6,2,2,0,12,123,0.9,3.7,0.0,Moderate
10,3,6.6,86,46,64,48,30.0,0,3,1,5,103,2.13,-13.8,0.0,Low
5,11,7.0,73,55,8,94,46.0,5,4,1,12,127,0.27,-4.3,4.7,Low
3,5,7.0,81,48,20,64,46.0,4,5,0,7,35,0.67,-0.9,0.0,Low
6,9,5.5,84,36,2,23,46.7,9,10,0,7,18,0.07,5.1,1.5,Moderate
12,6,5.9,73,74,64,62,44.1,6,7,1,12,25,2.13,8.3,1.7,High
12,8,7.5,80,59,79,82,56.0,3,4,1,5,39,2.63,-1.4,3.3,Moderate
0,14,5.7,96,42,52,304,45.2,5,8,0,9,17,1.73,3.7,2.5,Low
4,12,5.9,71,36,58,52,42.9,0,11,2,4,46,1.93,-1.5,1.0,Low
17,2,4.6,92,26,43,115,50.7,3,4,0,15,34,1.43,1.7,0.0,Low
10,2,6.4,72,24,52,132,30.5,5,6,1,5,180,1.73,-8.1,4.2,Low
0,10,6.8,98,71,6,55,38.3,6,4,0,12,42,0.2,-1.6,0.0,Low
25,10,4.0,69,69,50,138,54.3,4,8,1,4,55,1.67,5.8,1.7,High
9,5,5.1,74,41,18,117,47.4,5,7,2,10,88,0.6,1.1,3.1,High
12,18,4.7,95,77,58,125,32.3,4,7,2,13,38,1.93,-6.0,4.4,High
12,13,7.3,95,63,31,41,68.5,6,6,2,9,23,1.03,13.4,1.6,High
7,5,4.1,87,56,93,251,43.4,3,2,0,9,40,3.1,-3.3,0.5,High
5,4,6.3,66,68,45,115,38.0,7,1,1,3,15,1.5,-4.5,2.1,Low
23,7,7.3,79,63,17,32,32.0,3,6,0,1,52,0.57,-5.8,0.0,Low
16,7,6.6,78,55,12,55,57.1,3,3,0,8,43,0.4,4.2,0.0,High
15,16,5.9,69,48,18,87,36.4,6,7,0,13,7,0.6,-3.2,0.1,Low
13,14,6.8,86,50,36,89,41.4,6,2,0,5,12,1.2,-5.5,0.0,Low
3,9,7.6,69,23,88,114,47.8,5,4,0,5,47,2.93,-6.3,2.4,Moderate
18,12,6.3,64,38,26,102,30.0,3,5,0,9,73,0.87,-9.4,0.0,High
4,13,3.7,60,84,49,44,52.3,3,1,1,4,43,1.63,1.5,0.0,High
11,9,7.8,97,37,11,151,36.8,3,3,0,8,8,0.37,-4.0,0.0,Moderate
0,11,6.9,72,19,57,158,54.6,4,7,3,9,34,1.9,6.4,1.1,Moderate
0,12,6.4,73,68,33,107,47.5,7,11,1,5,41,1.1,3.7,3.5,Low
12,11,4.0,67,56,48,127,55.2,5,11,1,1,52,1.6,11.0,2.9,High
4,4,6.0,93,57,98,57,46.7,3,7,0,9,54,3.27,-0.5,1.5,Low
0,5,5.3,63,49,40,46,54.1,6,7,0,7,17,1.33,10.2,1.3,Low
13,7,4.9,65,68,13,55,49.0,4,9,0,6,44,0.43,4.1,0.8,High
23,4,6.2,74,80,42,177,44.4,3,3,0,9,21,1.4,-3.6,1.3,High
19,0,5.8,78,43,41,59,48.0,7,2,0,8,82,1.37,3.7,0.0,Low
8,12,5.8,85,63,65,79,30.0,7,3,0,2,99,2.17,-3.2,0.0,Moderate
10,11,7.3,71,72,40,49,40.0,6,5,0,7,116,1.33,2.0,0.7,Moderate
15,1,6.7,95,42,95,23,55.6,4,8,0,6,38,3.17,8.7,4.5,Moderate
17,7,5.8,71,79,67,42,33.4,2,2,0,14,142,2.23,-9.6,0.4,High
7,7,5.7,67,72,40,63,39.7,1,7,0,6,12,1.33,-5.0,3.3,Low
10,10,5.9,66,30,37,95,31.3,5,5,0,12,107,1.23,-6.1,0.0,Moderate
11,2,6.1,69,81,15,122,30.0,5,3,1,14,23,0.5,-14.6,0.0,Low
13,1,7.1,65,31,28,22,41.4,3,9,0,8,13,0.93,-3.3,0.1,Low
9,12,5.1,86,40,9,91,48.6,3,9,2,0,50,0.3,1.1,6.2,Moderate
9,0,8.2,67,64,33,27,42.3,6,7,2,11,28,1.1,4.3,0.5,Low
18,7,7.1,77,71,7,35,33.5,4,10,0,0,136,0.23,-1.1,0.2,Moderate
17,7,3.1,67,54,41,111,34.1,8,6,0,8,72,1.37,4.8,0.0,High
13,8,6.5,65,41,14,33,36.1,6,5,1,10,48,0.47,-2.1,0.3,Moderate
21,10,7.6,90,47,50,67,42.0,1,5,2,5,81,1.67,-8.0,2.8,Moderate
7,18,6.9,96,45,39,46,36.1,4,2,0,13,71,1.3,-3.4,0.0,Low
20,0,5.9,92,67,24,112,54.6,7,6,0,15,18,0.8,10.6,0.9,High
13,14,6.3,62,45,11,97,38.3,4,5,2,10,86,0.37,-2.0,1.6,Moderate
27,0,6.6,63,40,36,90,40.3,3,4,0,0,88,1.2,-5.5,0.0,High
2,17,7.3,100,25,34,36,49.5,2,3,1,7,48,1.13,3.4,0.0,High
5,0,4.7,75,41,119,79,30.0,3,8,0,1,23,3.97,-3.6,5.6,Low
12,21,5.7,63,50,27,101,58.3,5,8,0,9,11,0.9,2.9,4.2,High
12,6,8.4,90,32,62,59,52.2,4,8,0,10,95,2.07,9.8,4.0,Moderate
22,16,6.4,79,21,21,35,51.9,4,3,0,9,79,0.7,2.8,0.0,Moderate
5,15,8.2,84,70,16,68,38.0,7,9,2,0,75,0.53,-6.8,5.6,Low
15,6,9.5,53,34,53,68,36.9,6,7,1,4,32,1.77,2.9,2.5,Moderate
17,6,5.8,74,28,26,165,39.2,3,4,0,6,142,0.87,-1.1,0.0,Moderate
14,4,5.0,88,80,35,76,41.2,3,6,1,7,65,1.17,-2.7,0.0,Low
3,13,6.1,71,67,3,57,56.1,5,1,1,8,93,0.1,1.2,0.0,Low
19,6,7.7,92,70,22,67,30.0,4,11,0,7,23,0.73,-1.5,1.7,Moderate
17,4,7.9,64,61,24,48,56.5,2,6,1,4,106,0.8,3.6,0.7,Moderate
13,12,9.1,77,76,15,42,42.8,3,3,1,3,81,0.5,2.5,2.5,Low
11,3,6.4,96,68,28,57,54.4,5,9,1,4,20,0.93,8.3,4.4,Moderate
11,7,7.0,65,46,8,61,48.2,1,2,1,7,21,0.27,-7.4,0.0,Moderate
9,9,5.5,81,33,41,54,50.5,6,6,0,13,55,1.37,2.7,0.5,Moderate
14,5,3.4,84,29,28,43,53.3,2,7,2,7,46,0.93,-0.5,0.0,Moderate
10,6,6.4,79,49,27,177,43.7,5,8,3,2,12,0.9,0.6,3.3,Low
4,17,5.0,75,32,53,45,36.2,5,5,2,18,79,1.77,1.4,2.5,Moderate
3,7,7.2,68,38,15,147,36.6,3,5,0,8,41,0.5,-5.7,0.0,Low
5,6,4.1,80,49,98,59,53.4,6,10,0,11,24,3.27,8.2,2.6,High
11,7,5.5,77,77,15,40,58.6,3,7,0,6,57,0.5,5.4,1.9,Moderate
9,11,6.7,62,25,68,50,38.2,2,8,0,7,43,2.27,-0.4,4.5,High
11,3,6.8,90,53,88,21,54.8,4,3,2,5,99,2.93,-3.1,1.7,Low
13,11,6.3,68,29,6,82,53.5,2,7,0,13,83,0.2,6.9,2.1,Moderate
5,10,8.6,62,42,20,125,31.2,5,5,2,6,34,0.67,-3.4,0.0,Low
19,0,8.3,71,69,11,89,53.2,2,1,1,2,22,0.37,2.8,0.0,High
8,19,5.6,68,37,52,74,39.4,1,4,0,7,79,1.73,-7.9,0.0,Moderate
7,17,8.3,75,47,22,271,58.5,5,5,1,12,97,0.73,8.8,1.3,High
13,4,8.5,64,55,16,38,47.1,3,8,0,2,70,0.53,2.4,1.8,Moderate
0,2,6.3,83,65,31,137,67.4,3,1,1,8,45,1.03,6.1,0.0,Low
4,10,6.5,93,42,36,94,44.7,3,9,1,5,50,1.2,1.0,0.0,Low
16,0,6.3,79,75,80,23,39.5,5,13,1,9,15,2.67,4.0,6.3,Moderate
0,16,5.6,62,44,80,44,49.9,5,7,3,8,13,2.67,4.4,2.2,Moderate
17,6,5.7,68,61,19,37,52.1,5,4,0,9,4,0.63,-3.3,0.0,Moderate
19,18,8.0,80,49,9,108,50.3,6,5,1,1,63,0.3,1.7,0.0,Moderate
7,4,6.9,56,65,47,76,41.8,6,1,0,6,117,1.57,-2.6,0.0,Low
11,8,5.7,64,88,30,62,52.2,0,5,1,19,73,1.0,-3.0,0.0,Moderate
17,16,5.3,60,47,84,51,34.7,8,1,1,0,75,2.8,1.9,0.0,High
6,7,5.5,79,52,86,12,30.0,3,5,1,3,72,2.87,-8.7,1.6,Low
15,10,6.2,102,44,49,104,48.5,3,16,2,11,43,1.63,13.1,6.7,High
5,15,7.5,64,41,40,213,65.3,6,8,0,10,27,1.33,17.3,0.0,High
6,5,5.4,87,39,43,148,50.8,7,4,0,8,59,1.43,4.4,4.3,Moderate
4,1,7.5,72,52,39,72,38.3,2,1,1,0,18,1.3,-7.2,0.0,Low
12,0,6.6,63,38,42,142,42.4,5,5,0,13,74,1.4,-2.4,1.7,Moderate
17,12,6.6,95,39,24,100,45.3,5,9,2,7,20,0.8,1.7,1.9,Moderate
8,11,7.6,102,15,22,182,37.1,0,6,1,8,39,0.73,-8.0,0.0,Moderate
1,15,7.4,83,77,26,19,36.4,1,8,1,3,44,0.87,-2.6,4.2,Low
2,7,4.7,82,82,114,66,48.7,4,11,0,10,57,3.8,4.0,6.5,Moderate
12,0,5.1,79,64,3,193,49.2,6,8,1,5,18,0.1,1.6,1.9,Low
21,0,6.1,76,36,22,28,36.9,7,7,0,4,12,0.73,4.2,1.0,Low
12,21,6.8,82,29,26,72,32.9,7,5,1,11,10,0.87,-2.7,0.0,High
7,12,8.0,85,24,47,59,43.3,4,3,0,9,19,1.57,-5.5,0.0,Low
14,9,6.5,96,64,21,40,41.3,1,7,1,7,51,0.7,-6.7,1.8,Low
8,10,8.4,72,75,90,184,50.9,2,9,1,10,47,3.0,5.7,1.9,High
7,0,5.6,79,55,76,40,38.3,3,1,0,15,41,2.53,-6.7,0.0,Moderate
3,4,5.8,77,67,93,59,48.0,5,9,1,8,85,3.1,6.6,2.9,Moderate
19,19,6.0,89,60,40,60,48.7,1,9,1,3,82,1.33,0.3,2.8,High
0,12,5.4,104,38,85,53,52.2,5,2,1,10,73,2.83,-1.2,1.5,Moderate
15,4,7.8,90,70,19,53,44.3,7,6,2,8,21,0.63,0.9,1.7,Moderate
6,1,3.1,87,69,36,32,38.9,5,7,1,9,145,1.2,1.1,5.3,Low
7,6,5.8,88,34,6,49,42.3,2,5,0,5,40,0.2,-3.3,0.0,Low
21,7,7.8,92,67,51,179,43.3,4,11,2,13,70,1.7,0.8,1.0,Moderate
5,20,6.0,105,49,51,75,62.9,3,10,0,11,6,1.7,11.0,1.4,High
5,7,7.7,59,47,41,67,40.2,2,5,2,6,43,1.37,-9.7,0.0,Low
9,2,9.0,85,59,30,127,62.0,4,4,1,1,41,1.0,5.8,0.3,Moderate
12,8,6.5,50,58,63,53,45.4,3,7,2,10,51,2.1,-2.3,0.9,High
7,10,7.8,88,68,83,17,41.4,3,7,0,8,23,2.77,3.1,2.2,Moderate
0,1,9.3,84,37,117,116,39.0,2,3,0,3,30,3.9,-8.2,1.6,Low
4,11,6.9,72,62,50,31,35.3,2,4,0,6,52,1.67,-0.5,0.0,Low
18,16,6.3,50,31,34,50,43.3,4,2,1,5,24,1.13,-2.4,0.0,High
10,9,7.5,78,49,24,21,44.3,2,6,0,10,102,0.8,2.4,1.5,Low
12,4,7.8,80,50,54,36,45.1,0,4,3,2,72,1.8,-8.6,0.0,Low
8,5,6.4,77,69,19,36,64.8,7,3,2,11,23,0.63,12.7,0.0,High
5,0,5.8,71,52,52,82,57.4,2,6,2,12,18,1.73,4.1,2.4,Low
20,8,8.5,68,47,20,18,45.7,1,10,0,4,86,0.67,1.9,3.9,Moderate
8,10,6.1,77,78,35,128,41.3,5,1,0,7,15,1.17,-3.3,0.1,Moderate
7,3,7.8,69,44,17,53,32.2,8,5,0,6,25,0.57,-5.2,1.7,Low
17,20,6.7,87,44,26,57,47.3,7,4,1,5,6,0.87,3.1,1.2,High
5,13,8.6,77,18,48,65,53.8,5,5,0,12,71,1.6,2.2,0.0,Low
6,0,5.4,59,48,69,22,56.7,2,7,0,6,30,2.3,5.2,2.5,High
10,0,5.4,80,35,29,102,39.9,5,4,0,6,5,0.97,-0.4,0.0,Low
10,3,7.4,83,47,4,99,32.7,6,5,0,6,80,0.13,-6.9,1.9,Moderate
11,18,5.0,96,56,7,98,45.0,3,5,0,1,96,0.23,-3.3,0.0,Moderate
23,14,6.5,88,32,7,28,49.2,4,8,1,9,43,0.23,9.8,3.5,High
12,18,8.3,68,37,87,29,41.9,4,3,0,15,96,2.9,-1.4,0.0,Moderate
0,9,4.3,94,23,162,72,49.2,4,7,2,8,37,5.4,4.4,3.4,High
12,7,6.9,63,43,34,46,43.9,2,8,0,4,84,1.13,-3.5,4.8,Moderate
10,1,7.9,78,35,8,59,46.3,5,7,1,7,48,0.27,1.2,2.8,Low
10,11,6.4,86,91,16,50,47.0,4,2,1,10,9,0.53,2.4,0.5,Low
11,7,5.3,94,79,14,171,44.3,4,7,0,11,61,0.47,2.4,0.0,Low
9,7,6.1,99,76,84,99,33.4,3,7,2,6,10,2.8,-2.4,0.4,Moderate
9,18,5.4,92,29,26,35,55.8,2,4,2,8,23,0.87,-0.4,0.0,Moderate
13,8,6.5,76,49,180,60,39.6,3,9,0,1,79,6.0,1.0,7.0,High
6,16,6.1,84,30,14,31,30.0,3,7,0,4,42,0.47,-11.3,0.5,Moderate
3,0,5.8,80,85,15,48,43.8,3,6,1,10,57,0.5,-9.2,0.0,Low
27,21,7.0,70,67,26,54,48.1,3,6,0,5,45,0.87,-0.7,1.6,High
5,6,8.3,77,33,24,42,53.2,6,7,0,2,95,0.8,7.5,0.0,Low
10,13,6.8,98,59,75,69,46.5,1,4,1,7,110,2.5,-1.5,0.0,High
0,14,8.0,85,25,38,89,45.4,2,4,1,6,122,1.27,4.3,0.0,Moderate
10,6,8.3,101,50,57,54,46.0,1,7,2,9,42,1.9,-1.8,0.0,Low
3,13,5.7,66,49,45,30,38.3,5,9,4,8,46,1.5,-3.1,3.6,Moderate
7,14,6.7,74,65,45,60,41.6,3,6,0,11,23,1.5,-0.0,1.8,Moderate
16,4,5.9,83,70,31,64,52.6,10,4,0,1,14,1.03,2.9,1.6,Moderate
13,4,4.6,86,52,79,208,40.1,4,6,1,11,41,2.63,-4.0,0.0,Low
13,9,6.8,77,48,68,91,46.0,3,8,1,8,42,2.27,-3.9,1.9,Moderate
0,8,5.1,87,15,19,16,40.9,3,7,2,12,23,0.63,-2.7,1.8,Low
21,17,7.0,87,80,27,67,39.0,3,10,1,11,47,0.9,4.4,2.3,High
2,13,4.5,63,40,17,124,43.1,3,9,1,9,104,0.57,0.2,2.2,Moderate
19,8,6.6,86,54,39,87,43.2,6,9,0,9,10,1.3,3.2,3.4,Moderate
16,12,4.5,90,93,49,70,43.5,2,7,0,11,29,1.63,-4.3,5.1,Moderate
13,0,7.2,81,31,24,38,47.2,10,7,1,3,40,0.8,7.5,2.6,Moderate
4,5,5.9,58,52,27,87,30.0,2,1,2,8,53,0.9,-12.0,0.0,Low
10,10,5.8,75,61,19,49,41.0,1,6,0,4,19,0.63,-6.3,2.7,Moderate
6,15,7.8,83,72,16,92,49.7,2,7,0,5,23,0.53,-3.8,0.3,Low
10,10,6.0,68,52,26,114,57.3,5,4,0,7,86,0.87,5.3,0.7,Moderate
8,17,6.5,88,73,32,137,33.9,1,4,0,3,25,1.07,-5.8,0.0,Low
0,14,6.2,86,45,18,115,34.9,5,6,0,10,27,0.6,2.1,0.0,Low
17,6,7.0,79,62,15,77,46.7,7,1,0,6,49,0.5,5.1,0.0,Moderate
9,8,7.7,78,59,136,26,53.8,5,9,1,10,17,4.53,6.4,6.1,High
6,11,7.4,80,50,25,33,37.8,1,1,1,7,30,0.83,-12.0,0.0,Moderate
6,6,5.8,78,58,42,61,30.0,3,2,0,6,112,1.4,-9.4,0.0,Moderate
12,17,7.9,64,36,55,105,46.8,4,7,4,13,91,1.83,0.1,4.2,High
4,2,5.3,73,47,45,69,37.0,6,11,0,7,32,1.5,3.7,4.4,Low
0,10,5.5,79,29,59,86,58.9,6,8,1,10,35,1.97,12.3,1.6,Moderate
12,13,6.2,94,44,40,129,43.6,3,9,1,4,8,1.33,-1.8,3.5,Moderate
13,7,7.7,86,72,9,90,34.1,3,6,0,5,37,0.3,-3.3,2.1,Low
8,5,5.0,94,60,41,51,36.6,1,5,2,4,51,1.37,-7.3,2.6,Low
2,8,7.5,63,58,29,188,45.9,6,3,0,0,98,0.97,0.2,0.0,Low
10,13,6.3,74,23,18,103,41.6,2,7,0,1,5,0.6,-5.3,0.2,Low
0,6,5.9,101,58,111,110,45.5,7,11,1,6,27,3.7,10.6,4.0,Moderate
3,2,7.7,70,51,7,83,70.9,6,2,0,8,37,0.23,5.0,0.0,Low
5,15,5.4,70,62,50,161,35.2,4,7,0,4,21,1.67,-3.2,0.9,Low
15,11,9.1,75,77,48,187,51.4,4,7,0,6,96,1.6,3.4,0.0,Moderate
7,14,6.2,100,45,94,103,56.5,4,12,1,9,107,3.13,7.9,3.0,High
7,13,6.6,71,46,45,141,55.4,2,8,1,1,9,1.5,4.0,0.0,Moderate
22,21,8.3,84,69,23,60,35.6,7,6,0,6,21,0.77,-6.1,2.2,Moderate
12,15,6.6,82,41,6,135,45.6,5,9,0,8,35,0.2,-0.6,1.7,Moderate
12,4,7.8,57,54,8,120,31.6,3,5,0,12,27,0.27,-8.4,0.6,Low
7,11,4.1,78,16,25,28,51.7,7,10,0,0,60,0.83,4.9,6.0,Moderate
6,5,5.9,72,46,84,113,40.5,5,1,1,7,88,2.8,-7.4,0.8,Moderate
0,6,6.9,85,75,9,13,47.6,4,4,0,5,51,0.3,2.5,0.0,Low
16,0,7.7,97,58,41,30,57.0,5,6,0,6,108,1.37,9.7,0.0,Moderate
12,7,7.3,74,68,79,126,46.8,2,11,0,1,56,2.63,-0.3,5.2,Moderate
8,12,7.2,74,69,105,21,46.6,3,2,0,4,27,3.5,-6.2,1.2,Moderate
9,8,7.7,106,76,30,32,42.6,1,8,0,15,42,1.0,-10.2,3.1,Moderate
14,2,7.0,70,46,4,119,56.0,2,7,0,12,37,0.13,3.2,4.6,Low
0,0,3.8,63,69,72,75,39.7,3,2,0,13,36,2.4,-4.4,0.1,Low
6,21,8.1,93,92,25,37,48.5,3,5,0,9,45,0.83,-2.3,0.0,Moderate
2,10,5.4,77,52,51,59,49.9,3,8,2,5,13,1.7,3.7,1.7,Moderate
21,4,6.8,81,28,52,88,51.5,3,4,2,2,56,1.73,2.0,0.0,Moderate
15,11,6.6,103,41,17,56,47.6,6,7,0,7,37,0.57,6.3,2.1,Moderate
0,21,6.5,63,60,3,243,35.8,4,7,0,10,17,0.1,-3.7,0.2,Moderate
0,12,5.1,76,22,40,156,44.8,2,6,1,20,36,1.33,-1.4,0.0,Low
9,0,4.1,64,38,64,28,30.0,3,9,1,7,33,2.13,-6.7,5.1,Moderate
6,21,5.2,82,46,75,135,42.6,6,1,0,13,44,2.5,-2.6,0.0,High
1,0,7.4,72,54,47,73,50.7,2,1,0,3,66,1.57,-7.2,0.0,Low
22,7,4.7,65,84,61,5,53.8,5,2,2,8,41,2.03,1.7,0.0,High
12,2,5.3,86,64,20,147,39.2,5,6,1,4,40,0.67,-4.0,3.7,Low
13,4,6.9,78,32,79,122,63.4,9,4,1,8,52,2.63,13.4,0.0,High
5,10,5.2,64,110,67,29,31.0,2,7,0,13,47,2.23,-0.4,5.1,Low
14,0,5.7,65,52,55,71,49.1,4,5,4,13,47,1.83,6.1,1.1,Moderate
7,8,6.5,80,22,22,48,50.0,5,4,1,11,29,0.73,3.8,0.0,Low
8,15,6.7,60,33,37,70,50.2,2,8,0,2,5,1.23,1.4,5.9,Moderate
13,4,5.1,81,33,28,56,48.6,1,7,0,9,55,0.93,-0.5,1.8,High
0,0,6.6,93,28,30,131,45.8,7,3,2,12,13,1.0,1.2,0.0,Low
20,8,6.9,85,61,59,57,60.3,6,5,1,3,9,1.97,6.4,0.1,Moderate
11,7,4.9,71,15,55,177,35.7,3,6,0,6,72,1.83,-2.8,0.0,Moderate
18,5,6.7,81,70,5,84,42.1,3,14,0,11,67,0.17,4.5,7.5,High
3,2,5.5,64,67,21,53,46.1,3,7,1,0,97,0.7,-5.1,0.6,Low
3,12,6.5,79,44,48,72,43.8,2,2,0,4,25,1.6,-3.7,0.0,Low
2,12,7.3,74,68,31,54,36.7,2,9,2,15,20,1.03,-3.8,1.0,Low
11,2,6.2,67,32,13,35,50.6,4,8,2,17,24,0.43,-1.3,0.7,Low
10,3,7.5,85,37,73,45,47.4,4,9,0,13,48,2.43,8.3,2.0,Moderate
6,9,7.3,56,62,180,83,60.2,1,1,1,0,80,6.0,-1.3,3.2,High
3,3,7.5,65,48,13,73,52.5,4,4,0,11,36,0.43,6.7,0.0,Low
1,10,6.9,66,41,5,90,54.9,4,2,2,11,107,0.17,-1.1,0.0,Low
9,17,7.7,72,50,101,68,54.6,3,9,0,6,41,3.37,4.6,2.0,Moderate
6,8,6.9,92,76,19,53,36.1,5,4,0,17,34,0.63,-6.5,1.6,Moderate
5,1,4.4,86,75,61,35,42.2,4,1,1,2,22,2.03,-5.5,0.0,Moderate
20,11,5.4,79,60,18,55,42.5,4,10,1,11,84,0.6,4.2,5.0,High
9,7,6.1,79,46,115,91,55.4,6,8,1,4,49,3.83,9.0,0.0,Low
18,8,6.3,78,61,65,36,46.9,2,3,0,12,49,2.17,-6.4,0.0,Moderate
6,11,6.8,93,36,19,45,45.7,3,7,2,12,19,0.63,-2.8,0.6,Low
11,13,5.4,58,73,16,83,45.1,8,7,0,9,78,0.53,5.2,0.0,Moderate
9,9,8.8,86,69,18,82,55.3,4,4,3,0,104,0.6,1.4,0.0,Moderate
0,8,6.3,72,87,25,35,36.8,6,11,0,5,59,0.83,-1.1,4.2,Low
19,20,6.4,84,38,75,94,46.1,7,8,2,12,46,2.5,3.7,1.0,High
9,15,5.6,84,35,6,84,59.2,3,3,0,4,30,0.2,2.2,0.0,Moderate
14,13,5.2,86,62,21,213,50.4,3,3,3,3,27,0.7,-4.9,0.0,Moderate
5,9,6.2,95,47,66,34,42.4,5,6,0,8,11,2.2,-1.6,4.4,Low
8,3,6.4,63,70,67,189,48.3,8,4,2,6,32,2.23,7.6,2.1,Moderate
4,15,6.3,89,76,81,83,32.7,3,6,1,3,9,2.7,-11.1,4.1,Moderate
18,9,8.4,77,83,10,19,39.8,1,4,0,4,49,0.33,-6.3,0.4,Moderate
12,5,6.2,73,53,30,58,43.0,9,8,2,8,15,1.0,4.0,3.8,Moderate
12,7,6.3,100,68,20,56,35.9,3,6,2,10,25,0.67,-2.7,0.0,Low
18,3,7.4,86,43,107,133,51.9,4,4,0,2,22,3.57,6.7,0.1,Low
17,15,6.2,73,56,40,45,35.2,4,9,1,10,42,1.33,2.1,5.4,High
14,12,7.0,89,51,16,26,56.5,4,5,3,5,36,0.53,-0.6,0.0,Moderate
0,10,4.9,77,50,103,92,50.6,5,9,1,12,40,3.43,3.4,3.0,Low
5,8,4.9,73,85,32,80,39.9,4,3,1,11,37,1.07,-4.9,0.3,Low
3,5,6.5,71,28,39,111,41.2,5,10,0,8,72,1.3,7.4,2.5,Moderate
14,0,6.1,81,52,119,157,45.7,6,6,1,8,39,3.97,-5.0,3.3,Moderate
11,0,5.4,71,53,41,147,53.9,4,6,0,15,42,1.37,4.3,0.0,Low
0,4,6.5,80,64,86,247,45.2,2,9,0,8,59,2.87,4.0,5.4,Moderate
8,3,6.7,88,32,26,188,54.8,4,1,0,10,11,0.87,-1.5,0.0,Moderate
0,10,5.5,79,47,63,103,45.7,4,10,2,16,21,2.1,8.5,4.9,Moderate
9,13,5.8,100,41,44,73,51.6,6,12,0,9,49,1.47,7.6,5.0,High
0,8,6.7,78,15,72,79,58.8,3,1,1,9,7,2.4,3.5,2.9,Low
13,17,5.2,93,73,40,128,47.7,4,8,1,5,44,1.33,7.4,2.3,Moderate
12,4,5.7,89,26,39,48,36.3,3,2,0,0,22,1.3,-5.8,0.0,Moderate
22,8,7.0,95,23,83,58,44.1,6,6,2,7,48,2.77,-0.6,2.8,High
15,8,6.4,100,69,21,105,63.2,5,7,3,5,25,0.7,14.4,0.0,High
7,15,5.8,59,46,23,25,41.2,5,8,1,7,22,0.77,5.1,3.8,High
15,9,5.3,81,47,131,47,30.0,4,5,0,12,135,4.37,-6.8,3.1,High
0,9,5.2,77,47,20,37,37.3,4,3,1,4,11,0.67,-4.1,0.0,Low
3,0,6.2,79,71,27,159,43.7,4,11,0,0,17,0.9,1.2,8.6,Moderate
12,3,8.8,74,42,20,30,50.1,4,1,1,0,8,0.67,2.0,0.0,Moderate
0,15,7.1,72,63,24,54,56.1,3,6,2,3,26,0.8,-1.2,1.3,Low
9,0,4.8,66,31,10,45,38.5,4,7,2,2,46,0.33,-2.8,1.1,Low
3,16,7.2,79,58,55,58,57.7,2,7,0,7,93,1.83,7.5,0.0,Moderate
10,11,5.5,88,68,62,98,52.2,2,11,0,0,18,2.07,4.9,2.4,High
2,4,6.4,73,77,4,91,55.3,5,2,0,4,13,0.13,3.8,0.0,Low
12,4,5.7,74,24,28,82,54.6,3,5,0,3,19,0.93,0.1,3.3,Low
10,19,8.8,70,47,27,104,42.4,1,5,0,4,14,0.9,-2.8,2.4,Low
19,17,5.0,67,81,14,89,62.0,2,6,1,14,80,0.47,7.3,1.9,High
10,8,6.8,75,69,13,7,57.6,6,8,2,9,58,0.43,7.3,2.2,Low
5,9,5.6,82,48,27,107,46.7,3,15,0,13,180,0.9,9.3,8.3,High
8,5,7.3,92,52,82,81,58.5,7,8,0,10,50,2.73,13.8,3.5,High
1,9,6.8,65,57,45,166,69.5,5,10,0,12,34,1.5,13.3,5.8,High
12,5,7.9,78,45,46,35,54.8,5,9,0,3,54,1.53,9.8,2.1,Low
13,8,7.3,91,62,22,72,30.0,4,11,0,5,94,0.73,-6.0,5.9,Moderate
26,19,5.6,65,61,14,89,31.4,2,1,0,9,110,0.47,-11.8,0.0,Moderate
5,8,9.5,92,32,119,193,48.6,7,8,1,5,17,3.97,4.0,5.0,High
8,2,7.1,73,43,79,26,37.9,6,1,3,4,57,2.63,-9.1,3.7,Moderate
6,1,5.7,86,44,76,79,39.5,4,12,0,12,35,2.53,1.2,5.0,Low
11,9,6.6,76,47,46,82,48.2,8,7,0,8,18,1.53,-0.4,4.7,Moderate
12,4,7.2,83,57,71,36,42.7,4,7,0,9,61,2.37,-2.3,1.1,Low
9,10,7.1,96,55,58,59,53.8,2,7,0,0,28,1.93,4.2,2.9,Low
17,0,7.0,77,39,16,59,54.9,2,1,0,3,26,0.53,1.4,0.0,Moderate
5,13,7.6,89,76,121,41,36.8,8,1,1,6,118,4.03,-2.5,2.7,High
16,2,7.4,81,52,72,83,48.6,3,5,0,5,25,2.4,-2.4,1.6,Moderate
13,9,5.4,69,78,33,90,41.6,5,4,0,4,56,1.1,-0.7,0.0,Moderate
9,7,8.9,76,78,13,83,52.6,5,5,0,3,31,0.43,3.0,0.4,Low
7,18,8.8,76,33,13,23,44.1,3,5,2,7,26,0.43,-1.3,0.0,High
25,9,7.4,62,43,46,47,54.5,4,7,0,8,30,1.53,1.7,2.3,High
4,20,6.4,83,44,34,206,45.4,5,7,2,0,78,1.13,2.3,2.0,High
11,12,6.5,85,58,24,44,60.2,3,7,0,6,58,0.8,6.0,0.0,Moderate
5,17,6.0,87,65,45,25,48.4,4,5,1,11,17,1.5,-0.9,3.7,Moderate
21,7,6.2,94,55,37,59,32.3,1,8,1,8,115,1.23,-7.1,2.7,Moderate
15,11,3.8,88,42,31,11,51.1,2,3,3,11,43,1.03,3.3,1.1,Moderate
5,16,8.2,71,82,14,280,43.3,4,11,0,4,127,0.47,4.5,6.5,High
13,14,7.8,74,44,37,21,30.0,3,7,1,6,124,1.23,-10.5,1.7,High
11,12,4.4,87,65,90,37,43.1,2,4,0,1,95,3.0,0.2,0.0,Moderate
6,7,7.5,82,51,13,42,51.0,4,7,0,6,137,0.43,8.0,2.7,Low
14,8,6.4,78,51,86,89,53.0,1,3,1,5,48,2.87,-1.1,0.0,Moderate
12,15,6.2,68,64,88,18,52.0,3,3,1,5,48,2.93,3.5,0.0,Moderate
11,16,7.0,72,80,43,334,45.8,1,7,0,3,28,1.43,-5.4,4.7,High
9,5,4.3,84,57,43,70,42.7,2,3,0,9,36,1.43,-5.3,0.0,Low
12,4,6.4,57,43,40,15,37.9,10,11,0,7,87,1.33,4.0,4.0,Moderate
11,3,6.5,52,79,50,209,53.6,4,3,1,10,17,1.67,2.9,1.0,Low
10,13,6.5,86,61,28,89,52.3,3,8,3,1,5,0.93,4.0,1.5,Moderate
5,3,4.8,72,55,57,57,40.7,2,4,1,9,151,1.9,-9.0,0.0,Moderate
21,13,6.9,83,70,5,15,59.3,3,9,0,9,69,0.17,13.9,2.0,High
3,12,7.7,95,58,146,74,54.2,4,8,1,0,78,4.87,8.9,6.0,High
12,5,6.9,67,96,65,55,54.3,9,1,2,12,6,2.17,8.7,0.0,High
7,18,6.1,60,52,45,21,45.8,2,9,0,11,46,1.5,3.4,3.4,Moderate
21,0,9.5,75,73,63,77,64.1,5,7,2,12,27,2.1,11.4,1.8,High
4,18,5.3,70,60,40,52,38.7,3,7,0,8,29,1.33,-4.1,0.0,Low
5,10,7.3,78,60,60,51,30.0,5,6,0,6,32,2.0,-2.3,0.0,Low
3,0,6.7,84,45,40,139,54.2,5,5,2,9,83,1.33,5.0,1.9,Moderate
12,18,8.8,82,46,29,163,54.7,3,1,1,4,19,0.97,2.0,0.0,Low
1,14,6.9,79,61,53,117,53.7,2,6,2,12,43,1.77,-1.6,1.3,Low
6,6,7.1,90,36,46,104,57.2,7,6,0,3,74,1.53,6.9,0.3,Moderate
0,3,7.0,85,42,56,115,56.5,4,5,1,9,58,1.87,6.4,1.4,Low
11,0,5.1,76,52,25,36,56.9,2,3,1,5,20,0.83,1.2,0.0,Moderate
6,21,5.4,85,74,7,58,49.6,4,10,1,4,74,0.23,-0.3,4.0,Moderate
0,3,6.1,61,53,44,112,49.6,2,7,0,9,24,1.47,0.5,1.5,Low
17,1,7.5,90,53,62,101,47.4,1,4,1,12,10,2.07,-10.0,0.0,Moderate
1,10,6.7,78,33,121,35,55.8,6,1,4,4,57,4.03,8.9,2.9,High
15,0,6.2,65,83,52,81,39.9,6,3,2,9,142,1.73,-1.2,0.9,Moderate
5,3,8.0,73,72,18,31,44.9,2,5,0,12,30,0.6,-2.5,2.5,Low
20,14,4.0,89,74,83,38,36.6,3,9,0,8,37,2.77,-2.6,6.3,High
14,11,4.8,70,26,42,115,51.9,7,6,0,11,20,1.4,1.6,0.1,High
3,6,3.4,83,58,83,90,60.9,3,5,2,6,45,2.77,12.7,1.2,Moderate
4,9,7.8,88,35,24,87,38.8,3,8,1,8,82,0.8,-3.2,3.8,Low
13,6,6.3,78,66,35,62,31.3,7,8,0,7,37,1.17,-2.1,2.2,Moderate
8,8,7.6,68,58,65,88,45.5,4,6,0,12,93,2.17,-0.4,0.0,Low
8,4,6.3,77,61,71,67,48.9,5,8,1,5,70,2.37,6.7,3.4,High
18,5,7.6,62,39,49,44,44.6,7,8,2,8,48,1.63,5.2,6.1,Moderate
5,5,6.2,73,33,55,114,35.2,4,8,3,2,73,1.83,-2.5,3.4,Low
10,4,6.9,66,40,69,13,56.0,1,6,1,4,18,2.3,3.5,0.0,Moderate
16,15,6.7,77,58,38,56,49.1,2,3,0,14,16,1.27,-2.9,0.0,Moderate
15,13,6.8,64,48,42,161,62.3,2,5,2,15,7,1.4,9.4,3.1,High
8,3,8.4,79,57,119,53,54.8,3,8,0,6,38,3.97,10.4,4.2,Moderate
8,2,4.5,90,34,25,46,38.4,6,10,1,4,6,0.83,2.4,0.4,Low
0,8,6.3,91,52,11,16,50.4,7,9,2,13,11,0.37,0.3,3.0,Moderate
3,21,6.6,64,77,42,50,51.4,4,6,1,4,45,1.4,8.5,0.4,High
12,3,6.5,71,58,41,125,60.7,5,9,1,7,31,1.37,10.8,5.4,High
9,8,5.9,87,59,14,183,40.9,5,4,0,10,35,0.47,2.5,0.0,Moderate
10,9,5.8,86,59,39,90,34.8,5,10,1,13,21,1.3,0.4,7.6,Moderate
16,8,8.2,71,43,11,46,46.3,5,11,0,2,79,0.37,5.6,2.9,High
2,6,6.3,73,81,23,159,44.2,6,9,0,4,35,0.77,2.8,4.9,Low
8,15,9.3,79,58,52,156,44.0,4,3,0,6,23,1.73,-4.6,0.0,Moderate
11,11,7.0,58,55,12,96,49.0,7,3,0,5,60,0.4,2.8,0.0,High
5,13,6.1,84,64,32,29,30.0,5,9,1,13,60,1.07,-0.1,2.6,Low
19,12,7.1,90,69,5,49,35.8,5,8,0,5,9,0.17,-3.1,0.0,Moderate
15,14,6.5,74,30,25,57,47.1,3,4,1,3,10,0.83,-1.2,1.4,Moderate
11,18,8.0,62,53,83,37,45.3,5,4,2,2,30,2.77,6.0,0.0,Moderate
21,16,5.0,94,92,154,102,64.0,5,8,2,1,52,5.13,8.8,8.2,High
0,21,4.2,80,82,34,67,46.1,2,3,3,7,57,1.13,-3.4,0.2,Moderate
9,16,6.8,86,50,50,52,33.8,4,7,0,9,31,1.67,-9.2,1.7,Moderate
12,5,7.4,63,65,15,66,39.8,4,10,1,0,8,0.5,3.7,3.7,Low
4,13,6.7,64,46,48,25,54.9,6,7,0,6,27,1.6,8.9,3.2,Low
11,13,7.2,83,58,92,60,43.7,6,12,1,4,39,3.07,2.8,8.1,High
2,20,7.0,89,44,40,162,30.0,4,8,0,6,44,1.33,-7.8,6.2,High
14,3,4.6,66,43,76,71,52.0,4,6,2,4,9,2.53,6.1,5.2,High
16,12,6.7,77,41,23,42,56.3,3,9,1,6,7,0.77,8.3,0.0,High
11,5,8.0,61,82,8,45,45.0,1,9,1,1,41,0.27,-0.4,4.8,Low
0,11,6.6,70,43,29,29,41.1,2,4,1,8,58,0.97,-1.8,0.2,Low
3,7,4.8,75,73,23,90,53.7,6,6,0,6,9,0.77,8.6,0.0,Low
13,11,6.0,83,44,73,50,30.0,6,3,1,11,2,2.43,-7.4,0.0,Low
10,0,7.1,55,42,73,173,52.8,1,1,2,8,53,2.43,0.5,0.3,Moderate
0,13,8.6,93,59,14,218,46.4,3,6,0,4,55,0.47,3.2,1.1,Moderate
18,10,4.1,76,29,53,5,54.0,4,7,1,8,26,1.77,5.1,2.0,High
10,9,6.8,92,64,64,97,35.8,3,5,3,11,15,2.13,-6.8,4.1,Moderate
4,20,5.3,86,50,26,59,45.5,4,7,1,6,54,0.87,3.9,1.2,High
16,6,7.0,87,42,42,53,54.8,3,5,2,8,42,1.4,3.3,3.0,Low
5,10,7.1,100,38,59,129,50.9,8,3,0,8,31,1.97,2.4,0.0,Low
5,9,6.1,69,87,78,114,30.0,2,7,1,8,23,2.6,-12.3,6.6,Moderate
12,10,7.2,79,51,43,209,53.7,7,3,1,8,75,1.43,-0.2,1.5,Moderate
21,21,7.8,67,51,51,61,55.6,5,6,1,1,40,1.7,7.3,0.6,High
20,9,6.2,77,68,63,242,49.8,4,3,1,2,76,2.1,1.9,0.0,High
12,5,4.8,86,37,14,62,46.6,3,4,1,0,68,0.47,-5.0,0.0,Moderate
13,19,8.1,90,72,4,99,55.1,6,4,0,2,105,0.13,5.0,1.2,High
15,7,7.4,74,51,58,32,47.1,6,11,0,8,16,1.93,4.0,6.0,Moderate
1,0,7.1,65,27,44,36,30.0,2,6,0,9,61,1.47,-12.2,0.0,Low
14,4,5.6,79,42,13,46,39.4,6,4,3,3,143,0.43,0.1,0.0,Low
5,1,7.6,69,32,60,65,59.9,5,4,0,2,34,2.0,5.3,1.9,Low
12,0,8.9,72,53,13,34,43.9,5,8,1,9,49,0.43,-0.1,3.7,Low
8,6,6.3,85,38,41,155,48.1,2,6,0,6,77,1.37,5.3,4.0,Low
13,8,6.5,83,36,59,116,31.0,4,8,1,1,83,1.97,-5.3,2.2,Moderate
10,15,5.1,87,57,73,47,50.9,4,7,1,16,50,2.43,-2.4,1.9,Moderate
0,12,5.5,74,53,30,22,51.4,2,9,1,8,54,1.0,5.0,5.6,Moderate
11,12,5.1,89,74,70,257,66.6,5,1,1,8,37,2.33,9.5,0.0,High
14,3,6.6,78,73,33,180,53.3,6,6,1,4,33,1.1,8.6,2.9,Moderate
12,14,6.0,75,53,18,34,54.7,5,1,0,12,87,0.6,-0.9,0.0,Low
9,17,6.8,66,61,23,54,30.0,1,12,1,9,14,0.77,-4.3,3.1,Low
20,11,5.3,55,27,27,99,41.0,5,5,0,13,29,0.9,-1.8,0.0,High
12,11,6.2,61,65,2,83,65.1,5,10,1,4,27,0.07,13.6,2.5,High
12,1,5.3,80,59,63,45,54.1,5,8,1,6,24,2.1,4.8,0.4,Moderate
16,15,6.6,68,69,50,112,50.4,3,4,0,0,67,1.67,-2.7,1.0,Moderate
12,19,4.4,60,46,24,104,62.5,3,10,1,10,51,0.8,11.3,4.9,High
4,10,6.6,73,47,53,91,38.5,2,5,1,9,46,1.77,-5.0,0.0,Moderate
0,5,6.1,81,47,12,137,49.5,1,9,0,13,21,0.4,1.0,5.9,Low
6,8,6.6,83,78,54,46,50.4,7,4,0,4,8,1.8,5.0,1.3,Moderate
14,6,4.4,78,57,61,94,44.8,2,7,3,9,54,2.03,-2.7,3.3,Moderate
7,6,7.2,77,25,10,33,33.2,1,6,0,6,19,0.33,-5.5,1.7,Low
15,12,6.0,72,64,66,90,59.5,3,7,0,8,147,2.2,7.6,1.6,High
10,10,6.7,85,44,33,116,46.9,1,4,2,6,19,1.1,-1.5,0.0,Low
18,14,4.2,76,72,33,8,50.0,4,1,2,0,62,1.1,-0.7,0.0,Moderate
8,11,4.9,77,62,11,133,39.9,5,2,2,7,41,0.37,-5.3,1.0,Low
13,3,5.9,89,74,74,275,39.5,6,10,0,7,27,2.47,3.0,3.0,High
13,6,8.1,87,71,75,253,43.0,5,3,2,11,23,2.5,-1.3,0.0,Low
19,5,7.0,76,69,100,27,44.0,2,5,1,6,22,3.33,-3.3,2.8,Moderate
0,7,6.6,74,72,80,25,56.1,5,5,0,10,54,2.67,4.3,2.0,Moderate
7,19,5.3,74,67,43,185,49.5,4,9,0,4,37,1.43,5.4,5.1,High
15,20,5.1,56,40,47,18,37.1,1,11,0,3,87,1.57,-1.5,5.9,High
20,13,6.7,90,31,4,161,32.5,3,10,0,8,21,0.13,1.5,3.0,High
11,9,7.2,70,37,3,23,54.5,6,2,2,4,32,0.1,0.9,0.0,Moderate
8,1,6.7,87,65,35,27,55.4,1,2,3,15,82,1.17,3.4,0.5,Low
14,10,8.5,78,15,34,172,43.3,3,3,0,2,16,1.13,3.0,0.0,Moderate
15,4,5.6,93,52,18,98,40.4,2,8,1,13,42,0.6,1.7,5.6,High
7,18,6.6,84,47,36,39,46.5,6,7,1,0,66,1.2,10.1,2.3,High
12,0,4.4,88,74,20,135,46.5,4,10,0,10,107,0.67,-0.1,1.7,Moderate
17,11,6.7,71,50,75,83,48.5,5,2,1,12,67,2.5,0.8,0.0,Moderate
22,3,8.2,64,45,41,66,55.6,3,4,0,9,61,1.37,3.1,2.1,High
14,8,5.2,80,76,23,29,54.9,3,7,1,11,53,0.77,4.0,0.0,Low
10,12,7.4,57,50,75,33,53.8,7,4,2,9,46,2.5,4.4,1.3,Moderate
9,14,8.1,73,47,12,108,36.9,7,9,1,8,73,0.4,1.0,1.8,Low
13,8,5.6,65,43,128,31,50.7,0,1,3,8,52,4.27,-5.1,0.2,Moderate
9,13,7.0,69,57,45,51,49.0,4,12,1,4,101,1.5,5.9,8.3,High
11,5,8.3,85,46,34,44,34.5,6,6,0,6,27,1.13,-6.7,0.5,Moderate
3,10,6.7,84,46,8,181,42.6,3,1,1,7,56,0.27,-6.0,0.0,Low
18,14,7.3,76,78,38,54,50.5,7,12,0,0,42,1.27,12.5,5.0,High
2,10,4.3,82,53,32,71,33.3,9,2,3,7,51,1.07,-0.5,0.0,Moderate
7,5,7.1,72,44,58,17,40.7,1,8,0,11,29,1.93,-0.8,4.3,Moderate
10,7,7.0,105,34,34,59,46.8,4,5,1,11,92,1.13,-1.4,0.6,Low
22,14,4.8,81,56,13,36,42.2,4,2,0,0,11,0.43,-8.0,0.3,Moderate
7,2,5.2,72,42,30,64,55.7,6,5,0,5,59,1.0,2.0,0.0,Low
5,3,7.1,88,45,21,50,52.7,4,9,2,11,97,0.7,0.3,0.8,Moderate
6,12,6.0,92,37,12,26,34.2,3,7,5,2,54,0.4,-10.2,3.4,Moderate
20,6,7.7,69,56,83,52,38.2,1,1,1,11,101,2.77,-8.4,0.0,Low
0,0,6.8,62,29,7,9,56.3,5,8,0,3,29,0.23,10.8,4.0,Moderate
3,16,6.5,65,59,77,46,51.1,2,5,0,7,42,2.57,-3.1,0.0,Moderate
27,2,6.2,71,42,39,363,30.0,4,9,3,0,55,1.3,-9.4,5.0,High
13,7,6.8,77,65,61,98,58.8,5,1,0,13,28,2.03,0.9,0.0,Moderate
2,5,7.4,60,61,88,81,46.1,4,1,0,0,134,2.93,-7.6,0.0,Low
9,7,7.0,73,54,23,38,45.7,4,1,1,5,23,0.77,-3.9,0.0,Low
10,3,5.9,76,67,41,99,38.0,4,9,1,7,11,1.37,-1.0,3.7,Low
15,13,7.9,82,80,24,35,57.4,5,7,3,2,94,0.8,5.2,3.5,Moderate
21,9,7.2,85,75,32,180,50.7,2,13,2,8,61,1.07,9.7,8.4,High
12,14,6.9,82,28,58,140,44.8,3,4,2,9,33,1.93,-2.5,0.0,High
6,5,6.5,98,41,36,34,30.0,7,3,3,5,12,1.2,-13.0,0.6,Moderate
15,21,7.0,90,43,40,50,41.6,4,1,1,10,83,1.33,-0.7,0.0,Moderate
5,0,4.2,80,63,17,100,36.2,7,9,1,3,17,0.57,3.0,5.8,Low
3,0,6.7,67,43,35,52,42.5,7,7,0,5,31,1.17,7.1,0.7,Low
0,19,8.4,71,42,26,85,38.0,8,7,2,2,52,0.87,0.2,2.2,Low
0,11,6.7,62,39,38,167,53.2,4,7,1,5,58,1.27,6.8,0.0,Low
4,10,6.5,80,57,16,145,59.9,4,11,3,10,71,0.53,6.8,5.5,High
2,11,5.7,82,63,23,48,45.3,6,3,0,6,39,0.77,-0.9,0.0,Low
12,12,7.0,88,30,45,90,35.6,4,10,3,4,70,1.5,-0.1,5.3,High
2,10,6.2,81,43,56,10,42.8,0,7,0,3,157,1.87,-3.9,2.7,Moderate
0,3,8.0,90,18,42,36,42.0,3,4,1,7,41,1.4,-2.7,0.0,Low
3,13,5.4,90,15,30,96,60.2,2,5,2,9,88,1.0,3.5,0.0,High
6,12,5.9,67,61,22,73,46.4,2,4,0,10,76,0.73,1.0,0.0,Moderate
6,17,5.7,72,58,6,50,59.1,3,8,0,12,98,0.2,5.0,2.8,Moderate
19,19,8.6,78,55,85,36,33.3,1,10,1,12,6,2.83,-5.6,5.8,High
6,10,6.2,70,81,73,55,46.0,6,9,0,11,71,2.43,1.7,6.0,Moderate
15,1,5.7,75,22,93,222,36.6,5,10,0,6,33,3.1,-12.2,4.9,High
9,19,3.9,81,15,91,81,44.9,2,6,1,7,21,3.03,-2.2,2.8,High
9,3,5.3,77,32,47,43,50.5,2,3,0,10,42,1.57,0.3,2.2,Moderate
4,10,7.0,78,15,146,28,32.4,6,6,0,9,65,4.87,-6.4,5.4,Moderate
9,7,7.0,68,41,33,43,41.1,3,3,0,10,52,1.1,-6.1,0.0,Low
5,6,5.6,84,62,41,38,44.3,3,7,2,0,37,1.37,5.3,0.6,Low
11,13,5.7,83,57,22,22,47.7,3,7,0,8,71,0.73,-1.9,1.1,Low
8,10,8.6,70,70,12,49,32.0,3,7,1,4,32,0.4,-2.6,0.0,Low
3,11,9.5,64,59,26,71,49.7,6,1,0,7,18,0.87,6.9,0.0,Moderate
16,4,7.8,92,45,25,21,50.0,4,6,0,10,11,0.83,7.0,0.0,Moderate
12,7,8.3,97,43,61,143,55.0,0,2,2,0,25,2.03,-0.8,0.0,Moderate
7,4,8.5,81,60,43,46,31.7,3,4,1,11,87,1.43,-4.3,0.0,Low
10,7,9.1,74,24,52,57,43.1,3,7,1,5,10,1.73,-1.6,0.0,Low
9,8,6.0,90,15,47,94,45.8,3,6,2,2,6,1.57,-1.7,0.1,Moderate
4,19,5.3,83,59,48,69,47.7,2,1,2,0,99,1.6,-5.4,0.0,Low
10,7,8.6,76,56,23,29,46.6,2,5,1,14,68,0.77,-1.2,0.0,Moderate
5,0,5.2,89,80,46,52,41.0,2,5,0,4,20,1.53,-3.2,1.3,Low
3,17,5.2,69,65,64,17,46.9,6,5,1,7,9,2.13,6.1,0.0,Moderate
0,11,5.2,70,58,82,141,71.7,5,5,1,8,158,2.73,10.4,0.8,Moderate
7,8,6.2,82,46,72,38,51.1,2,11,2,5,94,2.4,5.5,6.8,High
13,6,4.0,79,37,57,44,32.1,6,1,0,0,47,1.9,-11.7,0.0,High
5,3,4.7,85,47,43,44,59.7,1,5,2,8,62,1.43,6.5,2.9,Moderate
26,20,5.7,91,69,28,110,60.9,4,1,2,12,55,0.93,6.1,0.0,High
15,9,5.0,61,60,48,26,53.4,2,5,0,5,37,1.6,3.1,0.8,Moderate
18,0,7.7,78,69,96,33,57.7,6,9,0,11,56,3.2,10.7,2.1,High
15,10,6.4,99,54,31,73,67.0,5,15,0,13,94,1.03,12.8,6.7,High
22,15,7.1,71,36,110,128,48.6,4,8,2,0,13,3.67,2.1,1.7,High
4,9,7.0,70,73,49,71,55.5,7,6,1,13,15,1.63,8.7,2.4,Moderate
0,3,6.2,53,71,84,90,59.7,5,8,0,14,110,2.8,15.7,2.8,Moderate
7,3,7.6,79,55,24,69,39.1,4,4,2,9,104,0.8,-3.2,0.3,Low
13,3,6.9,84,62,22,63,59.6,3,8,2,9,90,0.73,4.5,3.7,Moderate
10,17,6.0,84,61,13,110,47.8,3,7,0,16,72,0.43,0.6,1.1,Low
11,8,4.4,67,44,95,74,54.7,4,10,1,8,29,3.17,6.6,8.0,High
18,0,7.0,78,47,49,182,54.3,10,6,2,15,27,1.63,9.7,1.4,Moderate
12,11,4.9,80,36,64,45,39.9,5,7,0,11,20,2.13,-5.4,1.6,Moderate
15,9,6.9,79,47,41,165,58.3,4,5,2,3,117,1.37,4.1,0.0,Moderate
3,6,6.5,66,71,43,37,42.1,5,6,0,5,40,1.43,0.6,0.0,Low
2,3,4.8,79,67,11,63,48.5,5,6,0,10,32,0.37,1.6,0.0,Low
20,2,6.7,69,62,49,32,53.5,0,8,0,3,4,1.63,-0.7,0.4,Moderate
10,15,6.6,57,69,68,54,51.2,1,6,0,12,128,2.27,2.1,1.6,Low
5,10,6.6,85,45,5,38,40.9,4,5,0,10,115,0.17,-1.4,0.3,Low
5,11,6.6,80,31,28,37,34.5,10,4,2,9,10,0.93,-0.0,0.0,Low
5,10,5.6,85,49,20,26,38.6,6,5,0,0,53,0.67,-2.0,2.4,High
5,10,7.1,72,51,57,61,52.5,4,5,0,9,11,1.9,2.3,5.1,Moderate
1,6,5.6,85,64,55,85,50.8,4,6,2,6,53,1.83,4.6,0.0,Moderate
0,7,5.1,89,61,63,299,44.2,2,2,1,8,80,2.1,-1.2,2.2,Low
8,15,7.2,97,70,2,87,43.9,3,11,0,5,37,0.07,-0.1,4.2,Low
6,17,7.5,87,16,41,74,43.2,3,4,0,2,25,1.37,-1.6,0.8,Low
17,1,7.1,82,38,7,43,36.2,5,11,1,6,92,0.23,2.9,0.0,Low
11,7,6.2,63,50,47,63,54.2,3,3,0,5,25,1.57,3.1,0.0,Moderate
11,13,4.1,77,61,12,23,36.0,5,11,2,0,98,0.4,-1.0,2.7,Moderate
5,19,8.2,62,90,54,61,47.1,4,8,0,14,41,1.8,-3.9,0.0,Moderate
9,19,4.1,69,34,12,16,57.5,5,3,2,5,22,0.4,0.9,0.0,High
12,4,7.1,100,39,17,57,45.7,4,7,0,4,11,0.57,-2.1,2.4,Moderate
14,16,8.9,67,44,79,288,60.2,5,7,1,4,22,2.63,12.9,1.0,High
9,9,6.6,52,39,35,70,36.4,6,11,0,8,39,1.17,2.5,5.6,Moderate
17,15,6.7,87,36,36,188,34.0,3,6,1,8,52,1.2,-5.1,0.0,Moderate
10,13,6.9,71,53,16,277,30.0,4,9,2,3,47,0.53,-7.7,5.1,Low
15,1,6.6,86,70,73,25,52.8,6,6,0,1,46,2.43,4.7,0.4,Moderate
6,12,9.2,65,54,49,85,30.0,10,2,2,12,153,1.63,-2.9,1.6,High
0,14,5.4,73,37,47,26,60.3,10,8,1,1,27,1.57,13.2,2.8,Moderate
11,8,5.2,91,48,14,32,61.6,6,5,1,6,58,0.47,9.9,0.0,High
14,7,6.0,63,33,41,49,48.4,6,6,2,10,8,1.37,4.5,0.2,Moderate
13,0,8.5,76,70,162,76,38.7,3,9,1,3,46,5.4,-4.3,7.2,High
12,12,5.7,81,78,22,36,30.0,3,11,0,8,151,0.73,-6.2,1.3,Moderate
7,10,6.9,70,23,77,81,49.6,3,4,0,5,33,2.57,2.5,0.1,High
4,3,7.7,81,56,4,211,45.9,3,5,1,5,32,0.13,-0.8,0.0,Low
13,7,7.3,78,38,62,96,48.1,3,5,0,6,22,2.07,-2.6,0.6,Moderate
12,9,7.6,84,53,51,219,50.8,6,7,0,12,12,1.7,8.3,0.7,High
6,5,8.1,98,50,33,47,36.2,4,6,1,0,42,1.1,-0.2,0.0,Low
17,9,6.8,107,28,49,45,44.0,1,6,2,10,36,1.63,-7.3,0.4,Moderate
4,0,5.9,83,74,50,37,47.4,8,4,1,14,24,1.67,4.0,0.0,Moderate
6,16,6.6,77,49,49,101,66.5,3,3,1,9,47,1.63,7.1,0.0,High
20,9,6.0,83,44,28,33,53.1,2,4,0,8,53,0.93,2.1,3.4,High
15,2,9.4,75,54,26,203,47.3,4,4,2,11,92,0.87,5.9,0.0,Moderate
7,0,5.8,61,36,20,24,36.9,5,8,0,6,4,0.67,-3.6,3.4,Low
11,14,7.0,77,49,10,37,57.5,7,4,1,0,180,0.33,3.5,0.0,Moderate
11,12,4.6,90,19,36,50,61.2,5,12,0,15,18,1.2,15.4,10.9,High
0,10,6.6,62,15,71,29,32.4,1,1,0,2,95,2.37,-9.7,0.4,Moderate
4,14,6.1,67,35,25,46,30.0,2,5,0,8,101,0.83,-15.0,1.6,Moderate
9,13,7.2,72,42,14,126,46.6,4,6,0,6,91,0.47,2.9,0.0,Moderate
7,10,7.2,82,20,20,68,44.3,5,7,0,6,48,0.67,-4.5,2.9,Low
11,7,8.1,104,43,40,122,58.8,2,7,1,6,15,1.33,6.5,2.0,Moderate
17,6,8.0,69,42,40,152,35.8,5,6,0,12,49,1.33,3.0,1.5,Moderate
7,11,6.3,79,51,19,47,37.5,5,8,2,8,38,0.63,-2.1,5.7,Moderate
3,17,5.3,78,63,36,94,32.2,4,2,0,7,45,1.2,-9.9,0.0,Low
12,8,5.4,75,83,32,56,37.0,2,9,1,6,31,1.07,-0.3,4.7,Moderate
7,17,6.8,77,60,54,41,47.5,3,2,0,6,36,1.8,1.1,0.0,Moderate
8,11,6.6,73,34,90,53,32.3,3,4,2,11,8,3.0,-7.2,2.3,Moderate
8,11,6.7,108,64,24,181,75.0,3,6,0,6,50,0.8,15.7,1.4,High
24,21,5.8,86,77,21,119,30.0,3,8,0,3,38,0.7,-7.6,2.6,High
0,18,8.1,73,32,40,147,41.1,5,7,0,6,22,1.33,2.1,3.3,Moderate
7,18,4.6,91,33,45,50,48.1,5,10,1,5,33,1.5,5.1,6.9,High
9,4,5.7,81,26,56,26,57.5,9,5,2,3,28,1.87,5.9,0.4,Moderate
4,21,5.1,79,42,8,90,36.8,6,8,0,14,28,0.27,1.5,1.4,Moderate
15,8,6.1,76,59,124,187,30.0,2,3,1,5,25,4.13,-11.7,1.6,Moderate
15,7,7.9,75,79,30,56,36.7,8,8,1,6,25,1.0,1.1,0.7,Low
9,0,6.1,65,68,22,157,62.5,5,7,1,4,32,0.73,9.9,1.6,Moderate
8,10,6.5,60,59,14,158,30.0,1,5,0,6,8,0.47,-10.2,0.0,Moderate
9,2,7.2,82,53,25,165,55.4,4,4,1,10,12,0.83,4.9,1.2,Moderate
9,11,6.0,76,59,10,92,48.6,5,10,0,8,54,0.33,7.3,3.1,Moderate
9,2,6.9,88,60,77,77,49.6,0,7,2,6,38,2.57,-2.0,2.1,Moderate
8,19,6.7,68,75,33,111,56.8,5,10,2,5,42,1.1,11.8,4.0,High
11,12,5.0,66,52,22,156,39.3,3,6,1,9,63,0.73,-1.3,0.0,Moderate
14,21,5.8,87,57,67,106,54.8,5,9,2,3,79,2.23,7.0,2.1,High
2,3,6.8,75,45,31,100,47.4,6,11,0,5,54,1.03,5.4,6.7,Moderate
3,17,7.9,87,54,21,45,34.2,1,8,0,6,46,0.7,-3.4,0.0,Low
0,0,7.9,78,47,101,97,45.2,7,10,2,8,11,3.37,3.9,6.1,Moderate
15,10,8.9,99,31,26,87,45.6,5,10,0,13,29,0.87,3.1,5.2,Moderate
11,5,7.0,86,68,6,236,30.0,3,9,1,3,7,0.2,-2.3,1.2,Moderate
13,6,5.9,83,79,36,117,37.2,3,7,0,5,51,1.2,-1.7,1.8,Low
0,6,6.3,87,51,33,91,50.4,3,10,1,11,50,1.1,2.4,1.9,Low
21,3,6.3,75,58,22,47,47.3,4,7,0,9,78,0.73,3.7,2.0,Moderate
6,1,5.9,60,68,19,23,55.5,6,6,2,7,33,0.63,9.4,0.0,Low
11,6,6.9,82,49,38,37,57.6,2,6,0,8,67,1.27,9.9,1.0,Moderate
15,9,6.9,99,55,26,236,38.0,8,8,1,7,43,0.87,4.4,2.0,High
3,15,5.0,53,48,29,60,39.4,7,7,1,8,88,0.97,1.8,3.1,Low
6,10,7.7,83,42,44,96,31.8,2,2,0,8,65,1.47,-12.6,0.0,Low
11,15,4.2,61,61,28,42,50.6,3,12,0,9,37,0.93,9.1,5.5,High
27,0,6.1,78,61,23,20,41.1,8,6,0,13,83,0.77,-4.6,0.0,Moderate
11,6,7.8,79,69,56,61,56.5,6,8,0,14,115,1.87,11.2,0.0,Moderate
20,13,7.1,86,52,26,146,55.3,4,11,0,2,107,0.87,8.1,2.8,High
17,10,6.0,80,30,22,30,50.4,6,3,0,14,47,0.73,3.7,0.0,Moderate
12,4,8.8,93,72,12,20,42.0,3,9,2,12,107,0.4,-2.8,3.4,Moderate
3,14,5.9,91,39,18,22,55.8,3,4,1,5,33,0.6,3.2,0.0,Moderate
16,5,4.0,76,38,14,37,46.0,2,6,0,10,31,0.47,-5.0,1.1,Moderate
0,4,6.9,90,42,11,73,48.2,5,10,0,14,22,0.37,0.8,4.1,Low
20,11,4.3,75,21,20,40,30.0,7,9,1,4,38,0.67,-3.1,0.0,Moderate
11,9,5.4,73,48,45,92,49.4,2,5,1,6,79,1.5,1.9,0.0,Moderate
0,5,7.1,65,63,35,65,46.4,2,2,4,10,14,1.17,-3.1,0.0,Low
7,5,5.8,92,44,28,36,45.0,5,1,0,9,39,0.93,2.0,0.0,Low
14,2,7.1,75,76,49,260,40.7,5,11,0,8,22,1.63,1.2,0.9,Moderate
8,6,5.0,51,75,23,52,32.1,5,1,0,7,71,0.77,-4.2,0.4,Low
14,15,7.4,84,68,43,50,45.5,9,6,1,6,65,1.43,5.0,0.0,Low
4,10,4.4,73,17,55,67,30.0,0,4,2,11,8,1.83,-11.5,0.0,Moderate
1,14,8.0,75,78,6,67,43.9,4,1,1,7,20,0.2,0.4,0.0,Low
9,11,5.8,75,48,35,70,40.9,3,4,0,6,50,1.17,-3.4,0.0,Low
10,5,8.2,74,82,47,77,57.8,7,5,0,10,8,1.57,6.9,0.7,High
7,0,5.4,108,41,45,168,62.8,6,8,1,6,51,1.5,13.3,4.2,High
17,3,8.7,96,49,36,116,32.3,7,7,1,12,41,1.2,-4.9,0.0,Low
4,5,5.3,86,54,24,60,53.0,4,4,2,12,72,0.8,5.8,0.0,Moderate
12,4,4.2,81,35,30,163,40.0,2,2,1,15,15,1.0,-3.6,0.0,Low
10,14,6.5,90,23,80,39,41.7,0,9,0,9,58,2.67,-3.2,0.5,High
0,14,7.9,81,15,7,43,41.5,2,5,1,10,120,0.23,-4.0,0.0,High
1,21,7.3,87,105,20,176,57.7,5,4,2,9,53,0.67,5.5,0.0,Moderate
10,4,7.8,84,22,35,238,44.9,4,9,0,10,37,1.17,5.7,2.0,Moderate
22,18,7.4,79,22,11,50,49.8,5,4,1,5,59,0.37,-0.3,0.0,High
13,18,5.4,88,62,29,83,30.9,5,6,1,7,48,0.97,-3.2,0.3,High
0,7,7.3,73,26,57,28,35.7,3,8,3,12,72,1.9,-10.8,0.0,Moderate
0,11,6.5,79,23,51,19,41.0,2,7,1,12,32,1.7,-4.2,0.6,Low
14,16,5.5,67,15,35,80,46.0,2,4,0,3,80,1.17,-3.5,0.0,Low
9,8,6.6,68,57,39,44,52.0,6,3,0,8,23,1.3,1.0,0.0,Moderate
17,8,6.3,50,33,3,21,40.7,8,7,1,11,65,0.1,5.5,0.0,Moderate
4,5,8.1,83,64,14,119,58.6,4,4,1,13,71,0.47,6.0,0.0,Low
12,0,5.8,86,51,22,120,43.5,1,7,0,11,16,0.73,-6.9,0.0,Low
15,9,5.7,90,54,27,148,39.8,3,3,0,6,49,0.9,-9.6,1.2,Low
7,4,5.6,66,44,58,24,53.7,2,8,1,9,18,1.93,3.7,1.6,Low
7,2,8.7,83,47,104,73,52.3,2,10,0,7,46,3.47,7.2,4.2,Moderate
10,11,5.6,78,36,30,42,30.0,4,7,0,0,7,1.0,-6.4,1.9,Low
13,0,8.0,86,38,29,32,60.2,1,8,0,7,94,0.97,9.0,2.6,Low
9,13,5.2,71,32,34,124,41.1,4,2,1,7,84,1.13,-3.0,0.0,Moderate
16,11,7.0,74,79,19,78,44.0,3,1,1,7,59,0.63,-5.9,0.0,Moderate
6,6,6.7,61,45,87,66,38.0,6,4,1,12,130,2.9,-6.9,1.8,Moderate
1,8,7.9,70,15,17,133,42.1,4,3,1,6,86,0.57,-1.5,0.0,Low
22,2,7.7,78,57,18,68,30.5,1,6,0,9,65,0.6,-10.3,0.0,Moderate
6,13,6.5,80,38,23,33,48.6,1,10,0,10,41,0.77,0.4,6.7,Low
6,10,5.8,59,51,95,16,40.2,7,1,1,6,49,3.17,-1.7,1.0,Moderate
9,10,8.3,72,47,47,78,43.1,5,7,2,7,10,1.57,2.9,2.2,Moderate
10,11,5.6,80,79,34,27,54.8,2,6,3,1,40,1.13,3.4,1.6,High
7,5,3.7,93,45,28,59,50.0,5,7,0,5,44,0.93,-0.0,4.9,Low
9,0,4.2,69,67,33,63,45.8,4,10,0,7,9,1.1,0.7,3.7,Low
9,14,4.5,83,65,15,142,63.6,2,4,3,4,33,0.5,2.9,0.0,Moderate
11,12,7.1,72,27,5,28,35.3,8,7,0,2,116,0.17,4.2,1.4,High
0,5,9.1,73,55,62,95,46.4,4,5,2,13,81,2.07,0.9,0.0,Low
22,11,4.0,68,38,12,85,57.3,2,11,0,6,53,0.4,9.6,5.2,High
9,16,5.5,67,30,84,85,59.6,4,5,3,2,54,2.8,7.8,1.1,High
13,15,6.5,73,30,48,93,32.5,2,7,2,8,55,1.6,-5.4,0.0,Moderate
1,5,8.3,90,67,30,65,39.2,4,5,3,7,54,1.0,-2.0,0.0,Moderate
6,0,5.5,70,100,45,105,56.1,4,6,2,1,88,1.5,6.4,0.0,Low
5,1,7.1,68,38,37,8,41.7,6,8,2,7,40,1.23,-1.4,1.1,Low
19,7,6.1,80,56,33,104,46.4,2,6,1,10,35,1.1,2.2,0.0,Low
6,17,9.5,78,58,35,150,41.5,4,3,1,13,44,1.17,4.7,0.0,Moderate
14,4,6.6,77,42,63,305,45.8,6,3,1,4,46,2.1,-3.3,0.3,Moderate
5,5,6.8,81,77,46,235,30.0,5,11,1,4,28,1.53,-2.5,3.6,Low
7,5,6.5,67,92,31,33,42.4,2,5,0,7,61,1.03,-6.3,0.0,Moderate
8,5,5.9,68,41,56,62,45.3,8,11,0,7,83,1.87,13.4,5.7,High
18,8,7.5,89,83,91,60,41.9,4,7,0,7,42,3.03,0.3,4.4,Moderate
0,1,5.0,76,42,31,218,47.0,4,8,0,7,134,1.03,-5.7,0.0,Low
1,15,4.0,85,35,20,223,34.0,3,4,1,12,7,0.67,-6.4,0.0,Moderate
0,8,6.2,91,49,58,140,48.4,5,9,1,8,30,1.93,2.3,6.2,Moderate
2,21,7.4,87,68,31,69,60.8,4,8,0,12,9,1.03,10.4,0.3,Moderate
4,2,5.7,63,50,70,68,57.6,3,11,1,8,7,2.33,9.9,2.8,Moderate
0,18,6.6,77,65,15,159,52.3,3,4,1,10,51,0.5,2.0,2.6,Low
5,17,4.9,89,56,25,43,48.4,7,7,0,9,111,0.83,6.0,0.0,Moderate
0,6,7.7,84,76,109,135,39.6,0,11,2,4,53,3.63,2.2,4.6,Low
3,6,7.2,80,62,24,25,41.5,4,4,0,6,44,0.8,-2.7,0.0,Low
17,3,6.4,60,80,72,39,53.8,2,4,0,12,79,2.4,1.7,0.1,Moderate
12,3,6.6,71,37,20,198,44.7,1,8,2,8,86,0.67,-0.1,0.0,Low
11,8,4.7,79,48,55,109,65.0,6,6,0,5,121,1.83,7.1,0.0,High
3,9,4.8,62,52,17,66,30.3,3,7,0,4,61,0.57,-9.6,1.3,Low
0,0,6.3,87,37,59,64,44.1,5,4,1,1,133,1.97,1.1,2.7,Moderate
2,21,7.0,77,34,28,24,40.9,4,6,2,0,2,0.93,2.6,2.1,Low
9,7,7.1,56,59,25,74,53.0,5,9,0,0,73,0.83,4.3,2.0,Moderate
15,9,6.0,72,64,29,217,54.9,5,6,2,11,15,0.97,8.0,0.6,High
15,5,7.3,75,54,35,69,34.4,5,10,2,5,73,1.17,-4.2,4.5,Moderate
14,7,8.1,77,71,40,29,33.9,8,1,0,8,21,1.33,0.4,0.0,Low
5,6,6.3,94,32,13,14,39.0,6,8,1,10,24,0.43,-1.1,0.3,Low
10,8,6.8,84,45,43,39,50.9,3,7,0,0,10,1.43,3.2,0.1,Low
7,8,6.2,63,31,11,96,49.9,10,6,0,8,57,0.37,4.9,1.7,Moderate
8,13,6.2,62,55,65,41,31.3,3,11,0,4,54,2.17,-1.7,5.0,Moderate
23,10,6.6,75,61,45,60,48.6,3,7,1,11,41,1.5,0.5,0.7,Moderate
0,13,8.4,79,76,45,147,47.4,5,5,1,9,34,1.5,-0.7,0.3,Low
8,8,7.5,89,31,59,53,45.5,4,7,0,6,130,1.97,-0.1,0.0,Moderate
17,10,7.4,97,59,46,167,51.3,3,1,0,8,41,1.53,-3.3,0.0,Moderate
0,7,5.9,98,78,93,38,48.0,4,5,2,7,37,3.1,-1.9,2.6,Low
5,14,5.3,73,34,17,85,46.7,7,4,0,6,41,0.57,-2.0,0.0,High
6,10,6.9,88,30,13,74,56.5,7,1,2,7,37,0.43,4.2,0.0,Low
8,8,7.9,83,25,95,46,59.8,5,4,0,8,23,3.17,9.2,0.3,High
0,7,8.5,66,63,46,77,42.3,5,8,0,10,65,1.53,2.1,0.3,Low
13,8,3.5,57,39,50,194,45.4,6,6,0,8,57,1.67,4.4,2.9,Moderate
14,9,9.3,80,61,16,74,52.0,3,10,1,6,43,0.53,5.6,3.8,Moderate
13,8,6.9,62,48,48,133,44.3,4,5,1,8,115,1.6,0.6,0.5,Low
4,5,7.5,69,84,33,80,52.3,3,3,1,3,17,1.1,7.5,0.0,Low
10,13,4.3,70,66,55,16,47.2,5,7,1,14,58,1.83,2.2,0.0,Moderate
4,13,6.1,80,38,37,45,53.0,2,9,1,9,74,1.23,5.7,0.3,Low
7,19,7.4,92,47,32,38,52.0,3,7,3,5,43,1.07,0.7,0.0,Moderate
23,5,5.0,78,66,37,11,45.2,3,6,0,8,51,1.23,-0.1,0.3,Moderate
10,12,3.0,72,33,22,99,54.1,3,8,1,7,39,0.73,2.8,2.6,Low
2,0,6.8,55,73,26,53,52.4,4,5,1,11,101,0.87,4.9,0.0,Low
11,13,6.3,83,47,74,14,66.9,3,8,0,2,109,2.47,9.7,3.1,High
1,0,8.1,78,67,49,21,30.0,2,4,0,13,41,1.63,-6.0,1.1,Low
2,3,6.2,72,48,31,119,52.0,7,5,0,11,10,1.03,6.0,0.0,Moderate
3,10,6.3,91,43,48,36,55.4,6,5,0,10,51,1.6,7.7,0.0,Moderate
7,5,7.2,65,40,44,53,66.0,6,11,0,6,57,1.47,11.1,2.8,Low
16,4,7.6,70,83,27,77,41.4,6,8,3,4,27,0.9,5.3,0.8,Moderate
13,6,5.5,75,47,22,205,47.0,3,1,0,16,60,0.73,-1.4,0.0,Moderate
13,13,7.5,72,107,26,216,41.9,6,11,0,0,35,0.87,5.7,7.5,High
2,3,5.8,84,55,67,87,62.0,6,9,0,6,63,2.23,15.1,7.2,Moderate
6,8,6.4,83,37,31,91,39.1,8,10,0,12,20,1.03,3.1,3.7,Moderate
11,6,7.2,90,23,73,61,41.6,7,9,4,8,67,2.43,9.9,1.1,High
5,13,7.4,84,74,24,126,32.9,4,3,0,7,13,0.8,-7.5,0.0,Low
8,13,6.8,77,49,20,16,30.0,4,4,1,12,55,0.67,-7.3,0.0,Moderate
12,0,5.1,74,67,32,59,46.1,4,3,1,4,42,1.07,1.3,0.0,Low
7,15,4.2,83,94,42,80,45.1,4,6,1,0,52,1.4,-1.7,0.9,Moderate
11,5,6.2,76,64,37,100,43.9,4,1,1,13,40,1.23,-2.1,0.0,Low
20,10,7.6,79,58,45,58,51.5,4,7,1,6,75,1.5,2.9,0.2,Moderate
8,3,6.9,84,74,46,201,52.9,1,6,1,9,54,1.53,1.1,3.1,Moderate
17,11,6.7,80,66,53,111,39.8,4,4,1,7,38,1.77,-2.4,0.0,Moderate
13,21,6.4,81,29,16,96,46.6,4,12,1,5,10,0.53,7.8,4.9,High
0,9,6.8,69,76,23,55,45.0,2,8,1,0,20,0.77,4.0,2.1,Moderate
2,6,5.2,93,51,38,44,46.0,3,1,0,4,72,1.27,-6.1,0.0,Moderate
4,7,7.3,66,80,27,180,59.4,6,8,0,8,129,0.9,8.7,0.6,High
4,0,7.4,83,61,32,27,49.7,4,5,1,4,14,1.07,6.9,0.0,Low
9,17,6.0,73,73,35,76,55.3,4,6,2,14,47,1.17,6.3,2.0,High
13,10,6.9,90,48,30,19,44.1,5,9,4,6,38,1.0,4.6,0.4,High
18,2,4.3,88,25,26,76,35.8,0,6,1,10,44,0.87,-9.8,3.3,High
12,3,6.6,78,62,19,108,55.6,8,5,0,11,25,0.63,3.4,0.0,Moderate
7,9,6.2,95,70,30,133,52.6,3,3,0,7,162,1.0,2.5,1.3,Moderate
0,14,7.9,76,42,26,252,41.7,6,6,0,11,9,0.87,-7.8,0.0,Low
10,2,6.2,88,48,57,43,44.4,7,5,1,6,8,1.9,2.6,1.3,Moderate
10,15,7.4,70,15,50,130,50.9,5,8,0,9,46,1.67,10.7,5.0,Moderate
11,8,5.9,82,49,16,73,49.3,2,7,0,5,23,0.53,0.6,2.3,Low
23,3,3.7,68,29,86,162,44.9,3,13,1,2,15,2.87,5.7,4.7,High
18,6,6.1,78,61,26,65,36.2,4,4,0,8,74,0.87,-6.5,0.0,Low
15,19,6.6,77,58,13,46,63.2,3,4,1,8,15,0.43,5.0,0.0,High
3,0,6.6,88,52,24,213,45.9,0,8,2,0,35,0.8,-0.6,0.0,Low
6,4,6.6,71,76,11,152,56.3,1,4,0,10,43,0.37,3.5,0.0,Low
9,14,5.8,112,56,12,67,30.0,2,3,1,9,26,0.4,-12.6,0.2,Low
4,10,6.0,63,55,148,47,34.9,3,2,0,9,84,4.93,-12.5,0.1,Low
13,4,5.0,81,58,55,41,55.9,0,11,0,15,36,1.83,5.1,4.3,High
12,14,4.0,81,42,15,119,44.3,6,5,1,6,11,0.5,1.8,0.0,High
2,14,6.3,84,70,9,167,55.5,2,6,0,9,160,0.3,0.3,0.8,Moderate
17,10,5.5,72,36,32,112,40.7,3,3,1,4,14,1.07,2.8,1.0,High
10,5,7.7,81,60,8,95,44.8,6,8,1,12,10,0.27,-1.6,3.1,Low
0,6,3.8,72,74,31,38,39.2,2,7,2,4,19,1.03,-5.8,1.0,Low
9,10,6.7,99,34,44,24,54.8,9,7,2,2,46,1.47,9.7,0.6,Moderate
11,1,8.9,71,28,46,33,43.0,4,4,0,3,122,1.53,-4.4,1.4,Moderate
16,16,6.2,76,33,15,112,53.5,2,7,2,7,28,0.5,4.8,0.0,Moderate
7,18,6.4,71,85,40,50,59.6,5,6,1,7,17,1.33,7.0,1.2,Moderate
15,7,6.9,69,41,65,42,44.2,6,6,0,6,33,2.17,1.2,5.5,Low
11,11,7.0,63,30,27,72,45.2,2,9,0,12,65,0.9,5.0,0.3,Moderate
1,15,5.9,85,59,14,180,41.4,9,5,1,9,14,0.47,7.3,0.0,Low
0,20,5.2,71,15,26,22,63.9,5,8,1,16,41,0.87,12.6,1.2,High
17,18,7.2,69,35,16,61,45.0,4,4,0,13,50,0.53,0.4,0.0,Moderate
17,0,4.1,67,77,175,96,43.9,4,8,0,2,53,5.83,8.2,5.8,High
12,7,7.4,81,35,58,15,36.0,2,3,1,6,22,1.93,-10.8,0.0,Low
19,11,5.9,78,47,51,132,41.0,4,17,2,5,108,1.7,10.8,11.6,High
16,6,6.4,78,57,9,127,42.0,1,8,0,8,22,0.3,0.1,0.4,Low
14,19,5.8,70,57,28,74,55.9,4,3,0,9,20,0.93,2.5,0.0,High
4,18,8.1,83,42,25,42,43.3,3,6,2,5,18,0.83,-1.9,2.8,Moderate
21,4,6.7,71,62,21,315,42.8,4,6,1,4,16,0.7,-2.9,1.7,High
13,8,6.0,79,78,71,80,52.9,2,6,1,10,15,2.37,-0.9,0.9,Low
7,4,6.0,76,33,128,16,46.3,7,4,0,5,64,4.27,0.9,2.1,Moderate
5,7,6.2,59,43,21,46,36.2,2,1,1,2,21,0.7,-15.0,0.0,Low
11,7,9.3,100,50,6,74,60.0,5,11,2,6,128,0.2,10.8,2.5,Low
0,14,4.8,84,65,22,15,41.0,8,6,2,6,10,0.73,2.5,0.0,Low
14,3,7.7,80,53,69,35,48.6,2,8,0,4,80,2.3,-0.1,4.5,Moderate
3,0,7.1,82,50,58,34,50.0,5,2,0,9,32,1.93,4.9,2.5,Low
12,0,8.2,101,24,35,65,30.0,2,8,1,6,78,1.17,-3.0,0.3,Moderate
6,3,7.2,91,32,50,31,43.1,5,6,0,2,95,1.67,0.4,0.9,Low
8,5,6.4,82,55,27,67,40.7,4,6,4,5,67,0.9,3.4,2.2,Low
5,10,7.6,70,43,21,121,35.3,5,2,1,5,21,0.7,-9.1,0.0,Low
8,2,6.7,72,46,18,264,44.9,2,6,0,9,67,0.6,-1.9,0.0,Low
22,1,7.3,58,51,34,37,47.0,1,9,0,7,90,1.13,-5.7,3.5,Low
19,3,8.1,74,94,23,74,50.8,5,6,0,9,166,0.77,3.4,0.0,Moderate
12,2,6.5,85,43,15,59,47.0,6,12,0,6,32,0.5,4.1,1.9,Moderate
9,5,5.9,85,77,38,88,45.6,2,8,0,10,39,1.27,-2.1,0.0,Low
15,5,5.6,85,76,25,28,60.4,2,11,0,17,104,0.83,7.8,5.5,High
17,12,6.9,72,66,70,133,42.8,5,4,0,8,42,2.33,-0.6,0.0,Moderate
4,3,5.3,84,37,43,5,30.9,3,3,0,8,66,1.43,-10.1,0.0,Low
9,6,6.0,87,54,104,156,38.7,5,4,0,4,41,3.47,-6.8,1.9,Moderate
0,5,5.2,54,45,47,105,56.1,4,4,0,9,71,1.57,8.7,2.1,Moderate
17,13,7.0,81,88,32,35,44.2,5,5,1,16,77,1.07,-1.2,0.0,Moderate
23,8,5.5,101,59,63,185,38.1,2,7,1,5,77,2.1,-4.7,2.9,High
10,15,4.9,75,48,97,67,52.5,1,7,0,4,14,3.23,2.7,4.0,Moderate
0,2,5.1,50,84,8,14,60.0,4,4,2,3,94,0.27,0.3,0.0,Low
13,8,5.7,69,46,64,186,44.3,5,7,2,3,14,2.13,5.4,0.9,Moderate
4,5,5.8,58,62,34,62,51.9,3,3,0,0,66,1.13,-3.3,0.0,Low
5,1,6.7,71,65,47,52,59.3,4,5,0,2,80,1.57,3.7,0.4,Moderate
14,8,6.2,65,58,102,38,64.8,2,4,3,1,27,3.4,9.0,4.8,High
11,19,6.8,88,50,36,22,51.1,4,4,1,4,29,1.2,1.1,0.0,Moderate
6,4,6.9,87,67,14,136,45.6,4,8,1,12,27,0.47,5.0,1.5,Moderate
5,8,7.3,82,41,10,43,45.5,4,5,1,5,82,0.33,0.5,0.0,Moderate
10,1,4.1,91,72,100,124,30.0,3,7,1,3,19,3.33,-5.9,2.3,Low
7,0,5.0,72,47,43,13,34.6,2,4,0,3,16,1.43,-12.8,0.0,Low
2,4,7.1,79,76,36,23,50.6,5,6,0,7,46,1.2,-0.8,1.7,Low
7,6,6.7,102,71,92,141,69.6,2,7,0,5,27,3.07,14.5,2.8,High
12,6,7.6,84,62,20,61,41.0,1,9,0,8,91,0.67,-1.2,2.7,Moderate
8,7,4.5,84,50,20,96,44.1,2,5,1,12,26,0.67,-2.0,0.5,Low
0,0,5.8,70,72,112,78,49.8,6,3,3,5,12,3.73,2.5,0.0,Low
16,5,6.0,73,62,17,32,60.2,3,6,1,0,39,0.57,4.8,3.0,Moderate
0,11,6.6,67,15,12,102,38.6,3,1,0,4,40,0.4,-3.0,0.0,Low
7,1,6.4,96,37,111,31,42.1,6,8,1,10,3,3.7,3.5,7.1,High
5,6,7.0,61,55,62,197,46.3,6,6,1,0,35,2.07,4.7,0.5,Low
10,10,6.3,88,57,34,109,47.5,4,2,0,2,84,1.13,-0.5,0.0,Low
13,4,8.0,84,65,147,158,48.0,3,4,0,4,52,4.9,-1.8,4.5,Moderate
17,10,8.4,60,80,24,32,49.7,2,9,0,5,105,0.8,2.3,0.0,Moderate
5,0,5.1,91,63,53,50,51.5,5,3,1,8,27,1.77,-0.1,2.0,Moderate
13,14,6.5,75,15,49,147,49.3,4,8,1,8,12,1.63,4.2,0.0,Moderate
11,11,7.4,63,56,94,38,46.3,4,11,0,9,18,3.13,5.4,7.8,High
0,9,7.1,82,74,19,104,34.0,5,9,1,4,66,0.63,-2.4,1.5,Low
22,15,5.9,69,54,111,56,34.7,5,7,0,10,78,3.7,3.0,1.8,Moderate
0,7,6.7,76,56,137,192,39.7,2,6,1,3,43,4.57,1.4,6.2,Moderate
12,5,4.5,72,43,83,11,56.6,2,4,2,10,47,2.77,-2.2,0.0,Moderate
12,16,6.4,68,69,21,240,59.2,5,9,1,11,51,0.7,8.5,2.1,High
11,19,4.6,65,46,42,56,34.3,6,8,0,0,69,1.4,-6.8,0.0,High
6,4,7.0,87,63,49,35,54.9,8,11,1,1,38,1.63,5.5,5.0,Low
15,8,5.1,82,60,48,47,32.3,1,7,0,14,25,1.6,-3.5,3.0,Moderate
0,15,6.6,81,53,10,68,52.0,1,6,0,1,52,0.33,2.2,3.7,Moderate
9,8,6.8,74,61,58,116,42.5,5,9,0,7,18,1.93,6.8,4.5,High
6,12,6.5,79,56,44,296,30.0,6,9,1,10,31,1.47,-5.1,1.3,Low
5,13,5.6,70,75,32,56,37.4,5,1,0,8,23,1.07,-4.4,0.0,Moderate
12,5,6.1,70,64,35,58,41.2,7,10,2,5,93,1.17,2.0,2.2,Moderate
17,11,7.8,97,71,151,60,50.5,1,8,2,5,72,5.03,-1.0,4.7,High
7,8,5.9,88,38,84,38,46.1,2,5,1,13,7,2.8,-0.9,2.5,Moderate
15,1,6.4,72,37,8,169,45.4,2,7,2,7,28,0.27,1.2,0.0,Moderate
10,3,5.7,62,53,33,70,43.9,3,9,1,5,56,1.1,2.8,0.6,Low
4,5,7.6,59,65,74,48,55.4,8,10,0,8,40,2.47,12.5,4.2,Moderate
8,14,6.5,71,62,85,151,37.5,4,8,0,8,58,2.83,-7.6,3.0,Moderate
8,14,5.5,79,38,47,28,51.2,4,7,2,12,27,1.57,-1.5,1.1,Moderate
5,13,6.4,79,66,15,49,68.0,4,8,0,7,83,0.5,14.1,1.9,High
12,11,6.1,80,41,14,160,51.3,5,8,0,7,83,0.47,4.0,0.2,Moderate
11,11,8.1,82,64,57,128,51.0,0,13,1,4,103,1.9,2.4,5.8,High
0,10,6.3,67,57,28,90,40.5,8,10,0,10,56,0.93,0.5,0.7,Low
0,11,4.7,95,48,18,187,64.8,5,8,3,3,18,0.6,11.8,2.4,Moderate
12,11,7.0,76,42,3,174,39.3,7,3,0,3,143,0.1,-1.5,0.0,Moderate
4,0,8.5,81,54,11,22,45.6,1,8,2,0,52,0.37,-2.8,2.0,Low
11,4,7.8,71,53,44,191,30.0,3,5,0,14,34,1.47,-8.5,0.0,Low
15,3,5.1,81,33,31,65,40.5,1,5,0,10,93,1.03,-3.7,0.0,Low
1,15,6.1,101,63,91,39,53.2,4,3,2,2,47,3.03,-4.5,0.0,Moderate
0,18,6.4,67,73,13,25,45.1,3,6,2,3,41,0.43,0.2,3.3,Moderate
20,0,6.4,66,67,21,131,55.8,6,7,0,1,121,0.7,8.4,2.5,Moderate
12,18,6.9,68,58,25,78,48.2,1,11,2,8,112,0.83,2.5,1.9,High
7,9,6.0,74,44,41,68,50.7,5,5,2,9,42,1.37,7.4,1.1,Moderate
3,14,5.3,72,54,25,132,55.3,2,7,1,5,86,0.83,1.7,3.6,Moderate
6,11,7.5,67,50,19,219,32.0,4,9,0,6,34,0.63,-1.6,0.3,Low
2,17,5.1,77,54,48,266,53.9,1,8,0,0,32,1.6,6.4,2.5,Low
15,10,5.4,95,69,39,78,42.9,5,6,0,5,59,1.3,3.4,2.0,Low
4,1,5.0,76,50,63,28,41.9,1,10,0,13,74,2.1,2.2,5.1,Low
17,8,7.1,77,19,30,67,36.6,3,1,0,3,62,1.0,-10.4,0.0,Moderate
7,11,6.5,82,66,80,145,50.3,5,11,1,7,6,2.67,7.5,2.7,Moderate
3,7,7.5,85,59,18,181,47.4,4,1,2,11,21,0.6,-0.1,0.0,Low
7,12,5.5,93,55,57,216,53.8,3,10,0,9,61,1.9,4.4,0.4,Moderate
0,8,4.9,81,31,67,119,32.3,3,8,2,11,15,2.23,-4.0,0.0,Moderate
9,5,5.9,78,37,4,26,55.7,6,7,1,10,33,0.13,5.5,0.0,Moderate
8,2,6.2,67,39,58,124,50.8,7,10,0,18,125,1.93,5.4,7.6,Moderate
15,6,6.7,86,41,33,81,38.2,6,6,0,9,76,1.1,-9.3,0.0,Low
0,10,4.4,69,43,41,44,55.2,3,7,0,0,147,1.37,2.8,2.2,Low
17,0,7.0,68,31,90,74,49.7,4,4,0,2,180,3.0,1.3,3.7,Moderate
15,4,5.3,80,91,36,123,34.7,5,6,0,2,13,1.2,-1.2,0.8,Moderate
18,0,5.6,95,79,17,72,47.7,2,10,1,0,52,0.57,5.3,2.4,Moderate
9,5,7.8,86,57,55,10,30.0,4,8,1,8,23,1.83,-6.4,2.4,Low
16,15,3.8,78,51,32,64,52.2,5,9,1,10,39,1.07,9.3,4.5,High
0,2,6.8,67,85,36,181,40.1,4,6,1,13,35,1.2,3.2,1.8,Low
14,13,6.8,95,81,34,39,31.1,4,6,0,6,64,1.13,-6.7,2.5,Moderate
4,21,5.4,77,39,62,72,30.0,2,4,0,10,24,2.07,-9.6,0.0,Moderate
0,17,5.9,75,56,47,11,48.8,3,7,0,6,47,1.57,1.0,5.1,Low
2,9,7.9,84,49,37,85,44.8,5,2,1,11,59,1.23,-0.5,0.0,Low
10,13,8.8,73,47,45,55,43.0,8,4,1,14,72,1.5,2.5,0.4,Moderate
4,1,7.7,70,49,17,217,48.3,4,3,0,9,48,0.57,1.5,0.0,Low
12,0,8.7,71,50,58,89,46.1,1,9,1,14,21,1.93,-4.1,3.7,Low
0,9,5.6,71,56,48,13,52.6,7,9,0,15,16,1.6,10.5,2.9,Moderate
0,11,4.5,66,56,97,21,45.9,2,9,0,6,25,3.23,1.0,0.5,Moderate
18,15,6.3,64,78,23,148,41.7,3,7,3,5,11,0.77,1.3,0.0,Moderate
15,5,7.4,89,37,24,146,41.9,4,9,0,8,42,0.8,-0.7,1.0,Moderate
3,10,4.2,85,69,43,91,47.9,3,8,2,6,46,1.43,4.3,2.4,Moderate
9,9,5.3,69,33,36,5,50.2,3,3,1,11,8,1.2,-2.1,0.0,Low
16,8,5.4,88,56,17,101,40.7,3,1,1,11,44,0.57,-4.9,0.0,Moderate
12,8,6.8,81,71,14,85,41.7,1,4,0,7,15,0.47,-7.5,0.9,Low
10,4,6.7,74,62,77,51,48.4,1,8,0,5,41,2.57,0.6,0.6,Low
17,10,5.5,65,46,21,238,48.9,5,11,0,7,20,0.7,3.9,1.9,Moderate
5,10,6.6,82,57,30,152,37.6,7,8,2,11,34,1.0,3.4,0.0,Low
10,6,5.0,99,82,13,6,34.5,3,3,0,10,22,0.43,-7.9,0.0,Low
9,12,5.9,78,41,138,65,46.5,7,7,0,10,92,4.6,0.6,5.3,High
8,14,4.9,89,62,22,50,50.3,5,8,0,6,36,0.73,10.0,1.0,High
7,12,6.2,76,69,33,86,48.5,8,9,2,5,69,1.1,12.2,2.6,High
10,2,5.4,88,45,10,9,33.4,1,6,0,6,54,0.33,-9.9,3.0,Low
10,9,7.2,76,83,41,67,49.0,3,3,0,9,122,1.37,3.8,0.0,Low
3,3,6.4,52,89,115,49,53.8,6,9,0,9,68,3.83,12.0,0.3,High
15,9,6.1,70,72,14,127,42.1,6,2,1,7,28,0.47,-1.5,2.2,High
3,3,8.5,79,72,42,113,40.1,3,8,0,5,46,1.4,-1.9,0.0,Low
8,16,6.9,90,21,26,144,56.6,3,4,0,18,30,0.87,3.7,0.0,Moderate
8,13,6.0,76,28,37,68,55.6,6,1,0,7,11,1.23,-3.9,0.0,Moderate
12,15,5.7,78,50,28,151,37.6,4,6,2,7,61,0.93,1.9,0.6,Moderate
0,15,5.0,72,40,12,65,47.8,7,6,2,10,43,0.4,1.3,2.0,Moderate
15,7,6.3,95,63,45,33,36.2,2,4,0,5,37,1.5,-7.9,0.0,Low
5,6,6.8,95,15,65,19,49.9,4,10,0,4,57,2.17,7.0,6.8,Low
17,19,4.1,71,63,27,33,41.7,2,1,1,3,51,0.9,-3.9,0.0,High
6,8,4.8,61,49,77,105,37.1,6,8,0,11,29,2.57,-3.1,2.3,Low
9,1,5.8,58,42,77,47,33.2,6,8,1,16,21,2.57,3.4,1.8,Moderate
22,14,5.1,85,86,65,52,57.2,3,7,1,0,44,2.17,4.0,2.0,High
8,9,6.5,79,46,16,29,41.8,2,5,3,5,38,0.53,-2.5,0.0,Low
18,17,6.6,69,23,54,12,74.5,6,3,1,6,22,1.8,15.4,1.3,High
10,10,6.3,81,60,50,152,58.8,3,6,0,12,85,1.67,5.5,4.8,Moderate
12,8,7.1,64,59,19,146,57.7,5,8,1,4,26,0.63,9.9,2.6,Moderate
10,17,5.7,87,49,25,9,30.0,5,3,0,3,74,0.83,-7.7,0.0,Moderate
15,0,6.3,74,94,37,165,44.9,4,1,0,12,30,1.23,-3.8,0.0,Low
5,5,5.2,66,56,25,105,30.0,4,4,0,3,60,0.83,-6.1,0.0,Low
3,3,6.7,74,70,33,70,50.3,4,4,4,0,56,1.1,0.9,0.0,Low
5,0,6.5,74,58,100,99,45.5,6,1,0,5,118,3.33,-1.4,0.0,Low
10,14,5.0,82,75,20,134,59.4,3,4,2,4,30,0.67,5.4,0.0,Moderate
8,5,6.2,91,46,19,101,36.6,1,11,0,8,30,0.63,-7.0,5.4,Moderate
14,14,6.4,90,33,73,41,50.2,1,9,0,4,57,2.43,2.0,6.2,Moderate
18,11,6.7,80,66,39,13,46.3,4,8,2,6,14,1.3,-2.3,3.8,Moderate
3,12,6.8,76,57,42,83,45.8,2,7,0,6,46,1.4,3.4,2.3,Low
5,6,5.5,72,66,31,112,53.1,6,1,0,0,9,1.03,-0.2,1.0,Moderate
0,4,7.3,59,41,31,52,50.4,6,10,1,14,76,1.03,7.0,4.4,Low
23,9,7.0,78,61,34,65,53.8,4,2,0,14,32,1.13,2.7,0.0,High
11,14,5.5,69,23,42,70,50.9,4,4,0,8,64,1.4,-2.6,0.2,High
13,8,5.0,91,43,64,38,49.3,3,5,1,0,160,2.13,5.5,3.1,High
1,4,5.6,76,39,17,61,39.3,3,6,0,10,12,0.57,0.2,2.7,Low
9,2,4.6,86,61,21,116,43.2,0,3,1,7,19,0.7,-5.6,0.0,Low
13,10,6.6,73,43,74,92,36.6,5,3,2,10,121,2.47,-7.9,1.6,Moderate
8,5,7.8,71,27,40,34,43.3,6,9,0,10,22,1.33,-0.0,3.1,Low
16,8,8.1,85,42,28,128,50.0,5,12,1,3,12,0.93,5.2,2.4,High
25,7,5.1,81,63,46,166,33.1,7,5,2,8,83,1.53,-1.6,0.0,High
3,6,7.3,82,54,25,21,53.1,5,8,0,14,18,0.83,7.0,5.2,Low
3,10,6.5,77,39,71,39,43.6,2,5,0,5,37,2.37,-3.6,1.1,Low
4,12,3.5,87,67,22,30,44.7,2,9,1,12,23,0.73,-1.7,1.4,Moderate
20,20,6.0,85,80,24,66,45.8,2,8,2,1,34,0.8,0.2,0.0,Moderate
16,13,5.9,54,68,28,112,47.6,3,8,1,11,52,0.93,-0.3,0.7,Moderate
9,18,7.9,75,15,51,53,30.0,4,3,0,0,80,1.7,-6.4,0.0,Moderate
10,4,5.4,89,56,77,121,45.1,2,5,0,6,42,2.57,0.1,3.1,Low
4,0,7.1,67,49,54,76,39.7,4,6,0,0,31,1.8,-5.8,3.0,Low
15,8,6.3,59,15,64,62,43.6,6,5,0,13,39,2.13,-0.4,6.1,Moderate
7,13,4.7,76,29,10,54,52.9,2,8,0,6,22,0.33,4.6,3.3,Low
8,13,5.7,84,66,10,111,41.5,2,1,1,8,36,0.33,-2.0,0.0,Low
13,16,8.2,73,55,12,35,39.0,0,11,0,10,56,0.4,-2.9,6.8,High
8,0,6.2,92,53,35,42,48.8,1,11,2,3,16,1.17,6.8,2.1,Low
8,16,7.5,98,40,26,79,35.4,5,8,0,12,102,0.87,-2.7,3.9,Moderate
10,10,7.4,57,71,13,66,56.7,5,5,2,13,67,0.43,8.8,2.6,Moderate
15,0,5.9,74,30,2,31,63.5,6,5,1,4,37,0.07,12.7,0.7,Moderate
20,13,4.9,53,36,53,60,33.6,4,5,0,8,63,1.77,-1.7,3.2,High
13,9,5.0,85,46,86,40,51.6,6,7,1,12,70,2.87,7.7,3.5,High
15,11,8.1,71,25,66,95,59.5,4,4,1,7,11,2.2,11.1,2.2,High
8,14,6.6,73,36,34,46,41.7,1,5,0,12,15,1.13,-3.4,0.0,Low
5,11,4.3,91,71,43,35,40.7,3,1,0,7,52,1.43,-9.8,0.0,Low
14,0,7.4,63,37,22,47,40.6,7,6,0,5,11,0.73,0.8,0.0,Low
11,8,4.3,61,66,37,15,57.1,5,5,2,9,55,1.23,1.7,2.7,Low
0,0,5.4,53,63,35,29,58.0,2,11,0,5,16,1.17,9.1,6.5,Low
7,12,6.5,92,49,49,123,43.7,6,6,1,3,163,1.63,-5.2,0.4,Moderate
9,17,9.4,89,26,21,26,59.7,1,1,1,9,66,0.7,3.0,0.0,High
6,1,7.4,75,53,136,66,35.2,5,7,0,3,47,4.53,0.5,2.5,Moderate
19,5,5.8,64,15,14,71,50.6,6,7,0,9,19,0.47,2.1,1.2,Low
13,3,6.4,87,42,43,134,38.2,6,4,1,8,32,1.43,-3.5,0.0,Low
18,6,7.5,108,56,58,52,47.5,2,12,1,7,36,1.93,-0.6,3.2,Moderate
11,11,8.1,75,68,15,87,42.8,5,7,2,5,41,0.5,-7.0,3.4,Low
10,6,6.1,65,49,9,129,36.6,3,4,0,7,105,0.3,-5.4,0.2,Low
3,12,6.1,92,41,59,101,49.0,1,10,0,0,60,1.97,-3.1,4.4,Moderate
10,15,5.4,66,40,137,121,35.1,4,7,1,11,75,4.57,-2.2,5.3,Moderate
10,15,7.2,74,44,6,118,52.5,2,6,1,0,63,0.2,-4.1,0.2,Moderate
1,2,7.6,50,63,137,173,52.6,4,4,0,3,79,4.57,5.5,0.0,Moderate
6,17,4.1,75,58,60,45,47.0,6,5,0,7,12,2.0,3.5,3.7,Moderate
7,17,5.9,64,52,36,180,43.3,5,2,0,7,78,1.2,0.7,2.3,High
12,18,4.9,92,63,66,35,52.5,2,5,2,9,39,2.2,3.6,2.0,High
12,8,6.6,67,52,79,22,53.3,1,3,1,5,46,2.63,-0.2,0.0,Moderate
6,4,4.9,87,28,32,116,41.6,3,9,0,9,67,1.07,-6.8,0.0,Low
13,3,4.8,77,32,163,42,47.6,5,6,1,12,5,5.43,-1.2,3.2,Moderate
8,2,7.7,79,63,134,64,42.4,1,11,1,5,26,4.47,-1.0,4.0,Moderate
0,9,6.2,84,27,23,86,50.1,4,10,1,8,6,0.77,11.6,2.5,Moderate
6,13,6.3,77,45,46,47,39.4,1,3,1,12,37,1.53,-6.2,0.0,Low
17,16,6.9,71,50,15,76,47.9,8,6,1,8,82,0.5,2.8,0.2,High
0,6,7.6,69,33,11,78,45.1,3,6,0,3,140,0.37,-3.3,0.0,Low
10,8,5.9,84,22,29,25,54.0,6,6,1,5,4,0.97,7.3,0.5,Moderate
20,8,5.9,57,31,45,28,41.1,3,9,1,0,22,1.5,-5.9,2.8,High
5,5,5.9,96,19,19,199,48.4,4,6,0,4,107,0.63,2.4,1.2,Moderate
10,13,7.7,79,63,64,108,42.2,5,6,1,4,180,2.13,0.1,0.2,Moderate
1,11,6.3,74,59,47,113,32.2,4,6,0,11,72,1.57,-4.4,0.0,Low
20,9,6.1,81,38,38,55,43.7,4,6,0,8,58,1.27,-2.7,0.2,Moderate
9,11,6.9,71,27,21,17,51.7,6,3,0,12,23,0.7,0.6,1.3,High
10,12,8.6,76,73,22,78,52.0,3,4,2,7,39,0.73,3.2,0.0,High
18,12,6.5,66,60,30,81,40.4,3,1,0,2,26,1.0,-9.7,0.0,Moderate
14,4,6.1,82,41,24,119,54.8,1,7,1,10,77,0.8,6.9,1.5,Moderate
4,14,8.7,77,73,28,81,57.5,3,6,1,8,7,0.93,8.5,0.9,Moderate
5,10,8.0,80,54,21,138,37.7,4,7,1,9,75,0.7,-3.9,4.2,Low
13,6,7.8,94,58,51,26,47.2,2,10,0,10,22,1.7,4.3,3.8,Moderate
5,10,5.8,69,33,13,29,55.6,3,8,1,8,97,0.43,2.4,0.0,Low
0,10,5.7,77,25,71,79,57.7,2,10,0,11,25,2.37,4.8,5.3,Moderate
9,15,4.2,60,24,25,106,47.9,5,9,0,7,2,0.83,-1.6,4.1,Low
0,2,7.6,84,89,52,52,56.0,4,11,2,5,152,1.73,8.2,5.1,Moderate
20,16,6.5,78,37,38,25,57.7,3,10,1,3,53,1.27,10.4,5.8,High
11,9,4.2,78,53,12,87,51.1,4,3,0,6,132,0.4,0.2,0.0,Low
4,6,7.8,76,60,68,108,43.5,1,8,0,7,31,2.27,1.2,4.7,Low
5,5,6.0,72,52,106,147,49.3,4,8,0,10,22,3.53,-0.6,8.7,Moderate
0,3,6.1,105,49,33,24,40.0,4,7,0,5,28,1.1,-1.7,1.2,Moderate
2,0,4.6,78,49,7,123,40.4,4,12,0,0,18,0.23,5.3,2.9,Moderate
16,12,7.0,81,61,48,45,32.2,8,7,1,2,5,1.6,-7.2,0.9,Moderate
24,20,7.0,65,33,39,129,53.9,6,8,1,10,30,1.3,6.0,1.1,High
14,0,6.3,88,44,19,251,55.5,4,6,2,0,32,0.63,7.3,2.3,Moderate
9,3,5.9,77,15,40,71,30.0,4,6,0,8,45,1.33,-8.2,1.7,Low
7,13,9.5,83,18,87,45,41.7,1,5,0,7,19,2.9,-6.2,1.4,Low
3,8,5.0,88,29,76,68,40.5,3,3,2,5,6,2.53,-3.0,4.7,Moderate
23,13,5.5,77,67,29,102,50.6,1,7,0,4,28,0.97,-3.9,0.0,High
8,8,7.2,71,47,29,18,45.9,2,11,0,18,21,0.97,3.3,6.2,Moderate
23,5,5.2,52,65,18,69,51.8,2,6,2,10,55,0.6,3.2,3.0,Moderate
19,7,5.1,74,59,29,47,46.2,2,7,3,1,9,0.97,5.8,2.2,High
0,0,7.8,70,57,43,26,48.4,5,4,0,11,146,1.43,6.6,0.0,Low
5,2,7.1,65,35,42,80,46.4,3,1,1,4,108,1.4,-3.5,0.0,Low
5,14,7.0,94,53,46,149,56.5,3,6,0,7,22,1.53,1.8,0.0,High
9,15,6.6,89,57,46,42,37.1,5,4,0,9,30,1.53,-5.3,3.5,Moderate
9,17,5.6,58,92,21,97,39.2,3,3,0,8,42,0.7,-6.9,0.0,Moderate
27,11,6.1,80,46,67,103,38.2,4,1,1,9,30,2.23,-6.2,0.0,High
2,0,6.3,69,65,75,83,50.0,4,1,0,7,22,2.5,-3.0,0.0,Low
11,5,7.4,82,50,39,10,31.3,2,6,1,5,60,1.3,-3.6,5.6,Moderate
14,16,6.9,69,39,166,54,30.0,8,12,0,5,30,5.53,3.4,7.7,High
9,18,5.3,72,68,50,30,52.2,6,4,2,8,38,1.67,1.2,0.0,High
10,16,7.3,89,86,14,140,33.6,1,8,0,3,7,0.47,-12.0,0.5,Moderate
3,7,4.4,87,57,31,43,37.9,1,3,0,9,40,1.03,-10.4,1.7,Moderate
10,1,6.0,95,40,29,114,33.7,3,4,1,0,32,0.97,-8.0,0.1,Low
13,8,5.0,76,60,7,56,39.5,5,2,0,8,31,0.23,-1.6,0.0,Low
12,9,5.4,62,57,32,64,72.4,8,5,0,5,52,1.07,16.3,0.0,High
13,18,8.7,88,92,65,96,43.0,5,1,0,14,114,2.17,-3.5,1.1,High
19,10,4.6,88,65,73,27,45.8,2,3,0,16,22,2.43,-6.1,0.0,High
16,9,5.4,85,35,111,66,36.8,7,5,4,9,24,3.7,-9.2,1.7,Moderate
10,9,7.0,70,75,52,43,44.9,3,4,2,1,107,1.73,-2.4,0.0,Moderate
2,11,5.8,66,66,61,133,54.8,5,7,0,8,32,2.03,5.5,0.0,Moderate
6,12,6.6,84,69,24,180,46.9,4,8,0,10,16,0.8,3.0,5.4,Moderate
8,4,8.1,68,60,57,128,64.0,7,6,2,6,15,1.9,12.1,4.7,High
11,2,7.2,75,70,49,178,39.1,5,9,1,14,22,1.63,-1.1,3.2,Moderate
6,16,5.8,110,60,29,22,30.0,3,1,1,7,29,0.97,-11.8,0.0,Moderate
3,0,6.2,101,47,114,60,49.6,5,8,1,10,44,3.8,6.4,3.1,Low
2,18,7.0,87,54,14,76,49.8,5,6,1,11,22,0.47,2.0,2.7,Low
0,0,7.2,71,50,40,34,46.6,6,1,0,0,9,1.33,-3.4,0.0,Low
8,5,6.4,70,58,87,112,33.7,4,8,2,2,66,2.9,-6.2,8.7,Moderate
0,14,6.8,86,53,19,131,41.1,2,7,2,9,71,0.63,-5.4,5.4,Moderate
3,9,6.8,94,46,26,98,47.8,1,4,0,8,25,0.87,-4.0,0.0,Low
7,1,6.3,72,49,63,46,48.2,3,9,1,13,76,2.1,1.9,0.2,Moderate
1,11,5.7,73,52,63,36,52.0,3,6,1,9,50,2.1,6.0,3.6,Moderate
12,9,7.3,79,20,34,138,37.1,2,9,1,15,24,1.13,-7.7,0.7,Moderate
14,7,6.8,63,70,46,47,30.0,1,7,0,6,30,1.53,-13.1,0.0,Low
6,5,3.9,63,58,39,170,44.4,4,3,0,6,50,1.3,0.5,0.4,Moderate
7,8,5.4,65,41,68,31,51.6,5,1,1,0,89,2.27,2.8,0.0,Moderate
13,5,5.8,84,63,70,150,34.1,3,3,0,3,12,2.33,-0.8,0.0,Low
5,21,6.2,81,43,93,44,60.3,2,7,2,9,23,3.1,3.9,5.4,Moderate
4,7,7.8,91,43,92,45,42.9,6,4,1,5,14,3.07,-2.7,0.9,Low
17,6,9.5,59,59,48,15,56.2,4,7,0,8,99,1.6,7.1,2.3,High
15,5,3.4,61,78,16,27,62.0,1,4,0,11,34,0.53,2.1,0.0,Moderate
13,19,6.8,83,57,22,101,31.3,6,1,1,8,54,0.73,-9.2,0.0,Moderate
16,0,6.5,68,38,25,113,50.4,4,7,1,0,125,0.83,10.3,1.9,Moderate
0,11,6.2,69,46,35,365,62.3,2,9,1,9,31,1.17,8.4,2.1,Moderate
18,7,7.1,89,67,42,107,41.9,5,5,0,3,58,1.4,-0.5,0.0,Moderate
12,0,6.6,72,59,18,127,63.6,3,5,0,5,60,0.6,5.3,0.6,Moderate
16,4,6.0,73,69,7,43,55.0,4,9,2,9,39,0.23,5.3,0.5,Low
12,10,6.4,75,59,54,44,43.0,1,8,1,11,126,1.8,-5.2,2.1,High
10,3,7.1,76,66,38,72,45.7,4,10,0,12,72,1.27,0.9,3.8,Low
8,10,7.0,86,88,119,67,31.8,1,9,0,12,28,3.97,-8.9,6.3,High
12,19,6.6,65,28,24,88,39.9,4,4,1,7,10,0.8,-1.3,0.0,Moderate
7,9,5.7,76,95,106,19,52.0,2,5,1,4,98,3.53,1.9,3.7,High
15,0,9.5,91,69,20,15,43.5,6,6,1,0,126,0.67,-0.8,0.0,Low
0,4,6.8,101,99,36,176,49.1,2,5,0,7,25,1.2,-3.0,5.0,Low
6,7,7.3,63,34,39,158,56.4,5,5,1,13,59,1.3,12.6,2.6,Moderate
23,6,5.8,82,59,11,22,56.1,5,7,0,8,17,0.37,5.9,4.9,High
5,9,6.6,76,55,45,47,49.5,4,7,1,10,78,1.5,1.1,3.1,Low
8,10,6.6,77,68,22,112,41.0,7,4,0,14,42,0.73,1.7,0.0,Low
4,19,4.1,69,60,79,131,47.6,2,3,3,6,89,2.63,-0.7,0.2,Moderate
12,8,5.5,86,58,62,192,48.1,4,7,0,0,98,2.07,0.1,2.9,Low
5,2,5.5,86,66,50,63,40.2,3,4,3,10,39,1.67,-3.9,0.0,Low
8,15,5.7,106,50,26,41,49.4,6,4,0,1,36,0.87,3.2,0.0,High
15,16,5.1,63,43,15,36,38.7,1,4,1,3,68,0.5,-3.6,0.0,Moderate
5,10,6.5,59,60,103,26,45.8,2,5,2,10,29,3.43,5.0,2.0,High
15,7,8.1,101,43,98,165,40.7,1,4,0,3,52,3.27,0.0,2.8,Moderate
15,12,6.6,77,50,25,22,41.8,4,9,1,0,21,0.83,3.1,2.0,High
16,7,5.0,73,26,70,165,54.3,2,5,1,3,32,2.33,0.9,2.4,High
10,0,5.2,80,53,19,58,54.2,0,2,2,7,11,0.63,-3.0,0.0,Low
27,12,5.9,63,35,22,102,44.5,5,6,1,8,42,0.73,2.8,1.3,High
16,14,4.7,82,51,38,94,57.4,8,10,0,7,45,1.27,11.5,5.7,High
12,17,6.8,77,32,51,25,52.7,2,6,1,14,47,1.7,2.6,0.0,High
4,4,8.0,90,52,14,38,51.4,5,5,1,9,77,0.47,4.5,0.0,Low
9,10,5.7,87,68,7,154,45.4,1,1,0,6,82,0.23,-0.1,0.0,Moderate
19,10,6.5,88,41,21,68,52.0,6,5,1,7,127,0.7,5.8,0.0,High
21,9,5.9,80,35,35,240,42.1,2,4,0,12,74,1.17,-2.6,0.0,Moderate
19,9,5.6,96,66,13,44,48.1,4,1,0,7,38,0.43,-2.2,0.0,High
15,9,6.6,84,68,27,93,57.2,3,3,0,11,21,0.9,-2.3,0.0,Low
1,10,5.6,72,60,28,31,54.3,2,10,3,11,44,0.93,3.0,3.9,Moderate
13,13,5.4,69,44,134,124,40.8,7,9,0,8,49,4.47,0.3,2.8,Moderate
1,16,4.5,70,41,52,80,56.0,3,10,0,9,77,1.73,6.8,4.3,High
0,4,6.5,84,46,44,21,35.1,4,6,0,11,81,1.47,-5.6,2.4,Low
11,8,7.7,63,51,31,98,45.8,2,1,0,0,111,1.03,-4.0,0.0,Low
13,6,7.2,80,21,92,129,56.4,6,7,0,8,45,3.07,4.1,4.0,Moderate
15,5,8.2,69,34,15,78,38.8,4,13,1,5,64,0.5,7.7,5.5,High
13,0,5.6,64,75,59,58,49.0,4,2,1,11,123,1.97,-0.8,0.0,Moderate
13,9,7.4,66,56,96,66,50.2,7,1,2,3,35,3.2,3.8,0.0,Low
3,11,5.1,78,74,66,119,57.6,7,3,1,15,47,2.2,4.4,0.5,Moderate
9,8,7.3,86,70,23,127,41.6,2,8,0,11,83,0.77,5.1,4.1,Moderate
0,8,8.4,71,46,13,67,53.6,3,1,0,6,16,0.43,-8.1,0.0,Low
0,11,7.0,55,47,68,31,39.8,4,8,1,8,26,2.27,-0.4,3.2,Moderate
14,17,8.4,113,69,60,141,42.8,2,5,2,13,48,2.0,-9.1,4.8,Moderate
5,6,5.7,90,66,77,102,46.1,5,6,1,8,56,2.57,-0.1,3.4,Low
15,2,6.2,88,70,63,31,44.9,2,7,2,3,74,2.1,1.5,2.9,Low
17,8,5.3,96,52,81,73,54.8,3,5,1,0,10,2.7,-0.0,0.0,High
5,19,6.4,79,55,31,66,67.9,4,6,0,8,58,1.03,10.3,1.8,Moderate
13,2,6.7,77,47,40,81,46.1,5,6,1,5,34,1.33,2.0,1.0,Moderate
5,12,6.4,93,51,16,57,46.3,4,9,0,8,59,0.53,1.9,1.4,High
0,15,5.8,93,40,13,135,61.4,2,6,1,6,7,0.43,8.4,1.1,Moderate
10,0,5.8,85,51,49,96,67.8,3,1,0,11,59,1.63,12.6,0.0,Moderate
6,11,6.8,88,49,25,58,44.7,1,7,1,15,53,0.83,-4.5,1.6,Low
7,12,6.2,64,44,98,140,48.9,0,8,0,9,31,3.27,5.3,0.7,Moderate
22,7,5.0,75,66,59,66,34.0,3,13,2,10,72,1.97,-0.1,5.5,Moderate
0,5,4.1,97,27,42,131,39.2,2,6,0,12,14,1.4,-5.0,2.6,Low
12,5,5.7,87,58,10,146,31.4,10,9,1,10,78,0.33,2.9,0.7,Moderate
3,7,4.7,62,35,18,56,43.3,5,6,1,13,42,0.6,-2.4,0.0,Low
15,7,5.4,72,37,22,12,61.1,1,7,1,3,17,0.73,9.7,1.8,High
11,6,5.9,95,38,29,81,38.3,4,10,2,10,133,0.97,0.8,1.3,Moderate
12,7,6.2,83,60,72,102,40.3,1,12,1,13,25,2.4,-0.6,6.7,High
3,15,5.6,80,15,12,132,50.3,3,8,1,0,20,0.4,2.8,5.4,Moderate
5,1,9.0,80,55,133,17,31.9,2,10,0,8,22,4.43,-6.5,6.0,Moderate
16,0,4.9,77,53,65,122,49.0,5,1,0,5,51,2.17,-2.5,0.0,Low
21,15,7.9,72,35,16,29,30.0,8,3,1,2,107,0.53,-8.1,0.0,Moderate
13,7,6.2,69,55,94,238,43.7,2,4,0,5,14,3.13,-6.0,1.9,Moderate
4,6,5.6,89,30,58,77,32.0,8,7,0,3,10,1.93,-1.0,2.4,Low
12,8,7.1,81,51,24,164,39.5,5,3,0,2,99,0.8,-6.0,0.0,Low
25,10,5.9,86,29,65,202,45.0,2,5,0,7,12,2.17,-5.5,3.7,High
10,5,5.4,84,89,17,156,45.0,6,6,1,10,91,0.57,2.8,0.4,Low
19,11,8.5,93,68,40,185,44.3,3,9,0,12,111,1.33,3.2,6.5,High
5,3,3.8,83,56,55,141,66.3,3,6,1,10,58,1.83,11.0,1.6,Moderate
9,7,6.1,87,35,18,115,52.6,5,8,1,6,20,0.6,6.9,1.8,Low
14,0,6.6,80,47,44,100,31.0,7,5,1,12,75,1.47,-0.3,0.0,Moderate
12,15,8.1,68,48,51,214,33.6,4,4,2,7,84,1.7,-12.9,0.0,Moderate
5,7,5.9,76,56,29,86,58.1,3,10,0,5,58,0.97,9.6,2.5,Moderate
4,12,9.5,84,59,23,187,46.1,3,7,0,11,32,0.77,1.5,1.7,Low
16,11,7.3,85,56,41,78,57.5,3,2,1,13,122,1.37,5.4,0.0,Moderate
17,12,3.6,94,58,32,93,55.4,4,5,1,4,93,1.07,-0.1,0.0,High
19,8,4.7,73,49,103,138,43.6,3,9,1,5,72,3.43,3.5,6.7,High
21,11,6.7,80,58,56,159,47.5,2,2,0,12,158,1.87,-3.7,0.0,High
10,3,5.0,77,41,33,64,40.8,1,3,1,10,23,1.1,-2.0,0.0,Low
7,2,7.1,96,33,38,121,54.7,4,3,1,10,59,1.27,5.4,0.1,Low
18,8,5.9,82,85,24,118,47.3,9,7,0,12,41,0.8,10.9,4.6,High
14,5,5.0,82,59,79,35,57.1,6,4,1,13,21,2.63,4.3,0.8,High
3,17,5.2,78,85,59,118,40.0,7,2,1,8,9,1.97,1.4,0.0,Low
3,11,7.4,76,47,108,185,43.6,2,2,2,16,30,3.6,-8.9,0.0,Moderate
13,4,4.0,62,95,44,34,41.2,6,9,1,17,14,1.47,7.9,3.4,Moderate
8,7,7.7,64,53,34,49,59.6,3,6,0,6,46,1.13,4.5,0.0,Low
9,9,7.7,80,73,45,78,45.7,2,7,0,9,107,1.5,-1.3,0.0,Low
16,8,6.0,79,53,105,26,45.1,4,5,0,5,32,3.5,-1.6,2.2,High
14,10,4.7,80,55,28,116,44.3,4,2,0,11,59,0.93,-3.6,0.0,Moderate
18,9,7.1,88,50,26,39,56.6,7,8,1,2,111,0.87,7.5,0.0,High
0,0,5.8,79,43,31,27,72.9,6,4,0,3,47,1.03,13.2,0.0,Low
11,0,4.6,74,70,23,127,68.6,4,7,1,8,15,0.77,13.2,0.0,Moderate
14,6,8.7,76,52,47,78,52.4,3,5,0,9,38,1.57,0.6,1.7,Low
0,12,5.3,81,67,29,37,37.4,2,4,0,4,36,0.97,-13.4,0.0,Low
5,6,4.6,74,68,90,52,40.7,5,7,1,1,42,3.0,0.3,4.2,Low
4,16,6.7,90,77,16,162,48.7,3,5,2,12,13,0.53,7.1,1.3,Low
10,8,6.3,78,60,60,86,30.0,7,12,1,6,20,2.0,0.2,7.3,Low
20,16,8.2,81,25,83,95,40.2,4,9,0,8,43,2.77,4.9,3.9,High
23,15,5.9,69,46,15,28,53.9,3,2,1,6,34,0.5,7.4,0.0,High
4,15,6.0,90,52,54,70,31.6,4,6,1,12,54,1.8,-3.7,1.2,Moderate
13,2,6.8,94,52,73,120,50.8,2,5,0,3,26,2.43,-0.2,0.0,Low
13,9,6.6,63,76,10,31,41.0,1,4,1,9,35,0.33,-1.9,0.0,Low
12,16,6.7,82,72,20,33,40.2,4,3,0,15,36,0.67,-7.1,0.0,Moderate
12,10,6.7,77,49,79,40,51.3,6,5,1,6,104,2.63,4.7,0.0,High
11,12,6.6,81,96,79,129,60.2,6,10,1,7,37,2.63,8.4,3.1,High
20,0,5.9,83,46,37,35,45.4,4,7,3,6,12,1.23,-0.4,3.7,Moderate
17,20,7.4,53,47,45,75,58.4,7,6,0,4,10,1.5,9.2,0.0,High
3,4,6.0,86,32,58,24,49.0,5,2,1,5,102,1.93,-0.2,0.0,Low
15,0,7.4,90,24,71,33,35.8,1,1,4,9,36,2.37,-7.7,2.4,Moderate
15,6,8.1,91,31,42,115,55.9,4,3,0,8,21,1.4,2.3,0.0,Moderate
12,0,5.6,68,70,71,143,57.8,0,10,1,7,16,2.37,5.0,4.5,High
17,2,9.3,78,65,7,59,49.6,8,5,0,2,26,0.23,4.6,0.0,Moderate
11,21,5.5,72,36,33,23,34.5,5,4,2,1,58,1.1,-0.1,1.2,High
11,6,5.6,57,54,57,76,32.7,6,8,0,6,5,1.9,0.4,3.6,Low
10,0,7.0,71,67,49,88,50.2,6,6,2,10,83,1.63,6.9,4.5,Low
0,9,6.9,66,15,95,35,50.2,7,4,0,6,44,3.17,4.2,4.1,Moderate
9,3,6.5,82,84,20,64,52.4,6,7,1,10,54,0.67,9.6,0.0,Moderate
5,14,7.4,60,71,19,30,30.0,4,8,0,9,124,0.63,-3.1,0.6,Moderate
2,3,6.7,67,67,103,24,38.2,5,13,1,0,20,3.43,1.9,10.0,Low
19,10,8.9,72,74,11,62,40.8,5,10,1,2,25,0.37,4.5,5.3,High
13,2,6.3,86,15,64,42,55.7,3,5,2,5,21,2.13,0.1,1.4,Moderate
9,21,5.4,109,48,60,157,46.2,6,6,0,7,82,2.0,2.7,0.0,High
6,11,5.7,81,75,27,131,56.2,5,2,0,5,10,0.9,5.0,0.0,Moderate
11,8,7.0,67,52,101,77,37.1,4,5,2,12,41,3.37,-8.4,0.0,High
16,7,7.0,71,65,38,36,30.0,4,7,0,12,35,1.27,-9.3,3.1,Low
4,5,6.6,85,78,41,146,53.6,4,6,0,11,38,1.37,7.4,2.6,Moderate
9,4,5.4,63,65,21,90,44.0,4,2,0,0,63,0.7,-0.5,0.0,Low
15,4,7.7,90,47,23,92,46.5,3,4,1,9,24,0.77,-4.9,0.0,Low
0,18,8.7,81,62,18,58,34.8,3,4,0,7,33,0.6,-9.0,0.0,Low
9,5,6.4,77,22,55,132,47.3,4,8,2,10,62,1.83,0.5,0.4,Moderate
7,0,8.6,59,61,53,56,47.9,2,8,0,6,31,1.77,-1.5,1.2,Low
9,2,7.4,88,65,6,17,46.2,4,6,0,8,82,0.2,0.9,0.0,Low
6,14,9.1,70,55,76,26,52.0,3,7,0,9,57,2.53,-1.9,2.6,High
10,7,7.0,80,73,35,226,53.1,6,5,1,7,18,1.17,4.5,0.0,Moderate
22,8,6.6,76,57,11,43,57.4,5,3,0,6,44,0.37,7.1,0.0,High
7,15,7.4,61,55,97,180,46.7,2,5,1,3,70,3.23,-1.8,1.8,High
11,4,5.9,75,85,30,44,61.2,3,6,0,7,39,1.0,7.5,2.6,Moderate
22,12,6.9,65,35,30,78,34.5,3,7,1,1,47,1.0,-0.8,3.9,Moderate
6,5,8.0,71,77,37,153,54.5,1,4,1,10,9,1.23,-3.8,0.0,Low
21,12,7.4,83,76,72,98,46.4,5,1,1,7,57,2.4,-2.0,0.0,High
10,6,6.4,86,67,27,73,45.1,3,7,0,8,38,0.9,-0.8,3.3,Low
21,7,6.6,78,45,86,71,42.0,2,1,0,2,24,2.87,-4.3,0.0,Moderate
14,13,7.3,68,58,18,119,51.0,8,5,2,3,50,0.6,4.1,3.4,Moderate
11,13,7.3,71,38,29,60,62.7,5,1,3,2,108,0.97,4.3,0.0,High
9,8,7.3,71,42,5,221,57.9,7,9,1,0,33,0.17,11.4,0.0,High
5,6,6.8,54,54,31,21,54.2,6,8,1,4,49,1.03,7.9,3.6,Moderate
10,18,5.4,79,36,13,46,44.8,3,9,1,0,28,0.43,0.4,4.9,Low
15,12,5.6,60,48,15,41,60.8,2,2,1,10,100,0.5,5.4,0.0,High
9,6,7.0,79,32,14,65,49.8,5,2,0,8,35,0.47,-2.0,0.0,Low
7,5,7.4,62,64,38,88,36.6,3,12,0,16,121,1.27,-4.0,6.7,Low
8,14,7.2,65,81,37,262,38.7,4,6,0,5,150,1.23,-3.2,0.0,Moderate
16,9,5.6,85,92,63,53,60.6,1,1,1,7,73,2.1,1.4,0.0,Moderate
17,8,6.2,78,33,30,114,56.2,2,5,0,10,17,1.0,0.6,0.0,Moderate
5,9,5.0,57,37,55,33,57.4,5,3,3,5,15,1.83,9.0,0.0,High
5,10,4.7,72,51,41,28,47.5,6,8,0,11,56,1.37,6.8,1.9,Moderate
12,8,6.5,81,67,25,117,38.4,5,3,2,9,47,0.83,1.3,0.6,Low
19,15,8.0,71,50,74,87,30.1,0,4,1,11,29,2.47,-13.7,3.9,High
17,16,6.5,74,71,22,38,38.5,3,8,2,3,21,0.73,-4.1,3.4,Moderate
1,12,8.7,81,64,9,80,32.8,6,7,1,5,34,0.3,-7.3,0.5,Low
8,16,6.2,78,22,5,43,67.0,3,5,1,5,37,0.17,9.6,0.1,Moderate
3,9,6.4,67,55,26,130,41.0,4,3,1,6,73,0.87,-6.1,0.5,Low
8,13,5.2,78,32,33,72,41.0,8,7,0,1,30,1.1,6.2,1.3,Moderate
20,14,6.0,75,44,34,18,40.9,4,1,0,10,119,1.13,-7.0,0.0,High
0,14,5.0,97,47,5,167,30.3,3,7,1,8,24,0.17,-4.9,0.2,Low
0,14,4.5,77,67,49,155,30.0,6,6,1,13,36,1.63,-2.2,0.0,Moderate
4,12,5.0,79,54,29,102,60.6,5,5,4,0,21,0.97,7.0,0.0,High
11,20,6.5,81,46,61,38,62.1,4,3,2,11,37,2.03,8.0,0.0,High
14,5,5.5,74,92,38,11,56.7,3,7,0,6,11,1.27,4.5,4.4,Moderate
12,8,5.8,70,38,54,99,50.7,8,7,1,7,24,1.8,3.7,2.8,Moderate
17,7,6.9,83,59,12,129,35.1,9,3,0,7,41,0.4,0.0,0.0,Low
0,6,4.5,83,66,61,29,57.6,3,1,2,12,23,2.03,5.2,0.0,High
17,0,6.5,101,57,46,103,46.1,4,6,0,8,89,1.53,-5.1,5.6,Moderate
7,16,7.4,86,38,22,43,50.9,4,9,0,7,57,0.73,-0.8,1.6,Low
14,3,7.5,86,37,95,111,48.7,2,5,1,5,43,3.17,-0.4,0.0,Moderate
1,9,7.0,86,65,139,30,53.1,4,5,2,9,43,4.63,3.2,4.4,Moderate
10,0,6.3,70,73,23,119,54.8,5,7,5,3,180,0.77,0.9,0.0,Low
11,12,5.7,64,53,64,77,44.8,2,3,1,17,67,2.13,0.3,0.6,Moderate
17,4,6.3,67,30,36,24,55.5,3,5,1,2,61,1.2,4.3,0.0,Low
0,2,8.4,86,54,53,35,43.4,6,9,1,2,26,1.77,7.6,2.6,Low
10,10,6.7,94,81,43,123,55.2,4,7,2,4,23,1.43,5.6,4.2,Moderate
2,4,6.3,86,36,63,55,55.4,7,11,0,6,56,2.1,8.9,2.0,Low
13,5,7.1,76,48,6,21,30.8,3,6,0,0,54,0.2,-7.4,0.2,Low
15,9,6.5,96,55,51,72,46.4,2,8,1,4,72,1.7,-1.0,3.6,Moderate
18,13,6.7,73,74,45,55,30.0,6,4,0,5,55,1.5,-6.1,0.0,Moderate
6,4,6.1,65,44,39,85,32.2,4,5,2,8,19,1.3,-8.8,0.0,Low
16,3,5.9,81,63,80,160,46.6,3,6,0,3,20,2.67,-0.9,2.1,Moderate
18,9,7.6,92,79,15,49,44.8,3,10,2,12,2,0.5,4.3,0.0,Moderate
0,12,4.1,69,27,60,33,43.7,4,6,0,4,17,2.0,-0.5,4.2,Moderate
13,17,7.0,59,30,21,31,52.0,7,9,1,6,105,0.7,6.8,3.0,High
16,2,5.8,78,52,26,166,42.7,6,10,2,4,58,0.87,4.0,5.2,Moderate
8,7,4.1,86,72,23,16,35.6,3,12,0,15,14,0.77,-4.3,4.0,Low
2,15,5.2,50,60,39,87,32.2,7,7,1,3,58,1.3,-2.0,1.4,Moderate
16,20,6.4,89,73,61,64,31.1,3,7,1,7,73,2.03,-5.9,5.1,High
2,3,6.5,63,23,36,106,38.2,5,4,2,3,14,1.2,-8.3,0.0,Moderate
8,4,7.3,86,60,68,85,39.4,3,7,3,9,58,2.27,-1.2,4.5,High
9,11,7.4,56,15,28,75,58.8,4,8,1,8,66,0.93,2.9,3.9,High
14,5,4.5,62,78,10,136,47.6,3,6,1,5,17,0.33,1.8,4.8,Moderate
5,4,6.9,85,75,43,92,36.9,5,2,1,8,41,1.43,-4.8,0.0,Low
5,10,7.3,91,48,32,72,53.6,1,5,1,8,45,1.07,1.6,0.0,Low
10,17,6.7,78,15,94,111,53.3,7,1,0,9,8,3.13,1.2,0.8,High
16,1,7.0,104,50,17,68,42.2,4,6,0,9,64,0.57,-2.0,0.0,Moderate
24,17,4.1,67,74,48,76,57.6,6,3,0,8,33,1.6,7.2,1.5,High
0,5,5.2,67,61,36,21,55.4,6,7,0,1,40,1.2,7.7,0.0,Moderate
12,11,8.0,75,87,11,187,43.3,4,13,0,5,76,0.37,7.7,5.2,High
2,18,6.1,74,49,8,103,45.7,4,9,0,10,78,0.27,2.6,3.6,Moderate
16,10,9.1,81,91,8,102,42.9,4,4,1,6,53,0.27,-2.1,0.0,High
3,7,4.9,70,18,61,83,51.0,5,9,1,4,71,2.03,1.9,3.2,High
5,13,8.3,84,40,36,206,30.0,5,7,1,6,41,1.2,-1.7,1.9,Moderate
6,7,5.7,84,31,53,125,54.6,4,8,0,1,55,1.77,9.0,0.8,Moderate
9,12,7.4,96,67,55,12,33.2,4,5,0,10,16,1.83,-3.0,0.0,Low
12,7,6.0,73,32,103,82,40.3,7,9,1,12,32,3.43,5.5,4.1,High
13,13,6.5,82,72,71,113,65.0,2,4,3,4,107,2.37,2.3,1.2,High
9,0,7.1,85,66,35,211,43.2,3,1,0,8,156,1.17,-0.1,0.0,Moderate
1,3,5.7,78,57,51,46,49.4,8,4,3,4,64,1.7,6.9,1.6,Moderate
14,0,7.4,76,52,14,54,50.1,3,7,0,4,18,0.47,3.7,0.0,Moderate
9,8,6.1,55,35,12,86,49.6,4,4,2,13,16,0.4,-2.3,0.9,Low
17,0,6.6,79,65,32,71,42.5,7,8,1,7,24,1.07,3.9,2.8,Low
5,4,3.2,85,45,22,42,50.4,3,7,1,6,76,0.73,9.1,1.7,High
0,2,6.0,77,68,37,30,45.7,6,4,0,1,48,1.23,0.2,0.0,Low
9,17,7.9,69,81,26,116,30.7,2,6,0,12,41,0.87,-3.9,1.2,Moderate
18,3,7.2,60,48,67,48,35.9,6,1,1,1,39,2.23,-8.0,0.0,Moderate
11,1,7.5,83,78,50,112,44.9,1,8,0,2,39,1.67,-0.3,0.0,Moderate
8,10,6.5,78,57,23,62,51.0,5,7,2,0,136,0.77,-0.3,1.4,Low
4,18,8.4,93,65,55,53,51.2,5,4,1,5,44,1.83,6.8,1.4,Moderate
21,8,6.7,62,30,15,116,48.0,4,9,0,13,43,0.5,5.1,0.3,Moderate
3,8,5.6,73,41,35,31,46.4,6,5,0,5,42,1.17,0.1,0.3,Low
5,16,7.4,63,41,68,46,45.2,3,6,0,5,88,2.27,2.7,4.7,Moderate
13,14,7.5,89,78,6,83,49.3,3,5,0,6,93,0.2,4.3,2.2,Moderate
0,11,7.2,92,48,83,83,37.6,3,1,0,8,54,2.77,-5.7,0.0,Moderate
18,5,5.9,99,65,27,114,46.6,7,5,0,8,49,0.9,0.9,0.0,Moderate
14,11,6.7,84,52,69,99,54.3,4,1,2,2,49,2.3,-2.2,2.3,Low
15,1,8.1,87,47,27,107,47.2,4,6,0,18,130,0.9,3.4,0.8,Moderate
13,5,7.0,83,27,9,83,37.3,4,6,1,11,30,0.3,-3.1,0.2,High
8,17,4.6,84,19,24,46,37.2,6,7,1,9,36,0.8,-1.0,5.3,Moderate
3,16,5.6,79,48,78,83,57.8,3,4,1,9,27,2.6,4.6,0.2,Moderate
9,11,5.6,85,49,41,81,44.9,11,3,1,12,35,1.37,3.5,0.0,Moderate
3,0,5.5,102,38,70,55,33.1,2,7,0,11,35,2.33,-7.1,0.0,Low
13,1,3.9,80,56,27,148,37.0,5,1,1,5,30,0.9,-3.1,0.0,Moderate
15,5,8.7,78,89,19,93,31.0,2,7,0,7,121,0.63,-12.3,0.4,Moderate
19,8,5.3,80,81,67,20,31.3,2,9,1,12,36,2.23,-3.5,3.7,High
12,1,5.4,76,54,35,9,48.7,4,5,0,10,154,1.17,-3.2,0.0,Low
16,7,4.1,81,54,46,189,40.8,3,9,3,10,12,1.53,0.7,3.5,High
8,19,7.4,76,65,48,280,35.0,6,7,3,9,50,1.6,-0.5,3.3,High
6,11,6.3,91,58,6,28,57.1,4,10,2,4,66,0.2,10.8,4.8,Low
13,10,6.0,89,65,57,47,43.4,5,8,0,5,44,1.9,3.3,3.2,High
7,3,6.0,102,58,15,33,46.2,6,5,0,12,8,0.5,3.2,0.2,Low
11,0,7.1,78,55,8,115,52.7,3,6,0,8,39,0.27,-3.2,5.1,Low
3,1,5.8,81,41,24,12,32.5,3,4,0,8,55,0.8,0.2,0.4,Low
4,0,4.0,81,59,31,61,34.4,4,4,0,16,43,1.03,-11.0,0.0,Moderate
14,9,4.9,80,15,88,40,46.2,2,7,1,10,14,2.93,5.3,3.0,High
15,11,4.8,90,58,59,115,30.0,2,6,2,8,112,1.97,-5.2,2.6,High
3,3,6.7,60,16,7,23,64.3,2,4,1,13,11,0.23,0.4,0.0,Low
14,9,7.5,83,58,45,128,49.4,2,9,1,11,81,1.5,4.1,7.4,High
6,17,8.2,100,35,35,10,44.9,1,7,1,8,68,1.17,-1.7,2.6,Moderate
10,20,4.4,93,76,17,34,50.3,6,1,1,1,12,0.57,6.5,0.0,High
19,13,7.1,92,54,55,21,51.9,4,8,0,10,33,1.83,6.4,2.8,High
15,7,5.7,87,53,88,107,48.9,3,4,1,10,85,2.93,1.5,0.3,High
15,13,9.5,71,60,38,53,53.4,1,9,0,11,22,1.27,3.3,5.1,Moderate
22,16,8.1,70,37,27,100,56.5,4,9,3,7,19,0.9,5.0,3.6,High
5,0,8.4,70,73,39,37,61.6,4,9,1,5,17,1.3,9.9,1.8,Low
3,17,7.4,65,65,45,38,38.4,6,8,0,7,26,1.5,0.7,4.4,Low
5,5,6.9,88,43,120,42,34.7,1,10,0,4,74,4.0,-0.7,1.5,Moderate
8,5,5.9,94,34,21,126,34.7,4,1,0,6,34,0.7,-9.6,0.0,Low
0,6,5.7,83,45,21,60,47.9,4,1,1,10,51,0.7,-5.8,0.0,Low
8,10,5.4,87,50,66,128,30.0,2,9,0,6,25,2.2,-6.7,4.9,High
6,2,7.1,81,32,25,127,33.3,4,2,1,5,10,0.83,-8.8,0.0,Low
15,7,8.3,84,44,5,199,50.7,7,5,0,14,4,0.17,7.5,0.0,Moderate
12,12,6.0,55,41,89,28,41.6,3,9,0,6,75,2.97,1.8,8.5,High
6,10,5.5,81,48,86,146,44.7,1,14,1,4,4,2.87,3.3,8.2,Low
13,11,4.6,73,49,13,112,60.4,6,7,0,3,52,0.43,8.6,0.7,High
14,7,6.7,78,61,38,54,55.1,3,6,1,6,21,1.27,3.9,0.0,Moderate
5,13,7.9,80,53,8,91,48.1,4,1,1,3,20,0.27,-0.4,0.0,Low
6,15,7.9,70,59,62,44,36.5,3,7,0,8,62,2.07,-7.5,0.2,Moderate
0,14,8.1,66,56,60,27,44.2,4,6,1,2,69,2.0,0.1,1.7,Low
2,11,6.9,70,48,36,174,38.0,1,9,2,0,40,1.2,-2.4,1.2,Moderate
5,14,6.5,62,64,73,25,43.4,2,8,2,4,60,2.43,-1.1,2.8,Low
10,14,7.9,65,15,8,32,37.5,2,9,2,8,146,0.27,0.2,4.5,Low
3,21,5.1,67,46,43,75,46.5,3,3,0,12,104,1.43,-0.8,0.7,High
6,16,5.9,62,42,5,105,42.9,3,8,0,8,26,0.17,1.3,1.5,Moderate
2,8,8.5,84,54,16,132,37.4,7,4,1,7,75,0.53,-0.1,0.0,Low
11,3,5.1,68,41,8,9,34.4,1,3,0,0,62,0.27,-11.2,0.0,Moderate
12,7,6.4,58,62,97,62,60.3,6,5,0,12,65,3.23,9.7,0.0,Moderate
12,7,7.2,74,65,71,61,39.2,4,6,0,3,11,2.37,1.4,0.0,Moderate
10,11,6.5,66,27,6,98,55.1,7,7,1,5,19,0.2,12.7,2.0,High
0,4,7.8,94,56,44,14,44.5,5,2,1,0,20,1.47,-0.3,1.4,Low
5,15,8.2,79,29,6,131,46.5,6,10,0,8,19,0.2,7.2,1.3,High
7,0,7.0,62,61,57,30,46.6,6,8,1,17,2,1.9,2.4,2.1,Low
7,0,8.1,84,44,66,79,42.9,4,9,2,6,70,2.2,-0.6,4.8,Low
10,8,5.3,79,38,57,100,45.5,3,11,1,4,86,1.9,6.2,4.8,High
19,4,6.2,75,21,44,30,50.5,0,4,1,6,111,1.47,-1.0,0.0,Moderate
15,1,9.3,95,50,31,91,34.1,6,10,0,12,24,1.03,-0.2,3.6,Low
3,5,8.7,67,31,42,110,43.9,2,4,1,11,58,1.4,-4.4,0.0,Low
14,4,4.9,89,25,17,38,45.8,9,7,2,5,26,0.57,7.9,1.1,High
14,9,6.4,73,55,44,49,51.5,6,9,1,11,56,1.47,7.0,0.0,High
4,5,6.6,78,69,28,42,41.8,3,6,0,13,16,0.93,-1.5,3.2,Low
15,5,6.9,70,59,8,95,43.7,2,8,2,11,26,0.27,2.9,0.0,Low
8,8,7.9,70,26,15,95,52.6,4,4,1,4,77,0.5,2.8,0.0,Moderate
0,14,8.6,73,50,65,159,31.0,3,6,1,10,29,2.17,-5.8,2.3,Low
12,17,6.4,57,64,8,96,55.7,5,8,2,6,45,0.27,4.4,0.7,High
11,9,7.7,82,50,40,116,37.9,5,7,0,7,36,1.33,-0.7,0.0,Low
8,10,7.2,79,58,27,83,55.1,6,2,0,4,49,0.9,4.2,0.0,Moderate
9,7,6.4,62,44,15,19,56.9,3,4,2,1,48,0.5,0.1,0.0,Moderate
5,11,4.4,85,45,74,150,42.4,8,5,1,5,9,2.47,2.7,1.6,Moderate
13,11,7.6,94,40,82,45,54.6,4,7,0,1,62,2.73,6.9,3.4,High
9,16,7.1,71,63,9,126,42.3,5,11,0,3,59,0.3,10.1,5.1,Moderate
11,0,6.9,69,64,40,48,39.1,6,2,1,6,53,1.33,-2.9,0.0,Low
12,7,5.2,90,42,30,96,49.1,4,3,3,5,21,1.0,-0.6,0.0,Moderate
2,10,8.8,82,66,39,189,53.5,4,11,2,2,44,1.3,9.1,5.8,High
4,8,6.6,77,26,166,116,36.9,7,9,1,1,37,5.53,-5.1,7.9,High
0,3,5.0,87,49,27,92,30.0,7,7,1,8,15,0.9,-2.4,0.0,Low
13,1,4.8,81,28,19,50,47.5,1,7,1,10,53,0.63,-5.5,0.8,Low
2,13,7.2,94,32,33,44,60.5,5,8,0,6,53,1.1,9.5,0.0,High
10,4,7.2,78,27,47,16,45.5,3,7,4,6,110,1.57,-1.6,6.2,Moderate
12,0,5.8,83,40,26,16,57.3,4,6,1,2,121,0.87,8.4,0.0,Low
13,13,7.0,90,63,157,92,55.6,6,10,2,3,71,5.23,14.0,7.5,High
2,11,7.2,51,51,18,98,53.7,3,1,1,9,64,0.6,-0.5,0.3,Moderate
9,8,6.6,90,41,58,122,44.3,1,10,1,2,14,1.93,3.8,7.0,Moderate
20,3,5.6,72,49,93,106,39.9,4,2,0,6,53,3.1,-1.7,0.0,Low
21,8,7.6,83,15,3,27,47.0,5,10,1,4,67,0.1,4.4,2.4,High
16,16,7.4,96,62,49,89,35.4,3,6,2,3,50,1.63,-6.6,0.7,Moderate
12,0,7.1,75,15,19,258,53.3,3,5,0,5,77,0.63,0.5,0.0,Low
3,0,5.4,73,39,15,160,42.2,5,2,2,13,56,0.5,-5.6,0.0,Low
14,5,4.8,77,51,31,103,44.4,0,9,2,8,11,1.03,-0.6,2.7,Moderate
8,8,6.5,62,60,89,98,44.1,4,7,1,16,20,2.97,4.2,2.7,Moderate
13,6,7.5,102,56,67,61,38.8,3,6,0,6,15,2.23,-10.2,0.0,Moderate
5,12,7.6,78,51,7,48,40.9,6,3,1,8,40,0.23,-1.3,0.0,Low
8,15,7.1,96,78,67,132,49.2,1,9,1,0,48,2.23,1.8,3.2,High
11,10,5.9,74,88,18,58,35.5,4,5,0,4,42,0.6,-10.0,0.0,Moderate
11,12,5.4,78,52,79,106,35.9,6,5,1,3,61,2.63,-1.8,2.8,Moderate
13,10,6.4,88,50,5,44,38.0,2,10,2,4,114,0.17,-1.5,5.7,Moderate
6,9,6.4,66,49,52,158,46.4,5,8,3,10,47,1.73,3.8,0.0,Moderate
1,1,7.7,77,41,16,95,31.3,5,13,0,8,30,0.53,1.0,5.6,Low
20,3,5.8,88,59,67,86,39.3,4,6,2,1,45,2.23,-0.0,2.8,Moderate
26,1,5.9,76,75,104,61,30.0,3,12,0,2,13,3.47,-5.3,6.5,High
12,8,8.9,73,15,32,90,31.3,3,8,2,7,30,1.07,-3.0,3.0,Low
1,10,8.3,90,49,23,5,42.0,3,8,0,7,69,0.77,-2.1,1.1,Low
4,0,5.3,93,79,29,121,48.6,8,6,0,11,79,0.97,6.9,0.0,Low
13,9,8.2,95,59,34,98,46.6,4,8,0,1,47,1.13,5.3,5.9,Moderate
18,3,5.1,71,59,51,77,45.6,3,9,0,10,74,1.7,0.2,2.9,Moderate
2,2,5.9,72,23,8,23,40.7,2,6,2,10,78,0.27,-1.6,0.0,Low
9,5,6.0,73,65,13,100,56.5,5,4,0,3,74,0.43,4.8,0.0,Moderate
11,2,6.3,86,70,39,55,41.6,2,4,0,5,12,1.3,2.0,0.0,Low
15,12,7.1,65,56,35,92,32.7,3,7,0,11,102,1.17,-6.7,6.1,Moderate
7,8,6.5,65,40,12,19,58.3,6,5,1,0,51,0.4,4.5,0.0,Moderate
0,13,7.1,70,60,77,18,37.8,5,7,0,9,26,2.57,-1.4,1.1,Low
14,6,5.9,68,33,20,220,43.3,3,8,5,10,19,0.67,3.8,3.7,Moderate
17,6,6.8,88,31,119,90,54.6,3,7,1,7,157,3.97,1.3,1.3,High
9,19,6.5,87,66,50,181,40.0,6,9,1,7,11,1.67,2.3,4.8,Moderate
12,0,4.7,73,72,63,7,55.9,2,7,0,1,47,2.1,1.4,6.5,High
6,16,7.0,76,39,42,87,47.0,2,4,1,0,8,1.4,-1.6,0.0,Low
4,18,6.5,50,31,23,142,50.5,6,5,0,6,19,0.77,4.7,1.7,Moderate
16,13,5.5,73,36,41,81,48.0,5,8,1,12,136,1.37,2.9,7.0,High
12,7,5.9,92,56,31,81,43.6,2,10,2,6,78,1.03,-0.5,5.7,Moderate
13,17,5.9,72,31,10,75,59.9,3,7,3,8,73,0.33,4.7,0.0,Moderate
19,7,6.1,66,75,10,18,52.7,3,4,2,1,88,0.33,-5.0,0.0,Moderate
3,4,8.5,93,44,27,168,30.2,4,8,0,6,70,0.9,-5.8,1.4,Low
6,6,8.9,66,59,52,118,41.8,5,11,0,1,20,1.73,1.5,4.0,Low
11,5,3.1,95,39,27,34,53.0,4,7,0,12,84,0.9,6.7,0.0,High
6,3,7.0,110,63,28,53,30.0,1,3,0,3,38,0.93,-15.0,0.0,Low
15,15,7.5,77,64,53,40,38.5,6,2,1,5,52,1.77,-6.3,0.0,Moderate
8,4,6.1,92,22,27,181,55.5,4,11,1,7,80,0.9,7.2,3.0,Moderate
3,8,7.5,60,40,149,278,48.8,5,6,0,6,46,4.97,-0.8,5.5,Moderate
10,0,8.4,59,49,20,28,41.2,7,3,0,6,19,0.67,3.3,0.0,Low
11,9,4.8,69,43,66,14,52.4,3,5,0,7,90,2.2,4.1,2.3,Moderate
16,2,6.6,87,68,38,51,65.5,7,12,0,6,58,1.27,15.1,5.5,Moderate
12,2,8.7,78,41,180,56,37.5,2,11,2,11,38,6.0,-1.3,7.8,High
12,8,4.9,76,65,25,15,34.9,3,6,1,11,44,0.83,-5.0,2.3,Low
12,15,6.3,64,61,59,63,61.5,5,3,1,0,20,1.97,8.3,0.0,Moderate
8,11,5.9,77,50,34,89,55.1,2,10,1,5,142,1.13,2.7,2.0,Moderate
5,11,7.7,71,66,4,6,43.4,4,9,0,9,110,0.13,-0.6,4.5,Moderate
11,8,7.8,68,24,37,129,46.5,6,6,1,5,85,1.23,-2.0,0.0,Moderate
7,7,6.6,67,51,25,23,53.6,4,1,1,13,24,0.83,2.3,0.0,Low
20,13,6.4,80,38,44,10,53.6,4,7,1,5,29,1.47,6.8,0.0,High
18,5,4.3,70,50,19,159,54.2,2,8,1,0,60,0.63,4.6,0.0,Moderate
14,13,8.1,78,44,3,67,38.6,1,5,1,4,37,0.1,-8.5,0.0,Low
12,16,6.0,59,53,99,134,43.6,5,4,2,6,33,3.3,-1.6,0.0,Moderate
9,4,6.2,84,52,22,124,63.5,0,3,0,6,61,0.73,-0.0,0.0,Moderate
1,4,7.6,81,54,64,24,51.9,7,6,0,0,7,2.13,4.1,2.5,Low
8,5,6.6,75,55,32,32,61.0,4,2,0,2,43,1.07,-1.2,0.0,Low
10,0,7.6,80,62,43,32,47.8,5,7,1,4,24,1.43,4.5,1.4,Low
11,6,7.1,88,29,41,107,41.4,2,2,3,3,17,1.37,-9.0,0.0,Low
13,16,6.6,62,61,27,28,37.5,3,4,1,14,59,0.9,-7.4,0.0,Moderate
15,2,6.8,79,25,37,35,42.3,4,3,0,7,12,1.23,-1.8,0.0,Low
5,16,5.1,64,15,62,5,57.0,5,3,0,14,52,2.07,0.5,0.0,Moderate
5,6,6.2,79,88,38,11,47.0,3,2,1,11,25,1.27,-3.1,0.0,Low
19,21,7.7,75,35,71,85,32.9,5,10,1,10,22,2.37,-1.9,3.9,High
15,5,5.3,78,44,25,34,37.2,5,6,0,3,52,0.83,-6.6,1.8,Low
7,8,5.5,87,18,34,79,67.1,3,2,0,8,79,1.13,6.0,0.0,Moderate
9,3,5.3,87,44,13,101,38.4,4,8,2,15,58,0.43,-0.1,0.7,Moderate
9,5,6.6,90,56,46,42,48.4,2,4,0,10,46,1.53,2.9,1.1,Low
10,16,8.1,74,56,32,47,54.0,4,10,0,8,5,1.07,5.5,1.9,High
13,11,7.1,86,30,40,121,43.2,4,4,0,11,10,1.33,-3.8,1.4,Moderate
26,14,3.8,84,44,95,8,30.0,7,5,1,1,7,3.17,2.8,1.0,High
11,1,7.2,74,59,33,89,34.9,7,2,1,4,51,1.1,-6.6,0.0,Low
14,12,5.9,79,56,88,79,37.5,6,10,0,13,51,2.93,1.4,2.9,Low
0,3,7.0,77,54,18,92,33.2,0,3,0,13,19,0.6,-10.2,0.0,Low
6,1,6.2,93,66,20,10,58.8,1,4,0,5,44,0.67,-1.4,0.0,Low
17,10,5.4,87,50,18,170,53.2,3,3,4,0,56,0.6,3.1,0.0,Moderate
12,10,6.3,74,77,12,102,57.2,4,3,1,0,147,0.4,9.5,2.9,High
0,9,5.9,74,47,38,136,37.9,2,7,0,9,77,1.27,-5.7,2.9,Low
14,13,6.8,89,65,52,153,43.9,2,12,0,5,37,1.73,4.4,0.8,High
22,14,5.3,93,65,124,212,55.2,7,8,0,3,41,4.13,4.1,4.5,High
0,17,5.1,81,22,32,76,30.1,1,1,0,10,12,1.07,-11.6,0.0,Moderate
19,2,7.3,85,60,93,100,62.6,8,9,0,5,139,3.1,11.0,7.1,High
0,17,7.7,92,40,14,9,56.4,4,6,2,1,53,0.47,8.9,0.0,Moderate
16,19,7.1,76,34,20,50,49.8,3,3,1,7,60,0.67,-3.4,0.0,High
9,6,5.6,79,44,31,61,40.4,2,7,2,9,62,1.03,-6.5,0.0,Moderate
0,0,5.5,83,55,15,115,34.1,2,4,0,1,69,0.5,-8.0,0.0,Low
12,0,5.6,73,24,42,14,52.0,2,11,1,2,16,1.4,3.0,6.2,Moderate
17,6,7.5,97,52,11,162,59.7,5,8,1,3,42,0.37,9.3,1.6,Moderate
12,20,5.4,73,48,36,59,49.3,3,3,0,8,80,1.2,-2.4,0.0,High
13,9,7.5,79,71,34,287,51.8,7,6,0,11,130,1.13,6.3,0.0,Low
7,5,7.2,99,41,46,46,52.0,1,1,3,3,57,1.53,0.2,0.0,Low
0,5,7.9,58,73,88,39,47.6,3,4,0,4,41,2.93,-2.3,1.7,Low
14,1,7.7,80,59,21,19,50.5,2,9,0,1,53,0.7,5.1,0.6,Low
21,14,7.1,71,51,110,127,59.8,3,10,1,8,13,3.67,7.2,4.9,High
17,8,4.6,78,75,71,71,51.2,8,4,0,4,9,2.37,1.8,2.7,Low
0,21,7.1,65,87,46,74,47.3,2,6,1,8,90,1.53,4.9,0.0,Moderate
0,12,6.5,74,48,11,238,38.8,4,7,2,6,125,0.37,-0.9,0.0,Moderate
4,13,6.0,78,39,41,55,53.5,9,9,1,7,132,1.37,12.8,5.2,High
0,7,8.0,81,60,13,130,46.8,3,3,2,0,48,0.43,-4.6,0.0,Low
10,2,6.2,88,26,55,86,46.9,5,10,1,6,61,1.83,5.4,6.2,High
12,3,5.8,52,29,25,29,51.0,6,7,1,8,40,0.83,7.0,4.3,Low
0,1,7.7,77,76,81,51,46.3,4,7,0,0,16,2.7,5.1,1.9,Low
15,14,5.9,76,62,83,213,49.5,6,7,2,12,50,2.77,5.8,4.4,High
13,6,5.7,77,37,58,91,47.8,3,6,0,11,73,1.93,2.3,3.0,Moderate
6,14,5.0,78,108,15,69,42.9,2,9,1,11,26,0.5,-4.7,2.9,Low
8,9,5.4,69,27,28,176,54.0,5,3,2,7,41,0.93,1.1,0.0,Low
0,7,5.5,61,63,83,128,30.0,6,3,1,10,118,2.77,-2.4,1.1,Low
7,2,7.1,80,38,156,91,51.3,4,5,2,14,56,5.2,4.6,4.5,High
10,10,5.2,67,84,24,77,36.8,4,12,0,2,33,0.8,0.7,4.7,Moderate
11,7,4.2,82,42,41,120,56.4,8,10,1,11,99,1.37,14.4,2.5,High
12,14,6.8,68,47,24,29,30.0,2,4,1,8,27,0.8,-13.7,0.0,Moderate
11,4,5.6,86,19,16,109,41.2,3,5,3,0,37,0.53,-3.5,0.0,Low
8,12,6.4,77,89,19,86,49.6,4,4,0,8,29,0.63,2.0,0.0,Moderate
11,18,7.9,78,41,35,154,44.8,5,7,0,10,53,1.17,-4.9,0.0,Moderate
16,10,6.5,75,61,8,55,39.6,7,5,0,10,69,0.27,-0.2,0.0,Moderate
9,13,8.2,74,52,73,72,55.9,5,4,0,9,42,2.43,4.8,0.0,Moderate
12,12,6.3,75,42,30,62,34.1,5,5,2,11,25,1.0,-5.1,1.1,Moderate
8,20,7.6,91,15,44,33,46.9,6,7,1,8,45,1.47,2.8,1.1,High
5,11,5.7,61,48,43,42,40.3,1,10,0,2,9,1.43,-1.2,1.6,Moderate
13,13,6.5,71,47,30,58,52.9,4,5,0,6,92,1.0,5.0,0.1,Moderate
6,8,5.3,90,58,23,28,40.8,5,7,0,10,25,0.77,-3.5,0.0,Low
12,4,5.4,87,91,21,59,46.1,2,9,0,6,27,0.7,2.2,3.3,Moderate
10,1,6.1,93,64,70,61,43.3,2,4,1,6,38,2.33,-1.6,0.4,Low
8,16,4.8,77,67,11,18,45.4,6,7,1,1,75,0.37,4.5,3.1,High
7,3,6.6,63,47,58,29,47.3,1,8,1,8,18,1.93,-0.5,4.3,Low
6,13,6.0,66,28,60,259,46.4,2,8,1,10,63,2.0,0.5,5.3,High
0,11,6.7,75,47,21,98,45.5,2,11,0,8,104,0.7,7.5,4.4,Low
12,14,4.8,86,39,26,86,39.7,5,8,1,8,42,0.87,-1.4,2.2,Moderate
11,6,7.2,75,51,45,95,48.1,2,6,3,6,42,1.5,-1.5,0.8,Moderate
15,4,8.4,74,43,43,51,35.4,3,7,0,11,11,1.43,-5.3,2.6,Low
6,11,8.2,82,22,70,126,49.4,7,5,2,16,67,2.33,4.5,0.0,Moderate
22,7,8.7,78,75,61,156,45.9,2,10,0,6,63,2.03,-1.9,1.9,Moderate
7,1,6.5,73,49,19,79,30.0,2,6,2,11,51,0.63,-13.4,0.8,Low
4,20,6.0,67,46,81,106,47.7,3,5,0,3,52,2.7,-1.0,1.2,Low
3,4,7.0,88,32,25,33,61.3,3,4,1,5,44,0.83,8.1,0.0,Moderate
0,3,6.1,90,43,11,147,45.1,3,5,1,2,30,0.37,-8.1,0.0,Low
19,7,4.3,66,36,8,98,47.6,2,8,1,10,56,0.27,-3.7,2.7,High
18,16,7.4,74,31,57,121,39.6,8,2,0,6,8,1.9,-2.7,0.0,High
13,0,6.1,85,55,132,68,67.4,7,5,1,1,23,4.4,8.9,2.1,High
4,15,4.6,65,44,18,81,66.2,2,5,2,11,38,0.6,7.5,0.0,High
21,3,5.8,82,65,7,96,61.6,2,8,0,2,65,0.23,7.1,4.4,High
7,10,6.1,74,46,53,133,64.9,5,9,0,10,27,1.77,7.8,2.5,Moderate
8,5,6.4,65,54,15,28,38.1,3,10,0,8,92,0.5,0.7,2.6,Low
19,20,6.4,98,54,65,144,34.6,8,4,0,0,88,2.17,0.7,0.0,High
14,9,8.0,74,59,31,188,71.5,0,8,0,7,82,1.03,11.1,3.6,High
24,4,4.9,84,37,19,65,44.6,5,7,0,5,32,0.63,0.3,0.0,Moderate
11,7,6.2,66,68,32,73,38.5,4,6,1,0,72,1.07,-3.0,0.0,Low
7,9,5.3,95,31,94,161,50.2,7,8,2,10,54,3.13,4.1,2.4,High
6,10,7.9,99,53,7,259,35.9,1,2,0,7,56,0.23,-6.4,0.0,Low
0,11,5.7,61,30,67,32,48.4,1,4,0,8,23,2.23,-0.9,0.0,Low
8,8,6.0,76,50,71,81,38.6,5,3,0,4,71,2.37,-0.1,0.0,Low
17,1,7.7,93,68,26,21,54.2,2,10,2,9,18,0.87,5.7,1.2,High
13,7,8.0,73,62,55,32,38.1,1,9,1,4,180,1.83,-7.1,3.1,Low
10,12,8.2,83,71,45,117,35.3,3,3,2,12,58,1.5,-8.8,0.0,Moderate
3,5,4.4,60,47,71,76,37.5,2,2,0,9,19,2.37,-7.3,0.0,Low
11,12,7.0,69,68,32,111,49.0,7,8,3,4,23,1.07,0.8,0.0,Moderate
16,9,6.7,81,40,10,90,40.4,4,3,1,10,61,0.33,-2.5,0.0,Moderate
12,7,6.3,72,44,85,74,53.9,4,8,1,7,20,2.83,5.1,1.5,Moderate
11,15,6.5,74,54,20,148,45.7,4,11,0,10,2,0.67,-3.1,1.6,Moderate
4,0,7.9,61,67,25,170,51.5,7,3,1,2,46,0.83,-0.3,0.0,Low
15,5,7.6,85,42,29,68,37.5,4,8,1,0,73,0.97,-1.9,0.0,Low
0,16,7.5,63,65,78,34,44.5,1,5,3,7,27,2.6,-1.8,1.2,Moderate
12,19,6.6,95,56,119,99,45.7,5,11,1,4,32,3.97,4.6,5.8,High
26,21,9.1,70,58,27,30,38.7,2,1,1,9,29,0.9,-10.5,0.0,High
0,9,5.9,87,37,28,17,41.5,5,2,1,10,50,0.93,-6.9,0.0,Low
8,11,4.5,86,45,44,38,49.6,2,7,3,3,57,1.47,-4.6,0.7,Moderate
9,13,6.1,67,50,16,37,30.7,5,10,1,13,23,0.53,-0.2,0.8,Moderate
6,16,6.5,72,58,53,117,42.0,1,5,0,8,57,1.77,-12.0,0.0,Moderate
16,10,8.0,73,37,54,199,44.9,4,4,1,5,100,1.8,-1.6,0.0,Moderate
13,14,5.8,74,29,45,170,34.3,2,1,0,11,16,1.5,-6.8,0.0,Low
10,11,7.0,64,15,11,54,30.0,4,7,2,10,57,0.37,-8.8,1.6,Moderate
15,12,4.6,84,65,116,81,45.3,3,2,0,6,21,3.87,-9.9,0.0,Moderate
10,3,7.7,70,69,56,62,37.0,2,12,0,1,22,1.87,-4.4,5.0,Moderate
27,7,6.5,77,16,106,149,30.6,5,6,1,2,19,3.53,-6.3,0.0,High
10,5,6.1,89,53,13,97,38.5,2,6,1,7,91,0.43,-5.6,2.2,Moderate
11,2,9.0,84,45,18,125,48.2,4,5,1,10,59,0.6,-4.2,0.0,Moderate
0,0,7.7,71,74,21,38,49.5,6,3,0,0,68,0.7,2.4,0.0,Low
6,6,5.2,89,48,120,297,43.8,5,5,0,7,7,4.0,-3.4,1.0,Moderate
17,7,6.3,85,62,42,21,56.2,0,7,0,6,71,1.4,2.8,0.0,Moderate
1,9,9.5,70,44,36,31,52.0,6,9,2,11,9,1.2,6.1,3.3,Moderate
0,12,8.8,72,40,4,126,35.0,3,6,1,0,52,0.13,-4.1,1.7,Low
10,10,7.5,89,66,28,21,40.6,1,6,1,8,14,0.93,-5.4,1.0,Low
18,7,4.2,87,71,32,199,30.0,4,6,2,4,43,1.07,-8.2,1.8,High
10,3,8.0,61,29,46,167,58.1,3,4,1,8,106,1.53,2.1,0.0,Moderate
7,14,5.6,67,73,121,114,41.6,4,11,2,18,72,4.03,-3.3,5.9,Moderate
0,8,8.0,86,34,92,42,65.6,2,4,0,14,48,3.07,11.9,0.7,High
12,6,5.5,65,15,31,126,41.9,4,4,3,8,76,1.03,-3.7,0.0,Moderate
14,7,7.0,87,52,17,67,44.1,2,8,1,0,14,0.57,-0.2,0.0,Low
0,4,5.6,99,61,30,36,51.1,8,5,1,4,68,1.0,4.9,0.0,Low
17,5,6.0,82,25,40,68,61.9,9,11,2,12,26,1.33,16.5,1.6,High
14,5,7.1,68,16,55,66,63.4,3,7,0,5,84,1.83,9.2,2.8,High
17,7,4.8,80,43,2,72,46.0,2,3,0,2,49,0.07,1.3,0.0,Moderate
13,12,9.2,89,41,31,110,45.2,5,9,0,7,27,1.03,1.0,3.3,Moderate
14,11,5.2,79,77,32,52,40.6,2,6,1,6,6,1.07,-1.1,0.0,Moderate
13,17,5.1,83,52,30,60,62.7,2,10,0,12,28,1.0,9.3,3.8,High
15,16,7.2,69,65,120,71,52.0,3,4,4,3,70,4.0,-5.4,2.0,High
0,20,8.0,70,56,34,157,40.4,3,7,0,3,42,1.13,-1.7,0.0,Low
0,12,6.0,88,80,37,220,54.4,5,8,1,9,37,1.23,9.4,0.9,Low
5,12,5.1,70,36,111,35,52.0,3,3,1,8,65,3.7,0.8,0.0,Moderate
9,6,5.3,50,50,91,62,39.8,4,11,2,7,98,3.03,-3.0,7.5,High
12,13,5.2,75,24,83,92,41.3,3,6,2,8,39,2.77,0.4,3.2,Moderate
12,5,6.8,81,67,45,22,35.4,9,7,0,16,83,1.5,2.3,5.6,Moderate
17,0,6.3,90,72,27,64,56.3,2,1,1,4,31,0.9,-3.7,0.0,Moderate
17,17,6.9,96,68,17,119,41.1,9,3,2,5,63,0.57,-6.3,0.0,High
4,1,6.8,79,50,71,85,35.0,6,3,2,13,120,2.37,-4.7,0.6,Low
11,11,7.4,85,25,105,32,59.2,4,10,0,4,49,3.5,10.9,1.8,High
4,3,5.9,79,50,55,365,48.8,2,1,0,11,25,1.83,-9.1,0.0,Low
8,15,5.5,82,40,15,126,30.0,4,3,1,8,16,0.5,-5.2,0.0,Moderate
12,16,6.6,76,69,42,116,52.3,7,6,2,0,57,1.4,2.1,0.0,Moderate
0,12,6.3,82,44,81,49,30.0,2,7,1,4,6,2.7,-8.4,1.9,Low
25,16,6.7,70,44,18,181,38.6,5,8,0,7,2,0.6,-2.3,0.5,Moderate
13,9,5.5,100,91,19,85,49.9,5,7,2,0,35,0.63,5.1,0.0,Low
6,21,7.2,52,66,52,29,49.7,2,4,2,7,78,1.73,0.7,1.9,High
22,13,5.0,84,71,56,86,39.0,3,3,0,3,42,1.87,-8.0,0.0,High
7,3,5.9,82,43,51,107,33.9,6,11,1,3,11,1.7,4.4,3.6,Low
10,9,7.8,82,32,88,11,62.1,5,8,2,20,3,2.93,11.8,4.8,High
6,8,5.0,65,71,37,25,59.3,6,6,0,12,35,1.23,8.4,0.5,Moderate
20,7,7.7,60,79,25,98,43.3,3,4,2,11,146,0.83,-3.1,1.6,Moderate
9,0,4.7,85,29,68,53,45.4,7,6,0,1,18,2.27,1.3,4.7,Low
10,11,4.5,93,43,137,169,39.2,7,5,0,1,14,4.57,-3.2,1.6,High
17,0,4.6,80,36,26,94,43.2,5,5,1,9,37,0.87,2.5,0.4,High
13,0,6.5,87,61,61,82,45.8,3,4,3,0,156,2.03,2.6,1.5,Moderate
9,7,7.3,73,72,95,71,52.6,5,9,1,3,34,3.17,8.2,7.5,High
17,4,8.0,82,45,47,155,30.6,6,4,1,3,41,1.57,-9.2,0.0,Low
26,4,7.9,91,45,15,109,49.4,3,5,0,5,43,0.5,-0.3,0.0,Moderate
12,0,7.4,75,17,48,104,59.7,3,9,0,11,58,1.6,7.1,1.7,Moderate
10,4,5.4,91,35,54,161,42.5,3,7,0,13,91,1.8,-4.4,0.1,Low
11,7,5.4,60,79,31,178,36.7,1,11,1,9,84,1.03,-5.2,5.0,High
18,5,7.3,71,61,31,28,55.6,4,1,0,2,49,1.03,-4.3,0.0,Moderate
6,11,8.1,84,69,12,342,35.8,4,6,0,2,136,0.4,-5.2,3.0,Moderate
8,17,5.2,99,45,22,14,33.8,5,6,2,12,31,0.73,-5.8,2.9,High
0,11,8.0,78,47,24,86,30.0,3,8,0,10,91,0.8,-11.8,1.5,Low
2,14,4.1,67,52,19,30,50.1,2,6,1,11,34,0.63,3.7,0.0,Low
6,15,6.9,99,58,35,122,34.2,1,7,1,2,58,1.17,-11.2,0.0,Moderate
9,3,6.3,77,77,74,133,30.3,3,9,1,5,21,2.47,-3.2,6.1,Low
21,11,6.2,85,40,23,30,46.9,6,4,1,12,63,0.77,0.2,0.0,Moderate
13,14,6.4,74,50,100,151,35.9,6,9,1,10,111,3.33,0.3,8.0,High
4,6,5.4,80,38,52,5,51.0,1,4,1,10,54,1.73,0.0,1.6,Moderate
5,4,6.9,72,17,167,124,50.2,2,6,1,9,40,5.57,-0.2,9.5,High
18,12,6.5,103,69,62,18,46.3,4,1,1,4,96,2.07,2.2,0.8,Moderate
17,0,7.5,91,83,10,172,38.5,2,2,1,9,83,0.33,-6.8,0.0,Moderate
10,2,8.3,97,66,89,64,52.9,7,4,1,8,25,2.97,4.4,0.0,Moderate
7,5,6.6,69,56,6,44,32.7,4,2,1,4,6,0.2,-8.2,0.0,Low
17,11,5.4,58,85,8,185,55.9,1,5,2,4,106,0.27,7.3,0.0,Moderate
3,10,5.0,75,60,74,124,43.4,3,9,0,7,20,2.47,-2.5,6.3,Moderate
12,14,8.4,106,66,126,64,44.7,3,5,4,7,2,4.2,-1.2,0.0,High
24,3,8.3,74,55,127,84,48.9,0,7,0,5,3,4.23,-0.6,2.3,Moderate
11,3,7.5,90,57,48,194,57.2,4,12,2,7,27,1.6,11.2,7.0,High
4,12,6.5,67,50,30,63,48.3,7,7,1,5,29,1.0,4.1,0.0,Moderate
12,4,7.4,69,67,36,29,41.5,2,6,0,8,62,1.2,-2.7,2.2,Moderate
6,5,8.0,77,32,37,88,50.9,4,3,3,8,102,1.23,4.4,0.0,Moderate
0,0,5.7,101,60,41,55,55.8,4,7,1,8,156,1.37,2.9,1.9,Low
14,10,6.4,90,37,21,107,54.9,4,9,1,0,16,0.7,3.9,4.7,High
17,17,5.1,55,61,40,103,47.6,9,4,3,3,14,1.33,1.5,0.0,High
7,3,6.2,85,95,26,78,47.8,3,7,2,3,42,0.87,-1.2,0.0,Low
7,14,8.3,65,65,19,42,49.3,6,2,0,1,46,0.63,-1.5,0.0,Low
3,8,7.7,71,73,102,71,53.4,4,7,1,13,69,3.4,4.7,1.8,Moderate
9,0,6.6,84,68,55,96,44.5,2,5,0,8,64,1.83,-6.9,0.0,Low
6,3,3.2,93,15,55,48,47.3,3,7,1,4,72,1.83,5.3,3.4,Low
3,3,5.6,93,50,42,63,47.1,1,1,1,4,6,1.4,-3.0,0.1,Moderate
22,7,6.5,82,60,21,134,33.2,7,6,1,0,10,0.7,-3.2,0.0,Moderate
13,11,6.1,82,15,39,52,40.2,1,8,0,0,98,1.3,1.0,3.4,Low
13,19,6.4,93,47,124,57,54.9,4,7,0,8,21,4.13,2.4,3.8,High
15,0,6.7,61,51,55,45,63.6,2,5,0,17,49,1.83,5.7,0.7,Low
15,6,5.8,98,30,35,59,46.6,5,1,0,10,75,1.17,1.8,0.0,Low
7,3,6.4,70,35,50,28,44.8,4,10,1,7,46,1.67,4.2,3.7,Moderate
11,1,6.2,81,76,30,80,41.0,3,3,0,4,144,1.0,-5.7,0.0,Low
8,9,5.6,73,15,29,59,30.0,7,9,2,6,41,0.97,-1.6,1.8,Low
12,9,8.6,65,57,77,101,59.9,5,4,0,0,66,2.57,13.0,2.3,High
12,0,5.8,83,73,42,79,38.9,3,3,2,6,21,1.4,-9.1,0.0,Low
7,9,3.7,81,52,57,62,31.0,3,5,1,6,86,1.9,-3.8,1.5,Moderate
1,2,8.5,77,77,41,138,48.7,5,1,0,1,37,1.37,-0.8,0.0,Low
10,9,5.4,76,44,66,200,45.9,4,2,2,0,27,2.2,-4.9,0.0,Moderate
8,16,7.5,95,36,28,59,65.2,4,9,0,9,18,0.93,16.4,1.7,Moderate
0,11,5.6,102,52,32,124,50.4,2,9,1,1,5,1.07,6.9,1.8,Moderate
13,10,7.1,92,45,116,68,60.3,3,3,1,15,13,3.87,7.2,0.0,High
16,5,6.3,81,42,8,43,52.5,6,4,1,0,60,0.27,5.4,0.0,Moderate
26,9,7.6,60,49,64,101,40.6,6,1,0,10,14,2.13,-3.0,0.0,High
7,12,6.1,85,38,45,96,68.6,3,5,2,0,126,1.5,10.8,0.0,High
6,11,5.6,85,37,33,111,60.7,7,4,1,8,73,1.1,8.3,0.0,High
2,8,6.7,86,32,22,82,51.2,0,10,0,4,80,0.73,4.5,1.2,Moderate
11,10,5.9,65,59,86,73,56.1,4,6,1,5,55,2.87,4.5,5.1,Moderate
11,1,4.1,87,34,126,72,49.2,4,6,0,8,47,4.2,1.0,0.0,Moderate
4,4,5.7,95,30,32,131,48.1,2,7,2,3,78,1.07,1.5,2.0,Moderate
8,13,9.5,67,33,60,100,50.5,4,4,1,10,96,2.0,2.8,0.0,Low
0,13,4.2,86,56,59,93,65.0,1,8,3,9,8,1.97,1.5,2.8,High
16,9,6.7,69,64,62,84,57.2,6,7,3,3,44,2.07,10.6,2.6,Moderate
4,17,6.1,77,66,14,52,46.0,6,7,0,1,67,0.47,3.2,0.0,Moderate
9,11,8.6,68,56,80,81,48.1,2,7,0,6,11,2.67,0.0,0.9,Moderate
0,7,5.1,74,62,10,137,31.9,5,12,0,8,69,0.33,0.7,3.8,Moderate
6,1,6.5,74,51,58,53,47.3,3,1,1,3,27,1.93,-5.0,0.0,Low
8,17,7.2,83,60,92,46,51.7,4,2,0,7,44,3.07,-0.0,0.0,Moderate
9,13,6.2,88,60,27,28,49.8,2,5,2,10,88,0.9,-6.1,0.0,Low
13,19,5.5,91,39,44,124,47.9,3,9,1,8,28,1.47,3.3,1.5,High
19,21,6.4,71,33,67,240,40.1,8,6,2,5,106,2.23,-4.1,2.9,High
14,1,6.0,82,76,33,224,54.2,4,8,1,12,31,1.1,6.0,3.2,Moderate
16,1,6.0,66,54,20,18,55.2,2,6,1,4,27,0.67,8.9,0.0,Moderate
19,0,7.5,77,71,61,49,46.8,2,4,0,0,34,2.03,-3.3,0.0,Low
13,14,6.9,78,32,17,87,46.8,4,8,0,0,57,0.57,1.4,3.9,Low
9,12,7.1,68,45,7,146,45.8,5,5,2,5,51,0.23,-0.6,0.0,Low
16,9,6.8,84,27,43,18,48.9,2,9,0,5,53,1.43,-0.0,1.3,Moderate
16,1,7.6,76,64,33,32,50.8,4,2,0,5,36,1.1,-6.5,0.0,Low
14,8,8.0,80,41,62,62,31.1,7,10,1,4,57,2.07,-8.6,4.5,Moderate
0,10,6.1,91,42,45,45,41.8,1,8,1,5,19,1.5,-1.3,4.2,Low
4,13,7.4,73,87,139,46,34.5,6,5,2,2,35,4.63,-5.6,4.8,High
8,10,4.8,87,64,88,72,41.1,1,2,0,9,30,2.93,-0.8,0.0,Moderate
15,12,3.7,94,64,49,102,57.0,4,4,0,6,167,1.63,3.0,0.9,High
9,8,8.6,93,30,81,42,37.1,5,5,0,11,35,2.7,-1.7,1.1,High
17,15,6.0,76,19,97,83,31.6,3,9,0,8,61,3.23,-3.7,2.7,High
18,12,6.7,67,69,97,83,34.0,4,5,0,4,19,3.23,-4.2,0.5,High
17,2,4.9,70,15,18,67,48.4,4,8,1,5,19,0.6,1.1,0.0,Moderate
17,17,4.9,61,43,22,31,52.4,3,4,2,7,127,0.73,3.6,0.0,High
3,16,5.5,86,37,108,33,46.2,3,5,0,2,39,3.6,-2.9,0.0,Moderate
13,11,7.2,86,35,44,56,30.0,5,6,2,8,68,1.47,-4.7,0.0,Moderate
6,10,5.8,79,44,46,64,39.6,3,14,1,9,15,1.53,3.3,8.0,Low
0,18,6.0,63,33,57,143,60.7,5,10,1,0,32,1.9,13.5,5.3,High
8,0,5.5,74,30,37,148,46.9,3,8,0,3,180,1.23,0.4,0.9,Low
18,16,7.8,93,57,115,100,30.0,4,7,0,9,37,3.83,-5.0,4.3,High
12,6,7.4,85,71,52,5,38.6,4,10,0,8,78,1.73,-4.3,3.8,Moderate
23,15,5.8,87,21,76,24,30.0,3,1,3,6,40,2.53,-13.3,0.0,High
11,9,7.2,114,56,31,130,41.6,2,1,1,7,12,1.03,-6.9,0.0,Moderate
25,1,6.1,82,62,35,38,47.0,6,7,1,6,97,1.17,-3.7,1.1,Moderate
11,6,6.0,54,60,21,104,44.5,3,5,0,12,38,0.7,-4.3,3.4,Low
10,14,6.3,66,48,69,35,42.5,1,4,0,1,17,2.3,-7.0,0.9,Low
1,7,7.2,81,41,39,93,64.8,5,8,2,11,3,1.3,11.0,4.1,Moderate
17,5,5.3,78,66,70,105,48.0,5,1,0,8,32,2.33,3.6,0.0,Moderate
6,5,7.0,76,58,65,65,42.8,4,9,0,12,37,2.17,-3.4,2.6,Moderate
5,12,9.4,76,18,19,58,53.0,5,10,1,9,99,0.63,9.2,1.4,High
18,19,6.6,69,48,36,61,53.0,1,3,0,8,113,1.2,5.4,0.0,High
17,0,6.4,82,53,18,115,49.7,6,11,1,6,17,0.6,7.7,3.5,Moderate
17,21,6.3,93,32,20,77,70.7,8,9,2,6,79,0.67,22.1,0.0,High
7,10,7.0,97,48,16,24,39.3,2,5,1,13,30,0.53,-6.1,1.8,Moderate
9,12,4.5,97,61,22,63,57.4,6,5,0,1,22,0.73,4.5,0.0,Moderate
9,6,8.4,67,37,26,120,56.5,2,6,3,3,21,0.87,3.5,0.8,Moderate
15,8,7.6,78,56,159,147,32.9,3,7,1,10,30,5.3,-5.3,8.3,Moderate
20,10,5.6,75,34,33,138,50.9,5,7,2,9,78,1.1,3.1,1.5,High
12,2,6.4,85,30,72,70,37.4,6,12,0,15,67,2.4,3.3,3.4,High
22,4,5.7,77,63,59,32,46.7,4,4,0,4,94,1.97,-2.1,0.0,Moderate
15,15,6.8,76,73,51,70,57.2,1,6,2,7,114,1.7,1.0,1.6,Moderate
8,0,6.5,94,31,78,196,47.3,4,7,1,12,8,2.6,0.1,2.6,Moderate
15,11,6.7,79,69,49,33,30.0,1,1,0,9,24,1.63,-15.0,0.0,Moderate
21,6,5.2,79,52,21,19,53.1,3,8,1,12,21,0.7,2.4,4.5,High
22,3,5.8,83,15,56,41,31.9,4,5,0,4,34,1.87,-3.0,0.0,Moderate
17,20,7.8,85,26,65,117,41.7,5,7,1,9,64,2.17,1.0,7.4,High
10,3,5.8,86,63,17,49,57.1,6,5,0,1,25,0.57,3.2,0.6,Low
8,2,3.2,95,23,48,117,35.5,2,9,2,12,87,1.6,-3.1,4.8,High
13,7,6.2,64,41,76,239,50.5,3,1,0,8,115,2.53,-1.5,0.0,High
20,4,9.3,82,51,41,90,39.5,7,1,1,9,37,1.37,-6.2,0.0,Moderate
12,9,7.4,77,60,129,34,30.0,3,9,0,5,40,4.3,-7.1,5.7,Moderate
12,9,5.7,75,55,27,125,39.4,5,5,1,8,34,0.9,-2.4,0.0,Moderate
10,10,6.3,86,80,34,296,40.0,6,9,1,12,42,1.13,1.1,4.7,High
7,8,7.2,92,37,57,41,34.4,0,16,0,3,112,1.9,-0.2,7.9,Low
8,4,4.3,71,54,28,32,46.2,4,5,1,13,49,0.93,2.8,0.6,Moderate
10,12,5.4,97,60,28,112,46.7,5,5,1,8,31,0.93,-3.6,0.0,Low
21,8,6.9,62,65,92,83,42.1,9,7,1,4,18,3.07,2.6,1.2,Moderate
8,6,8.3,84,71,34,130,42.4,4,1,0,4,81,1.13,-1.4,0.0,Low
10,17,5.9,68,44,76,323,52.1,4,5,1,9,27,2.53,1.2,1.7,Moderate
4,8,8.3,71,64,19,24,33.6,2,8,0,5,25,0.63,-4.6,1.5,Moderate
14,15,5.5,79,35,33,78,56.9,2,5,2,10,78,1.1,3.3,0.3,High
18,16,3.0,74,51,32,18,40.3,3,6,0,8,91,1.07,-3.7,1.5,Moderate
20,16,7.3,50,61,34,40,42.8,4,1,2,13,114,1.13,-2.4,0.6,Moderate
11,13,7.0,85,70,19,10,37.5,4,8,0,9,39,0.63,-5.6,6.5,High
13,8,7.3,87,62,31,96,35.3,1,10,1,11,34,1.03,-5.9,3.2,Moderate
9,8,7.2,76,54,41,53,55.2,6,1,0,7,5,1.37,2.8,0.0,Moderate
13,7,6.6,75,51,9,77,38.5,3,7,1,1,75,0.3,2.8,0.7,Moderate
12,0,6.1,74,62,27,83,50.7,3,9,0,6,31,0.9,2.5,2.1,Moderate
10,13,6.1,59,91,57,66,49.7,3,6,3,1,55,1.9,0.7,3.6,Low
10,10,5.8,58,67,24,27,43.7,5,7,0,7,60,0.8,1.0,1.0,Low
12,13,5.9,87,59,47,35,56.1,4,10,0,9,50,1.57,10.8,2.4,High
8,8,4.2,90,27,23,55,46.9,8,12,1,4,22,0.77,12.4,6.4,Moderate
8,12,4.9,85,37,38,47,30.0,6,7,0,3,30,1.27,-5.7,1.6,Low
21,1,6.2,82,46,7,141,40.2,7,2,0,12,27,0.23,-3.0,0.0,Moderate
27,2,3.7,87,68,56,35,71.1,5,5,2,0,54,1.87,14.8,1.6,High
2,0,4.0,86,35,28,17,46.4,6,6,1,13,42,0.93,3.2,0.0,Moderate
1,8,6.0,69,64,71,97,45.3,4,2,1,10,53,2.37,-1.3,0.0,Low
3,4,6.2,80,54,36,95,55.2,2,8,0,0,34,1.2,0.9,4.4,Low
9,3,6.0,75,58,30,52,59.2,6,3,2,0,32,1.0,9.5,0.0,Moderate
15,10,3.5,75,48,25,55,37.5,5,12,2,2,35,0.83,6.6,7.3,High
13,6,8.3,91,41,28,109,46.2,2,2,1,4,15,0.93,-5.9,0.0,Low
11,0,4.7,95,34,27,33,46.0,2,13,0,6,69,0.9,2.1,7.1,High
13,21,5.4,52,63,22,82,32.8,4,3,0,5,109,0.73,-9.8,0.0,Moderate
5,8,4.9,75,51,24,85,44.1,1,1,3,9,44,0.8,-10.9,0.0,Low
8,2,8.0,75,33,123,96,48.0,4,10,1,3,83,4.1,2.5,3.6,Moderate
9,5,6.9,91,56,36,124,44.2,3,3,2,7,6,1.2,-4.5,0.0,Low
0,7,5.8,62,110,9,48,64.4,5,7,0,5,88,0.3,13.9,0.0,Moderate
2,7,5.7,50,48,9,99,53.1,5,7,1,7,36,0.3,0.8,0.0,Low
2,16,6.6,87,82,125,79,49.1,4,2,0,9,29,4.17,-3.2,0.0,Low
14,8,4.9,89,15,35,32,46.3,1,1,0,7,36,1.17,-4.3,0.0,Moderate
11,19,6.9,58,47,16,152,52.9,5,5,3,10,24,0.53,1.9,4.0,High
13,6,5.7,77,69,76,66,43.9,4,8,0,10,15,2.53,-0.5,3.1,Moderate
0,11,7.0,95,52,24,64,31.8,4,5,0,1,36,0.8,-7.1,0.4,Low
0,14,7.0,66,40,40,76,34.8,5,6,1,9,46,1.33,-4.7,0.0,Low
14,15,5.7,79,52,44,83,48.3,3,8,1,4,9,1.47,2.2,2.4,Moderate
0,16,3.9,84,70,17,138,57.7,3,1,0,9,96,0.57,3.2,0.0,High
17,7,6.1,62,91,25,89,42.0,3,4,0,9,10,0.83,-1.5,0.0,Low
0,8,4.7,72,71,62,122,54.3,6,10,0,4,18,2.07,8.2,3.8,Low
15,0,6.5,59,43,92,50,50.2,5,4,0,7,15,3.07,4.0,2.3,Low
4,7,6.1,76,48,66,29,56.7,7,6,0,7,27,2.2,3.8,0.0,Low
16,15,5.7,69,48,49,44,35.8,5,4,0,10,94,1.63,-7.1,0.0,Moderate
27,14,4.8,80,36,29,61,35.5,3,5,0,9,84,0.97,-3.6,1.9,High
0,8,7.8,85,49,54,39,62.2,3,6,2,10,41,1.8,8.4,0.2,Moderate
14,18,5.9,93,47,60,82,30.2,6,2,1,8,57,2.0,-9.6,0.0,High
0,6,9.2,104,30,91,118,49.5,2,11,1,0,14,3.03,0.7,5.4,Low
12,4,6.4,80,67,39,95,60.5,1,8,1,10,30,1.3,9.7,3.3,Moderate
8,6,6.8,75,60,152,143,49.9,0,10,1,8,11,5.07,8.2,5.5,Moderate
10,2,6.4,74,40,72,53,59.0,6,6,0,16,126,2.4,10.0,0.8,Moderate
4,12,6.8,67,55,36,139,58.3,7,1,0,10,26,1.2,10.4,0.0,High
15,10,7.7,83,35,81,108,53.6,3,5,2,11,65,2.7,-3.3,0.0,High
0,12,7.7,73,42,30,77,49.4,4,7,1,11,39,1.0,2.6,0.8,Low
18,6,4.3,84,64,24,30,35.7,6,8,2,8,22,0.8,-5.8,0.0,High
7,8,7.4,68,60,9,74,32.9,1,6,0,4,156,0.3,-5.4,2.3,Low
0,0,7.0,73,43,122,73,44.0,8,2,1,8,54,4.07,2.7,2.3,Low
20,11,6.4,83,58,30,220,30.0,2,9,1,9,25,1.0,-4.6,4.5,High
9,9,8.5,77,51,60,91,51.5,4,6,0,5,38,2.0,-0.7,3.1,Moderate
22,2,8.5,57,34,73,24,68.0,4,5,1,0,22,2.43,10.8,0.5,High
17,8,7.5,78,49,30,133,46.4,4,6,2,3,57,1.0,0.2,0.6,Moderate
4,7,5.7,69,60,33,87,49.4,5,7,1,6,5,1.1,-0.0,0.8,Low
9,19,5.0,91,58,9,116,35.0,5,6,1,16,22,0.3,-5.6,1.9,High
10,2,7.3,89,22,18,103,44.8,2,8,2,5,43,0.6,-2.5,4.7,Low
19,10,8.0,53,55,12,134,46.6,4,8,1,17,90,0.4,-1.2,0.0,Moderate
12,2,4.0,87,52,141,144,43.8,6,8,0,7,24,4.7,-2.7,5.9,High
11,5,7.7,82,18,34,215,49.7,2,4,0,6,71,1.13,3.5,3.7,Moderate
8,10,6.1,62,37,24,135,39.9,4,4,0,6,15,0.8,-2.3,0.0,Low
9,7,4.2,88,61,29,56,47.1,4,5,0,10,90,0.97,3.3,1.9,Moderate
18,8,7.0,64,77,39,29,50.3,2,8,0,4,17,1.3,3.7,3.4,Moderate
10,10,7.5,91,22,21,33,58.7,3,3,1,7,40,0.7,4.0,0.0,Moderate
7,6,6.0,71,70,59,42,46.8,5,7,1,2,36,1.97,-3.2,4.1,Moderate
6,14,5.1,61,18,73,58,40.5,7,7,1,2,62,2.43,-0.5,4.5,High
6,7,8.5,101,77,35,37,44.7,3,8,0,10,33,1.17,-0.3,2.0,Low
0,8,5.6,61,48,25,71,50.2,7,7,0,0,34,0.83,-1.7,1.5,Low
5,11,7.8,69,39,30,42,37.6,5,7,1,4,11,1.0,2.8,1.0,Moderate
19,10,4.6,71,58,18,85,39.4,3,5,1,9,83,0.6,-5.6,2.1,Moderate
8,12,6.9,73,35,33,86,47.1,4,1,0,5,32,1.1,-1.9,0.0,Low
14,10,6.9,86,61,63,58,30.0,3,5,0,5,147,2.1,-9.0,0.0,Moderate
0,11,7.4,79,50,105,224,44.7,6,8,0,12,60,3.5,4.6,3.5,Moderate
13,7,8.2,89,15,49,120,41.9,6,10,1,11,88,1.63,-0.0,7.9,Moderate
8,2,5.4,82,37,62,94,51.2,6,6,2,12,89,2.07,9.3,2.8,Moderate
6,0,7.0,60,55,35,168,37.9,4,11,1,4,62,1.17,1.5,4.6,Moderate
11,0,4.8,84,71,78,70,41.9,5,7,0,10,34,2.6,4.7,4.2,Moderate
6,19,4.7,81,58,22,99,45.6,3,5,0,7,75,0.73,-2.5,0.0,Moderate
0,0,5.7,71,71,14,155,39.5,3,6,0,0,88,0.47,-3.3,0.0,Low
15,15,6.9,101,36,34,278,36.9,5,6,1,4,133,1.13,-3.4,2.1,High
11,4,8.4,85,65,53,39,39.9,7,12,0,16,43,1.77,0.7,1.0,Moderate
7,15,8.6,88,65,13,42,30.0,7,6,2,4,31,0.43,-0.3,2.4,Moderate
3,0,6.0,89,23,117,179,36.8,3,6,1,11,32,3.9,-5.8,2.0,Low
0,7,6.8,73,72,19,89,51.3,5,4,2,9,15,0.63,3.7,0.0,Low
11,17,7.5,85,58,28,73,31.9,5,9,2,2,38,0.93,1.2,0.4,Moderate
20,13,7.3,81,47,53,92,36.0,4,2,0,14,46,1.77,-7.1,0.0,High
11,7,6.2,72,47,48,187,43.2,4,2,0,9,21,1.6,-6.9,0.8,Low
1,0,6.5,65,33,80,121,52.1,4,2,3,6,24,2.67,1.4,0.0,Low
11,1,6.3,78,63,64,93,34.3,3,2,4,13,60,2.13,-6.4,0.9,Low
9,17,6.1,84,57,19,41,39.8,2,7,0,1,69,0.63,-3.0,2.6,Moderate
15,6,6.0,78,62,29,75,58.0,4,6,0,5,44,0.97,5.2,0.0,Moderate
13,8,6.3,76,53,56,113,47.2,4,2,0,11,5,1.87,-2.7,0.0,Low
0,10,5.9,78,56,35,85,51.8,6,6,1,10,86,1.17,-1.6,0.0,Moderate
13,1,5.0,75,47,19,227,36.2,1,7,0,10,33,0.63,-4.0,0.0,High
3,11,7.4,95,71,7,100,40.0,3,6,1,9,41,0.23,-0.1,2.2,Low
0,6,7.0,81,63,92,72,54.9,4,1,1,7,111,3.07,7.1,0.0,Moderate
8,10,8.7,73,55,28,130,48.9,9,9,1,3,45,0.93,9.6,2.6,Moderate
12,5,6.8,58,50,56,239,51.1,0,8,0,4,60,1.87,-2.0,0.9,Low
0,0,5.9,76,20,20,173,52.1,6,6,1,10,48,0.67,1.5,0.0,Moderate
14,6,5.6,72,16,50,25,53.5,1,10,0,3,58,1.67,5.1,7.1,Moderate
14,12,6.5,71,45,8,105,42.3,12,9,1,1,20,0.27,16.8,3.6,High
10,11,7.1,88,75,20,118,36.0,4,1,1,12,32,0.67,-3.8,0.0,Moderate
4,9,6.1,79,39,31,188,39.5,5,9,1,20,66,1.03,3.7,1.8,Low
3,14,4.6,59,40,22,37,42.0,8,4,1,6,52,0.73,-4.3,0.0,Low
16,7,5.5,85,34,25,114,30.0,6,2,1,3,31,0.83,-9.3,0.0,Moderate
0,9,6.4,61,29,65,38,50.1,4,7,0,14,66,2.17,3.8,0.3,Low
16,6,7.3,86,36,28,16,53.7,4,3,0,5,87,0.93,-0.2,0.0,Moderate
8,14,4.6,73,57,17,52,46.8,5,9,0,7,114,0.57,0.5,1.5,High
9,10,6.7,79,43,28,108,39.8,2,7,1,0,13,0.93,-1.5,0.5,Moderate
0,5,6.7,78,42,6,179,46.7,6,10,0,0,53,0.2,1.4,0.8,Low
9,0,5.9,76,41,32,50,30.5,5,5,0,8,55,1.07,-9.2,0.6,Moderate
13,15,5.7,80,56,30,50,30.0,3,9,0,5,108,1.0,-3.1,2.2,Low
1,4,5.5,79,59,32,95,61.1,6,5,2,3,42,1.07,8.8,0.2,Moderate
13,9,6.6,99,18,12,96,30.0,4,9,1,9,52,0.4,-4.6,1.3,Moderate
10,21,7.8,80,38,45,84,53.2,2,7,0,6,3,1.5,1.7,1.3,Low
5,13,7.8,81,50,34,33,58.2,2,5,1,6,113,1.13,5.4,0.0,Low
15,18,5.1,70,60,90,45,45.5,3,11,1,11,31,3.0,4.8,3.9,High
0,5,6.2,82,54,69,202,45.1,3,3,2,6,31,2.3,-0.5,0.0,Low
12,15,3.8,67,67,20,156,47.3,2,6,0,3,29,0.67,-1.4,1.8,High
20,9,6.5,91,27,20,67,30.0,5,8,1,10,7,0.67,0.6,4.0,Moderate
19,11,7.1,62,59,70,108,40.0,4,8,1,7,16,2.33,-2.2,4.4,Moderate
12,20,8.3,69,89,18,118,58.5,4,3,1,4,11,0.6,2.0,0.0,Moderate
8,7,4.3,60,53,19,82,46.8,2,2,0,10,61,0.63,0.4,0.0,Moderate
5,9,5.1,83,54,47,17,44.3,1,4,1,2,45,1.57,1.3,0.3,Low
8,3,6.6,73,61,24,119,46.3,1,6,0,6,57,0.8,-7.7,0.0,Low
13,14,4.5,86,42,47,19,39.4,5,4,1,6,43,1.57,-1.7,0.0,Moderate
4,5,6.6,67,35,9,38,34.6,2,6,0,14,36,0.3,-5.7,0.5,Low
14,14,7.1,84,53,28,154,54.1,5,10,1,13,10,0.93,7.7,1.3,High
23,0,4.9,84,22,75,54,37.3,6,7,3,6,9,2.5,0.5,3.0,High
9,12,6.6,80,59,19,70,65.7,2,6,0,12,27,0.63,6.5,0.0,Moderate
1,5,4.9,78,62,25,34,43.0,1,8,2,7,51,0.83,-3.6,1.6,Low
1,13,8.1,80,23,31,34,49.0,7,4,2,10,86,1.03,4.0,0.0,High
15,8,6.6,68,55,26,123,60.7,2,4,2,5,48,0.87,2.5,0.0,Moderate
9,5,5.6,66,48,9,93,49.9,3,4,1,12,141,0.3,-3.0,0.0,Low
15,6,4.9,84,79,71,92,33.2,2,6,1,14,62,2.37,-8.1,4.9,Low
6,4,6.9,74,76,33,124,40.4,2,10,0,6,18,1.1,-5.3,5.1,Low
15,13,8.0,83,67,50,43,30.2,1,9,1,10,37,1.67,-10.3,4.2,Moderate
8,2,5.5,95,74,78,66,43.8,9,9,1,15,5,2.6,7.4,1.3,Moderate
5,7,5.9,73,45,25,42,36.3,4,2,3,13,6,0.83,-10.7,0.0,Low
7,11,5.5,71,57,45,54,43.6,6,4,1,6,159,1.5,-0.7,0.0,Low
2,18,8.3,74,47,2,46,58.1,3,10,1,2,76,0.07,7.2,3.2,Moderate
22,8,4.1,78,34,4,110,61.0,4,6,0,13,18,0.13,13.6,0.0,High
9,7,7.9,85,53,36,180,30.0,4,3,1,4,108,1.2,-9.7,0.7,Low
14,10,5.9,78,51,11,41,30.0,5,9,1,5,44,0.37,-4.7,2.1,Low
6,0,6.3,101,48,51,122,46.3,3,1,0,7,51,1.7,-4.5,1.5,Moderate
3,2,6.0,83,51,57,170,43.7,4,7,0,3,46,1.9,0.0,2.9,Low
8,6,6.7,87,53,22,48,33.4,2,2,1,15,84,0.73,-13.7,0.0,Moderate
17,4,5.5,78,68,55,62,43.4,3,8,0,7,138,1.83,4.6,1.6,Low
6,0,7.7,89,41,29,77,45.2,5,6,1,4,139,0.97,1.6,0.0,Low
4,13,7.7,76,29,87,167,42.4,7,8,1,13,36,2.9,3.0,2.1,Moderate
11,10,5.2,71,64,13,151,56.6,6,4,0,6,26,0.43,4.2,0.6,Moderate
13,9,7.2,88,67,33,5,55.1,5,1,1,4,29,1.1,1.4,0.0,Low
20,4,6.0,77,58,43,69,44.2,5,4,1,5,34,1.43,-4.0,0.0,Low
12,9,6.5,81,32,63,95,56.7,3,2,1,8,27,2.1,5.1,0.0,High
14,11,8.2,89,50,60,105,53.5,4,6,5,11,33,2.0,1.3,0.0,High
14,7,5.6,80,57,27,110,46.4,4,5,2,16,12,0.9,0.7,0.0,Moderate
2,11,7.5,76,33,30,101,30.0,8,10,0,12,7,1.0,1.4,2.7,Moderate
3,4,6.9,72,38,19,170,32.4,4,3,1,8,86,0.63,-3.9,0.0,Moderate
2,9,6.2,90,49,81,42,41.6,5,4,1,12,20,2.7,-0.5,1.2,Moderate
1,15,6.8,74,73,103,94,49.6,5,4,0,11,71,3.43,4.3,2.9,Moderate
15,16,6.7,77,56,7,111,33.2,6,8,1,8,88,0.23,-3.1,3.5,Moderate
11,16,5.0,81,42,70,55,55.2,5,7,2,4,71,2.33,1.6,1.3,High
10,10,5.7,81,48,57,73,58.5,4,1,0,6,83,1.9,2.0,0.0,Low
0,9,5.1,89,40,3,13,49.5,3,13,1,8,46,0.1,6.6,6.9,Moderate
23,6,6.1,77,45,66,47,49.9,5,9,0,9,39,2.2,4.8,2.0,High
4,0,8.0,93,65,90,25,52.0,6,5,2,9,36,3.0,5.3,2.7,Moderate
23,1,7.1,75,17,62,81,49.0,5,1,0,0,89,2.07,-1.9,0.5,Moderate
0,8,4.7,82,76,18,62,46.0,4,6,1,8,66,0.6,3.7,1.7,Low
4,8,6.1,76,91,115,70,44.1,1,5,2,12,72,3.83,-7.5,2.5,Moderate
0,17,6.7,101,55,72,122,53.7,8,5,1,11,89,2.4,8.6,2.3,Moderate
12,16,7.3,74,37,19,48,53.4,2,8,0,2,9,0.63,6.1,0.4,Moderate
2,5,5.6,75,73,52,138,32.8,5,8,0,9,45,1.73,0.7,4.3,Low
3,13,4.9,79,57,50,118,45.1,4,12,2,9,86,1.67,2.9,3.3,Moderate
1,6,6.3,75,43,13,62,49.9,6,2,2,7,83,0.43,1.7,2.5,Low
15,12,7.1,81,35,40,68,32.0,6,9,0,7,16,1.33,-0.0,0.0,Low
14,13,6.7,92,45,48,147,51.1,6,3,0,10,15,1.6,-2.1,0.5,Moderate
21,16,5.3,80,55,26,59,43.8,2,8,0,0,45,0.87,-5.1,4.3,Moderate
5,6,8.5,80,68,96,80,63.1,4,6,0,9,53,3.2,8.5,0.0,Moderate
11,14,6.3,75,57,32,66,52.1,6,8,0,7,27,1.07,8.2,1.5,Moderate
1,0,6.6,72,60,55,164,46.4,3,9,0,10,41,1.83,-1.9,3.0,Low
7,16,5.6,79,46,39,96,49.6,2,2,0,6,37,1.3,-0.9,0.0,Low
6,8,7.7,78,67,21,91,46.6,7,2,2,6,23,0.7,-4.5,2.1,Low
13,8,7.1,91,48,45,128,31.5,2,7,2,6,64,1.5,-7.4,3.4,Low
16,0,6.8,67,85,36,35,45.0,4,1,1,3,85,1.2,-4.6,0.0,Moderate
16,6,5.0,94,40,114,79,30.6,4,8,3,5,63,3.8,1.4,3.9,High
4,16,7.7,76,59,70,98,42.7,2,7,0,7,72,2.33,-5.0,3.3,Moderate
16,6,7.3,80,91,10,39,46.8,4,1,0,8,12,0.33,-1.4,2.7,Moderate
9,13,7.6,66,71,21,153,34.4,4,8,1,1,49,0.7,-0.2,6.3,Moderate
7,9,6.4,84,65,18,99,44.8,0,8,0,1,47,0.6,-6.5,4.9,Moderate
5,15,6.3,67,57,3,76,58.9,3,3,0,9,61,0.1,2.2,0.0,Moderate
6,10,6.2,82,53,58,39,40.6,5,8,1,5,20,1.93,4.7,3.3,Moderate
21,3,9.1,81,49,51,54,37.0,1,5,0,9,15,1.7,-12.2,1.2,Low
11,9,5.7,74,42,15,43,55.5,5,1,0,4,68,0.5,2.5,0.0,Moderate
11,18,5.0,55,24,16,96,47.5,3,10,0,15,62,0.53,0.7,6.0,High
8,11,6.0,102,64,6,187,45.3,4,6,1,10,47,0.2,-1.5,1.8,Moderate
25,8,5.8,66,24,20,73,50.4,8,11,0,12,47,0.67,5.4,4.9,High
18,21,7.9,81,64,49,168,47.1,6,3,1,6,34,1.63,5.1,0.0,High
5,15,4.8,70,46,122,156,38.6,5,6,1,6,48,4.07,-1.4,4.2,High
8,13,5.7,90,35,10,83,35.2,5,7,1,11,24,0.33,-5.6,0.1,Low
8,10,6.6,74,77,46,57,61.7,4,9,1,3,34,1.53,8.0,3.8,Moderate
10,13,7.9,70,26,134,46,49.8,6,4,0,8,48,4.47,-1.5,2.7,High
5,13,7.3,85,40,33,15,59.7,6,8,1,10,120,1.1,7.8,0.1,High
12,0,8.3,64,42,33,105,43.4,4,4,0,1,12,1.1,-1.6,0.0,Low
19,11,6.8,73,55,38,124,56.8,5,10,2,6,42,1.27,5.8,3.7,High
1,8,6.2,86,41,35,89,38.5,6,1,1,7,29,1.17,-8.8,0.0,Low
2,6,7.4,95,78,60,70,31.4,2,10,1,11,97,2.0,-4.3,7.3,Moderate
6,7,4.8,67,27,161,201,49.9,3,4,1,2,52,5.37,-1.5,1.4,High
7,0,4.3,71,110,21,115,54.0,7,2,1,5,41,0.7,6.3,0.0,Moderate
22,0,7.6,82,33,12,97,55.1,5,12,1,8,93,0.4,10.6,2.8,High
16,16,6.7,56,105,16,26,49.4,3,5,0,12,19,0.53,-0.4,1.8,Moderate
16,11,7.6,93,72,63,80,39.5,7,6,1,11,19,2.1,0.3,0.0,Moderate
8,0,5.4,67,50,43,72,49.1,3,8,1,11,151,1.43,2.1,0.0,Low
8,5,7.9,73,56,71,67,49.0,5,7,0,10,46,2.37,5.0,3.8,Moderate
0,14,7.2,81,45,7,109,45.0,1,8,0,5,38,0.23,-4.6,1.8,Moderate
15,7,6.4,79,58,32,79,41.5,2,7,0,2,47,1.07,-0.1,0.5,Low
13,16,6.6,67,39,59,210,35.5,4,4,0,4,75,1.97,-3.7,0.0,Moderate
18,15,6.8,97,65,7,71,47.5,4,7,0,9,38,0.23,1.1,0.0,High
8,1,5.4,50,55,46,80,47.8,2,13,1,0,36,1.53,5.8,6.2,Moderate
9,8,5.9,66,34,33,172,32.4,5,8,2,14,106,1.1,-1.6,1.8,Low
11,6,6.8,71,60,104,27,63.1,5,5,1,0,48,3.47,7.8,0.0,Moderate
15,0,5.9,68,59,11,34,32.7,2,5,4,3,14,0.37,-6.7,0.1,Low
0,0,4.6,91,39,75,34,39.5,4,6,0,7,32,2.5,-2.8,0.9,Low
14,4,6.8,60,44,26,151,47.9,3,3,2,5,52,0.87,-2.6,0.0,Low
9,5,7.4,95,61,7,85,49.1,2,10,0,4,14,0.23,3.8,4.5,Moderate
3,10,7.7,75,72,22,238,38.2,5,4,1,4,70,0.73,0.4,0.0,Low
0,15,7.0,63,49,69,104,37.1,3,7,3,8,21,2.3,-8.3,2.6,Moderate
9,11,7.4,55,69,65,79,44.6,3,14,0,12,33,2.17,7.9,9.1,High
19,13,7.6,76,73,54,23,45.3,5,4,1,3,133,1.8,-0.1,1.5,High
20,7,6.5,70,75,16,34,58.5,7,5,1,6,25,0.53,7.8,0.0,High
12,12,3.9,81,60,105,56,35.9,3,7,1,4,33,3.5,-2.8,4.3,Moderate
22,8,7.8,73,36,38,258,46.2,4,9,0,0,45,1.27,-0.1,3.3,High
9,6,5.3,89,68,32,80,44.1,2,3,0,2,20,1.07,-10.0,0.0,Low
16,20,5.0,76,49,38,162,49.0,6,8,0,3,11,1.27,-2.9,1.3,High
7,0,5.1,73,61,12,67,43.1,7,7,0,9,21,0.4,5.2,0.3,Moderate
6,0,9.4,89,41,7,14,55.1,2,2,0,1,44,0.23,0.0,0.0,Low
5,11,6.9,81,41,33,39,51.7,5,4,0,11,27,1.1,2.9,0.0,Low
0,7,5.2,87,39,5,76,57.4,2,10,0,10,22,0.17,10.3,0.5,Moderate
18,0,5.6,91,28,67,89,46.7,3,4,0,4,22,2.23,-1.2,2.0,Moderate
5,2,6.4,75,41,93,136,45.5,3,1,1,11,46,3.1,-1.2,0.0,Low
4,3,7.1,78,33,154,31,42.0,3,5,2,3,103,5.13,-5.3,4.2,Moderate
2,14,6.7,87,62,21,69,32.2,7,11,2,7,17,0.7,1.3,4.2,Moderate
8,16,5.3,51,33,65,71,49.0,1,1,1,8,30,2.17,-6.2,0.0,Low
21,18,6.8,77,40,3,27,49.6,6,6,0,16,61,0.1,3.9,1.3,High
23,0,5.7,76,52,62,29,50.6,2,7,0,8,75,2.07,-0.5,2.3,Moderate
0,1,7.7,82,85,34,35,42.0,4,6,0,6,45,1.13,1.7,3.8,Low
7,0,6.5,69,40,52,67,35.1,4,1,0,8,170,1.73,-9.7,0.0,Low
3,16,5.5,90,27,84,33,38.3,6,5,0,7,79,2.8,-5.7,0.0,High
16,11,7.2,70,28,28,79,47.6,7,4,1,11,92,0.93,4.0,0.0,Moderate
11,9,6.9,73,37,56,141,55.5,4,12,1,4,43,1.87,8.7,1.1,High
5,10,5.8,71,40,51,31,31.3,5,2,1,14,88,1.7,-5.1,0.0,Low
10,8,7.3,92,93,44,204,60.1,3,8,0,1,22,1.47,7.2,1.4,Moderate
6,2,7.2,55,69,19,68,30.0,3,2,0,12,18,0.63,-12.7,0.0,Low
20,11,7.8,98,46,15,130,62.1,4,8,0,13,40,0.5,13.1,4.4,High
13,7,7.3,94,85,28,78,36.2,1,5,0,0,44,0.93,-7.9,0.0,Low
14,2,6.1,72,41,67,51,58.7,1,4,0,11,111,2.23,1.8,0.0,Low
0,12,4.4,89,45,44,42,41.6,5,10,0,6,51,1.47,-2.8,3.1,Moderate
9,6,6.6,79,44,55,61,58.3,3,4,1,6,49,1.83,3.9,0.0,Low
23,10,6.8,96,70,52,54,30.0,5,1,1,8,20,1.73,-3.9,0.0,Low
18,8,6.5,88,51,147,77,50.9,4,3,1,6,23,4.9,3.0,3.2,High
0,14,3.0,102,79,63,27,54.8,2,6,1,1,77,2.1,2.2,0.6,Moderate
7,10,7.2,61,60,19,18,48.4,3,8,2,9,68,0.63,-0.3,2.8,Moderate
2,3,5.3,80,68,33,39,51.0,6,1,0,7,3,1.1,-3.6,2.8,Low
21,10,7.2,59,19,71,75,55.1,6,5,0,10,40,2.37,7.5,0.0,Moderate
11,11,8.4,72,21,6,29,47.4,4,2,2,9,31,0.2,-1.1,0.0,Low
5,11,6.1,103,22,37,163,41.6,3,1,2,7,73,1.23,-6.8,0.0,Moderate
10,15,6.9,83,44,27,59,34.0,8,11,2,8,91,0.9,2.4,7.9,High
0,5,6.4,89,24,17,125,54.2,4,6,0,5,89,0.57,8.2,1.1,Moderate
2,12,7.0,84,74,16,42,55.7,1,2,0,17,26,0.53,-1.3,0.0,Low
10,0,6.5,83,48,61,23,52.1,2,5,0,2,38,2.03,1.1,2.5,Low
15,8,5.8,72,63,67,5,52.7,4,3,1,7,13,2.23,5.6,0.0,High
0,7,5.3,70,43,28,53,48.1,3,3,0,10,49,0.93,8.0,0.0,Low
7,17,8.3,72,67,30,40,41.8,5,8,1,9,65,1.0,-3.1,0.9,Moderate
16,8,6.9,50,17,34,41,56.1,3,11,1,2,103,1.13,10.0,5.7,High
0,12,7.4,77,51,3,20,41.5,7,9,1,2,8,0.1,0.1,1.0,Low
11,0,6.9,81,61,116,69,47.0,7,2,0,4,9,3.87,-3.3,1.4,Moderate
10,6,7.6,71,63,58,71,50.9,3,4,2,1,15,1.93,0.3,0.0,Low
21,4,5.3,77,46,71,102,58.4,2,4,1,5,32,2.37,0.9,2.6,Moderate
8,21,6.5,84,21,28,66,30.0,12,7,1,12,59,0.93,2.4,3.1,Moderate
8,5,7.0,88,70,58,110,53.8,5,7,1,8,47,1.93,9.1,3.3,Low
15,9,8.0,65,45,13,258,41.9,1,3,2,15,46,0.43,-8.1,0.0,Moderate
1,9,9.5,69,47,56,102,50.5,4,7,0,3,41,1.87,6.5,0.7,Low
8,0,6.9,86,92,38,83,30.0,5,8,1,2,79,1.27,-4.6,4.1,Low
7,5,5.6,84,54,13,84,39.2,1,7,0,6,42,0.43,-6.5,0.0,Low
9,11,5.0,93,43,102,49,56.5,2,4,1,2,41,3.4,3.1,0.9,Moderate
15,9,5.3,92,42,60,40,56.5,6,8,2,8,44,2.0,9.6,2.3,High
13,0,5.5,105,64,156,58,44.2,3,8,0,12,29,5.2,-5.8,4.5,Moderate
5,5,3.0,75,37,18,40,61.3,3,6,0,7,56,0.6,4.5,1.5,Moderate
10,14,5.6,95,61,32,48,45.9,8,9,1,3,45,1.07,3.2,3.6,High
19,12,7.3,68,72,61,38,48.9,1,9,0,5,77,2.03,5.7,1.9,Moderate
4,16,6.5,104,50,5,60,38.5,6,13,1,4,54,0.17,-2.3,2.6,Moderate
10,3,6.1,83,70,45,57,41.8,3,7,1,12,54,1.5,-3.3,2.5,Low
8,16,4.5,84,51,61,65,49.7,6,7,0,8,25,2.03,5.9,3.2,Moderate
9,8,7.7,89,40,16,84,30.0,5,2,0,12,5,0.53,-0.4,0.0,Low
0,18,7.0,63,22,39,36,46.8,5,8,0,1,11,1.3,1.9,4.1,Moderate
19,9,6.4,66,57,22,47,49.9,4,5,1,17,19,0.73,1.4,0.0,Moderate
4,0,3.8,79,57,49,25,46.0,4,6,1,12,35,1.63,-2.7,3.7,Low
16,13,5.8,82,70,57,106,58.9,7,1,0,11,29,1.9,6.7,2.4,Moderate
5,6,6.9,101,68,38,226,41.6,7,3,2,7,51,1.27,-1.0,0.0,Moderate
5,6,6.4,68,89,66,83,43.8,4,5,1,11,70,2.2,-3.1,4.0,Low
17,0,6.6,95,42,13,106,42.3,4,2,0,2,43,0.43,-3.7,0.0,Moderate
16,18,7.2,75,58,68,34,43.2,1,8,1,8,48,2.27,-0.3,4.3,Moderate
11,5,6.6,75,40,116,180,44.5,7,7,1,8,47,3.87,-1.4,2.2,High
14,18,7.2,76,69,15,124,40.9,0,8,1,4,16,0.5,2.3,2.7,Moderate
8,6,5.4,75,35,14,15,56.1,6,6,1,6,89,0.47,7.7,0.0,Moderate
9,3,4.9,83,68,93,65,58.5,1,11,1,5,34,3.1,2.6,5.1,High
5,16,7.0,74,39,44,75,56.2,4,14,0,0,21,1.47,9.2,6.9,Moderate
15,8,7.2,62,66,62,76,52.4,9,5,0,2,13,2.07,4.0,0.0,Moderate
5,8,7.0,75,74,22,32,37.2,5,6,0,0,27,0.73,2.0,0.0,Low
19,1,6.6,83,24,27,38,45.2,2,6,1,9,96,0.9,1.0,1.3,Moderate
7,6,6.0,63,28,81,36,64.7,3,4,1,13,43,2.7,5.3,1.5,Moderate
10,11,6.7,84,56,30,100,44.0,5,1,2,13,49,1.0,-4.3,0.0,Moderate
14,1,6.9,91,54,24,73,49.5,3,5,3,5,52,0.8,1.3,0.0,Low
10,5,6.9,94,47,7,78,32.5,6,8,0,5,33,0.23,-5.2,4.0,Moderate
8,6,9.5,82,43,26,43,50.8,4,6,1,3,90,0.87,6.2,1.9,Low
9,9,5.3,58,37,14,36,39.9,4,4,1,7,57,0.47,-3.2,1.2,Low
15,17,9.5,85,58,17,14,43.6,6,10,0,12,44,0.57,5.4,1.3,Moderate
5,7,4.9,89,35,20,25,30.0,4,7,0,12,41,0.67,-4.4,0.0,Low
9,4,6.9,70,59,71,23,45.5,1,15,0,6,47,2.37,2.1,6.0,Moderate
10,21,5.0,77,42,7,246,54.0,6,8,0,11,28,0.23,10.0,0.4,High
15,6,6.8,83,44,41,14,54.4,3,8,0,3,40,1.37,5.8,0.7,High
9,7,7.6,98,74,28,85,42.4,4,5,1,4,8,0.93,-2.2,0.3,Moderate
21,6,6.4,75,69,47,108,52.9,4,8,2,9,20,1.57,3.6,5.7,Moderate
8,7,7.6,88,34,52,16,54.6,1,3,0,5,131,1.73,-2.7,0.0,Low
8,9,5.9,81,36,20,105,39.0,3,6,0,0,50,0.67,-2.5,1.0,Low
8,14,3.9,80,66,73,67,54.7,10,6,1,11,69,2.43,5.3,0.0,High
1,11,7.2,93,26,119,47,43.0,6,8,1,7,99,3.97,0.2,3.9,Moderate
3,15,6.4,69,78,13,212,34.0,3,7,1,11,85,0.43,-8.9,1.6,Moderate
6,15,5.8,81,54,59,14,39.7,5,7,0,0,21,1.97,3.8,3.2,Low
17,10,5.9,78,42,34,82,47.9,4,10,2,9,81,1.13,5.1,3.6,Moderate
9,11,6.9,61,52,38,132,32.4,3,11,1,10,29,1.27,0.7,4.3,High
6,15,5.4,92,76,74,66,30.0,5,11,0,11,144,2.47,-2.9,5.2,High
17,2,6.9,87,15,59,188,49.5,3,9,1,3,68,1.97,-1.1,3.0,Moderate
20,21,7.8,78,70,30,42,49.1,2,7,0,2,66,1.0,0.7,0.0,High
18,6,8.9,75,74,80,64,43.5,6,9,0,7,15,2.67,8.4,0.6,High
4,6,8.1,78,46,35,185,46.8,5,7,2,5,113,1.17,1.8,0.3,Low
6,1,6.6,86,51,20,364,51.8,2,9,0,14,8,0.67,4.1,3.1,Low
21,2,6.7,79,54,43,155,30.5,4,6,1,2,155,1.43,-5.6,2.7,Low
11,14,5.9,71,65,87,89,30.0,1,7,1,8,51,2.9,-8.2,2.4,Moderate
8,21,5.8,72,39,10,14,53.2,1,11,0,10,13,0.33,5.1,4.0,Moderate
14,5,7.4,78,52,55,46,49.3,4,9,2,10,31,1.83,5.8,3.5,Moderate
16,11,6.0,68,50,5,38,50.6,5,8,1,1,45,0.17,4.6,1.5,Moderate
6,10,6.8,82,64,62,12,38.4,3,6,0,3,27,2.07,-3.6,0.1,Moderate
11,14,5.2,69,100,49,159,47.6,3,6,2,9,62,1.63,-0.1,0.5,Moderate
16,21,8.0,68,39,99,99,55.4,8,3,3,4,33,3.3,9.3,3.4,High
2,17,6.0,113,53,12,62,47.7,3,6,1,11,8,0.4,-0.5,0.1,Low
10,7,7.7,99,38,45,90,41.2,3,7,1,15,40,1.5,-3.1,0.4,Low
2,12,5.6,80,43,20,73,47.9,4,7,2,5,50,0.67,0.7,0.0,Low
3,12,5.5,87,33,28,79,57.9,7,3,0,3,28,0.93,3.2,0.0,Low
6,8,8.0,89,24,111,128,47.3,4,11,1,12,95,3.7,3.4,7.3,High
13,2,5.6,77,73,47,26,35.7,5,5,1,11,30,1.57,-1.5,0.0,Moderate
7,4,4.5,81,58,55,69,61.3,1,2,1,5,20,1.83,-1.0,0.0,Low
5,15,5.2,75,54,28,18,43.1,3,4,2,3,5,0.93,-3.2,1.2,Moderate
10,16,7.4,92,36,37,81,39.6,2,3,2,2,63,1.23,-9.4,0.0,Low
2,7,7.3,92,51,75,136,40.2,3,4,0,17,34,2.5,-3.1,0.4,Low
12,10,5.5,95,31,99,90,50.3,7,7,1,13,21,3.3,6.5,3.7,High
17,15,5.6,81,52,38,47,40.4,4,9,2,7,39,1.27,1.7,0.0,Moderate
9,0,7.2,102,58,87,69,31.1,4,5,1,7,166,2.9,-7.1,1.5,Low
8,6,8.0,77,42,37,26,49.9,2,1,1,9,12,1.23,-5.7,1.3,Low
12,20,6.3,101,38,21,91,47.8,2,2,0,4,17,0.7,-1.1,0.0,High
0,10,7.1,73,43,44,23,46.7,3,7,0,0,34,1.47,0.3,3.1,Low
13,2,7.4,64,67,19,64,36.6,3,3,0,4,15,0.63,-4.8,0.0,Low
27,9,9.0,100,56,46,51,42.1,2,6,0,4,66,1.53,-6.8,2.0,High
9,14,5.0,85,23,13,90,49.8,4,2,3,6,39,0.43,-4.0,0.0,Low
9,0,5.6,84,65,60,68,46.8,2,6,2,5,45,2.0,-0.4,3.3,Low
14,10,5.8,74,62,14,66,48.7,4,5,1,8,65,0.47,1.4,0.0,Moderate
20,6,7.4,69,55,21,11,59.6,2,5,0,3,41,0.7,1.0,3.3,High
16,0,6.1,70,82,24,74,48.2,2,5,1,10,37,0.8,-2.2,2.2,Moderate
0,9,6.8,80,52,15,69,50.3,6,2,2,0,33,0.5,3.9,0.0,Low
13,8,6.5,76,60,36,58,37.5,3,9,1,7,15,1.2,-1.1,1.1,High
26,8,6.4,57,60,2,77,35.6,1,5,2,7,20,0.07,-10.3,0.1,Moderate
14,6,6.5,97,68,33,31,51.9,4,9,0,13,84,1.1,4.9,1.4,High
2,3,7.6,73,48,2,78,41.6,7,6,1,11,28,0.07,5.3,0.0,Low
11,0,5.2,92,40,47,77,30.1,8,8,1,1,87,1.57,-0.6,0.0,Low
1,4,6.2,70,70,13,27,50.3,8,5,0,4,22,0.43,3.9,0.0,Low
18,13,4.9,80,69,50,82,55.2,5,6,1,9,152,1.67,3.2,0.6,High
3,10,6.7,89,75,85,131,36.4,2,4,1,2,78,2.83,-7.7,1.7,Low
10,8,6.2,87,59,24,75,30.4,3,6,0,12,48,0.8,-7.4,3.3,Low
4,2,7.7,75,22,39,26,58.8,3,7,2,0,32,1.3,6.8,1.7,Low
6,6,6.4,84,55,11,104,57.6,1,2,0,13,55,0.37,6.9,0.0,High
19,13,5.9,85,53,50,25,55.1,3,7,2,11,48,1.67,2.6,5.5,High
10,11,6.1,76,74,58,36,38.5,5,8,1,6,28,1.93,-4.8,2.3,Moderate
6,6,8.5,66,71,10,27,43.3,5,11,1,9,26,0.33,6.8,3.0,Low
2,0,4.5,71,63,59,63,49.6,9,6,0,6,42,1.97,5.0,5.1,Low
0,5,5.6,74,15,132,187,54.0,4,5,2,5,69,4.4,3.5,4.4,Moderate
1,6,6.4,78,37,29,51,44.8,5,1,0,9,41,0.97,-0.5,0.0,Low
10,3,5.6,96,45,25,43,69.8,4,5,1,6,31,0.83,10.4,0.0,Moderate
16,6,7.0,88,46,73,262,51.4,4,8,0,7,40,2.43,6.6,5.4,High
6,13,6.3,69,55,24,57,47.2,4,5,0,3,53,0.8,5.0,0.6,High
20,8,6.7,98,79,12,37,44.6,4,1,3,0,149,0.4,-2.4,0.0,Moderate
5,14,6.5,77,66,34,27,48.1,1,5,1,5,40,1.13,-0.8,0.0,Low
8,0,6.3,85,35,64,63,49.5,3,6,0,6,45,2.13,5.8,4.3,Moderate
2,7,4.9,68,37,35,58,35.9,4,6,0,3,115,1.17,-5.4,0.0,Low
16,0,6.6,73,35,30,156,35.2,4,10,0,15,42,1.0,-5.7,1.9,Moderate
23,6,4.3,89,50,53,60,39.3,1,8,0,7,101,1.77,-3.5,2.8,Moderate
0,2,5.6,68,66,18,8,43.1,1,4,1,7,83,0.6,-3.7,0.0,Low
7,16,7.0,79,69,41,42,47.5,1,6,1,9,28,1.37,-9.3,0.0,Moderate
18,11,7.8,83,45,6,26,42.0,8,3,3,9,19,0.2,4.0,0.0,High
0,14,9.2,67,51,51,47,45.8,5,7,0,10,3,1.7,-1.1,1.7,Low
13,6,5.9,58,82,77,54,33.2,3,6,1,8,8,2.57,-6.4,4.7,Low
17,3,5.4,88,25,96,40,56.9,6,7,1,9,45,3.2,10.1,4.0,High
10,2,7.0,109,63,68,38,33.6,6,5,0,15,52,2.27,-4.9,0.0,Moderate
13,10,8.6,83,62,58,35,48.8,5,1,0,11,50,1.93,-4.0,0.0,Moderate
21,19,8.2,85,47,35,70,36.8,3,6,2,13,13,1.17,-4.3,2.3,High
22,11,5.2,68,52,60,60,49.6,6,7,1,3,37,2.0,11.0,0.0,High
9,6,6.2,94,60,38,55,60.0,2,10,1,1,53,1.27,3.5,3.0,Low
6,7,7.4,74,47,13,186,53.4,4,6,0,11,83,0.43,-0.4,0.5,Low
4,8,7.5,91,41,79,80,38.0,2,5,3,11,76,2.63,-8.6,4.5,Moderate
16,20,7.1,85,39,6,91,48.1,3,11,1,6,42,0.2,1.5,0.3,Moderate
1,16,5.9,85,86,26,72,42.8,2,5,0,8,27,0.87,-4.0,0.0,Low
8,10,7.1,85,44,20,23,34.1,4,4,2,1,37,0.67,-0.5,1.6,Low
10,9,7.5,84,56,39,10,54.9,6,6,1,9,36,1.3,7.5,3.5,Low
6,10,5.3,81,66,66,40,67.0,3,6,1,6,14,2.2,6.9,5.2,High
11,11,8.0,89,48,56,62,57.6,1,4,1,12,30,1.87,2.1,0.4,Low
26,6,7.6,70,53,8,73,35.0,5,3,1,5,26,0.27,-5.0,0.0,Moderate
9,4,5.5,75,61,13,33,64.7,6,6,1,5,16,0.43,16.2,4.1,High
7,14,7.5,94,37,58,126,40.4,9,1,1,7,87,1.93,-1.2,0.0,Moderate
16,9,7.4,80,24,143,29,42.3,4,5,1,5,60,4.77,-5.1,1.1,High
11,14,7.4,74,39,24,60,39.3,5,5,3,10,59,0.8,-0.7,2.8,High
19,18,8.3,89,83,12,83,47.4,2,6,0,8,36,0.4,-4.0,1.0,Moderate
11,12,6.4,87,42,28,77,30.0,4,6,2,8,56,0.93,-7.1,1.0,Moderate
8,11,6.8,64,54,11,251,37.2,6,5,0,5,68,0.37,-1.3,1.0,Moderate
0,21,3.2,86,28,32,96,56.5,9,5,0,13,106,1.07,10.2,0.0,High
0,10,7.7,80,76,39,73,69.3,6,7,1,8,24,1.3,15.2,1.8,Low
0,2,7.6,86,47,76,137,30.0,5,6,1,8,30,2.53,-4.3,3.0,Low
12,7,8.0,78,44,53,115,55.5,0,4,0,6,50,1.77,2.2,1.4,Moderate
1,17,5.3,83,50,64,23,35.1,1,6,1,9,60,2.13,-13.0,2.5,Low
18,1,7.6,58,97,32,58,41.8,1,11,1,8,26,1.07,-1.5,2.0,Low
10,4,7.6,68,60,112,108,34.6,4,6,1,5,8,3.73,-1.6,1.0,Moderate
8,15,5.6,86,49,11,89,55.0,5,7,1,4,75,0.37,1.7,3.1,Moderate
4,7,7.7,107,15,33,54,51.2,5,4,1,4,37,1.1,2.5,0.0,Moderate
14,8,7.0,82,76,32,149,47.1,4,5,0,11,22,1.07,-3.6,0.0,Moderate
4,15,4.4,70,39,21,212,53.0,3,4,0,7,45,0.7,2.2,0.0,Moderate
3,4,7.1,79,37,85,45,51.6,7,6,0,9,27,2.83,6.5,3.9,Low
17,0,5.5,68,38,2,257,35.8,2,8,1,11,20,0.07,-4.2,1.9,Moderate
12,0,4.4,92,78,15,117,49.0,1,6,1,0,60,0.5,-2.5,0.0,Low
8,12,6.8,79,51,39,79,40.3,4,9,0,11,3,1.3,-3.2,2.5,Moderate
14,10,6.3,90,25,29,127,39.2,6,6,1,3,45,0.97,2.1,0.0,High
10,4,8.1,76,48,34,30,50.6,3,3,1,17,30,1.13,-2.1,0.1,Moderate
12,2,6.6,91,37,17,118,58.0,5,6,1,3,60,0.57,6.6,0.0,Moderate
4,7,7.3,60,58,24,76,45.3,5,3,0,7,53,0.8,-0.5,2.4,Low
23,15,7.0,78,45,74,139,60.9,5,4,2,6,39,2.47,3.3,0.0,High
6,4,7.6,84,24,56,114,43.1,0,5,0,2,39,1.87,-5.2,0.0,Low
20,5,5.3,75,51,36,173,30.8,7,11,1,17,32,1.2,1.6,5.6,High
8,2,6.6,82,51,62,32,33.9,4,9,0,5,56,2.07,-2.2,4.5,Low
15,6,6.2,82,29,71,107,31.8,7,3,0,0,90,2.37,-6.6,0.0,Low
14,10,7.2,90,17,125,45,49.7,5,6,1,6,40,4.17,0.6,0.8,Moderate
17,21,6.7,85,57,60,104,63.4,5,9,2,4,48,2.0,10.0,0.1,High
4,10,5.7,82,47,69,86,56.5,3,7,1,8,128,2.3,2.0,1.5,Low
16,8,6.0,88,48,20,53,54.2,5,6,0,3,41,0.67,7.8,0.0,Moderate
22,14,8.4,63,65,50,48,60.8,4,1,0,12,23,1.67,4.9,0.0,High
8,13,4.4,70,17,38,23,52.2,3,3,1,12,22,1.27,4.4,0.0,Moderate
10,5,7.3,63,53,71,129,56.3,5,5,0,8,12,2.37,6.1,0.0,Moderate
6,21,7.9,84,64,68,94,47.0,8,9,1,19,34,2.27,7.7,2.5,High
7,8,7.1,83,49,67,65,38.1,4,10,2,3,23,2.23,-0.2,0.0,Low
21,10,8.8,93,27,82,88,34.9,3,4,0,2,49,2.73,-0.4,1.2,High
3,12,7.5,82,40,53,197,42.5,3,9,2,7,35,1.77,-0.5,5.0,Low
3,11,6.9,71,44,21,62,30.4,4,4,0,7,76,0.7,-7.3,0.5,Low
20,17,5.8,79,24,57,56,42.9,4,8,0,8,30,1.9,3.5,1.3,High
14,5,6.9,57,59,70,50,43.1,2,1,0,11,60,2.33,-3.9,0.0,Low
23,13,7.2,74,52,72,107,54.0,6,3,0,10,87,2.4,6.5,0.0,High
7,9,6.4,52,40,26,40,44.7,5,3,1,6,96,0.87,-5.0,0.0,Moderate
10,14,5.5,82,70,6,65,57.5,5,1,0,1,5,0.2,0.1,0.0,Low
5,7,5.0,75,43,93,45,41.9,3,7,3,3,122,3.1,-5.1,2.9,Moderate
10,6,6.6,77,79,24,96,37.0,3,3,2,0,33,0.8,-9.3,0.0,Low
0,13,4.6,68,47,33,77,62.3,8,3,2,13,50,1.1,8.7,0.0,Moderate
14,11,5.8,71,35,29,110,56.5,6,6,1,0,7,0.97,6.8,0.0,Low
12,4,3.5,86,35,43,20,47.3,4,2,1,8,47,1.43,-0.0,1.7,High
9,16,7.4,62,54,29,48,40.7,6,2,0,7,42,0.97,-8.0,0.0,Low
7,13,7.8,84,33,40,71,66.6,2,7,1,6,76,1.33,2.9,5.3,Moderate
4,8,6.5,69,55,19,107,46.4,5,7,0,9,34,0.63,7.2,1.7,Low
14,6,8.6,60,45,86,69,54.0,3,9,1,2,13,2.87,1.8,7.1,Moderate
2,11,8.0,91,44,55,70,59.6,5,9,0,1,56,1.83,12.5,4.8,Moderate
13,12,7.0,93,51,40,134,50.1,5,2,0,11,27,1.33,3.4,0.0,Moderate
23,0,6.3,72,70,4,49,35.7,7,6,3,2,58,0.13,2.3,0.8,Low
19,11,6.0,72,42,17,93,44.5,5,10,1,8,28,0.57,6.3,0.0,High
0,12,7.1,75,55,62,111,41.5,3,8,0,6,77,2.07,-1.2,3.2,Moderate
6,0,6.2,69,60,19,39,45.9,4,3,2,9,21,0.63,-3.9,1.4,Low
12,10,7.1,71,30,51,60,49.0,4,7,2,7,29,1.7,2.1,0.0,High
9,13,7.1,83,61,30,103,42.6,2,4,3,9,30,1.0,-6.6,0.0,Moderate
0,12,6.1,101,67,40,60,42.8,3,5,2,9,53,1.33,-0.5,1.7,Low
12,13,7.7,74,69,31,91,47.5,4,7,0,3,5,1.03,0.3,2.2,Low
9,7,6.1,89,32,33,60,32.5,4,7,0,9,13,1.1,0.2,1.7,Low
22,2,6.4,82,33,61,177,43.1,2,5,1,11,8,2.03,-4.1,2.3,Moderate
8,0,5.2,60,51,62,87,48.6,3,1,0,6,20,2.07,0.2,0.2,Moderate
17,15,6.1,78,50,43,41,47.7,5,5,1,8,64,1.43,1.0,0.6,High
1,13,9.0,76,52,63,78,39.2,2,6,1,4,69,2.1,-5.0,2.5,Moderate
3,15,5.3,94,46,12,52,41.5,7,1,0,10,19,0.4,-0.8,0.0,Low
14,4,6.9,95,55,37,76,32.5,3,5,1,7,56,1.23,-7.6,0.0,Low
17,13,5.9,82,15,27,137,39.0,5,4,1,7,41,0.9,-5.8,0.0,Moderate
3,0,3.7,91,64,26,55,30.0,2,5,0,0,80,0.87,-8.8,2.1,Low
10,3,7.1,76,78,24,60,43.8,2,4,2,8,79,0.8,-3.6,0.0,Low
1,9,5.7,90,42,79,16,50.1,6,1,1,10,24,2.63,-0.8,0.0,Low
8,12,6.8,79,56,16,80,39.4,5,4,2,13,94,0.53,-3.2,0.0,Moderate
15,18,7.6,90,82,24,57,30.0,1,4,1,1,11,0.8,-10.9,0.0,High
7,7,6.7,91,53,43,114,53.7,3,7,0,0,63,1.43,4.2,2.7,Low
8,3,6.8,86,57,25,33,47.9,1,2,1,10,73,0.83,-3.5,0.0,Low
2,3,5.4,70,85,25,103,38.1,7,6,0,13,7,0.83,0.9,1.5,Low
5,5,7.2,73,89,28,97,37.7,1,3,1,9,19,0.93,-11.6,0.0,Low
21,21,6.2,86,33,56,80,54.1,4,7,1,2,31,1.87,0.7,0.0,High
10,13,4.0,88,45,82,175,49.9,2,9,1,1,15,2.73,2.1,3.6,High
3,15,7.4,80,68,62,234,52.3,3,9,0,5,57,2.07,3.1,6.2,Moderate
7,7,7.8,75,61,119,141,32.4,5,12,0,14,23,3.97,0.6,10.2,Moderate
0,8,8.2,80,65,104,13,50.9,4,1,1,6,22,3.47,1.5,3.1,Moderate
3,13,9.0,75,15,8,42,36.5,7,4,3,13,109,0.27,-5.3,0.0,Low
18,6,7.3,75,17,80,29,33.2,4,9,0,0,7,2.67,-0.1,0.9,Moderate
9,7,7.0,100,84,102,36,45.7,0,3,0,11,27,3.4,-2.1,0.0,Low
22,5,7.7,73,66,54,146,50.3,3,10,0,5,102,1.8,6.1,1.2,Moderate
9,6,5.3,84,58,33,205,46.3,2,6,1,12,69,1.1,-0.6,0.0,Moderate
9,9,4.4,80,30,19,143,46.7,5,7,2,9,31,0.63,-2.3,0.7,Moderate
14,4,5.8,65,45,59,91,35.5,3,4,0,6,71,1.97,-6.5,0.0,Low
0,10,7.9,64,62,13,30,30.0,3,9,0,12,5,0.43,-5.7,1.0,Moderate
11,10,5.6,77,27,41,67,50.0,1,8,0,11,64,1.37,2.2,1.6,Low
9,7,7.0,57,39,169,118,48.2,4,7,0,8,9,5.63,3.1,5.7,Moderate
19,4,7.1,98,59,11,230,41.6,0,1,0,8,155,0.37,-8.1,0.0,Low
16,9,6.7,74,63,42,157,41.9,5,3,0,4,31,1.4,-4.5,0.0,Low
2,6,4.9,73,43,72,53,46.8,4,1,1,3,47,2.4,-1.9,0.0,High
18,9,6.8,91,70,46,58,42.2,2,9,1,5,98,1.53,1.4,1.2,High
8,15,5.9,76,69,59,64,52.3,1,9,1,2,148,1.97,6.2,0.0,Moderate
4,1,8.4,85,20,11,113,52.7,4,5,0,8,45,0.37,0.7,0.0,Low
11,21,7.8,72,81,117,37,45.2,5,6,1,11,109,3.9,3.6,0.0,High
8,8,5.9,78,73,45,71,43.9,3,5,0,3,36,1.5,-1.3,3.4,Low
20,11,8.5,89,56,14,93,48.4,1,10,2,8,16,0.47,1.2,2.4,High
12,4,6.8,69,50,69,110,30.0,10,6,1,5,38,2.3,-5.0,0.7,Low
11,15,4.4,84,66,115,78,45.4,5,4,1,6,66,3.83,1.8,1.9,High
15,8,6.3,51,62,31,69,31.5,5,6,2,6,71,1.03,-9.0,2.2,Low
17,6,8.4,92,47,36,116,49.8,3,6,0,9,125,1.2,-0.1,1.6,High
15,5,5.4,72,81,80,92,54.1,5,7,1,0,45,2.67,6.0,0.6,Moderate
19,7,6.3,77,15,67,133,30.0,3,3,1,9,37,2.23,-4.9,0.5,Moderate
13,11,4.8,77,40,21,53,52.1,4,3,1,3,47,0.7,1.9,0.0,Moderate
11,10,5.0,67,60,6,237,45.0,2,1,0,5,55,0.2,-8.4,0.0,Moderate
18,8,5.4,66,51,116,144,50.5,6,3,1,1,31,3.87,4.0,0.3,High
9,4,4.9,84,65,28,142,55.0,6,7,3,6,29,0.93,9.8,2.0,High
10,4,5.7,84,27,15,58,48.0,3,7,0,14,44,0.5,0.9,0.0,Moderate
21,6,8.5,68,47,22,36,47.3,4,9,2,3,68,0.73,7.6,2.7,Moderate
20,11,6.4,84,73,92,26,35.5,2,1,0,1,24,3.07,-9.5,0.0,Moderate
9,12,7.3,84,25,2,309,38.1,3,7,0,9,10,0.07,-7.4,1.4,Moderate
7,13,7.7,74,48,79,157,64.0,6,5,0,9,24,2.63,4.7,0.0,High
19,8,5.1,64,42,54,53,55.0,0,6,1,10,37,1.8,-0.8,5.2,Moderate
15,11,5.4,78,59,32,36,50.2,8,5,0,10,33,1.07,5.7,0.0,High
12,8,7.3,82,59,42,108,37.4,1,5,0,9,1,1.4,-5.7,0.0,Low
7,0,5.6,77,54,64,65,49.2,5,6,0,9,129,2.13,0.1,0.0,Low
12,7,7.2,71,47,29,118,42.1,5,9,1,3,55,0.97,1.6,3.1,Moderate
9,6,8.4,83,53,22,51,66.0,3,9,1,2,40,0.73,5.7,0.0,Low
5,2,4.7,92,49,62,86,58.5,6,2,1,4,50,2.07,2.1,0.0,Moderate
10,5,6.0,70,51,46,119,38.5,4,7,0,1,12,1.53,-3.0,0.5,Low
11,9,6.2,75,78,96,237,39.4,1,3,0,4,31,3.2,-9.4,4.3,High
7,2,5.8,108,30,91,5,44.0,7,6,0,4,38,3.03,-1.3,3.4,Low
15,4,5.7,81,58,32,97,57.6,3,6,2,15,14,1.07,5.0,0.0,High
18,17,5.8,64,35,38,45,55.9,4,8,1,11,35,1.27,6.7,2.7,High
16,0,6.4,73,87,88,5,30.0,2,2,0,5,72,2.93,-6.7,0.0,Moderate
8,7,6.6,70,54,72,69,49.8,4,7,2,14,69,2.4,-0.8,5.7,Moderate
14,2,7.5,82,29,55,86,56.5,7,6,0,5,75,1.83,4.5,0.0,High
10,4,6.4,81,48,81,108,44.1,3,9,0,3,16,2.7,4.2,2.9,Low
1,7,7.7,71,26,12,223,51.0,2,4,0,15,43,0.4,-1.0,0.0,Low
14,3,5.7,98,41,55,92,63.1,3,8,2,14,63,1.83,8.5,6.1,Moderate
10,12,5.0,79,63,20,166,58.6,5,3,1,11,94,0.67,4.6,0.0,High
26,16,6.0,73,77,69,122,50.4,6,3,0,9,124,2.3,5.1,0.6,High
19,13,7.0,65,71,54,60,49.1,4,6,0,10,58,1.8,3.4,3.1,High
14,14,7.4,68,50,79,85,45.7,5,3,1,7,180,2.63,-4.3,0.3,Moderate
11,0,8.2,64,62,93,172,51.0,2,7,1,13,61,3.1,2.6,3.1,Low
11,7,6.7,76,67,14,20,44.2,4,1,1,15,15,0.47,-8.3,0.0,Low
3,11,7.3,68,92,56,83,55.5,10,6,0,12,95,1.87,13.1,0.0,High
0,14,8.0,87,41,26,26,36.8,3,6,0,12,42,0.87,-3.9,1.7,Low
4,19,5.5,72,79,64,41,40.5,4,5,1,1,63,2.13,-4.7,0.2,Moderate
9,15,6.1,87,32,25,179,42.4,5,8,0,10,48,0.83,-0.3,3.8,Moderate
0,14,9.5,83,73,27,35,57.1,4,7,2,4,49,0.9,2.1,1.8,Moderate
6,21,7.4,85,41,44,19,53.2,3,5,1,1,20,1.47,2.0,0.0,Moderate
8,9,7.0,88,40,14,79,48.8,2,4,1,6,16,0.47,-4.5,0.0,Low
8,7,7.5,100,47,20,107,49.2,3,6,1,3,42,0.67,-2.0,0.0,Moderate
5,10,4.8,69,38,59,15,30.0,4,6,2,10,48,1.97,-4.6,0.0,Low
7,3,5.6,87,60,107,238,51.9,6,5,1,14,26,3.57,3.1,4.8,High
21,9,5.2,82,74,8,66,36.0,7,8,5,4,13,0.27,1.7,2.9,High
14,0,6.9,90,15,24,116,39.9,5,3,1,8,54,0.8,-0.8,0.0,Moderate
6,5,6.0,79,49,52,37,73.9,1,5,3,1,27,1.73,9.9,2.9,Low
9,8,6.5,91,32,10,114,50.3,0,11,0,11,101,0.33,1.1,1.7,Moderate
9,14,6.0,64,68,33,73,47.1,3,5,0,13,24,1.1,1.3,3.1,Moderate
5,15,4.4,67,78,48,91,43.8,3,4,0,5,41,1.6,-4.8,0.0,Low
5,3,7.5,72,49,40,127,57.0,1,5,0,8,21,1.33,1.5,0.0,Low
16,21,4.3,77,39,28,113,36.0,4,4,1,4,96,0.93,-2.1,0.0,High
7,9,5.5,79,23,12,31,40.7,4,5,0,4,55,0.4,-4.6,0.0,Low
2,10,4.8,70,87,151,25,56.2,2,8,1,8,90,5.03,5.8,2.9,Moderate
9,0,5.3,67,76,23,124,45.8,4,7,0,4,104,0.77,1.9,2.1,Low
10,5,6.6,71,16,67,63,49.3,2,1,1,8,29,2.23,-0.0,0.0,Low
0,15,7.9,59,64,60,87,40.3,8,10,1,9,65,2.0,2.9,6.4,Low
9,9,4.5,75,32,33,91,51.0,3,5,0,5,65,1.1,-2.0,0.7,High
15,9,5.7,77,43,29,149,41.0,2,4,1,13,16,0.97,-7.1,0.0,Moderate
12,10,4.3,83,30,13,67,31.3,5,7,1,9,130,0.43,-5.1,4.0,High
24,0,5.7,80,16,74,94,54.7,5,10,1,10,180,2.47,10.3,6.8,High
18,8,6.5,98,51,79,80,37.6,8,8,1,20,68,2.63,-6.0,1.8,Moderate
19,17,7.3,87,86,34,38,34.3,2,5,0,12,10,1.13,-4.8,2.5,Moderate
27,15,3.9,86,35,24,77,36.8,1,7,0,15,37,0.8,0.6,5.2,High
14,8,7.1,82,68,18,41,46.2,2,6,1,4,11,0.6,-1.7,0.0,Moderate
11,18,5.2,84,71,36,95,39.0,6,2,0,0,87,1.2,1.6,0.0,Moderate
16,1,4.9,76,65,21,93,62.4,3,4,0,2,41,0.7,8.7,0.0,Moderate
6,3,6.5,79,88,44,36,55.7,4,1,1,10,50,1.47,-2.6,0.0,Low
10,19,7.2,99,69,49,8,46.8,2,13,0,6,125,1.63,5.4,6.6,Moderate
5,12,6.3,77,84,49,76,37.4,5,4,0,9,78,1.63,-4.0,0.0,Low
12,7,5.1,63,31,19,87,54.4,7,7,1,1,36,0.63,6.5,3.3,High
5,8,6.3,86,65,20,55,48.6,5,8,1,10,14,0.67,7.2,2.2,Moderate
5,4,5.5,88,79,34,181,39.5,4,6,0,2,63,1.13,-0.1,3.2,Low
12,10,7.1,80,38,73,88,48.0,3,7,2,4,55,2.43,-2.2,1.9,High
9,10,7.7,57,15,49,46,47.7,5,4,0,8,27,1.63,1.2,0.0,Moderate
0,9,7.6,92,29,18,34,39.0,5,7,1,4,43,0.6,-6.8,0.0,Low
0,2,6.4,81,39,50,36,33.3,5,3,2,7,52,1.67,-5.3,0.0,Low
2,10,7.7,75,62,2,37,56.7,2,5,0,3,7,0.07,1.7,0.1,Low
4,5,5.2,91,42,63,24,52.4,4,8,0,10,8,2.1,2.0,2.8,Moderate
12,3,8.5,56,52,81,121,44.6,3,4,2,12,11,2.7,-5.4,4.4,Moderate
11,16,5.2,79,41,27,137,50.6,3,8,2,9,180,0.9,1.6,2.7,Moderate
16,21,4.0,72,50,41,168,53.9,6,3,3,12,33,1.37,5.5,1.5,High
14,20,8.0,94,51,20,21,42.2,5,11,0,0,22,0.67,3.0,4.6,High
16,12,5.5,81,41,16,166,43.0,8,10,2,8,7,0.53,5.7,2.0,High
13,7,6.5,68,67,72,66,61.6,4,6,0,7,67,2.4,12.2,0.5,Moderate
11,8,5.2,91,77,21,96,40.0,4,9,0,8,43,0.7,3.2,1.7,High
17,11,9.2,51,31,40,111,62.8,7,6,1,11,38,1.33,13.2,0.0,Moderate
15,6,8.6,84,56,56,73,75.0,2,3,1,5,82,1.87,8.7,1.5,Moderate
12,16,8.3,64,26,44,173,48.4,7,10,0,10,93,1.47,9.5,9.1,High
18,0,6.5,73,20,12,227,30.5,3,2,3,0,33,0.4,-8.5,3.5,High
0,7,7.6,75,71,35,137,45.1,2,5,0,10,29,1.17,1.1,0.0,Low
8,13,6.3,88,88,62,135,46.7,3,4,0,9,39,2.07,3.0,0.0,Low
8,4,7.7,102,46,35,159,45.3,5,9,1,11,9,1.17,9.4,1.2,Moderate
17,7,5.9,58,85,36,70,57.7,4,6,0,7,57,1.2,4.6,0.0,Moderate
20,12,8.3,83,40,68,39,41.6,1,5,0,2,96,2.27,-3.4,4.1,High
0,17,5.8,102,48,58,9,50.1,5,6,0,13,39,1.93,1.6,1.7,Moderate
19,1,6.0,72,82,27,87,49.6,1,11,1,5,66,0.9,-2.0,0.9,Low
2,1,5.8,71,36,94,56,49.9,5,9,2,11,51,3.13,3.8,4.9,Moderate
2,3,6.6,81,69,21,43,37.5,3,11,0,6,37,0.7,3.9,2.9,Low
8,0,5.9,87,46,26,14,54.4,2,4,1,5,15,0.87,1.2,0.0,Low
7,0,7.0,85,39,40,25,36.9,4,9,3,17,33,1.33,1.2,2.3,Moderate
0,3,5.8,74,43,56,166,49.5,1,4,0,10,55,1.87,-0.3,0.8,Low
14,16,7.3,69,15,85,147,50.5,5,1,0,7,13,2.83,-5.2,0.0,Moderate
14,7,8.2,92,75,27,204,37.0,6,4,0,13,15,0.9,-4.6,0.0,Low
16,9,6.5,69,56,41,19,36.3,5,5,3,3,44,1.37,-1.3,1.5,Moderate
7,3,9.1,57,49,94,54,42.8,3,2,1,10,98,3.13,-3.7,0.0,Moderate
9,12,7.8,62,40,71,49,56.0,2,12,1,8,61,2.37,8.8,5.4,High
9,19,9.0,72,58,51,108,49.8,5,2,0,11,41,1.7,-6.4,0.0,Moderate
20,3,6.3,94,68,44,45,55.4,6,6,0,2,21,1.47,4.1,0.4,Moderate
0,19,4.4,65,47,10,40,56.1,3,3,0,11,52,0.33,1.1,0.1,Low
3,11,5.6,95,69,56,42,52.7,4,8,0,4,16,1.87,10.1,4.5,Moderate
10,9,5.7,92,57,29,73,45.7,5,6,0,9,16,0.97,-2.2,1.2,Moderate
2,11,5.3,80,50,77,88,30.0,6,6,0,0,21,2.57,-2.9,3.1,Low
8,11,3.8,50,68,43,62,52.2,4,8,1,9,13,1.43,2.8,1.0,Moderate
9,19,7.6,65,43,13,52,67.1,8,3,1,15,106,0.43,14.7,0.0,High
5,12,4.2,71,29,18,163,39.3,6,9,2,4,7,0.6,0.3,0.4,Moderate
10,12,7.5,97,51,128,30,45.7,4,6,0,11,76,4.27,1.4,3.4,High
14,6,9.0,72,53,58,50,62.0,3,1,1,8,64,1.93,3.6,0.3,Moderate
8,13,5.5,69,48,26,95,50.8,4,3,2,7,13,0.87,-7.3,1.1,Moderate
7,3,6.9,80,73,45,74,50.2,7,12,0,11,45,1.5,8.0,7.0,Moderate
8,9,5.9,62,61,34,122,42.2,4,8,0,4,10,1.13,-1.2,4.4,Low
9,21,7.4,78,50,76,34,48.6,4,4,0,7,49,2.53,1.6,0.0,High
0,0,5.0,69,52,62,9,47.8,5,6,1,7,94,2.07,2.5,5.2,Low
13,10,6.2,108,53,168,62,49.7,2,8,0,6,21,5.6,2.7,6.1,High
7,10,7.7,68,61,49,143,35.7,4,8,0,7,27,1.63,-3.4,3.9,Moderate
18,7,6.3,99,53,16,134,67.7,4,12,0,4,26,0.53,18.9,4.6,High
13,7,4.4,65,49,7,99,46.2,4,7,0,3,66,0.23,6.5,0.0,Moderate
17,9,7.9,81,28,5,48,37.0,3,9,3,9,108,0.17,-4.5,5.0,Moderate
3,7,4.8,84,39,72,60,39.7,6,8,0,8,24,2.4,-2.8,0.9,Low
7,10,6.5,80,57,43,92,36.0,3,4,2,5,79,1.43,-5.8,0.0,Low
1,6,7.1,79,55,34,84,43.7,4,8,0,11,51,1.13,3.4,1.4,Low
5,20,6.5,87,25,19,129,43.1,2,6,2,5,102,0.63,-5.0,0.3,Moderate
18,7,9.4,83,42,37,10,54.9,4,4,1,5,56,1.23,-0.9,1.1,Moderate
19,12,7.3,76,35,62,75,34.5,2,8,0,9,104,2.07,-4.2,4.1,High
2,5,6.2,71,77,35,120,33.5,3,9,0,6,41,1.17,-2.5,0.0,Low
7,14,7.1,76,57,80,54,30.0,2,7,1,13,157,2.67,1.2,2.3,Low
9,13,6.7,76,60,110,46,49.3,6,12,0,12,61,3.67,11.3,4.8,High
13,11,6.5,76,51,45,43,52.1,6,8,0,10,8,1.5,8.2,1.2,Moderate
0,3,6.7,79,41,32,109,30.0,4,11,2,14,39,1.07,2.0,2.3,Low
0,4,5.9,62,44,30,61,49.8,3,5,0,12,10,1.0,8.4,0.0,Low
13,18,6.7,67,61,43,217,39.6,1,1,1,10,5,1.43,-8.9,0.0,Moderate
0,4,5.8,87,47,44,61,55.3,3,3,4,12,13,1.47,4.1,0.0,Low
7,12,4.1,53,61,49,9,63.3,3,7,1,12,35,1.63,5.1,0.0,Moderate
11,3,7.8,91,55,10,207,30.6,6,3,2,16,14,0.33,-4.9,0.0,Moderate
12,14,5.7,72,57,48,183,40.8,7,6,0,6,32,1.6,0.3,3.3,Low
9,5,6.6,96,58,47,21,55.3,3,7,0,7,43,1.57,4.1,1.2,Low
7,3,5.5,91,43,60,40,55.3,2,3,2,7,23,2.0,-0.2,0.9,Low
15,4,5.5,74,46,67,142,44.7,8,8,1,11,164,2.23,4.9,3.8,High
11,5,5.2,76,68,83,23,54.3,4,7,0,2,55,2.77,3.5,0.0,High
5,11,7.5,96,85,50,56,50.3,5,2,3,7,62,1.67,0.5,3.0,Moderate
10,9,7.8,92,69,67,38,54.8,4,6,0,10,45,2.23,8.1,3.9,High
12,2,6.4,89,15,51,137,55.5,7,12,2,2,38,1.7,8.2,5.2,Moderate
21,8,5.8,91,38,82,167,44.9,3,6,1,5,26,2.73,-1.2,1.1,High
15,2,4.4,66,54,38,159,53.5,3,2,1,5,23,1.27,4.8,0.2,Moderate
17,12,7.4,80,32,27,95,45.0,4,2,1,8,18,0.9,-3.0,0.0,Moderate
6,13,5.6,70,31,42,111,53.9,3,9,0,10,49,1.4,6.0,4.5,Moderate
6,8,5.1,66,44,95,212,39.3,2,5,0,0,34,3.17,-5.7,3.2,High
8,10,6.4,80,58,28,64,50.0,2,8,0,9,69,0.93,1.6,3.6,Low
9,19,6.0,73,63,93,77,49.8,8,4,0,5,14,3.1,8.0,0.0,High
3,8,4.6,76,45,52,19,54.5,4,5,1,0,126,1.73,2.8,0.0,High
18,3,4.7,72,44,71,14,45.0,4,8,2,0,56,2.37,1.1,0.8,Low
15,12,6.8,64,37,55,125,37.5,4,8,0,3,22,1.83,-4.7,2.1,High
8,2,5.6,97,61,44,289,45.3,2,8,3,4,51,1.47,-0.9,2.2,High
14,7,7.0,80,60,27,102,33.0,3,6,0,11,39,0.9,-6.8,0.0,Moderate
11,5,6.6,62,68,158,53,42.2,6,10,0,6,28,5.27,-1.0,5.3,Moderate
14,4,7.7,80,54,12,192,31.8,4,8,0,7,60,0.4,-3.5,5.0,Moderate
1,7,5.4,95,28,78,130,46.7,2,3,0,4,45,2.6,-3.2,0.4,Moderate
9,14,6.7,89,46,9,100,55.9,1,5,3,8,14,0.3,2.8,1.6,High
9,15,7.2,72,67,104,125,54.5,7,6,0,12,20,3.47,10.2,2.1,High
14,14,5.6,73,21,62,91,30.7,3,2,0,4,42,2.07,-9.0,0.0,Moderate
5,10,7.8,67,50,21,145,48.3,5,5,1,11,123,0.7,0.2,2.3,Moderate
0,7,4.4,70,57,23,28,68.6,2,10,0,9,11,0.77,11.5,4.0,Moderate
2,0,5.4,71,88,42,92,41.0,4,3,0,17,9,1.4,-4.4,0.0,Low
9,11,4.4,62,41,8,55,50.2,3,5,1,2,17,0.27,6.8,0.0,Moderate
10,0,5.5,73,50,82,10,56.9,3,5,1,10,51,2.73,3.9,0.0,Low
20,0,6.2,82,82,25,99,32.6,3,7,0,4,65,0.83,-6.4,2.1,Moderate
13,8,7.4,73,41,14,115,49.3,7,8,2,9,20,0.47,5.7,2.4,Moderate
10,10,6.2,80,71,73,173,54.6,4,5,3,10,20,2.43,0.2,3.2,High
9,6,5.7,96,59,7,46,43.0,5,9,0,5,45,0.23,0.8,2.8,Low
17,17,4.5,98,48,39,77,32.8,3,3,0,9,65,1.3,-5.7,0.0,Moderate
6,11,4.9,77,60,18,115,57.4,4,3,0,9,28,0.6,1.1,0.0,Low
9,7,6.8,88,49,54,53,30.0,3,12,0,9,35,1.8,1.0,4.1,Low
2,17,7.5,76,93,83,8,30.0,3,7,3,4,25,2.77,-5.8,0.6,Low
19,18,5.9,73,15,8,24,33.1,3,7,0,9,34,0.27,-10.9,2.4,Moderate
12,11,7.9,66,47,83,82,42.2,3,3,0,6,59,2.77,-3.0,3.9,High
5,4,5.3,79,47,35,86,31.8,6,7,0,5,50,1.17,-5.3,0.0,Low
9,5,5.9,90,50,16,52,35.1,6,2,0,2,76,0.53,0.3,1.1,Low
13,0,6.0,64,71,15,45,39.6,5,5,1,0,22,0.5,0.6,0.0,Moderate
8,8,8.2,75,44,35,55,57.9,5,3,1,1,34,1.17,5.1,0.0,High
6,2,6.6,74,61,7,43,50.1,6,5,2,5,57,0.23,3.8,0.7,Low
5,7,4.2,81,56,34,62,48.1,2,5,2,0,64,1.13,0.4,2.5,Moderate
12,10,7.5,81,67,37,218,60.9,0,8,0,4,34,1.23,10.3,2.5,Low
7,0,8.6,84,50,57,216,61.4,2,5,0,16,95,1.9,5.2,1.0,Low
7,1,6.1,99,58,78,83,37.5,4,5,1,9,31,2.6,-6.6,1.6,Moderate
1,6,5.3,68,50,60,33,36.9,7,6,1,12,25,2.0,0.7,4.2,Moderate
10,8,7.4,68,34,95,81,40.2,2,10,0,0,104,3.17,-1.9,5.8,Moderate
8,6,8.8,81,81,18,42,48.3,3,11,2,8,85,0.6,5.5,2.4,Moderate
7,7,7.4,94,38,52,65,58.7,4,3,1,7,99,1.73,5.6,0.0,Moderate
11,4,4.5,62,43,55,137,36.2,2,4,0,2,3,1.83,-1.2,0.0,Low
14,0,7.3,82,37,94,49,45.3,9,6,1,5,16,3.13,6.5,5.5,High
14,5,6.9,76,59,55,108,44.8,3,7,0,11,78,1.83,-2.5,1.9,Moderate
13,7,5.3,87,43,23,55,59.2,5,11,1,3,54,0.77,9.3,6.3,High
8,7,7.9,85,79,39,138,54.2,2,5,1,11,102,1.3,2.2,0.0,Moderate
6,9,6.9,79,62,52,76,36.4,1,7,0,2,12,1.73,-9.3,2.6,Moderate
3,11,8.0,83,47,11,138,53.5,4,7,2,10,36,0.37,5.5,2.2,Moderate
6,12,5.1,71,36,102,37,43.3,4,5,1,1,25,3.4,0.7,0.0,Moderate
10,5,6.9,87,50,40,118,48.5,2,6,0,7,105,1.33,3.2,4.0,Moderate
4,0,5.3,93,61,130,71,34.3,7,5,0,3,23,4.33,-6.5,4.8,Moderate
10,16,6.7,79,51,13,86,30.0,3,2,1,0,71,0.43,-5.6,1.2,Moderate
3,11,8.2,74,49,19,127,43.3,7,13,2,6,100,0.63,7.8,3.0,Low
0,3,4.7,76,34,56,60,36.9,3,10,0,13,27,1.87,2.1,8.2,Moderate
15,10,4.8,87,92,30,107,44.2,2,11,2,11,4,1.0,-4.2,3.6,Moderate
6,15,7.5,78,48,76,43,39.9,4,4,0,6,180,2.53,-3.4,0.0,Moderate
4,19,6.4,65,27,42,173,46.4,2,3,1,4,73,1.4,-0.7,1.0,Moderate
2,10,7.8,88,33,41,179,48.2,4,10,0,7,40,1.37,8.3,5.4,Moderate
12,15,5.4,67,46,40,79,52.7,3,3,0,7,15,1.33,4.4,0.0,Moderate
18,1,6.5,83,87,14,202,52.6,3,12,0,11,20,0.47,3.3,1.6,Moderate
7,8,7.2,57,49,43,156,58.0,5,6,1,4,36,1.43,5.8,0.0,Low
8,7,6.7,79,45,18,28,46.9,8,12,1,12,47,0.6,11.6,5.3,Moderate
16,10,4.3,77,67,134,80,34.6,5,1,0,0,82,4.47,-8.1,2.0,High
0,18,9.5,56,69,5,99,55.1,5,5,0,12,46,0.17,7.0,2.1,Moderate
22,10,6.7,82,64,47,61,48.6,2,10,1,0,80,1.57,4.5,5.9,Moderate
25,3,4.8,66,56,51,112,53.2,4,5,2,9,37,1.7,-5.0,0.0,High
0,1,6.8,79,32,57,77,53.6,7,6,0,9,4,1.9,8.9,4.4,Low
9,18,6.9,73,38,67,62,43.5,4,6,0,8,34,2.23,-3.3,1.5,Moderate
5,11,7.6,62,23,9,134,43.4,5,2,1,9,69,0.3,-0.4,0.0,Low
8,11,7.5,66,48,52,262,64.4,4,4,1,8,30,1.73,5.7,0.0,High
7,7,6.1,67,44,38,51,34.0,1,10,1,8,77,1.27,-4.4,6.0,Low
15,10,4.3,89,42,34,145,41.8,2,1,1,3,4,1.13,-6.7,0.0,High
9,3,7.0,87,57,73,12,53.9,2,5,0,12,36,2.43,5.3,2.8,Low
4,11,4.4,102,40,88,46,44.2,5,7,0,13,8,2.93,1.4,2.3,Low
8,2,7.9,72,46,12,39,40.8,1,4,0,6,22,0.4,-5.9,0.0,Low
13,6,5.5,72,43,40,19,53.4,6,7,0,8,48,1.33,8.5,0.0,Moderate
2,5,7.2,79,51,65,214,58.5,1,10,1,10,3,2.17,7.8,5.6,Low
0,0,5.6,74,59,43,130,47.6,6,8,1,11,96,1.43,6.5,3.8,Low
22,6,5.8,72,28,84,71,31.8,6,8,1,8,25,2.8,-3.4,0.3,High
5,3,5.4,79,60,22,26,47.1,3,4,1,5,23,0.73,3.2,0.0,Low
9,7,7.3,86,57,79,36,49.8,5,6,1,1,90,2.63,-0.1,0.0,Moderate
7,9,5.7,55,60,31,139,36.6,4,5,2,2,56,1.03,-0.6,1.7,Low
13,19,7.3,72,54,18,136,60.0,3,8,0,13,77,0.6,12.7,5.2,High
21,10,5.7,63,59,43,18,51.0,3,10,0,20,25,1.43,-1.7,4.8,Moderate
13,10,6.1,76,45,35,62,37.1,5,7,1,14,110,1.17,-4.4,0.6,Moderate
0,11,6.4,83,60,11,32,51.2,3,3,0,5,61,0.37,-3.7,0.0,Low
1,14,6.6,90,73,40,31,51.0,7,1,1,6,27,1.33,0.4,0.0,Low
7,11,5.3,73,43,71,55,40.4,3,7,0,2,26,2.37,-3.6,2.4,Moderate
8,10,7.2,79,44,91,65,34.4,4,8,2,0,60,3.03,-4.8,4.8,Moderate
0,13,6.1,59,63,64,108,43.4,2,3,0,13,53,2.13,-1.9,0.0,Moderate
15,0,7.1,69,42,21,97,40.2,7,6,1,10,4,0.7,-0.2,0.6,Low
2,21,6.4,80,39,50,47,48.4,4,2,1,6,43,1.67,0.8,1.4,Low
19,18,7.1,63,60,10,95,43.5,2,7,1,1,26,0.33,0.7,3.3,Low
21,10,5.9,92,44,59,250,50.6,6,1,1,6,67,1.97,2.1,0.2,High
8,0,5.5,84,74,56,33,48.2,6,8,0,7,23,1.87,7.3,0.0,Low
12,16,6.9,68,44,21,159,53.0,0,4,1,3,29,0.7,-2.7,0.0,Low
1,4,5.8,62,37,30,42,51.5,7,7,1,10,8,1.0,3.2,1.6,Low
14,12,8.2,70,52,47,63,55.3,4,6,0,13,80,1.57,6.3,3.7,High
6,1,6.5,68,60,55,45,38.0,2,9,0,4,30,1.83,5.7,3.2,Low
2,21,4.8,65,58,73,35,55.7,6,9,2,8,87,2.43,13.2,3.2,High
8,0,5.7,63,62,9,17,63.9,6,5,1,10,98,0.3,9.6,3.0,Moderate
6,9,5.2,75,42,9,87,57.3,1,11,0,0,18,0.3,8.4,4.8,Moderate
7,0,7.7,86,72,48,41,32.4,3,7,1,1,31,1.6,-8.2,0.6,Low
16,8,7.3,70,22,63,57,61.2,1,1,1,12,39,2.1,2.7,0.0,High
4,6,6.3,83,38,32,71,53.1,6,4,0,6,59,1.07,2.8,0.5,Low
21,15,6.7,74,53,29,49,55.4,4,2,0,11,5,0.97,5.6,0.0,High
1,6,6.3,85,39,18,10,38.6,6,3,1,12,180,0.6,-6.1,0.0,Low
20,15,7.4,69,46,66,187,32.7,4,5,0,9,91,2.2,-1.0,0.9,Moderate
3,3,7.0,81,34,45,40,59.5,2,4,1,5,38,1.5,-0.3,0.1,Low
9,7,7.2,79,48,54,71,41.6,3,6,3,10,15,1.8,2.0,4.0,Moderate
6,7,6.2,93,60,34,40,38.4,6,4,2,16,124,1.13,-4.0,0.0,Low
7,11,5.6,84,42,30,37,31.6,5,11,2,13,19,1.0,-0.9,4.3,Moderate
15,11,7.2,81,36,38,91,30.1,2,7,2,5,49,1.27,-7.3,2.3,Moderate
19,13,8.3,62,44,36,60,46.0,4,1,1,1,19,1.2,-0.9,0.0,Low
17,10,7.7,72,72,87,44,54.3,2,8,0,10,103,2.9,0.2,5.8,High
7,12,8.3,69,72,16,86,48.7,4,6,0,11,44,0.53,-0.8,0.0,Low
11,3,6.6,69,43,67,61,44.7,0,1,0,4,34,2.23,-6.1,0.0,Low
4,11,5.2,78,61,25,73,58.3,3,4,1,11,90,0.83,0.3,1.8,Low
3,18,5.3,81,52,29,27,59.6,3,6,0,5,23,0.97,2.1,4.3,Moderate
2,0,8.1,81,75,48,34,37.6,4,6,4,4,45,1.6,-1.2,0.2,Moderate
7,11,4.2,92,55,62,73,47.7,2,2,0,8,40,2.07,-3.7,0.0,Moderate
11,12,8.2,83,48,34,99,47.2,5,9,1,3,52,1.13,7.3,2.1,Moderate
0,17,5.5,64,81,15,59,43.2,5,7,0,6,27,0.5,-3.4,2.9,Moderate
9,13,8.7,80,35,108,47,50.2,4,8,1,5,135,3.6,2.4,3.9,High
19,9,6.3,84,58,10,95,59.4,2,6,3,9,64,0.33,5.4,3.5,High
17,11,7.3,92,77,16,35,30.0,8,5,1,4,117,0.53,-1.6,1.2,High
6,4,9.3,76,64,94,261,48.1,2,8,0,4,23,3.13,-2.9,6.2,Low
0,6,6.0,76,38,79,49,47.3,4,6,4,3,20,2.63,2.2,2.5,Low
12,1,6.0,90,37,99,271,43.8,9,8,2,11,90,3.3,3.0,0.8,Moderate
0,17,5.6,80,27,25,28,52.9,10,7,0,3,23,0.83,14.0,0.0,Moderate
17,11,5.2,60,79,20,122,43.6,3,6,2,10,16,0.67,0.3,1.6,High
8,3,6.0,58,32,72,58,39.4,5,10,0,7,5,2.4,3.3,6.5,Moderate
21,10,5.7,98,65,15,55,53.2,2,9,0,7,45,0.5,5.6,1.7,Moderate
0,15,4.9,59,26,20,132,34.6,7,9,0,4,28,0.67,-0.2,0.7,Low
15,14,6.1,76,98,11,68,39.7,7,4,1,6,15,0.37,-1.7,0.0,Moderate
9,3,6.9,88,28,24,132,38.4,3,1,1,5,21,0.8,-11.2,0.0,Low
7,0,5.3,59,53,18,146,61.3,1,5,1,12,116,0.6,3.8,0.4,Moderate
1,11,6.2,66,74,13,219,47.3,3,5,1,7,15,0.43,1.3,0.0,Low
13,3,8.1,64,39,41,52,33.5,4,11,1,7,5,1.37,-3.8,0.0,Low
14,12,4.7,98,62,28,58,48.3,4,1,1,8,103,0.93,-8.1,0.0,High
21,14,8.7,100,47,53,71,35.9,2,12,1,11,46,1.77,-3.2,3.2,Moderate
16,15,5.6,70,59,15,157,48.6,6,8,1,8,14,0.5,12.9,4.4,High
6,19,6.6,84,71,23,93,33.9,5,8,1,8,11,0.77,-3.6,1.5,Low
3,16,7.9,81,44,9,56,32.2,5,11,1,7,39,0.3,-1.5,0.6,Moderate
1,19,8.3,75,79,28,21,52.4,1,11,0,9,40,0.93,6.5,5.0,Moderate
19,16,7.0,60,58,71,58,40.3,4,8,2,1,43,2.37,-2.5,2.1,Moderate
4,17,5.6,103,87,63,31,57.3,7,7,0,6,93,2.1,8.8,4.0,High
19,8,5.5,58,37,35,156,30.0,6,8,0,7,118,1.17,-2.1,3.9,Moderate
13,1,5.7,80,40,130,74,51.2,6,7,2,6,68,4.33,7.6,3.8,High
12,21,8.7,71,48,10,53,41.6,3,7,2,6,37,0.33,-2.1,0.0,Moderate
8,9,5.9,89,30,78,13,52.6,5,8,2,13,45,2.6,4.4,3.0,Moderate
14,16,6.8,87,69,16,10,42.2,4,4,2,9,88,0.53,-6.3,0.0,Moderate
9,5,5.1,67,51,37,55,51.5,2,8,1,2,48,1.23,3.1,0.0,Moderate
7,14,5.0,69,31,57,65,43.5,1,3,2,2,48,1.9,-7.0,1.5,Moderate
14,0,6.4,61,37,21,135,46.9,1,6,0,11,8,0.7,-0.9,0.1,Moderate
9,6,6.0,80,36,24,29,57.8,3,8,2,4,67,0.8,5.7,4.2,Moderate
4,8,6.1,86,69,78,45,46.5,2,1,1,6,58,2.6,-4.5,0.0,Moderate
13,11,4.6,73,60,40,227,40.4,9,1,0,5,16,1.33,-0.6,0.0,Moderate
9,15,6.3,75,50,11,174,37.4,6,7,0,8,54,0.37,4.0,1.9,High
13,2,8.3,99,45,29,58,50.4,1,1,1,4,61,0.97,-4.4,0.0,Moderate
7,12,5.4,88,48,22,52,56.1,5,6,2,6,33,0.73,4.6,1.3,Low
2,16,7.5,93,84,8,112,52.0,11,5,0,5,32,0.27,4.2,1.7,Moderate
21,21,3.0,53,48,11,95,61.7,2,7,1,11,18,0.37,8.2,0.2,High
20,13,5.4,84,67,47,36,48.7,5,9,1,6,47,1.57,6.7,3.1,High
15,6,4.1,81,46,18,81,40.9,3,2,1,8,41,0.6,-3.0,0.0,Moderate
7,1,7.9,64,82,137,64,58.3,3,10,0,0,65,4.57,10.5,4.3,High
8,19,7.5,67,30,49,35,33.9,4,6,0,5,14,1.63,-5.5,3.1,High
18,13,5.2,76,67,72,55,38.7,5,8,1,7,91,2.4,2.3,5.2,High
7,8,6.7,63,38,7,76,46.7,4,11,1,3,51,0.23,4.2,6.0,Moderate
5,0,7.8,69,92,49,30,36.8,2,7,0,0,39,1.63,-6.0,2.4,Low
22,3,8.0,73,65,42,130,50.9,2,5,1,5,30,1.4,-1.3,0.7,Moderate
9,12,5.9,84,21,55,87,42.1,2,6,1,11,173,1.83,0.6,0.4,Moderate
21,11,3.7,70,35,3,56,55.5,3,7,0,8,44,0.1,4.1,0.0,High
0,0,5.3,73,64,113,142,50.4,5,8,1,4,68,3.77,3.2,6.2,High
13,12,7.3,89,64,35,161,63.1,7,10,1,2,92,1.17,14.7,5.2,High
23,0,8.9,59,62,35,151,30.1,2,8,0,4,26,1.17,-3.7,0.0,Low
10,16,6.3,81,55,40,44,50.3,3,1,1,10,14,1.33,-1.1,0.0,Low
8,10,5.7,82,46,20,24,47.2,4,10,1,10,34,0.67,-0.9,1.0,Low
2,6,9.3,83,72,102,132,47.1,8,7,1,7,77,3.4,5.8,0.0,Low
17,14,6.9,72,36,5,38,42.2,5,9,0,3,21,0.17,3.5,2.0,High
4,11,4.9,66,53,27,27,48.9,6,7,1,5,110,0.9,6.8,3.8,Low
9,16,6.3,95,41,27,53,30.0,1,1,0,5,42,0.9,-11.2,0.0,Low
1,9,7.6,69,39,20,95,30.0,3,1,2,1,39,0.67,-8.6,0.0,Low
20,9,6.3,66,44,32,28,38.5,1,3,1,8,41,1.07,-12.0,0.0,Low
17,7,7.4,78,39,27,69,30.0,3,6,0,6,66,0.9,-9.1,1.5,Low
9,10,4.5,70,62,17,44,49.4,5,3,0,15,64,0.57,-0.4,0.8,Moderate
2,18,4.7,90,25,37,80,37.0,8,9,0,8,35,1.23,6.5,1.2,High
19,6,5.5,75,60,42,70,45.3,4,4,0,5,28,1.4,-1.0,0.3,Low
7,12,6.1,91,41,149,36,48.5,2,7,1,10,17,4.97,5.3,3.6,High
2,3,6.8,83,53,17,58,44.4,3,8,0,8,76,0.57,4.6,0.0,Low
0,0,7.2,74,49,49,9,51.8,5,6,1,0,25,1.63,2.6,1.5,Low
5,10,9.4,90,43,48,68,41.5,5,4,0,9,180,1.6,-2.9,0.0,Moderate
0,11,5.5,71,74,68,85,45.2,3,5,0,7,32,2.27,-3.0,4.0,Moderate
5,8,6.0,74,45,62,88,41.2,3,4,0,6,87,2.07,-4.2,0.1,Moderate
14,0,5.5,84,65,7,223,54.2,5,4,0,6,44,0.23,-0.2,0.0,Moderate
7,10,7.7,80,65,31,157,33.7,2,3,0,10,84,1.03,-12.0,1.2,Low
12,10,7.8,71,47,16,59,49.1,3,8,1,7,65,0.53,1.1,5.7,Moderate
5,3,5.9,61,29,18,124,59.6,5,11,1,10,77,0.6,13.2,5.8,High
10,1,8.9,78,36,11,64,50.0,6,6,0,9,19,0.37,2.7,0.2,Low
22,7,5.5,70,75,31,79,40.4,5,7,1,10,9,1.03,-2.7,0.0,Moderate
7,12,7.6,78,61,51,150,48.8,3,5,3,10,51,1.7,-0.5,1.3,Moderate
12,11,8.1,73,54,93,31,39.9,2,5,1,6,32,3.1,-6.8,1.6,Moderate
0,3,4.8,70,42,39,52,55.6,2,3,2,7,29,1.3,1.6,2.0,Low
19,9,7.1,75,83,19,73,49.9,7,9,1,8,37,0.63,13.3,6.6,High
6,14,3.1,77,36,43,69,47.2,3,7,0,0,49,1.43,0.8,3.8,Moderate
16,2,7.4,86,55,54,40,58.5,3,7,0,11,39,1.8,4.0,3.0,Moderate
9,9,5.1,83,61,84,36,46.4,5,5,0,9,22,2.8,3.0,1.5,Moderate
13,16,7.1,101,28,16,47,32.6,4,1,0,12,36,0.53,-11.9,0.0,Moderate
14,1,7.3,80,38,11,32,46.3,4,4,1,5,20,0.37,-3.6,0.0,Moderate
7,15,7.7,71,44,45,37,43.2,2,7,0,3,49,1.5,-4.1,1.7,Moderate
17,18,7.5,76,68,36,94,45.5,5,7,3,5,42,1.2,-2.2,2.4,Moderate
5,7,6.5,84,44,29,93,50.2,4,6,0,7,107,0.97,4.8,0.0,Low
15,7,5.9,89,26,35,46,52.0,4,8,2,7,105,1.17,4.1,0.0,Moderate
7,14,6.3,93,24,16,77,36.0,8,3,1,7,32,0.53,-7.8,0.5,Moderate
12,7,5.1,67,38,6,83,45.9,8,9,2,6,32,0.2,9.1,0.0,High
6,0,6.1,92,25,61,224,44.0,9,11,0,3,82,2.03,4.6,5.8,Moderate
10,8,6.1,77,66,58,25,47.7,1,9,1,7,68,1.93,2.0,2.5,Low
3,11,5.5,68,67,12,21,49.5,2,5,3,7,59,0.4,1.9,0.0,Low
11,13,4.3,76,52,33,90,45.1,3,10,1,9,30,1.1,1.3,0.1,Moderate
10,3,4.9,91,47,56,134,34.8,4,7,1,10,28,1.87,-5.0,1.4,Moderate
6,7,3.0,83,65,51,74,44.9,4,6,1,10,51,1.7,0.6,0.0,Moderate
9,14,6.0,65,65,21,159,56.2,2,8,2,7,35,0.7,7.2,0.1,High
10,8,6.8,65,34,42,113,35.7,6,10,0,6,180,1.4,3.1,3.1,High
5,0,3.2,64,37,15,106,58.0,3,1,0,13,101,0.5,0.1,0.0,Low
9,16,6.7,70,65,65,71,30.5,5,1,0,4,43,2.17,-5.1,0.0,Low
3,7,6.3,79,57,32,19,47.5,5,1,0,14,24,1.07,-2.0,0.0,Low
25,15,5.0,66,63,43,69,40.2,4,5,1,10,28,1.43,-6.7,0.7,Moderate
16,0,5.9,73,36,48,125,45.5,3,7,1,11,60,1.6,-1.4,4.6,Moderate
11,8,7.7,93,38,32,108,52.3,1,10,0,12,58,1.07,3.6,0.5,Moderate
17,11,5.2,96,60,48,108,54.2,3,2,1,9,46,1.6,-0.5,2.4,Moderate
0,8,6.5,95,40,66,101,57.2,6,10,1,9,59,2.2,4.7,5.0,High
0,2,6.8,58,25,16,77,31.8,3,5,0,8,21,0.53,-12.1,1.6,Low
7,0,5.4,96,40,76,54,37.8,4,8,2,3,65,2.53,-5.2,3.8,Moderate
1,17,7.6,79,48,25,74,40.5,5,5,2,10,60,0.83,1.2,0.0,Low
8,10,6.9,79,83,50,207,38.9,5,2,2,4,15,1.67,-7.4,0.0,Moderate
11,15,6.1,89,37,31,69,49.5,2,9,4,4,15,1.03,3.3,5.0,Moderate
15,14,9.2,86,51,45,96,52.8,4,3,0,8,15,1.5,1.7,0.0,Moderate
2,12,7.6,57,89,72,98,30.0,6,2,2,3,38,2.4,-8.0,1.2,Low
12,7,4.4,71,32,37,32,35.8,4,9,0,3,97,1.23,-1.8,2.7,Low
10,11,5.9,74,64,48,233,44.2,1,8,1,14,30,1.6,0.4,4.1,Moderate
12,17,9.4,63,39,86,35,45.6,3,10,1,13,32,2.87,2.5,3.9,High
6,9,5.2,89,59,26,79,59.9,2,11,2,6,8,0.87,9.5,0.0,Moderate
18,20,6.5,94,94,19,83,34.5,5,8,1,7,8,0.63,-0.6,1.1,High
9,0,7.9,78,66,69,10,40.7,4,2,1,10,35,2.3,-7.0,0.0,Low
21,0,7.2,81,55,33,26,57.4,3,2,2,18,52,1.1,0.8,0.0,Moderate
4,14,7.4,78,35,29,51,41.0,3,3,3,8,71,0.97,-11.6,0.0,Moderate
14,4,7.3,79,49,77,135,52.1,0,11,1,3,9,2.57,-0.6,7.6,Moderate
9,20,6.4,90,42,21,11,41.4,5,7,0,4,20,0.7,4.0,3.5,Moderate
7,16,5.4,59,26,50,96,43.2,4,5,1,10,68,1.67,-1.1,4.5,Moderate
14,18,6.9,83,15,96,45,50.7,6,9,1,8,10,3.2,9.4,0.3,High
8,14,5.9,78,37,15,107,43.1,4,8,0,10,17,0.5,5.9,0.0,Moderate
0,3,5.8,70,51,98,83,38.9,7,6,1,2,52,3.27,-1.3,3.8,Low
0,0,8.2,72,72,28,44,51.9,4,8,2,12,34,0.93,10.6,0.0,Low
18,17,5.9,98,39,29,52,37.4,5,2,0,7,30,0.97,-7.2,0.0,Moderate
17,0,8.4,63,55,10,41,52.3,1,13,1,8,13,0.33,7.5,3.5,Moderate
22,18,6.7,76,21,44,127,42.4,4,1,0,5,63,1.47,-9.3,0.0,High
9,12,6.2,96,38,17,30,37.3,1,3,1,5,26,0.57,-12.4,0.0,Moderate
1,8,4.2,64,15,52,20,53.1,4,4,2,3,28,1.73,2.0,1.5,Low
7,11,8.9,73,92,34,104,41.6,3,5,0,11,146,1.13,-4.3,0.1,Low
10,11,6.4,78,56,44,96,43.8,3,5,1,6,22,1.47,-6.6,0.1,Low
3,7,3.7,83,55,57,47,30.0,3,9,1,2,108,1.9,-6.4,3.6,Low
20,17,7.6,77,62,114,58,35.0,4,7,0,5,35,3.8,-0.3,1.2,High
24,17,6.3,68,98,37,204,55.9,8,5,0,0,7,1.23,8.9,1.5,High
13,9,5.3,83,44,52,178,47.2,5,9,2,0,19,1.73,3.9,4.2,Moderate
9,5,7.5,77,34,47,54,55.9,3,4,0,7,35,1.57,1.9,0.5,Moderate
1,16,3.3,85,88,43,223,44.7,6,6,2,8,50,1.43,0.5,0.0,High
20,0,5.5,88,30,12,73,46.3,6,4,0,17,68,0.4,4.9,0.4,Moderate
10,11,6.0,62,75,20,97,60.5,5,1,2,4,106,0.67,1.6,0.0,Moderate
8,13,7.4,89,51,13,116,49.4,4,5,0,12,10,0.43,2.6,0.0,Moderate
13,4,9.1,75,60,90,144,60.4,5,7,1,8,43,3.0,7.7,3.9,High
6,14,6.1,87,26,91,98,41.5,5,12,0,8,19,3.03,0.4,6.6,Moderate
10,8,7.0,83,99,57,45,43.3,3,5,0,4,19,1.9,0.7,1.3,Moderate
0,5,9.5,98,45,69,15,38.7,2,6,1,7,84,2.3,-3.3,0.0,Low
17,14,6.4,78,39,13,153,50.6,4,4,0,9,36,0.43,2.5,0.0,Moderate
9,2,7.0,74,62,52,27,37.5,10,1,1,5,49,1.73,-0.9,0.0,Low
17,14,4.9,72,40,23,34,60.8,4,4,0,13,11,0.77,9.1,0.2,High
8,0,8.8,67,60,16,104,31.0,4,4,0,3,102,0.53,-10.1,0.0,Low
9,10,5.5,87,29,69,57,45.6,5,9,0,8,65,2.3,4.6,5.9,Moderate
2,9,6.7,66,55,52,86,40.4,5,5,1,7,15,1.73,1.6,0.8,Low
14,5,6.7,87,41,14,88,48.0,6,5,1,10,19,0.47,2.5,0.0,Moderate
4,11,6.5,76,38,85,55,38.8,5,9,1,9,107,2.83,-4.3,3.4,Moderate
6,8,5.9,59,35,35,38,47.6,5,8,1,6,57,1.17,7.3,0.0,Low
10,15,6.7,94,68,59,134,49.3,5,8,1,5,51,1.97,7.0,1.7,High
10,12,8.5,50,46,26,111,50.6,4,10,1,5,48,0.87,5.4,4.0,High
0,11,9.1,77,49,44,65,61.6,3,2,0,3,68,1.47,3.2,0.0,Low
8,10,6.2,81,60,62,15,45.2,4,1,0,3,15,2.07,-1.8,0.0,Low
15,6,5.9,53,73,15,55,43.2,5,6,1,6,41,0.5,0.6,1.1,Moderate
7,7,5.4,83,35,100,58,44.0,0,4,0,7,129,3.33,-4.0,1.0,Moderate
8,10,9.5,71,56,58,165,32.6,3,9,1,10,32,1.93,-3.8,2.7,Moderate
11,7,6.6,75,36,48,179,54.3,8,6,2,10,53,1.6,0.8,5.1,Moderate
9,15,7.7,93,48,4,83,36.9,3,12,0,5,56,0.13,1.0,3.0,High
3,9,7.2,80,71,37,87,55.2,9,10,0,12,35,1.23,11.2,3.8,Moderate
9,11,9.1,74,15,70,29,37.8,5,8,1,11,67,2.33,0.4,7.6,High
16,0,6.1,76,35,6,109,30.7,4,10,1,3,31,0.2,-6.4,4.3,Moderate
3,14,5.1,98,48,91,13,30.0,5,3,0,2,47,3.03,-7.0,4.2,Low
7,5,8.6,82,59,10,40,53.6,5,3,0,6,39,0.33,4.9,0.0,Low
1,2,7.5,68,74,44,52,57.3,8,2,1,2,38,1.47,3.7,0.0,Low
16,18,6.9,73,21,103,86,49.1,4,5,0,5,50,3.43,4.5,0.1,High
9,13,8.2,65,77,49,27,36.5,1,1,0,6,49,1.63,-6.4,0.0,Low
4,14,7.0,73,61,64,75,35.2,2,2,0,8,50,2.13,-8.9,3.9,Moderate
10,11,8.3,96,48,70,25,41.6,3,4,2,5,97,2.33,-2.9,0.0,Low
2,8,6.7,76,26,54,180,54.0,3,1,0,5,90,1.8,-3.1,0.0,Low
3,7,7.5,63,42,19,44,43.3,4,5,0,8,23,0.63,-1.9,0.0,Low
0,13,7.0,83,70,31,109,32.5,3,1,0,9,88,1.03,-6.0,0.0,Low
3,15,6.0,74,52,19,60,37.7,2,4,1,5,22,0.63,-6.7,0.0,Low
18,8,6.2,84,49,97,54,47.5,2,1,1,7,11,3.23,-2.6,0.0,High
5,21,5.9,75,35,32,111,56.7,5,9,0,4,9,1.07,9.5,7.6,High
13,7,6.7,94,65,74,44,51.5,7,9,0,8,41,2.47,5.5,2.7,Moderate
4,0,5.9,68,49,59,48,38.2,4,3,0,5,13,1.97,-8.6,0.0,Low
14,0,6.9,65,48,43,58,45.5,2,6,1,5,9,1.43,-5.9,1.3,Low
3,0,6.9,88,50,18,79,54.9,5,11,0,4,21,0.6,7.2,5.0,Moderate
10,6,6.6,56,40,22,58,45.3,2,11,3,6,53,0.73,-0.2,3.0,Moderate
10,7,6.7,76,37,24,46,31.3,3,5,0,3,26,0.8,-7.0,0.1,Moderate
25,12,5.7,87,25,14,49,39.6,8,3,1,2,13,0.47,-1.2,0.0,Moderate
14,8,6.1,54,41,120,71,30.0,5,12,0,11,55,4.0,-2.8,5.9,High
6,13,4.4,79,20,57,57,48.6,2,2,0,9,32,1.9,2.8,0.0,Low
14,9,6.3,62,61,43,221,57.7,1,8,1,7,31,1.43,7.6,1.8,High
23,9,5.2,58,40,7,69,59.1,3,5,1,1,4,0.23,7.4,0.0,Moderate
0,5,6.5,66,45,33,73,45.3,4,5,1,5,108,1.1,-5.1,0.0,Low
4,17,5.5,76,51,35,70,37.9,6,4,0,13,54,1.17,-6.0,0.0,Moderate
8,0,3.9,70,38,40,69,43.9,4,7,0,6,64,1.33,8.4,0.0,Low
7,10,9.1,90,31,41,37,47.2,4,6,0,0,32,1.37,4.4,0.0,Low
7,7,6.1,79,56,54,75,57.0,4,2,2,8,78,1.8,3.6,0.7,Low
1,13,8.1,73,86,13,100,49.2,0,6,1,9,29,0.43,-4.8,3.9,Moderate
19,8,5.8,64,68,26,35,30.8,5,4,2,7,23,0.87,-6.9,0.0,Moderate
0,9,8.4,80,75,52,73,53.1,0,6,0,8,143,1.73,-1.5,0.0,Low
8,7,5.0,101,29,52,119,30.0,4,7,0,10,42,1.73,-10.5,5.0,Moderate
16,17,6.6,70,49,44,43,47.6,9,4,0,9,60,1.47,-2.6,0.3,High
9,9,5.1,72,48,66,56,61.0,3,5,0,4,10,2.2,7.0,0.0,Moderate
3,20,9.5,66,78,31,103,31.2,4,4,1,0,31,1.03,-7.0,0.9,Low
1,10,6.1,91,69,37,109,44.8,5,7,0,10,43,1.23,0.8,0.0,Low
8,9,7.4,88,49,66,64,45.3,5,6,1,3,62,2.2,2.5,1.6,Low
5,8,6.9,73,15,14,125,45.9,2,7,0,0,94,0.47,2.9,0.0,Moderate
11,12,6.4,71,31,98,18,53.3,2,6,0,11,58,3.27,1.3,7.8,High
0,5,7.0,68,63,61,34,39.8,2,12,4,7,48,2.03,1.5,8.2,Moderate
15,9,8.0,75,46,25,34,52.0,4,7,0,8,11,0.83,2.6,1.2,Moderate
10,9,7.2,89,50,68,21,43.5,3,6,1,9,33,2.27,-0.3,0.9,Moderate
11,10,6.6,78,63,16,50,47.1,0,7,1,3,41,0.53,1.9,1.1,Low
19,11,7.0,92,72,89,70,33.3,4,11,1,3,19,2.97,-2.9,5.9,Moderate
7,11,8.7,70,38,8,88,55.6,3,10,0,15,180,0.27,7.3,2.6,Moderate
5,9,5.9,53,63,13,27,47.4,3,10,2,10,39,0.43,3.6,1.5,Low
6,18,4.2,107,81,20,53,51.3,2,6,2,7,12,0.67,1.5,0.0,Moderate
8,11,5.1,80,78,22,51,56.1,0,8,0,3,61,0.73,6.5,3.2,Moderate
9,21,5.2,87,42,47,168,43.4,3,6,0,2,38,1.57,-3.0,0.6,High
4,9,5.3,69,57,65,56,43.7,4,8,2,14,30,2.17,-1.7,3.7,Moderate
0,14,5.4,63,66,9,127,30.0,5,6,1,9,29,0.3,-3.9,1.1,Moderate
6,4,6.4,80,52,92,90,47.6,6,6,2,5,180,3.07,7.6,0.8,Moderate
12,17,6.7,56,48,52,145,58.3,3,5,1,17,30,1.73,3.2,0.8,High
10,4,6.7,75,21,119,104,45.5,1,7,0,8,13,3.97,-5.1,6.1,Moderate
17,11,5.5,89,36,36,76,38.5,2,9,3,5,19,1.2,-2.4,3.6,High
22,7,7.6,83,39,99,48,54.0,13,9,0,1,32,3.3,14.3,3.7,High
14,11,7.0,81,29,126,74,33.1,4,4,0,6,32,4.2,-4.4,0.8,Moderate
18,7,8.3,97,54,22,96,40.5,7,6,0,6,26,0.73,6.7,0.0,Moderate
14,4,7.4,82,68,20,80,39.9,4,3,1,1,58,0.67,-1.1,0.0,Low
21,7,6.0,57,44,30,68,54.0,6,5,1,14,34,1.0,6.4,0.0,High
22,17,8.0,76,15,28,178,48.0,6,4,0,7,48,0.93,-0.2,0.0,High
16,11,6.7,99,50,46,24,40.7,3,2,3,4,5,1.53,-6.8,0.0,Moderate
14,1,7.4,75,57,29,40,41.4,5,5,0,13,18,0.97,-4.9,3.3,Moderate
8,15,7.3,99,56,68,82,47.5,6,11,0,9,67,2.27,7.6,4.1,Moderate
9,3,6.3,89,39,56,30,47.8,4,6,1,5,11,1.87,-0.5,1.2,Low
7,13,6.5,74,30,21,64,47.3,7,9,1,3,92,0.7,7.6,2.9,High
14,12,6.2,66,68,36,125,40.0,2,6,0,8,82,1.2,-1.9,2.5,Moderate
5,12,5.4,82,58,70,32,55.7,3,5,1,5,32,2.33,3.4,0.0,High
8,19,3.8,92,40,49,55,60.4,2,10,0,10,21,1.63,7.1,1.8,Moderate
0,4,5.6,61,25,59,40,58.7,6,11,0,1,9,1.97,11.3,2.2,Low
21,12,6.6,79,56,20,34,57.0,3,3,2,4,13,0.67,1.0,0.0,High
8,16,7.7,56,36,39,47,67.4,1,10,1,11,55,1.3,7.7,4.1,High
12,5,7.4,74,59,15,80,39.7,3,7,0,1,82,0.5,1.6,2.1,Low
19,4,6.1,60,55,43,51,40.3,6,2,1,5,36,1.43,-3.9,0.0,High
11,7,5.6,84,89,34,85,33.5,3,5,1,11,102,1.13,-8.5,1.4,Low
19,10,6.2,70,51,45,77,43.9,3,6,1,10,62,1.5,-1.0,2.2,Moderate
1,0,5.2,91,88,19,111,34.9,7,8,0,9,43,0.63,2.8,2.5,Low
25,12,3.9,72,53,53,91,57.9,4,7,0,10,15,1.77,5.2,1.7,High
17,0,4.5,71,40,72,37,48.0,5,5,1,14,7,2.4,-6.0,1.3,Moderate
11,16,8.0,60,33,5,69,43.1,1,8,0,0,33,0.17,-3.6,3.0,Low
19,11,8.6,82,36,12,43,36.2,2,4,1,2,35,0.4,-6.1,0.2,Moderate
2,20,7.3,83,60,22,151,34.5,4,5,0,6,21,0.73,-6.7,1.1,Low
8,12,6.3,88,54,30,179,41.3,4,12,1,7,66,1.0,4.9,5.1,Moderate
19,7,4.7,85,19,25,43,60.6,4,1,0,8,72,0.83,4.9,0.0,High
0,4,6.2,82,70,14,196,56.4,5,9,1,4,19,0.47,2.4,4.4,Low
13,10,7.1,85,79,45,115,52.9,3,3,0,12,56,1.5,-1.5,0.0,Moderate
13,8,7.4,86,19,43,70,30.0,7,7,1,9,17,1.43,1.2,2.9,Low
22,15,7.2,88,70,25,250,45.2,5,6,0,15,27,0.83,-0.3,0.3,High
0,3,7.9,61,82,50,71,43.8,5,4,1,11,33,1.67,-4.5,0.0,Low
20,20,8.7,73,20,33,19,39.8,3,6,3,10,34,1.1,-3.4,0.0,High
6,16,5.9,60,44,102,47,46.5,4,3,0,3,19,3.4,2.1,1.6,High
7,7,9.5,82,37,10,51,37.9,3,8,0,2,50,0.33,-2.9,3.5,Low
2,19,4.0,96,70,19,119,41.2,3,8,1,6,27,0.63,-3.8,0.0,Moderate
2,4,5.5,88,45,31,10,38.2,3,10,0,3,15,1.03,3.5,3.5,Low
12,10,6.6,71,44,74,104,40.3,4,11,1,0,82,2.47,1.2,2.7,Moderate
2,1,7.1,84,60,61,102,30.0,6,5,1,5,32,2.03,-6.2,0.0,Low
14,19,6.2,82,80,52,90,46.7,2,4,1,17,32,1.73,-7.1,0.0,Moderate
5,0,5.8,81,51,12,86,51.7,0,4,0,11,47,0.4,-2.2,0.0,Low
2,0,9.0,64,44,23,169,38.8,2,10,1,2,86,0.77,-6.0,5.1,Low
6,5,5.7,92,47,33,155,56.1,3,5,1,8,24,1.1,3.0,3.8,Moderate
12,16,5.2,65,64,68,105,38.2,4,8,0,6,72,2.27,2.2,4.9,Moderate
8,14,8.4,74,28,35,90,35.0,3,2,0,3,37,1.17,-12.1,2.2,Moderate
10,9,7.4,89,52,55,15,55.5,5,6,0,8,1,1.83,3.2,1.5,Moderate
14,14,7.7,74,35,50,38,41.3,4,7,0,3,85,1.67,4.5,1.8,Moderate
17,8,6.6,79,30,56,66,48.1,5,5,1,3,13,1.87,2.0,0.0,Low
7,11,4.7,79,17,21,26,32.8,3,5,2,4,61,0.7,-10.7,0.0,Low
3,18,6.5,79,43,62,51,44.6,7,1,1,0,121,2.07,0.4,0.0,Moderate
10,7,4.6,79,71,53,122,43.1,1,11,1,6,104,1.77,-1.3,6.3,High
13,4,6.7,80,16,97,54,42.6,3,7,0,7,89,3.23,-2.5,0.5,Moderate
0,11,7.2,79,62,28,82,42.8,7,12,3,2,24,0.93,0.2,3.9,Low
4,13,7.7,68,40,43,93,47.7,4,8,0,10,69,1.43,3.8,0.8,Moderate
5,9,6.3,61,33,14,99,47.1,4,9,1,3,5,0.47,3.4,3.0,Low
8,14,7.3,89,58,10,106,50.7,0,5,0,5,30,0.33,0.1,0.0,Low
5,7,5.3,89,76,106,106,30.0,10,6,0,2,30,3.53,-1.9,0.6,Low
14,9,7.6,82,79,49,13,59.5,4,6,0,8,85,1.63,4.0,1.8,Moderate
0,11,7.2,82,57,9,130,44.0,3,6,2,4,63,0.3,-6.2,0.0,Low
0,10,5.4,68,51,53,84,41.3,1,11,0,9,108,1.77,4.4,5.9,Moderate
7,18,7.0,51,59,28,59,49.1,5,6,0,9,13,0.93,-0.9,2.3,Moderate
8,11,7.7,75,97,55,53,44.4,8,6,0,8,22,1.83,-2.0,0.0,Moderate
0,7,6.5,57,47,64,9,47.0,6,4,0,9,119,2.13,7.6,4.4,Low
6,12,5.4,80,72,46,30,42.6,5,7,1,11,14,1.53,-1.7,0.5,Low
7,14,6.6,92,41,30,31,51.1,4,4,0,9,57,1.0,2.4,0.0,Moderate
7,13,7.1,71,37,38,31,31.5,8,5,0,6,8,1.27,-10.1,0.0,Low
10,13,5.4,72,84,57,17,48.2,4,11,0,8,64,1.9,8.0,5.9,High
5,0,5.2,67,52,62,103,41.4,5,6,1,8,180,2.07,-0.9,4.1,Moderate
19,0,7.0,78,56,21,70,30.0,6,3,2,4,43,0.7,-6.7,0.0,Low
13,16,7.4,78,62,12,72,55.9,3,10,1,4,44,0.4,7.9,3.8,High
4,11,9.0,67,36,15,148,42.6,3,6,0,9,60,0.5,-2.8,2.1,Moderate
10,8,7.2,88,44,32,18,55.1,5,9,1,10,59,1.07,6.1,2.2,Moderate
10,13,4.9,108,40,61,142,52.5,5,9,0,14,64,2.03,4.2,5.9,High
17,20,8.8,91,58,33,56,39.3,4,7,0,7,48,1.1,1.9,0.0,Moderate
6,17,7.7,77,59,13,112,56.5,4,7,1,9,8,0.43,11.5,0.9,Low
14,14,4.0,77,41,45,11,43.9,6,4,0,7,34,1.5,-6.7,0.0,Moderate
10,3,5.2,72,88,36,138,40.0,4,6,2,16,39,1.2,-1.2,0.0,Low
19,4,5.8,72,52,63,25,37.1,2,10,0,14,33,2.1,0.8,6.5,Moderate
18,0,7.4,89,54,17,61,38.8,4,5,1,1,55,0.57,-1.0,0.0,Low
11,12,3.5,89,76,48,148,49.3,6,4,0,11,11,1.6,2.1,2.7,High
8,15,6.3,65,36,44,92,39.4,8,1,0,1,48,1.47,-5.0,0.0,Moderate
13,15,7.3,82,43,54,62,49.9,3,7,3,17,71,1.8,6.0,0.8,High
8,12,3.0,90,57,70,111,41.4,5,4,1,6,30,2.33,-10.9,0.0,High
20,8,7.3,74,25,6,55,54.6,3,10,1,5,34,0.2,6.3,0.0,Low
10,5,7.4,76,48,23,128,42.5,3,7,2,0,84,0.77,-1.9,4.3,Low
7,4,5.4,86,89,34,75,44.3,3,7,0,6,36,1.13,4.1,3.9,Moderate
7,8,5.0,86,85,23,12,44.8,5,7,0,3,27,0.77,-0.1,2.8,Low
2,3,5.4,83,68,42,57,47.7,6,6,0,4,111,1.4,5.9,0.7,Low
13,19,3.2,81,73,34,82,46.3,3,7,0,8,86,1.13,4.7,0.0,High
4,1,6.0,82,61,13,97,37.4,8,3,0,10,47,0.43,-2.4,0.0,Low
17,7,6.7,75,44,56,119,63.1,5,8,0,5,31,1.87,13.9,0.0,High
1,0,4.9,66,82,17,55,51.9,4,6,0,7,139,0.57,2.9,0.8,Low
10,10,7.6,61,35,42,85,54.3,5,7,1,8,8,1.4,4.6,4.4,Moderate
17,8,6.5,85,69,15,43,56.6,0,3,0,6,31,0.5,-0.3,0.9,Moderate
0,6,6.7,79,43,42,200,44.1,4,2,0,2,32,1.4,0.8,0.0,Low
23,3,5.9,83,44,34,108,53.4,6,4,1,13,18,1.13,-0.1,0.0,Moderate
7,9,7.3,69,62,37,118,58.2,2,6,0,2,47,1.23,7.5,2.9,Moderate
10,5,7.9,79,89,44,157,58.8,3,10,1,9,50,1.47,8.8,4.3,Moderate
13,8,5.9,79,78,65,75,54.4,5,1,2,11,13,2.17,0.3,0.0,Moderate
14,20,7.3,92,58,26,152,44.0,2,12,0,13,125,0.87,-2.0,4.2,Moderate
11,9,7.3,87,53,13,104,58.1,1,3,0,5,64,0.43,-1.8,0.0,Low
16,12,6.9,70,66,32,106,34.5,5,8,0,6,39,1.07,-3.5,3.0,Moderate
13,6,8.4,84,77,66,55,40.2,1,9,0,9,37,2.2,-0.4,2.5,High
21,4,5.5,70,20,3,129,30.0,3,4,1,8,180,0.1,-7.5,0.0,Moderate
13,8,5.9,50,50,12,92,43.8,7,7,1,9,41,0.4,4.1,1.2,High
22,21,5.5,97,33,33,59,42.3,2,4,3,12,30,1.1,-4.3,0.0,High
15,7,7.3,74,48,71,14,41.7,5,5,0,8,11,2.37,-1.9,0.1,Low
0,11,6.1,89,29,24,80,44.0,4,2,0,3,53,0.8,-11.8,0.0,Low
26,4,5.6,71,19,32,58,36.1,5,5,2,17,97,1.07,-2.7,1.6,High
6,0,8.4,69,28,22,61,51.6,4,10,1,6,91,0.73,4.3,4.6,Moderate
19,4,8.6,72,42,27,75,44.0,4,10,1,8,13,0.9,1.4,4.1,High
10,21,6.0,81,63,58,117,43.1,3,4,2,4,39,1.93,-4.6,0.7,Moderate
16,12,4.8,80,37,64,159,33.9,4,4,4,0,51,2.13,-1.6,0.0,High
5,18,8.6,83,36,60,134,36.8,4,3,1,0,18,2.0,-3.0,0.0,Moderate
14,6,7.0,73,59,54,96,37.6,3,8,0,7,7,1.8,1.1,0.5,Low
8,0,6.9,78,57,16,99,50.3,5,6,0,0,13,0.53,-0.3,0.0,Low
20,2,6.5,69,83,98,68,70.9,9,5,1,0,38,3.27,20.3,3.7,High
12,11,5.4,94,69,93,165,48.2,4,4,2,8,31,3.1,3.0,0.0,High
16,10,5.9,64,34,34,39,53.0,4,8,1,8,41,1.13,1.8,0.0,High
0,8,7.2,69,40,69,30,53.7,5,5,1,6,67,2.3,5.6,3.3,Moderate
9,5,5.9,73,65,5,56,31.4,1,8,0,11,88,0.17,-11.0,0.0,Moderate
12,14,6.9,104,36,73,21,56.4,8,6,0,5,50,2.43,5.1,0.0,Moderate
11,6,6.4,86,46,41,89,48.3,5,9,1,8,57,1.37,4.3,4.7,Low
16,10,5.1,69,21,17,297,55.6,9,8,1,10,67,0.57,7.4,0.8,High
7,10,8.3,87,28,76,191,36.8,3,4,0,3,26,2.53,-6.8,1.1,Moderate
10,6,7.1,84,75,7,91,48.5,3,5,2,5,72,0.23,0.6,0.0,Low
17,3,6.8,81,55,60,27,52.2,4,1,0,6,25,2.0,0.8,0.0,Low
0,6,7.1,86,41,75,121,45.2,9,7,0,6,56,2.5,8.5,3.3,Moderate
13,19,4.2,79,43,83,157,35.6,5,3,0,3,76,2.77,-6.5,0.0,High
7,15,5.8,80,83,5,48,30.3,3,7,0,18,35,0.17,-4.5,0.0,High
4,14,4.6,61,40,10,83,52.4,2,3,2,14,53,0.33,-4.2,0.0,High
12,4,6.5,94,61,11,13,51.2,6,4,2,8,5,0.37,4.3,0.0,Moderate
17,0,6.8,73,68,56,96,39.8,3,2,0,3,56,1.87,-3.6,0.0,Moderate
16,15,6.6,64,78,96,66,53.3,3,10,0,16,75,3.2,6.3,5.3,High
9,14,7.8,72,37,48,37,41.0,3,7,1,11,49,1.6,-3.8,3.0,Moderate
15,9,4.6,73,27,25,59,37.1,5,7,4,11,41,0.83,-4.3,3.7,High
15,6,5.4,69,32,89,46,49.8,4,1,0,6,48,2.97,-5.2,0.0,Low
9,0,6.9,87,65,92,57,30.3,3,5,2,9,73,3.07,-10.2,2.5,Moderate
5,14,6.7,89,88,101,67,47.8,5,8,0,11,70,3.37,3.3,3.9,Moderate
5,15,4.8,56,66,17,39,30.7,3,9,1,1,82,0.57,-6.4,4.6,Moderate
15,5,7.8,72,40,13,111,35.4,4,5,1,8,15,0.43,-7.3,0.0,Low
9,4,8.3,73,73,9,111,42.5,8,4,0,8,46,0.3,4.8,0.0,Low
3,16,6.9,76,44,12,35,52.3,4,3,1,10,52,0.4,1.1,0.0,Low
0,5,4.6,97,37,6,231,30.0,4,9,1,10,174,0.2,-8.3,1.7,Low
15,19,6.6,69,46,68,38,52.5,1,1,0,6,1,2.27,-4.4,3.4,High
6,8,6.8,95,42,48,89,56.6,3,6,0,2,42,1.6,12.1,0.6,Low
12,6,6.1,76,39,180,25,48.1,3,1,0,0,54,6.0,-2.1,0.1,Moderate
18,9,8.0,95,74,36,29,44.4,2,9,0,8,48,1.2,2.9,5.0,Moderate
1,6,6.3,75,43,39,125,45.7,4,4,1,7,21,1.3,-0.6,0.7,Low
9,15,8.9,73,23,77,168,33.0,6,9,1,3,34,2.57,2.8,4.3,High
8,14,7.3,78,63,27,177,45.5,3,3,1,5,66,0.9,-3.2,0.0,Moderate
12,15,6.7,92,35,17,145,48.7,5,7,0,15,47,0.57,2.6,0.0,Low
18,10,7.5,80,35,46,45,75.0,1,7,0,2,8,1.53,13.0,1.0,Moderate
1,6,8.2,80,65,34,135,57.5,3,5,3,0,35,1.13,1.8,0.0,Moderate
13,8,7.5,85,39,45,33,44.5,3,1,0,8,38,1.5,-1.3,0.0,Moderate
16,6,6.3,68,44,102,74,37.0,9,4,2,4,18,3.4,-2.4,0.7,Moderate
8,17,5.6,82,53,21,110,49.0,2,4,2,11,52,0.7,0.4,0.0,Moderate
9,14,5.1,71,47,21,74,45.4,5,8,1,7,34,0.7,3.9,1.0,Moderate
12,8,3.5,94,44,64,116,49.2,10,5,0,0,68,2.13,3.1,0.0,High
12,3,6.6,83,15,22,195,36.6,5,8,2,6,74,0.73,-0.4,4.6,Moderate
13,17,5.9,86,49,176,46,31.0,12,11,1,5,38,5.87,5.2,5.6,High
13,9,6.0,56,81,33,188,49.5,5,1,1,10,119,1.1,-2.8,1.6,High
3,8,7.6,86,63,47,115,41.6,6,7,0,8,33,1.57,-3.8,0.0,High
16,17,6.3,76,45,77,177,45.8,9,5,1,8,5,2.57,7.9,0.0,High
17,6,8.7,62,60,40,143,36.2,2,8,1,16,25,1.33,2.7,0.2,Moderate
11,7,5.7,79,63,34,199,55.8,5,5,1,12,95,1.13,2.5,0.0,Moderate
0,7,5.2,61,37,71,161,34.4,2,6,0,3,58,2.37,-4.3,2.8,Low
9,1,4.9,85,75,20,102,53.5,6,2,1,3,29,0.67,4.0,0.0,Low
11,10,7.3,94,55,46,118,45.4,5,3,1,3,73,1.53,-0.4,0.0,Moderate
2,4,7.8,58,46,17,75,43.8,4,6,2,5,58,0.57,-2.3,1.1,Low
7,5,5.7,78,81,67,106,47.5,3,1,0,1,26,2.23,-5.6,4.6,Low
0,4,5.1,76,15,32,117,44.0,8,3,0,6,47,1.07,0.9,0.0,Low
13,5,8.2,56,31,47,100,43.1,3,7,0,4,29,1.57,-5.7,0.0,Low
11,4,4.7,88,64,81,38,45.6,2,6,0,7,93,2.7,-4.1,3.4,Moderate
0,10,7.6,85,64,18,73,41.5,6,4,0,9,30,0.6,-3.1,2.3,Moderate
12,8,5.7,100,82,53,14,48.7,2,5,0,8,75,1.77,0.5,0.0,Moderate
9,9,6.9,83,15,68,15,57.6,5,5,1,2,17,2.27,0.8,0.9,Moderate
13,21,7.7,68,67,62,48,68.7,0,5,0,6,13,2.07,6.8,0.0,Moderate
7,8,7.0,84,30,32,29,55.0,1,4,1,7,106,1.07,-1.7,0.0,Moderate
4,12,6.0,92,60,11,164,52.1,5,1,0,5,50,0.37,5.5,0.0,Low
4,13,8.1,73,51,83,92,30.0,3,9,1,5,85,2.77,-1.9,0.4,Moderate
6,8,6.7,87,67,11,237,44.6,6,8,0,3,23,0.37,6.4,1.4,Low
10,10,9.5,52,48,9,77,39.9,6,1,2,9,79,0.3,-6.2,0.0,Moderate
10,9,4.4,94,70,37,97,32.2,8,2,1,8,50,1.23,-4.1,0.0,Moderate
8,10,4.3,87,37,22,144,55.3,3,11,2,5,7,0.73,6.0,0.0,Moderate
7,5,7.6,50,51,49,157,31.1,5,8,0,11,21,1.63,-5.0,4.3,Low
7,6,6.4,82,55,64,93,38.6,3,10,0,0,12,2.13,-2.7,9.0,Moderate
26,9,7.4,56,82,31,26,30.3,3,3,2,0,33,1.03,-6.7,0.0,Moderate
4,0,5.1,71,67,137,129,44.7,1,8,0,16,80,4.57,-5.6,1.1,Low
6,17,6.5,85,56,19,25,56.2,7,4,2,10,48,0.63,3.2,1.4,Moderate
27,21,6.9,77,64,8,91,35.0,9,3,0,5,55,0.27,-3.5,0.0,High
12,9,5.7,92,72,36,28,41.2,3,7,2,8,57,1.2,-1.5,0.0,Moderate
1,12,6.7,79,59,39,57,53.2,4,3,0,4,18,1.3,6.4,0.0,Low
15,15,4.8,78,34,55,60,57.3,4,5,3,13,85,1.83,6.0,0.0,High
4,1,6.9,90,63,28,11,46.1,3,4,3,11,83,0.93,0.8,0.0,Low
15,14,8.1,74,51,11,238,34.8,4,1,2,3,17,0.37,-9.0,0.0,Moderate
8,6,4.9,78,46,40,59,43.1,4,1,1,7,42,1.33,0.7,0.0,Moderate
7,21,4.8,79,38,49,21,42.2,2,6,0,7,35,1.63,-6.4,0.0,Moderate
20,7,7.8,77,62,42,39,40.5,4,4,1,9,61,1.4,-5.4,0.0,Low
13,14,4.8,91,61,50,94,34.1,5,8,2,2,9,1.67,-1.6,5.0,High
16,7,7.4,71,35,46,34,52.4,1,6,1,6,112,1.53,-1.6,2.9,Moderate
12,21,6.5,69,32,42,73,42.9,2,6,2,3,43,1.4,0.5,0.0,Low
7,6,5.9,66,86,25,5,30.0,3,11,1,12,40,0.83,-6.4,5.8,Low
13,15,8.2,54,67,24,253,51.2,3,7,0,10,39,0.8,2.1,2.0,High
17,12,7.5,94,54,106,131,61.0,2,7,0,1,43,3.53,5.1,2.4,High
10,11,6.7,68,63,18,32,48.5,0,8,0,2,68,0.6,2.0,0.0,Low
21,10,3.8,75,44,107,173,36.8,2,7,1,3,142,3.57,-3.6,3.4,High
15,5,7.3,95,49,22,66,65.0,5,6,1,7,14,0.73,4.8,1.2,Moderate
11,0,5.1,76,52,90,104,45.7,2,7,1,11,11,3.0,0.7,3.2,Low
11,15,6.1,84,69,66,89,52.9,4,4,1,10,109,2.2,0.9,0.2,Low
10,6,6.4,62,27,57,102,42.5,0,8,0,12,14,1.9,-3.8,5.8,High
1,15,8.7,93,34,2,65,40.1,3,5,3,10,42,0.07,-3.4,0.0,Moderate
9,11,6.1,77,30,25,62,52.6,4,8,1,6,2,0.83,4.5,0.0,Moderate
11,15,4.7,67,67,45,83,37.3,4,5,0,10,2,1.5,-6.3,0.0,High
7,13,8.2,67,50,70,52,42.1,6,1,0,0,49,2.33,-3.6,0.0,Low
12,0,7.3,97,36,36,133,44.9,2,7,1,4,34,1.2,-4.2,0.0,Low
10,12,7.3,72,48,13,71,57.4,4,12,1,0,12,0.43,6.4,6.7,Moderate
15,7,8.2,67,41,38,185,33.3,0,3,0,3,35,1.27,-10.5,0.0,Low
14,15,8.5,73,26,51,112,55.5,2,6,0,1,28,1.7,0.6,1.4,High
11,12,5.3,78,75,32,64,52.9,4,7,1,8,5,1.07,9.0,3.1,Moderate
1,12,4.7,80,49,101,131,51.3,3,7,0,1,80,3.37,-3.1,2.9,High
21,7,7.4,83,75,40,25,52.3,4,8,0,7,13,1.33,0.7,0.0,Moderate
9,3,6.1,81,26,73,44,35.8,4,5,2,7,25,2.43,-7.3,0.0,Low
9,6,6.2,85,61,25,128,33.4,5,4,1,8,36,0.83,-2.5,0.0,Low
7,0,5.1,75,26,61,60,30.0,5,3,2,7,20,2.03,-10.3,0.0,Low
6,5,7.1,101,96,21,83,42.5,5,7,0,7,75,0.7,1.5,0.0,Moderate
20,0,6.9,73,21,62,61,48.7,0,8,0,1,35,2.07,2.4,3.3,Moderate
19,0,6.2,93,84,32,95,37.1,8,7,0,20,56,1.07,0.3,0.0,Moderate
12,9,4.7,71,52,13,84,51.1,2,6,0,6,30,0.43,1.5,1.6,Moderate
9,12,7.9,62,49,28,35,44.4,0,5,2,12,110,0.93,0.7,0.0,Moderate
14,8,6.7,60,63,19,182,45.9,1,10,0,9,28,0.63,2.3,3.8,Low
10,6,7.7,81,35,30,140,51.4,3,11,1,6,70,1.0,4.9,4.5,Moderate
8,3,3.9,91,66,13,13,46.0,2,6,2,4,58,0.43,3.4,0.0,Low
12,7,6.5,65,67,11,18,35.2,4,3,0,7,68,0.37,-4.0,0.0,Low
7,4,5.5,68,52,18,14,59.9,4,2,1,8,30,0.6,4.0,1.0,Moderate
11,8,6.4,82,57,7,41,50.8,3,8,0,0,28,0.23,-3.0,0.4,Low
11,0,7.5,78,87,80,125,35.9,5,3,0,9,36,2.67,-4.6,0.0,Moderate
13,13,6.8,72,64,37,71,44.0,6,5,0,4,41,1.23,-2.0,2.0,Moderate
5,5,6.4,64,38,41,54,47.4,1,4,0,13,6,1.37,-2.8,1.0,Low
14,11,6.4,81,66,30,17,35.1,4,11,0,12,86,1.0,0.2,3.9,Moderate
4,14,4.5,85,42,15,89,52.9,7,9,0,5,9,0.5,7.4,0.0,Moderate
6,10,5.3,83,39,51,95,35.8,5,10,0,2,33,1.7,-7.4,5.3,Low
6,13,7.7,78,61,46,65,61.2,2,5,0,1,30,1.53,0.3,0.0,Low
3,0,5.8,66,34,16,143,54.3,5,9,2,8,37,0.53,10.0,0.0,Moderate
16,6,7.8,81,53,64,144,39.8,4,8,1,7,69,2.13,-9.8,5.8,Moderate
3,15,7.4,81,64,14,44,36.3,3,7,0,14,23,0.47,-3.8,2.1,Low
5,11,7.5,64,86,40,59,47.2,5,4,0,4,54,1.33,-1.4,0.0,Low
18,19,6.8,75,63,70,147,33.3,7,6,0,3,61,2.33,-3.1,0.0,High
6,18,5.9,82,26,89,62,44.4,3,7,0,3,15,2.97,0.5,5.3,High
8,10,6.2,77,28,32,47,45.7,4,5,1,9,18,1.07,-0.0,2.0,Moderate
3,7,7.2,56,83,20,87,49.3,4,4,0,3,51,0.67,2.3,0.8,Low
15,3,3.8,71,41,9,140,54.7,4,11,0,9,1,0.3,11.4,7.2,High
15,6,7.9,70,25,28,89,53.5,4,7,0,6,98,0.93,5.6,0.0,Moderate
14,6,5.8,84,34,28,44,54.6,5,6,2,3,87,0.93,-0.8,0.0,Moderate
13,5,6.3,107,66,73,52,49.3,4,8,1,11,35,2.43,1.3,5.4,High
10,3,6.3,79,54,40,103,47.3,3,9,0,12,60,1.33,7.7,6.9,Moderate
6,11,6.4,65,64,13,63,40.0,3,3,0,6,40,0.43,-7.5,1.1,Moderate
4,18,4.8,76,51,63,132,30.0,7,1,2,11,12,2.1,-3.4,0.0,Moderate
18,14,6.6,78,32,71,61,47.2,2,7,0,12,16,2.37,-0.9,0.0,High
14,7,7.1,86,20,44,65,35.0,6,9,1,12,89,1.47,-3.6,5.2,High
5,14,3.9,92,37,64,72,47.0,3,10,0,6,47,2.13,4.3,1.5,Moderate
10,11,4.8,93,54,36,69,30.0,4,8,3,12,2,1.2,-0.6,2.3,Moderate
8,8,7.5,84,31,60,27,35.0,4,2,0,7,29,2.0,-4.5,0.0,Low
2,8,7.3,78,70,24,107,39.1,6,7,0,4,86,0.8,-0.7,1.5,Low
11,7,6.8,94,34,91,168,74.4,2,8,2,11,46,3.03,10.3,3.0,Moderate
7,12,5.6,74,22,14,94,39.2,3,5,0,5,71,0.47,-3.1,0.0,Low
3,9,7.3,79,52,163,102,42.0,3,8,1,8,38,5.43,-2.2,5.5,Low
0,4,5.0,75,66,118,53,46.5,4,2,1,10,86,3.93,-4.7,1.9,Moderate
0,4,6.2,55,79,93,91,53.0,1,11,1,7,13,3.1,5.5,4.7,Low
7,10,4.8,92,23,20,161,39.4,5,4,1,3,76,0.67,-2.2,0.0,Moderate
9,11,6.2,85,78,29,73,30.0,2,1,0,8,33,0.97,-11.7,0.0,Moderate
4,7,5.2,52,55,26,119,31.9,1,4,1,2,76,0.87,-15.0,1.9,Moderate
14,2,7.3,89,41,21,112,42.9,6,8,1,2,30,0.7,3.6,0.0,Moderate
9,16,6.9,75,64,25,132,59.6,4,8,2,11,67,0.83,8.3,6.6,Moderate
13,15,5.7,89,76,53,96,36.8,4,6,1,3,55,1.77,-4.2,0.0,Moderate
8,0,7.7,79,22,30,95,52.9,2,1,0,14,26,1.0,-5.8,1.4,Moderate
4,16,5.3,63,44,16,130,41.4,3,3,1,6,39,0.53,-7.2,0.0,Moderate
10,7,6.4,78,42,8,121,44.2,3,5,0,9,72,0.27,-1.3,0.0,Low
1,10,5.7,68,63,67,63,35.5,3,5,0,1,132,2.23,-8.7,2.2,Low
13,15,7.3,65,78,42,85,49.3,3,2,0,0,57,1.4,-3.8,0.0,Low
3,18,7.2,88,53,38,15,51.1,4,5,1,16,72,1.27,2.1,0.0,Moderate
15,14,8.0,82,47,3,63,30.8,2,9,0,13,27,0.1,-7.0,5.1,Moderate
7,10,6.5,94,60,16,70,38.4,6,6,0,14,30,0.53,1.5,0.0,Low
16,1,3.0,74,48,39,63,44.8,5,10,0,5,116,1.3,5.9,6.0,High
2,0,5.9,67,15,51,68,50.6,2,6,0,8,47,1.7,1.7,2.4,Low
5,14,8.3,85,61,2,83,67.3,5,10,0,8,55,0.07,11.9,2.3,High
12,16,6.0,69,70,38,109,40.0,9,11,1,8,92,1.27,1.9,2.4,High
17,4,4.1,75,71,45,92,30.0,4,7,1,12,171,1.5,-5.7,4.8,Moderate
20,7,6.9,84,31,18,76,40.7,4,6,1,12,7,0.6,0.4,1.7,Moderate
10,5,7.0,77,63,78,51,49.1,6,10,0,8,34,2.6,8.2,4.3,High
21,5,5.5,73,80,13,47,50.3,5,9,2,3,12,0.43,4.6,1.0,High
8,15,6.1,63,98,46,68,44.1,3,5,2,12,31,1.53,1.2,1.7,Low
17,10,5.4,88,61,26,20,36.2,5,5,1,1,94,0.87,-3.7,0.0,Moderate
3,7,7.0,74,70,55,45,49.3,2,7,0,5,45,1.83,0.8,1.7,Low
12,21,6.5,85,34,37,189,46.8,7,2,2,5,22,1.23,-4.3,0.0,High
0,0,5.0,83,32,73,34,48.1,1,7,0,3,13,2.43,2.2,4.1,Low
2,12,6.4,90,70,16,26,39.4,3,6,0,10,23,0.53,-2.8,2.2,Moderate
13,2,5.5,75,15,26,104,53.6,5,3,0,5,51,0.87,4.1,1.5,Low
1,8,8.2,74,55,55,118,47.7,3,5,1,5,53,1.83,4.1,2.2,Low
12,9,7.5,66,78,41,59,45.0,2,8,2,3,44,1.37,-3.1,1.9,Moderate
15,13,6.3,72,65,56,61,55.3,2,5,0,8,15,1.87,2.6,0.0,Moderate
6,7,6.5,82,65,62,5,42.8,4,7,0,8,57,2.07,-1.9,0.1,Low
3,6,7.6,69,51,61,72,54.0,3,8,1,6,12,2.03,4.6,0.0,Low
6,7,6.2,81,45,45,123,40.8,1,11,0,7,78,1.5,0.7,3.8,Low
3,2,7.3,94,91,62,95,35.7,7,5,2,9,117,2.07,3.8,0.0,Low
9,12,8.2,73,74,34,66,45.8,6,6,1,8,2,1.13,-1.0,0.0,Moderate
10,10,5.8,64,67,53,41,30.0,1,7,1,9,75,1.77,-8.3,3.7,Moderate
8,11,8.4,73,53,15,172,49.1,4,12,1,1,62,0.5,4.7,7.6,High
20,8,8.0,62,41,42,33,55.3,4,9,1,4,85,1.4,7.7,0.8,High
5,7,6.7,93,71,43,28,67.7,4,3,0,7,32,1.43,8.5,0.0,Moderate
19,15,5.9,79,46,98,95,55.2,6,2,1,3,18,3.27,2.4,0.0,High
3,14,6.7,70,53,31,18,62.2,2,10,0,4,45,1.03,9.8,4.6,High
10,17,6.1,72,63,11,76,48.7,6,7,2,0,40,0.37,2.1,1.2,Moderate
17,11,5.4,65,56,11,42,58.6,3,10,2,14,104,0.37,9.8,4.3,High
17,16,7.0,89,80,98,67,47.7,5,11,0,8,18,3.27,8.0,6.2,High
7,6,5.2,98,28,86,95,58.8,4,5,1,5,43,2.87,6.3,0.0,High
13,7,6.0,62,53,47,35,30.0,6,6,0,12,64,1.57,-1.1,0.0,Moderate
12,15,6.0,89,90,9,79,36.0,2,8,0,11,23,0.3,1.9,0.0,Moderate
6,13,4.8,75,68,48,56,42.6,5,4,1,7,49,1.6,0.1,0.0,Moderate
14,7,7.2,92,48,51,42,53.9,2,6,0,9,85,1.7,1.8,2.2,Moderate
22,2,6.1,58,66,38,86,52.5,5,5,0,5,69,1.27,0.9,0.0,Moderate
13,7,8.0,80,51,48,83,37.5,4,5,3,11,13,1.6,-2.5,1.9,Moderate
13,5,6.1,74,78,28,93,33.2,5,8,1,6,106,0.93,-1.3,3.2,Moderate
14,19,5.9,85,67,9,10,44.8,5,6,2,5,68,0.3,-0.5,2.4,Moderate
0,13,5.3,79,36,66,57,41.8,5,4,1,7,85,2.2,-0.1,2.7,Moderate
12,4,6.4,78,56,46,69,42.3,2,9,2,2,69,1.53,0.9,6.1,Low
3,2,6.5,77,60,86,86,43.5,5,10,1,8,60,2.87,4.4,5.8,Moderate
6,4,7.3,95,60,60,55,43.9,2,9,1,6,73,2.0,-0.2,4.7,Moderate
24,5,6.5,76,58,20,51,54.7,3,4,1,7,39,0.67,2.5,0.0,High
8,8,8.9,88,62,7,53,54.1,4,7,1,7,53,0.23,6.8,2.5,Moderate
5,15,6.9,85,60,50,45,42.0,8,6,1,8,52,1.67,0.4,0.5,Moderate
17,3,5.2,88,39,38,28,42.5,4,6,0,6,12,1.27,-3.2,0.0,Low
3,21,5.1,67,44,40,89,53.2,3,8,0,6,13,1.33,4.3,3.3,Moderate
7,3,7.0,86,47,47,116,48.5,3,8,0,7,17,1.57,3.0,0.0,Low
18,0,5.2,82,54,6,25,54.4,7,11,0,9,19,0.2,11.3,0.0,Moderate
10,18,7.1,65,47,34,69,50.5,4,8,0,8,83,1.13,1.8,4.5,Moderate
0,16,7.5,76,72,20,148,45.7,6,7,0,9,55,0.67,3.5,2.4,Moderate
13,7,7.5,103,35,42,252,47.8,4,7,0,1,14,1.4,1.2,0.2,Moderate
7,11,5.4,74,21,21,28,30.0,4,11,1,3,64,0.7,-0.8,2.9,Moderate
20,11,7.5,74,87,28,33,40.4,5,2,0,12,58,0.93,-4.2,0.0,Moderate
6,9,6.8,83,37,27,117,59.3,8,9,0,6,74,0.9,16.0,3.1,High
16,1,5.7,72,72,28,236,55.4,6,8,2,10,33,0.93,11.3,0.0,High
21,0,6.2,80,63,64,44,43.7,8,6,1,6,18,2.13,3.8,3.5,High
4,4,7.0,73,38,27,33,36.0,4,7,2,4,67,0.9,-4.2,0.0,Low
8,19,5.6,82,50,67,73,51.9,1,10,2,0,43,2.23,2.9,6.1,High
12,19,6.8,77,47,4,38,30.0,8,8,4,0,19,0.13,-3.0,0.4,High
4,7,8.1,99,58,21,114,50.3,5,8,1,16,134,0.7,1.6,2.7,Low
11,3,7.6,79,38,6,80,46.4,5,6,1,13,28,0.2,1.8,0.3,Moderate
8,10,6.5,76,49,58,121,43.5,2,9,0,11,54,1.93,2.2,5.8,Moderate
8,11,6.7,89,51,35,142,55.5,3,9,0,13,62,1.17,16.1,0.0,High
10,12,5.8,63,72,31,30,54.1,5,1,0,7,31,1.03,2.8,0.0,Moderate
10,0,5.8,97,45,23,97,52.9,2,7,1,3,125,0.77,1.3,2.9,Moderate
11,21,4.6,67,34,64,81,60.0,3,14,1,9,36,2.13,17.0,10.7,High
6,15,6.7,91,42,44,37,41.0,2,11,1,7,49,1.47,4.8,6.2,Moderate
6,7,7.2,94,59,24,12,41.2,3,10,0,4,30,0.8,-0.9,4.6,Low
9,4,6.3,72,20,123,87,46.6,1,6,3,6,54,4.1,-4.5,2.3,Moderate
9,14,5.3,73,74,28,229,62.2,3,10,0,3,51,0.93,10.2,3.1,High
7,11,6.5,77,52,9,41,31.2,4,7,2,10,55,0.3,-8.5,0.0,Low
12,9,8.0,85,60,73,94,41.2,5,1,0,13,32,2.43,-4.4,0.0,Low
0,11,7.5,67,56,24,87,40.4,3,6,0,5,36,0.8,-6.5,0.0,Low
5,8,6.4,77,40,17,56,50.5,8,2,1,9,14,0.57,1.7,0.6,Moderate
8,11,8.9,75,33,56,94,35.7,3,6,2,5,17,1.87,-5.1,1.8,Moderate
4,13,9.5,65,39,47,39,46.6,1,13,0,13,8,1.57,2.6,3.6,Moderate
20,10,5.8,67,25,23,126,61.4,4,4,0,12,75,0.77,6.2,0.2,High
10,10,6.1,79,58,22,274,34.9,2,9,1,6,92,0.73,-3.6,0.0,High
11,17,7.2,79,49,62,52,38.2,4,2,0,7,24,2.07,-7.4,0.0,Moderate
6,0,5.3,70,24,39,133,47.1,3,7,0,6,16,1.3,1.6,0.2,Low
9,4,7.4,79,41,62,68,54.2,4,1,2,14,27,2.07,3.9,0.0,Moderate
2,9,6.5,71,64,34,83,47.7,4,2,2,5,180,1.13,-0.3,0.0,Moderate
8,4,6.8,92,75,15,63,54.6,5,8,1,11,133,0.5,8.9,0.3,Low
3,6,5.7,77,29,47,58,54.5,4,6,3,12,24,1.57,3.1,3.5,Moderate
8,16,5.5,90,91,51,70,35.8,2,6,1,6,82,1.7,-5.8,0.3,Low
0,8,4.0,59,35,30,41,44.7,4,6,0,11,26,1.0,4.3,2.6,Moderate
2,0,8.2,82,21,34,55,30.0,1,1,0,3,29,1.13,-15.0,0.0,Low
19,6,7.5,85,84,17,191,50.7,5,5,0,10,130,0.57,4.6,2.1,Moderate
15,9,7.2,76,33,10,95,65.2,3,6,0,9,32,0.33,8.1,0.0,Moderate
18,9,6.8,72,79,57,40,40.7,4,7,0,5,15,1.9,2.9,3.5,Moderate
19,12,3.6,76,40,14,55,43.2,3,1,0,8,43,0.47,-3.2,0.0,High
14,11,5.5,86,47,46,50,39.7,3,9,2,3,15,1.53,0.7,3.6,Moderate
7,8,6.1,65,29,65,46,59.4,1,3,1,11,20,2.17,2.2,0.0,Low
3,2,5.1,86,75,52,64,51.8,2,8,1,3,46,1.73,5.1,2.9,Low
17,6,4.4,82,73,59,37,43.3,7,6,3,11,13,1.97,-2.8,5.4,High
10,5,5.2,75,40,78,114,33.6,2,9,0,13,30,2.6,-5.4,10.2,Moderate
26,7,6.5,76,51,8,347,43.5,5,11,3,3,133,0.27,3.4,0.0,High
7,13,6.5,79,64,52,19,36.4,5,6,1,12,77,1.73,-4.9,0.0,High
22,11,7.5,96,44,41,258,45.1,6,7,0,5,68,1.37,3.6,2.3,Moderate
8,13,8.9,82,77,40,69,47.3,3,1,0,8,73,1.33,-5.8,0.0,Low
18,6,7.2,68,50,52,58,38.3,9,4,1,10,34,1.73,-4.0,0.0,Moderate
21,17,6.2,73,43,12,38,42.5,2,3,0,0,30,0.4,-2.6,0.9,High
3,12,8.6,65,24,86,80,54.9,2,6,2,0,55,2.87,-1.7,2.3,Moderate
6,9,4.5,57,29,48,58,40.3,4,6,0,3,35,1.6,1.3,0.0,Low
3,12,3.9,65,63,7,84,60.3,7,6,1,13,23,0.23,6.5,0.0,High
2,5,5.3,79,56,55,154,50.7,4,7,0,5,25,1.83,2.4,2.0,Low
14,0,7.4,92,67,7,5,49.1,6,13,0,11,23,0.23,6.2,3.9,Moderate
8,5,6.6,89,42,65,81,50.3,3,8,1,7,55,2.17,3.8,6.2,Moderate
10,13,5.0,65,22,64,14,30.0,2,8,0,6,99,2.13,-4.9,0.0,Moderate
13,9,5.5,69,43,14,16,54.5,5,6,1,12,28,0.47,3.4,0.0,Moderate
0,8,4.9,68,89,9,110,56.6,3,6,0,7,70,0.3,3.2,0.7,Low
18,4,4.9,50,35,50,33,50.9,3,7,0,7,17,1.67,4.3,3.6,Moderate
7,0,8.3,76,51,8,16,33.5,3,6,1,1,69,0.27,-3.8,0.5,Low
13,17,6.2,87,15,30,260,50.1,5,11,1,10,6,1.0,5.0,2.7,High
14,7,8.5,75,43,94,125,36.7,5,4,0,5,18,3.13,-8.7,0.0,Moderate
18,6,5.3,64,45,32,79,52.4,5,8,0,7,23,1.07,8.9,4.5,High
9,5,7.0,69,58,64,121,51.5,6,4,0,10,40,2.13,2.2,0.0,Moderate
0,16,6.7,74,46,81,26,42.7,5,7,0,5,40,2.7,5.3,10.1,Moderate
10,14,7.5,86,25,74,40,48.3,9,8,1,6,61,2.47,8.3,1.7,High
11,3,6.7,76,40,41,139,48.8,4,7,2,5,152,1.37,-1.6,0.0,Moderate
3,15,7.6,85,48,19,87,57.5,2,5,0,6,89,0.63,3.4,0.0,Moderate
10,8,7.1,77,34,81,38,50.4,4,2,2,8,92,2.7,-4.2,0.0,Moderate
7,5,5.1,81,37,3,76,37.3,2,5,1,4,38,0.1,-11.8,0.0,Low
1,7,7.3,68,70,11,95,30.2,1,7,1,13,68,0.37,-11.5,0.0,Low
14,4,6.3,70,41,40,168,58.4,1,1,1,11,35,1.33,5.6,0.0,Moderate
6,1,5.5,64,60,92,20,34.2,5,7,0,7,12,3.07,-10.4,3.2,Low
7,13,7.2,85,49,79,21,35.6,5,5,0,3,31,2.63,-1.8,0.0,Low
6,7,7.5,75,30,31,59,41.9,4,2,0,6,1,1.03,-7.3,0.0,Low
18,12,5.8,50,46,65,107,42.1,7,7,1,9,29,2.17,5.0,1.4,Low
9,10,6.0,83,57,35,45,31.9,6,11,0,15,26,1.17,1.6,5.0,Moderate
10,12,4.7,89,83,27,61,46.6,3,9,1,9,15,0.9,8.3,5.1,High
7,0,4.2,69,38,51,16,34.8,3,3,1,2,27,1.7,-3.3,1.9,Moderate
13,3,6.1,83,50,32,12,49.6,3,12,0,6,27,1.07,6.0,2.6,Moderate
18,12,7.4,76,68,49,17,50.4,3,8,1,4,22,1.63,3.0,0.0,Moderate
14,1,5.7,55,75,69,123,55.9,3,9,0,6,17,2.3,4.2,5.6,Moderate
14,11,8.1,99,40,56,14,50.1,4,6,0,5,162,1.87,-1.7,3.9,Moderate
13,0,6.2,76,49,14,78,51.9,4,5,1,4,87,0.47,7.4,0.0,Low
1,9,6.2,80,72,22,27,32.7,2,1,0,10,35,0.73,-10.3,0.0,Low
4,18,6.1,71,61,93,41,38.6,6,11,1,0,58,3.1,0.4,4.2,High
8,13,7.6,75,71,66,11,44.6,6,7,0,9,63,2.2,-3.3,1.7,Moderate
5,0,5.2,80,73,41,85,53.7,5,5,0,11,17,1.37,3.9,0.0,Low
3,13,6.2,67,62,28,36,45.6,6,9,0,2,28,0.93,8.3,3.2,Low
0,19,5.7,97,55,64,44,43.5,2,7,0,8,35,2.13,-4.7,3.3,Moderate
1,21,5.7,87,40,25,65,51.3,2,2,1,7,19,0.83,-6.6,0.0,Low
8,11,6.4,84,48,50,98,30.0,3,6,0,2,78,1.67,-7.7,3.1,Moderate
9,1,6.3,76,49,34,94,36.8,1,5,2,12,149,1.13,-7.7,1.2,Low
4,11,7.7,70,74,42,101,47.6,2,5,0,14,40,1.4,-8.5,2.9,Low
10,18,6.4,89,55,30,117,46.3,3,11,0,10,19,1.0,2.4,2.6,High
7,7,7.1,85,55,59,87,50.2,9,8,2,2,59,1.97,9.4,1.6,Moderate
17,15,6.6,74,34,5,58,48.4,4,8,1,11,100,0.17,1.5,3.3,High
8,4,8.1,66,74,13,35,49.6,5,10,1,6,26,0.43,6.6,0.0,Moderate
14,11,6.0,61,38,31,51,40.8,3,8,1,4,26,1.03,-0.6,0.0,Moderate
11,0,6.0,78,47,39,23,58.0,5,8,0,12,60,1.3,5.8,2.6,Moderate
0,3,7.3,75,76,84,34,36.5,7,8,0,6,15,2.8,-3.6,3.1,Low
9,8,6.0,91,68,68,154,43.8,3,7,0,4,48,2.27,0.2,1.4,Low
1,6,7.0,89,37,10,27,46.3,2,7,0,7,24,0.33,-6.2,0.2,Low
9,1,9.2,78,33,43,118,51.7,7,4,1,5,141,1.43,2.3,0.0,Low
5,6,5.2,77,48,38,53,37.6,6,5,0,2,19,1.27,-2.9,0.0,Moderate
12,10,8.2,65,42,8,90,45.2,1,7,1,8,54,0.27,-2.7,2.9,Low
1,8,5.8,90,26,50,10,55.4,1,7,0,10,44,1.67,-0.4,4.6,Low
10,9,8.0,77,38,43,58,46.0,4,4,0,5,105,1.43,-0.9,0.0,Low
13,13,7.2,85,15,69,88,47.5,6,6,1,9,58,2.3,-3.0,0.1,Moderate
15,7,7.1,91,68,40,157,42.6,3,5,2,10,24,1.33,-11.5,0.0,Moderate
5,16,6.2,72,67,20,61,46.0,7,10,1,2,28,0.67,3.5,0.2,Moderate
10,3,6.1,69,77,40,99,45.7,4,6,0,10,62,1.33,-1.3,2.5,Moderate
11,20,5.5,105,58,14,67,49.7,5,5,3,4,67,0.47,7.1,0.0,High
20,15,6.4,85,44,31,41,34.9,4,3,0,10,14,1.03,-13.8,0.0,Moderate
0,6,6.2,75,70,18,65,44.8,3,3,2,7,22,0.6,-3.8,0.0,Low
4,7,6.6,92,39,82,34,47.3,3,2,1,10,82,2.73,-0.0,0.0,Low
27,10,4.7,75,28,34,61,53.2,4,8,0,0,84,1.13,6.4,3.8,High
8,12,6.4,82,49,18,83,52.0,2,3,1,9,106,0.6,0.1,0.0,Low
0,15,7.9,72,59,97,98,58.6,7,3,0,10,62,3.23,4.1,0.5,Moderate
6,1,7.5,78,37,37,69,46.2,6,1,1,8,60,1.23,-2.8,0.0,Low
0,11,6.4,75,33,21,72,34.3,4,4,0,18,87,0.7,-6.3,0.0,Low
11,0,9.5,70,44,28,90,45.3,4,1,1,5,78,0.93,-2.1,0.0,Low
15,7,5.7,81,59,61,82,31.4,2,1,0,9,30,2.03,-13.6,0.0,Low
4,17,6.3,71,49,51,118,31.4,2,8,0,12,73,1.7,-4.6,5.5,Moderate
6,0,4.7,84,99,42,66,40.3,6,6,2,13,84,1.4,0.2,2.5,High
16,0,5.9,75,50,13,62,48.1,5,4,0,6,26,0.43,1.1,0.0,Low
0,10,8.5,59,66,92,20,36.3,3,9,0,9,22,3.07,0.2,6.0,Low
1,17,6.0,85,26,67,121,58.0,5,5,1,8,86,2.23,2.6,0.7,Moderate
8,10,4.6,85,63,126,76,48.0,2,2,0,1,24,4.2,-2.4,2.3,High
5,0,7.4,103,44,35,66,57.2,9,8,0,5,73,1.17,12.0,1.6,Low
8,0,6.9,78,52,36,164,61.7,4,8,0,5,32,1.2,8.2,2.3,Moderate
1,9,7.4,80,82,5,149,54.9,5,3,1,6,41,0.17,-1.8,0.9,Moderate
11,2,6.0,83,45,31,85,41.7,4,4,0,13,80,1.03,3.3,0.0,Low
9,9,5.2,89,28,9,28,36.5,9,4,0,2,48,0.3,-0.2,4.4,Moderate
13,10,6.2,89,31,29,88,37.5,8,11,0,7,25,0.97,6.7,4.8,High
11,6,7.1,82,55,76,37,47.2,3,4,0,5,21,2.53,0.8,2.0,Low
11,19,6.3,78,54,50,94,42.0,5,5,0,11,64,1.67,-2.6,1.3,Moderate
0,12,6.9,87,53,80,148,36.7,6,4,0,6,26,2.67,-1.4,0.6,Low
13,16,5.8,77,29,64,59,51.3,3,4,1,7,19,2.13,4.3,1.6,High
7,14,6.9,64,88,31,22,50.6,4,7,1,7,41,1.03,-0.3,2.4,Moderate
8,8,6.4,61,78,14,149,37.7,3,10,1,3,38,0.47,1.3,2.6,Moderate
16,7,5.6,75,54,66,26,41.0,7,3,0,1,22,2.2,-3.6,2.6,Low
5,7,6.6,79,25,35,69,32.7,5,1,0,10,44,1.17,-7.4,0.0,Low
18,12,5.9,105,81,73,57,46.7,5,6,0,5,108,2.43,-3.2,0.1,Moderate
19,5,7.1,77,72,45,88,41.9,7,1,0,8,12,1.5,-1.5,0.0,Moderate
14,19,7.4,79,54,50,211,54.8,7,5,0,8,12,1.67,7.6,0.0,High
3,4,7.0,74,74,63,67,45.8,3,6,0,13,98,2.1,-4.8,2.1,Moderate
0,10,4.4,85,43,86,128,39.1,5,2,1,11,22,2.87,-4.2,3.0,Moderate
17,7,5.2,81,35,34,45,46.1,1,6,1,7,47,1.13,1.9,0.2,Moderate
10,6,5.6,71,55,35,91,43.2,6,5,0,9,43,1.17,0.3,2.7,Low
5,21,5.4,67,24,61,15,39.0,5,1,2,3,9,2.03,-3.3,0.0,Moderate
17,6,5.7,74,32,21,105,44.5,5,3,0,7,125,0.7,-2.2,0.0,Low
4,7,7.5,69,62,58,71,33.9,5,6,1,4,30,1.93,-3.0,0.0,Low
7,5,7.2,75,56,64,143,47.1,5,9,1,12,140,2.13,4.9,7.6,High
13,9,5.9,80,27,137,48,47.8,1,4,0,5,10,4.57,-2.8,0.2,Moderate
2,8,7.1,72,45,56,17,55.3,2,5,1,9,26,1.87,0.3,1.8,Low
9,2,6.8,94,28,82,49,47.2,5,3,1,6,44,2.73,2.4,4.9,Moderate
17,6,6.4,91,43,30,9,36.8,4,6,0,7,47,1.0,0.1,1.6,Low
11,12,7.8,75,41,28,52,30.0,2,6,0,13,22,0.93,-1.9,2.0,Low
18,14,5.6,67,70,37,115,35.8,1,7,1,5,19,1.23,-3.7,0.2,Moderate
17,9,6.5,78,49,24,85,48.7,1,4,1,9,18,0.8,-4.4,0.8,High
10,9,5.1,77,48,57,51,56.8,2,3,1,7,66,1.9,6.9,0.7,Moderate
0,6,5.2,77,45,19,63,46.7,3,5,1,8,49,0.63,6.4,0.0,Low
2,6,4.8,74,21,18,95,38.4,4,5,1,7,51,0.6,-8.5,0.0,Low
14,3,5.2,66,50,17,50,48.0,6,7,1,8,96,0.57,2.1,0.0,Moderate
0,0,6.5,78,61,51,96,30.0,0,8,1,15,33,1.7,-12.8,0.1,Low
7,4,6.0,74,56,18,33,46.2,2,7,0,2,14,0.6,0.4,1.4,Low
12,14,6.1,75,64,18,92,51.2,2,5,1,5,47,0.6,0.7,0.0,Low
19,6,6.0,79,65,19,68,38.8,1,9,0,6,81,0.63,-4.1,2.0,Moderate
6,6,8.5,77,92,5,34,54.7,2,7,2,11,83,0.17,-0.6,0.0,Moderate
5,6,5.0,79,32,27,47,58.6,4,11,2,7,99,0.9,4.3,5.9,Moderate
9,16,4.9,74,56,58,45,51.0,9,8,0,4,18,1.93,7.3,5.6,High
12,3,5.4,82,58,54,128,49.3,2,1,0,15,36,1.8,3.1,0.6,Low
8,10,6.3,70,46,55,121,30.0,3,1,0,1,56,1.83,-6.4,0.0,Moderate
16,8,7.0,66,41,63,42,48.7,5,11,0,4,29,2.1,11.0,2.3,Moderate
4,9,7.1,68,61,59,54,54.7,1,8,2,15,28,1.97,-5.0,4.7,Moderate
10,10,7.5,71,59,30,116,44.9,4,6,1,1,32,1.0,0.5,0.2,Low
12,9,6.3,64,33,60,60,53.3,3,12,1,4,28,2.0,14.2,3.9,High
7,13,5.9,59,20,16,78,47.2,3,1,2,13,62,0.53,-5.5,0.0,Moderate
15,8,8.4,84,43,42,59,46.4,5,3,0,3,16,1.4,-0.4,0.0,Moderate
10,19,3.1,92,40,17,47,50.3,3,7,0,0,24,0.57,2.1,0.6,Moderate
15,9,6.5,84,63,25,146,44.3,4,5,0,6,62,0.83,-0.4,0.0,Moderate
11,0,6.9,73,35,85,12,39.1,4,9,2,5,81,2.83,-0.1,4.9,High
12,12,8.6,59,49,30,251,43.7,6,12,0,9,31,1.0,9.4,3.3,High
5,11,4.4,80,21,25,57,42.8,4,8,1,7,18,0.83,-1.1,1.0,Low
5,9,5.9,60,24,69,71,49.4,2,1,2,1,52,2.3,-3.3,0.0,Low
17,7,4.8,77,38,23,64,38.0,3,11,1,7,150,0.77,-4.8,0.0,Moderate
14,0,4.2,69,47,53,45,56.5,7,6,1,6,12,1.77,5.7,0.0,High
3,0,6.2,53,37,45,70,48.9,5,4,2,7,79,1.5,1.5,0.0,Moderate
11,18,7.4,94,55,36,130,56.8,1,1,0,13,30,1.2,0.5,0.0,Moderate
0,5,7.8,64,21,21,64,43.7,2,6,0,6,61,0.7,-1.6,3.2,Low
6,14,5.8,74,48,101,67,34.1,5,1,1,7,19,3.37,-7.3,0.0,Moderate
16,0,7.2,77,48,24,73,34.9,2,4,1,7,87,0.8,-10.7,0.0,Low
9,2,6.2,73,26,88,155,40.2,4,2,2,8,68,2.93,-5.3,0.0,High
10,12,7.1,83,56,55,56,36.5,0,5,1,13,125,1.83,-7.6,3.0,Moderate
0,8,7.8,70,15,68,171,31.9,6,5,2,6,63,2.27,-3.7,0.0,Moderate
7,12,6.2,82,40,44,61,47.7,3,2,1,7,61,1.47,-0.1,0.7,Moderate
12,8,7.7,82,66,103,92,49.0,5,5,1,5,67,3.43,0.8,3.0,Moderate
13,7,4.9,63,15,120,150,44.0,4,8,0,8,61,4.0,-0.0,6.7,High
16,5,7.2,81,64,33,110,58.6,5,6,1,5,31,1.1,9.8,0.0,Moderate
8,2,7.6,66,31,25,17,45.7,1,13,2,0,32,0.83,2.8,8.5,Moderate
8,17,7.5,65,41,41,130,43.0,4,4,4,1,71,1.37,-3.7,0.0,Moderate
1,18,5.0,81,77,32,76,43.3,9,6,0,6,46,1.07,1.4,0.0,Moderate
8,2,6.2,74,41,80,90,52.7,6,9,1,9,18,2.67,10.6,4.4,Moderate
1,2,6.8,82,81,57,166,33.7,6,3,1,11,51,1.9,-3.4,0.0,Low
0,6,6.9,82,47,15,49,30.0,6,8,0,0,31,0.5,-4.6,0.6,Low
2,10,6.5,62,50,15,160,47.9,4,3,1,15,32,0.5,-1.3,0.3,Low
19,7,8.1,86,67,46,54,47.9,6,4,0,11,11,1.53,2.9,2.9,High
8,11,4.8,81,62,80,30,51.3,7,7,0,6,37,2.67,2.1,4.0,Moderate
11,8,6.1,72,55,22,71,45.8,3,4,0,7,39,0.73,3.7,0.0,Low
6,8,4.4,77,44,54,33,61.8,2,4,0,0,57,1.8,0.5,0.3,Low
0,21,7.1,86,24,64,37,53.4,9,1,1,8,33,2.13,8.9,0.0,High
16,5,7.1,74,25,56,57,30.0,4,11,0,5,10,1.87,-4.2,5.3,Low
0,18,9.5,101,76,12,151,33.7,2,8,3,4,14,0.4,-3.0,0.0,Moderate
6,17,7.6,94,83,29,100,30.0,5,7,1,5,32,0.97,-5.6,0.0,Moderate
9,11,6.8,79,54,29,31,46.7,4,4,1,2,18,0.97,-3.8,0.6,Moderate
11,0,6.7,75,20,64,214,47.7,4,1,1,3,105,2.13,-2.2,0.0,Moderate
5,9,6.0,76,38,27,165,61.4,2,7,3,8,82,0.9,8.4,1.6,High
0,6,6.6,71,37,16,19,39.3,2,7,0,5,50,0.53,-0.5,0.0,Low
4,9,6.7,79,42,61,8,37.9,3,1,1,4,23,2.03,-6.0,0.0,Moderate
5,2,4.0,86,36,19,107,48.3,4,2,2,6,21,0.63,-2.5,0.0,Moderate
4,13,6.6,63,61,9,178,36.7,6,6,1,9,97,0.3,-4.5,0.2,Low
16,14,6.5,85,56,28,90,43.7,2,7,1,6,22,0.93,-5.2,0.0,Moderate
2,15,8.5,88,80,10,82,54.3,15,5,2,2,59,0.33,10.9,0.0,High
11,6,6.2,84,45,8,39,53.0,3,1,2,3,75,0.27,3.9,0.0,Moderate
11,2,5.5,77,56,4,109,55.6,2,6,0,4,43,0.13,6.0,0.0,Moderate
16,11,6.7,84,65,52,65,34.2,3,5,0,0,27,1.73,-10.2,0.0,Moderate
9,19,6.5,92,70,39,36,51.0,1,2,1,6,108,1.3,-9.3,0.6,High
15,9,6.2,77,30,134,38,46.1,3,6,0,0,27,4.47,-5.5,4.4,High
8,11,4.9,78,59,25,136,67.3,3,4,0,2,8,0.83,7.4,0.0,Low
12,7,6.2,101,55,95,23,52.5,5,1,0,7,76,3.17,4.3,0.0,High
0,6,5.7,81,57,54,35,46.1,3,6,0,9,28,1.8,2.0,0.0,Low
0,12,6.1,67,53,26,239,55.3,6,9,1,2,36,0.87,8.8,1.1,Moderate
12,8,7.3,88,83,17,26,51.2,3,9,2,8,36,0.57,0.0,4.0,Moderate
12,11,5.6,82,36,46,183,52.9,5,8,2,0,71,1.53,6.4,4.7,High
13,11,6.1,71,35,19,24,50.6,4,5,0,10,63,0.63,2.0,0.0,Moderate
6,11,7.0,66,37,45,58,42.6,3,4,1,4,43,1.5,-1.3,0.0,Low
19,12,6.1,81,47,18,23,42.5,3,2,0,5,37,0.6,-4.1,0.0,Moderate
7,4,9.5,77,57,14,32,52.3,1,1,1,3,41,0.47,-9.4,0.0,Low
12,3,6.7,64,44,7,55,40.4,2,6,1,11,36,0.23,-10.8,0.0,Low
13,8,4.9,77,70,43,44,47.6,3,6,0,6,42,1.43,1.4,5.4,Moderate
21,8,5.4,76,52,36,96,50.6,1,5,1,6,90,1.2,-6.5,1.2,Moderate
7,5,5.3,77,50,14,50,40.9,4,10,0,0,12,0.47,1.0,0.6,Low
5,10,5.4,83,28,34,25,50.1,3,9,2,0,69,1.13,-5.0,2.9,Low
0,14,7.0,59,85,10,79,46.3,5,8,2,0,22,0.33,4.8,0.0,Moderate
20,15,5.1,66,51,38,18,42.7,5,4,0,14,10,1.27,2.6,0.7,Moderate
12,17,6.0,73,81,35,56,53.0,4,11,1,6,20,1.17,9.9,3.9,High
12,1,7.8,93,41,59,119,34.8,2,10,2,3,20,1.97,-3.2,8.3,Low
27,2,5.8,104,67,10,34,34.7,3,2,0,3,9,0.33,-6.9,0.0,High
12,7,7.2,78,42,4,70,46.5,4,7,1,13,68,0.13,-1.0,0.1,Moderate
1,9,4.4,79,85,90,89,36.0,4,8,3,18,20,3.0,-2.4,4.8,Moderate
8,7,6.0,51,72,49,40,57.7,2,3,0,10,73,1.63,-1.9,0.0,Low
3,5,5.3,88,67,22,99,43.1,5,8,2,8,40,0.73,-1.4,3.6,Low
7,7,6.8,83,39,85,93,33.5,8,10,0,7,64,2.83,3.9,2.6,Low
7,11,5.2,81,86,132,17,44.7,1,4,3,8,80,4.4,-3.6,1.1,High
6,1,8.9,64,89,51,37,62.1,4,5,0,18,16,1.7,0.9,3.7,Moderate
0,21,4.4,100,45,34,24,38.1,7,8,0,7,35,1.13,1.5,3.0,Low
20,9,7.8,95,55,13,109,40.5,4,11,0,8,66,0.43,2.1,2.4,High
11,15,7.5,81,69,28,45,51.1,3,8,0,7,73,0.93,5.2,4.2,High
8,5,6.8,89,17,13,130,58.7,2,4,2,9,29,0.43,-0.5,0.0,Low
14,12,6.5,79,73,50,68,37.1,4,5,0,5,5,1.67,-4.7,0.0,Low
13,9,8.6,87,70,158,39,39.3,3,7,0,11,28,5.27,0.5,3.6,High
11,13,9.4,64,42,54,31,32.1,1,6,0,5,23,1.8,-6.0,6.1,Moderate
14,7,6.2,53,15,85,75,45.9,7,6,0,0,43,2.83,0.2,0.0,Moderate
10,17,6.6,64,58,33,82,48.3,2,2,0,2,58,1.1,-5.5,0.0,Low
14,0,5.7,69,32,49,44,54.3,3,7,1,0,32,1.63,4.5,1.9,Moderate
14,14,5.0,71,23,30,134,49.9,7,8,0,6,15,1.0,6.7,3.4,High
11,9,7.0,83,59,9,231,47.0,4,4,0,10,103,0.3,-0.7,1.3,Moderate
8,3,6.7,75,76,5,30,48.4,6,8,1,5,54,0.17,9.9,1.9,Moderate
19,20,4.5,78,48,149,62,51.4,4,9,1,9,51,4.97,8.8,7.4,High
6,19,6.9,65,73,24,34,35.4,3,8,1,4,23,0.8,-0.3,3.8,Moderate
12,0,6.7,64,64,33,107,48.3,6,10,0,7,77,1.1,5.8,0.0,High
12,10,5.7,78,27,5,80,31.1,6,3,0,8,33,0.17,-7.1,0.3,Moderate
6,13,5.6,72,42,30,32,56.3,2,8,0,7,46,1.0,6.9,0.9,Moderate
4,11,6.9,78,71,62,57,62.3,2,11,1,7,80,2.07,9.0,4.6,Moderate
7,17,8.3,84,42,58,87,40.8,5,10,1,11,87,1.93,1.5,5.1,Low
6,16,6.9,96,67,39,91,48.9,6,1,1,1,72,1.3,-2.3,0.0,Low
0,10,7.3,78,45,64,89,53.3,2,5,3,7,37,2.13,-1.5,1.0,Moderate
5,21,5.4,98,65,24,42,60.1,6,7,1,6,136,0.8,8.7,0.0,High
11,14,5.9,82,60,87,10,44.9,8,1,0,13,97,2.9,1.1,0.0,High
18,6,7.1,86,48,180,97,39.7,4,7,1,4,28,6.0,2.4,7.8,High
13,5,4.8,90,64,78,22,50.3,7,1,1,14,22,2.6,5.1,0.0,High
0,16,6.6,86,15,34,47,57.9,2,5,1,8,24,1.13,0.3,0.5,Moderate
14,4,7.0,69,32,20,62,46.8,10,4,1,7,31,0.67,3.8,0.0,Moderate
6,6,6.4,90,44,13,113,58.2,7,4,0,12,32,0.43,11.7,0.2,Moderate
12,7,6.8,74,73,37,88,55.2,9,5,1,7,5,1.23,11.1,0.0,High
9,11,6.5,81,26,13,108,52.7,4,1,0,6,134,0.43,3.0,0.0,Moderate
8,7,5.7,79,51,45,118,45.8,3,7,2,2,105,1.5,-2.9,4.1,Low
9,1,5.0,91,58,35,55,43.9,6,7,1,3,29,1.17,2.7,0.0,Low
9,15,6.3,82,56,20,199,61.5,4,7,0,12,13,0.67,9.1,0.1,Moderate
18,6,8.0,63,50,41,25,38.2,3,9,0,13,12,1.37,-1.1,3.9,Moderate
9,20,7.6,101,41,44,110,50.7,4,9,0,1,34,1.47,7.6,0.9,Moderate
17,10,6.0,87,48,54,67,50.0,6,6,1,12,36,1.8,0.2,0.0,Moderate
16,16,6.0,72,70,36,66,49.2,3,7,3,11,26,1.2,0.5,4.5,High
14,12,5.9,65,40,51,71,36.3,2,9,1,8,100,1.7,-5.4,4.4,Low
0,16,5.9,88,15,83,61,46.7,7,3,0,7,44,2.77,5.3,2.8,Moderate
17,12,6.7,67,60,14,69,41.2,1,7,0,1,167,0.47,-2.5,1.8,Moderate
7,10,7.7,87,79,14,59,54.4,2,3,0,10,26,0.47,3.3,0.0,Moderate
14,15,9.1,90,33,63,30,48.3,3,2,2,7,47,2.1,-4.4,0.0,High
3,21,5.4,71,76,24,79,59.4,3,4,1,5,90,0.8,-0.2,0.0,Low
2,7,7.2,70,61,84,56,59.0,6,6,0,0,23,2.8,4.7,0.0,Moderate
22,13,7.1,73,31,71,123,42.5,5,7,3,6,21,2.37,4.2,4.0,High
3,8,6.0,67,39,86,148,59.0,5,3,1,8,95,2.87,8.4,0.0,Moderate
17,11,5.2,81,39,9,105,40.5,1,10,0,9,94,0.3,-0.4,2.9,Moderate
10,9,6.7,82,55,35,133,58.0,2,7,1,11,8,1.17,6.4,2.1,Low
7,0,8.9,86,49,51,131,35.5,4,5,0,8,138,1.7,-5.2,0.0,Low
9,7,6.7,69,72,16,69,59.4,2,5,1,6,28,0.53,2.2,0.6,Low
1,14,5.5,87,67,34,74,39.7,6,5,0,6,36,1.13,-1.1,0.0,Moderate
9,4,6.2,67,24,47,35,43.0,3,3,0,2,57,1.57,-8.7,0.0,Moderate
2,14,5.0,87,26,21,72,44.5,2,3,3,4,28,0.7,-5.5,0.0,Low
7,10,6.4,62,63,16,163,40.7,5,5,0,3,58,0.53,6.3,0.3,Moderate
16,7,7.2,95,43,28,135,58.3,5,5,0,8,27,0.93,6.0,4.6,Moderate
11,14,5.6,72,49,89,107,30.7,9,8,0,12,70,2.97,-0.9,0.0,High
0,12,3.0,85,62,53,78,50.6,2,12,1,9,49,1.77,6.2,4.4,Moderate
15,11,6.7,85,67,43,94,51.4,3,7,0,1,27,1.43,0.3,0.6,Moderate
9,14,5.8,64,30,68,27,36.6,4,3,0,4,45,2.27,-9.1,0.8,Moderate
6,10,5.5,87,15,36,189,42.0,1,5,1,3,65,1.2,-3.6,1.0,Moderate
14,0,5.5,72,50,25,124,37.0,3,12,1,7,50,0.83,0.4,7.7,Moderate
8,6,6.9,75,37,17,45,43.1,4,12,0,13,19,0.57,2.1,3.4,Moderate
2,0,5.9,71,53,31,39,54.2,4,6,1,11,39,1.03,-4.3,1.2,Low
22,12,7.5,96,50,60,44,42.6,2,11,2,5,45,2.0,7.6,4.9,High
9,14,7.5,65,34,3,80,48.6,1,9,2,14,9,0.1,7.2,0.5,High
9,14,6.1,83,90,26,86,45.1,1,7,0,6,29,0.87,2.4,2.4,Low
7,11,5.8,71,52,33,14,64.1,2,7,0,0,28,1.1,4.7,0.0,Moderate
17,14,6.6,90,42,25,22,47.2,3,9,0,5,68,0.83,-0.7,2.1,Moderate
6,0,6.2,104,54,70,72,38.3,1,9,0,8,123,2.33,-4.8,7.8,Low
0,8,4.3,71,62,51,71,48.2,3,2,1,2,71,1.7,-4.6,0.0,Moderate
5,0,8.7,80,41,27,105,52.3,3,4,2,10,30,0.9,-5.5,0.5,Low
18,6,7.3,74,94,66,133,41.1,6,6,0,0,147,2.2,-1.2,7.5,High
15,18,5.8,89,25,11,33,57.6,7,5,0,2,38,0.37,7.6,0.0,High
8,15,4.1,75,26,52,71,31.4,4,2,3,6,32,1.73,-12.9,0.0,Moderate
18,12,6.2,88,23,19,37,42.2,4,1,1,6,27,0.63,-4.2,0.0,Moderate
14,7,5.7,74,52,55,116,46.2,5,4,2,14,99,1.83,0.3,0.0,Moderate
8,3,6.3,103,61,44,44,54.8,7,4,1,11,131,1.47,9.0,0.3,Moderate
8,10,3.8,54,46,45,67,58.7,2,9,2,1,31,1.5,5.6,4.2,Moderate
12,15,5.8,82,60,46,31,58.5,7,9,3,5,80,1.53,16.8,0.1,High
4,11,5.9,78,60,33,70,47.5,6,5,1,3,22,1.1,3.1,0.0,Moderate
10,0,6.2,77,46,44,55,56.2,3,8,2,12,49,1.47,4.8,3.6,Moderate
12,9,6.1,81,60,13,175,52.0,4,5,1,15,114,0.43,7.0,0.0,Moderate
0,0,6.5,79,48,33,25,47.2,3,12,0,7,41,1.1,5.6,8.6,Low
8,13,8.2,80,45,13,49,41.5,5,7,2,9,71,0.43,-1.6,2.3,Moderate
8,4,5.8,82,43,104,53,48.1,4,9,0,13,36,3.47,3.6,1.2,Moderate
16,1,5.3,97,56,19,47,57.4,3,6,0,16,58,0.63,8.0,0.7,Moderate
0,13,4.3,50,74,93,44,46.8,1,9,2,8,104,3.1,1.6,6.6,Moderate
7,12,5.8,98,30,73,67,42.6,4,10,2,10,50,2.43,3.4,3.4,High
6,10,4.7,106,43,29,66,56.4,5,2,1,9,24,0.97,6.6,0.0,High
16,21,7.6,59,55,22,30,42.0,5,8,2,13,104,0.73,-2.0,0.9,Moderate
9,12,6.3,79,84,31,113,51.0,4,7,0,4,11,1.03,2.2,1.5,Low
21,5,7.5,93,60,126,103,49.5,3,2,1,11,147,4.2,0.3,0.9,High
14,12,8.2,88,37,27,133,54.1,2,6,2,8,36,0.9,7.1,2.7,High
7,7,5.4,96,35,83,62,53.3,4,4,0,4,45,2.77,3.2,5.2,Moderate
11,16,6.0,82,70,92,7,52.0,3,9,1,11,74,3.07,8.1,4.6,High
7,10,8.0,56,46,24,111,43.1,5,4,2,8,51,0.8,-1.1,0.0,Low
15,11,6.6,92,30,33,80,41.4,7,9,1,13,45,1.1,6.1,4.2,Moderate
1,0,7.0,85,70,9,79,48.9,6,4,1,5,46,0.3,1.0,0.0,Low
4,9,7.6,94,58,43,170,48.2,0,3,0,9,96,1.43,-1.1,0.0,Low
12,8,7.5,61,31,43,87,68.3,5,3,1,1,175,1.43,7.8,1.9,Moderate
17,3,6.9,65,28,35,34,49.2,2,10,1,9,65,1.17,4.8,4.0,Moderate
0,7,8.1,78,15,31,73,46.8,4,7,0,4,45,1.03,-3.2,5.1,Low
18,11,6.3,93,41,62,72,40.9,4,5,0,7,29,2.07,-4.6,0.0,Moderate
9,8,7.0,96,57,74,213,36.9,7,10,0,11,24,2.47,3.8,4.3,Moderate
0,0,6.2,70,69,67,100,32.5,3,12,2,6,30,2.23,-6.9,4.1,Low
0,7,7.6,74,60,36,63,36.4,6,4,0,0,104,1.2,-7.4,0.0,Low
0,6,5.6,110,29,57,168,43.4,7,10,2,7,60,1.9,2.5,3.7,Moderate
9,10,4.4,72,47,38,235,54.7,5,5,0,5,46,1.27,3.0,0.0,High
9,9,7.2,85,78,30,55,49.8,4,7,0,7,16,1.0,0.8,0.0,Moderate
14,6,5.2,73,43,40,25,37.2,2,4,1,11,66,1.33,-9.0,0.0,Low
6,6,5.1,83,66,27,48,40.6,5,7,0,8,27,0.9,-0.7,3.2,Moderate
2,9,7.9,68,64,17,33,45.0,6,8,1,4,52,0.57,4.5,2.5,Low
7,14,7.6,69,66,86,68,42.9,1,8,0,6,129,2.87,-4.8,2.4,Moderate
10,10,6.0,74,60,63,77,38.3,2,4,1,0,57,2.1,-2.8,0.5,Low
11,17,3.0,72,66,19,42,30.0,3,11,1,5,85,0.63,-5.9,4.0,Moderate
4,15,7.0,75,25,21,115,36.5,1,12,0,17,60,0.7,-1.0,8.9,Moderate
15,17,7.2,84,79,45,153,37.0,5,8,0,11,95,1.5,-4.4,6.8,Moderate
5,16,7.0,99,19,37,185,56.3,4,9,3,5,35,1.23,3.9,3.7,High
4,18,7.0,72,58,25,147,58.6,3,1,1,9,28,0.83,1.4,0.0,Moderate
6,2,6.2,67,51,29,98,30.0,5,4,1,10,103,0.97,-12.2,1.7,Low
16,12,5.9,78,41,23,62,52.8,2,11,1,2,43,0.77,7.1,4.5,Moderate
9,16,5.1,69,34,46,63,57.0,5,10,1,3,39,1.53,7.5,4.0,High
5,17,5.6,60,62,71,42,39.1,4,7,3,3,100,2.37,0.6,1.7,High
16,4,6.8,90,66,39,18,31.4,7,5,2,7,22,1.3,-5.7,0.9,Moderate
23,12,6.8,79,50,32,220,60.8,1,6,1,8,68,1.07,6.6,0.4,Moderate
11,9,7.3,80,47,17,172,44.3,7,8,2,7,53,0.57,2.0,3.0,Moderate
18,19,4.7,57,75,11,83,57.5,2,9,1,5,23,0.37,9.1,3.5,High
16,0,4.4,72,44,13,54,46.8,3,6,0,2,46,0.43,1.2,0.0,Low
6,4,5.9,62,51,47,35,59.3,9,1,0,7,29,1.57,8.2,0.0,Moderate
10,0,5.2,78,48,48,100,50.2,7,7,2,1,12,1.6,9.2,0.0,Moderate
1,9,6.6,79,96,8,133,42.8,3,2,2,2,12,0.27,0.2,0.0,Low
8,21,4.8,79,37,13,127,41.7,5,11,0,2,42,0.43,7.2,4.2,High
5,8,7.8,71,67,26,270,40.8,2,8,1,3,25,0.87,1.5,0.6,Low
7,9,5.4,69,21,28,16,44.2,6,10,1,2,5,0.93,6.2,0.0,High
5,12,8.3,76,35,142,59,45.4,2,9,0,8,67,4.73,2.5,5.4,Moderate
8,8,7.0,82,46,6,8,49.3,5,8,1,5,33,0.2,5.5,2.1,Low
13,11,5.1,72,50,31,41,42.5,1,3,2,9,94,1.03,-6.6,3.1,Moderate
9,11,8.9,68,47,11,98,61.8,4,5,2,7,180,0.37,8.3,0.4,Moderate
0,4,6.7,68,50,45,70,60.6,4,4,0,5,30,1.5,9.6,0.0,Low
5,8,6.6,71,40,24,58,48.6,2,5,0,12,21,0.8,-0.1,0.0,Low
0,13,6.3,73,75,27,177,62.7,5,6,0,2,15,0.9,8.4,0.0,Moderate
11,14,7.0,66,34,3,23,59.2,5,4,4,6,30,0.1,10.1,0.0,High
13,16,7.0,73,65,59,51,43.4,5,2,0,3,30,1.97,-7.0,0.0,Moderate
11,10,5.4,92,64,130,72,50.4,5,1,3,8,21,4.33,-1.0,2.9,High
4,11,6.1,75,35,35,25,45.6,0,3,3,4,29,1.17,-4.9,0.2,Moderate
11,13,6.5,64,45,39,86,59.1,4,8,1,12,51,1.3,12.1,2.1,Moderate
6,5,7.1,53,52,64,46,38.3,2,6,2,2,126,2.13,-8.6,0.0,Low
2,5,7.1,98,82,37,65,33.3,6,8,1,7,98,1.23,-1.0,2.5,Low
14,8,6.6,91,45,36,49,45.9,6,5,2,4,25,1.2,1.3,0.0,Low
15,1,5.7,81,110,59,96,38.4,4,5,1,8,44,1.97,-5.5,3.7,Moderate
16,11,5.7,91,66,6,52,38.7,2,7,1,11,15,0.2,-8.6,0.1,Moderate
6,15,5.0,84,58,44,15,44.5,3,7,1,10,87,1.47,2.9,0.1,Moderate
17,4,7.1,77,68,23,39,42.1,4,7,2,9,23,0.77,-2.8,0.0,Low
6,11,5.7,64,21,84,128,43.5,4,6,2,2,43,2.8,4.6,4.6,Low
14,5,6.2,99,73,44,50,44.2,4,7,1,0,8,1.47,0.7,3.0,Moderate
6,3,6.7,73,28,23,102,48.6,2,2,2,3,50,0.77,-4.6,0.0,Low
8,20,6.4,74,68,53,116,40.2,5,7,2,9,30,1.77,-1.3,0.1,High
0,3,6.4,78,41,65,210,41.1,3,4,1,5,21,2.17,-5.6,0.0,Low
8,1,5.3,79,38,37,49,54.0,2,6,0,6,93,1.23,3.7,2.7,Moderate
10,10,6.7,84,84,92,68,56.7,2,4,2,13,2,3.07,2.8,5.7,Moderate
7,10,6.0,83,50,80,42,62.2,2,1,1,8,46,2.67,2.3,0.0,Low
21,12,6.3,72,24,43,155,46.5,2,3,3,3,129,1.43,0.5,0.0,High
2,20,7.8,78,70,26,41,56.3,3,8,1,7,16,0.87,3.4,4.8,Moderate
6,4,7.0,84,30,7,210,43.3,1,5,1,6,126,0.23,-5.9,1.1,Low
4,5,5.7,71,76,30,107,50.3,4,6,0,13,46,1.0,3.5,2.4,Low
6,18,6.2,94,52,24,108,47.0,4,7,2,2,41,0.8,2.2,2.0,Moderate
16,14,8.3,78,29,43,68,61.8,4,3,1,13,40,1.43,9.3,0.0,High
19,13,6.0,96,67,34,51,40.5,3,1,0,10,95,1.13,-8.5,0.0,High
5,5,6.4,63,61,38,16,38.7,5,6,0,3,101,1.27,-0.8,0.0,Low
5,15,7.2,85,15,43,143,46.5,2,5,0,6,21,1.43,3.6,0.3,Moderate
2,13,6.7,68,51,74,50,30.0,2,8,1,11,82,2.47,-8.7,1.7,Low
18,10,6.0,71,57,27,89,46.7,3,5,1,4,33,0.9,-6.2,0.4,Moderate
17,5,5.5,88,56,28,39,30.0,2,1,0,3,75,0.93,-10.9,0.0,Low
9,9,6.4,75,49,58,53,38.2,7,8,2,10,51,1.93,-0.6,3.5,Moderate
0,18,7.2,107,65,95,66,46.0,1,8,1,1,26,3.17,3.7,5.2,Moderate
1,2,8.0,84,62,49,116,31.2,2,4,1,9,23,1.63,-10.3,1.4,Low
11,4,4.6,70,53,141,82,48.3,4,6,1,8,33,4.7,0.6,0.4,Moderate
13,5,8.5,84,48,36,217,30.0,2,4,2,3,41,1.2,-6.3,0.0,Low
0,6,6.1,75,55,52,78,45.4,4,6,1,12,15,1.73,1.8,2.3,Low
7,8,7.5,87,41,27,80,52.6,3,8,2,9,104,0.9,-0.6,1.6,Moderate
20,14,5.5,75,34,165,81,56.5,5,6,0,15,54,5.5,9.4,4.0,High
8,11,4.5,82,32,66,68,59.8,4,7,1,4,13,2.2,10.2,3.8,High
19,9,4.8,80,50,47,205,38.1,2,2,0,1,77,1.57,-7.1,0.0,Moderate
14,10,6.0,79,37,171,13,42.3,9,2,0,3,122,5.7,-0.8,0.9,Moderate
2,12,7.0,89,49,25,149,39.8,4,9,0,9,91,0.83,-3.9,0.9,Moderate
8,0,6.4,58,76,5,55,53.7,11,6,0,10,8,0.17,12.4,0.0,Moderate
9,15,6.1,79,48,19,23,47.9,9,6,1,11,145,0.63,3.0,0.0,High
3,4,7.7,70,54,23,130,45.9,9,11,0,12,7,0.77,8.1,3.7,High
3,6,6.4,63,48,49,70,45.4,1,10,0,11,36,1.63,-5.2,3.2,Low
19,10,6.7,69,76,63,49,51.1,2,7,2,4,70,2.1,-0.2,6.4,High
3,8,9.5,71,82,11,84,38.3,3,4,2,18,96,0.37,-1.3,0.0,Moderate
17,11,6.4,75,44,53,61,53.1,4,6,0,8,89,1.77,5.3,5.0,Moderate
7,9,5.6,82,65,6,100,49.0,3,4,1,6,13,0.2,2.8,0.0,Low
9,7,7.0,84,90,16,72,55.4,2,6,0,13,83,0.53,1.7,0.1,Low
13,17,7.3,74,31,70,59,42.8,4,7,0,0,71,2.33,1.6,2.9,Low
6,13,6.8,95,70,96,83,46.5,5,10,0,17,8,3.2,5.5,9.2,High
13,10,6.6,74,21,72,35,55.9,2,5,0,5,79,2.4,-4.6,0.5,High
0,13,8.2,57,53,30,112,35.6,8,6,0,10,39,1.0,-4.3,3.7,Low
12,4,8.0,74,49,21,74,56.9,4,6,0,8,23,0.7,2.8,1.0,Moderate
0,21,6.3,79,21,78,174,43.7,3,9,0,11,39,2.6,-0.8,2.5,High
8,2,5.6,50,72,19,109,53.0,5,1,0,6,44,0.63,1.8,0.0,Low
15,9,6.9,91,55,54,106,53.3,8,10,0,8,33,1.8,9.2,5.0,High
14,7,5.6,77,35,26,116,44.4,7,8,1,6,32,0.87,3.1,3.1,Low
1,7,7.5,65,58,50,167,46.3,2,3,2,7,72,1.67,-4.6,1.2,Moderate
2,6,6.9,67,68,11,79,33.8,8,3,0,13,5,0.37,-10.4,0.0,Low
5,4,9.5,86,20,100,16,30.0,3,2,0,10,101,3.33,-8.4,0.0,Moderate
11,15,8.2,88,15,12,105,47.0,7,8,0,12,46,0.4,2.2,3.1,Moderate
0,2,5.1,71,51,18,79,56.6,3,9,0,9,71,0.6,4.7,1.7,Moderate
9,14,5.8,63,38,43,52,44.4,0,7,1,9,21,1.43,2.1,2.6,Moderate
12,12,4.1,79,76,90,32,30.0,2,9,1,4,28,3.0,-6.2,4.3,High
8,6,3.8,81,45,15,35,41.7,10,8,1,16,34,0.5,6.2,3.5,High
13,12,6.5,84,58,30,90,41.5,2,2,0,4,99,1.0,-10.7,0.0,Moderate
11,8,5.0,72,49,37,56,42.8,5,2,1,2,44,1.23,-4.7,0.0,High
6,2,8.4,77,24,72,78,36.8,5,7,2,8,93,2.4,-7.1,3.3,High
0,2,7.8,78,53,13,34,39.5,3,1,0,7,18,0.43,-5.5,0.0,Low
10,12,6.1,89,28,58,160,32.5,2,3,1,11,10,1.93,-6.9,0.0,Moderate
3,12,6.0,93,27,83,34,64.5,6,10,0,9,40,2.77,14.1,8.4,High
6,10,8.2,96,32,46,95,61.1,4,8,1,12,39,1.53,9.2,4.1,High
13,6,8.5,92,31,9,90,37.4,4,1,2,9,33,0.3,-2.4,0.0,Low
19,7,5.3,98,48,61,96,46.4,6,2,2,6,18,2.03,-2.9,2.0,Moderate
9,7,5.1,89,45,88,18,40.6,6,5,2,2,11,2.93,0.8,3.2,High
13,0,6.0,72,57,30,154,44.6,4,2,2,3,5,1.0,-4.8,0.0,Low
0,9,6.9,95,24,11,72,49.6,4,8,0,3,73,0.37,9.0,0.3,High
11,12,5.8,63,47,46,41,47.7,6,1,0,5,73,1.53,-0.6,0.0,Moderate
9,9,6.9,104,43,36,131,54.8,6,6,0,9,54,1.2,2.9,1.6,Moderate
17,19,8.7,67,56,14,88,41.4,2,6,2,0,78,0.47,-1.1,2.5,Moderate
6,3,4.7,88,56,60,78,46.1,8,10,0,6,39,2.0,11.3,2.2,High
8,5,5.9,94,55,47,126,30.0,3,3,0,12,51,1.57,-8.4,0.0,Low
16,9,4.7,83,34,35,12,47.4,2,1,1,6,62,1.17,-4.8,0.0,Low
9,10,5.4,55,52,32,36,30.0,2,6,0,20,54,1.07,-6.3,1.9,Low
2,0,6.0,68,43,47,157,34.6,4,2,0,7,69,1.57,-3.4,1.2,Low
26,12,5.5,82,76,16,38,57.4,2,8,0,6,55,0.53,1.8,3.7,High
2,10,7.0,85,54,72,96,57.6,3,3,0,7,33,2.4,2.3,0.0,Moderate
9,0,6.6,76,53,84,102,36.9,2,8,0,3,19,2.8,-10.1,4.3,Low
12,8,6.8,79,29,33,87,61.4,4,7,0,1,77,1.1,11.2,7.1,Moderate
11,4,6.0,62,41,28,99,52.5,5,7,1,11,30,0.93,-0.5,4.9,Low
8,6,6.1,98,57,19,50,50.3,2,1,2,8,88,0.63,-3.8,0.0,Moderate
8,1,6.0,74,51,12,74,35.6,6,9,1,9,24,0.4,-1.1,2.3,Low
8,11,6.1,87,50,26,62,62.4,6,7,1,8,27,0.87,14.4,2.7,High
2,19,6.9,93,20,40,60,52.6,5,8,0,0,31,1.33,9.4,2.3,High
23,10,4.1,65,37,62,40,38.9,3,4,4,7,61,2.07,-7.1,0.0,High
8,0,6.7,79,47,14,89,30.0,7,5,0,16,48,0.47,-3.6,0.0,Low
13,10,5.4,81,74,34,133,35.5,3,4,1,4,52,1.13,-5.8,0.0,High
7,7,6.0,75,18,35,36,47.4,2,5,0,9,27,1.17,-2.8,1.1,Moderate
7,2,4.5,88,33,52,88,44.1,3,3,0,8,19,1.73,-5.1,0.0,High
7,11,6.0,71,18,24,6,59.5,5,5,1,2,78,0.8,7.0,0.0,High
0,14,6.7,79,58,92,58,36.4,3,6,1,13,70,3.07,-6.5,5.3,Moderate
8,5,6.9,74,73,70,105,48.8,2,3,1,3,6,2.33,-4.6,0.0,Moderate
7,0,5.0,104,58,42,36,55.4,1,6,1,5,20,1.4,1.2,3.7,Low
17,0,6.9,71,62,86,13,34.2,1,15,0,10,90,2.87,-1.5,11.7,Moderate
2,5,7.8,86,33,54,98,51.5,3,6,0,8,45,1.8,5.8,0.0,Low
6,8,5.8,98,59,79,54,45.9,2,9,0,7,49,2.63,5.6,1.9,Moderate
4,6,6.4,68,38,66,29,41.0,4,13,0,14,27,2.2,0.2,5.7,Low
19,5,3.9,79,53,49,29,30.0,6,10,0,14,31,1.63,-2.5,3.4,High
4,12,5.3,67,61,51,76,50.1,3,10,1,4,6,1.7,1.8,9.5,Low
13,11,6.7,56,47,43,66,39.9,3,8,1,5,30,1.43,-11.1,0.0,Moderate
16,10,7.5,69,67,146,37,42.6,3,4,2,10,20,4.87,-6.5,3.8,High
9,13,5.7,72,49,73,60,58.6,4,9,1,8,52,2.43,4.3,6.3,Moderate
1,5,9.5,72,57,41,111,45.7,3,4,0,4,24,1.37,-6.3,0.0,Low
1,2,6.8,75,86,90,100,48.2,7,13,0,11,69,3.0,6.9,9.4,High
15,5,4.9,78,61,23,18,63.6,5,8,1,10,5,0.77,6.4,2.4,Moderate
1,5,7.9,65,39,45,245,47.5,3,1,1,4,56,1.5,-4.2,0.0,Moderate
12,0,4.9,82,43,24,101,38.8,7,6,0,8,18,0.8,0.4,0.0,Low
10,5,6.8,91,68,39,28,57.4,6,8,0,4,22,1.3,6.8,6.2,Moderate
12,15,5.3,93,71,29,155,46.6,5,4,0,5,31,0.97,-3.8,0.9,High
13,13,4.8,75,51,40,76,41.4,3,7,0,15,115,1.33,-1.1,0.0,High
3,12,7.6,88,25,23,47,37.9,3,4,2,1,46,0.77,-1.8,0.4,Low
3,9,6.1,71,35,46,5,43.4,5,8,1,6,37,1.53,0.5,2.6,Moderate
14,17,8.5,74,55,13,146,54.5,5,3,0,13,22,0.43,0.7,0.0,High
5,2,5.2,82,62,31,157,41.0,4,8,1,10,62,1.03,2.1,4.0,Low
0,3,4.5,74,70,26,119,47.5,2,6,1,9,21,0.87,-0.8,0.0,Low
14,15,5.8,64,15,3,48,38.4,1,5,0,3,17,0.1,-3.5,0.0,Moderate
3,9,9.5,87,68,76,38,58.8,3,1,0,3,16,2.53,1.4,0.0,Low
13,5,7.4,69,78,109,248,33.6,4,6,0,6,51,3.63,-9.5,5.1,High
19,12,7.1,72,15,52,85,37.2,6,3,2,12,58,1.73,-0.4,0.0,High
10,6,7.1,90,52,37,38,40.1,3,4,0,8,26,1.23,-8.4,2.2,Moderate
16,4,5.8,84,66,26,66,33.8,2,2,0,1,37,0.87,-7.3,0.0,Low
10,3,9.5,80,27,45,59,50.7,5,7,0,4,21,1.5,3.8,0.1,Low
20,10,6.9,62,43,61,63,52.1,4,7,0,5,53,2.03,10.7,4.0,High
3,10,6.8,65,62,74,19,51.8,7,7,0,6,18,2.47,4.9,2.9,Moderate
9,17,7.6,82,43,62,47,52.2,3,4,1,0,123,2.07,-1.6,1.1,Low
14,7,4.9,85,45,23,93,32.6,2,5,0,5,62,0.77,-8.6,0.2,Moderate
8,7,5.3,81,56,28,23,48.3,2,5,1,6,21,0.93,-0.0,0.0,Low
17,17,6.1,73,31,16,53,58.4,5,8,3,8,45,0.53,8.4,0.0,High
7,14,7.6,72,33,21,167,42.9,2,4,1,2,51,0.7,-9.3,0.5,Low
23,9,4.8,80,60,60,90,55.7,2,3,1,10,135,2.0,5.8,0.0,Moderate
23,0,6.3,64,69,37,67,44.6,2,6,0,8,82,1.23,0.4,0.6,High
11,4,6.1,79,59,62,42,44.9,2,3,0,11,25,2.07,-3.3,1.3,Low
13,2,4.5,63,77,69,53,35.1,4,3,1,8,180,2.3,-7.1,2.8,Moderate
17,9,5.8,66,60,42,89,41.7,3,10,0,7,15,1.4,2.0,3.8,Moderate
2,6,7.1,80,85,64,31,57.6,2,3,0,2,11,2.13,-0.9,0.0,Low
1,18,4.6,84,53,32,153,40.3,4,6,3,1,45,1.07,-2.7,0.0,Moderate
18,0,8.1,82,57,42,111,63.1,5,6,1,6,37,1.4,12.4,0.0,Moderate
11,2,7.0,66,59,12,74,44.5,5,4,0,12,53,0.4,0.4,4.4,Low
8,10,6.8,57,41,31,119,58.1,3,7,1,6,28,1.03,2.7,3.2,Moderate
10,12,6.4,78,38,21,199,46.1,4,4,0,14,17,0.7,2.0,0.3,High
0,0,5.1,57,36,10,18,30.0,4,6,2,3,43,0.33,-9.0,0.0,Low
8,0,5.6,88,42,48,52,39.5,1,5,0,4,180,1.6,-5.3,4.6,Moderate
5,7,6.8,66,89,34,42,39.5,2,10,1,8,61,1.13,-1.0,1.5,Low
15,16,5.6,103,85,28,23,39.8,3,9,1,6,31,0.93,-0.2,2.9,High
16,19,6.6,67,46,29,23,34.7,5,4,1,6,46,0.97,-2.2,1.5,Moderate
13,6,5.3,83,44,13,112,37.1,6,7,1,5,107,0.43,-5.8,2.0,Low
12,8,6.9,70,15,56,77,51.5,3,4,0,5,48,1.87,-1.8,0.0,Moderate
0,4,7.0,76,34,56,191,69.6,4,4,0,6,11,1.87,6.5,0.0,Moderate
13,12,4.4,80,37,23,81,47.8,4,8,0,13,1,0.77,-0.6,2.4,Moderate
14,17,6.5,87,44,15,101,42.9,5,8,2,13,102,0.5,-4.4,0.0,High
18,16,4.6,89,42,48,224,30.0,2,3,0,10,73,1.6,-9.7,0.0,Moderate
23,8,4.2,86,56,95,127,63.8,2,8,2,13,37,3.17,0.4,4.9,High
0,4,5.7,89,66,39,33,55.6,4,2,0,2,45,1.3,-0.6,0.0,Moderate
7,9,9.5,71,39,61,89,41.9,2,9,0,15,5,2.03,1.3,2.2,Moderate
5,17,7.3,85,78,27,92,48.8,4,8,2,12,80,0.9,8.5,2.8,Moderate
11,6,8.1,74,58,44,79,41.8,2,5,0,2,17,1.47,1.8,0.0,Low
10,0,7.1,89,68,6,54,35.4,3,5,0,14,47,0.2,-3.0,0.2,Low
8,6,6.6,79,44,25,224,42.4,2,6,2,12,19,0.83,-7.3,1.3,Moderate
16,7,7.5,85,62,15,45,53.7,5,4,1,10,42,0.5,4.0,0.0,Moderate
2,0,5.6,81,60,123,40,49.3,2,10,0,0,166,4.1,3.6,6.7,Moderate
3,10,7.0,86,78,37,35,44.0,4,10,0,8,126,1.23,-4.2,3.1,Low
3,11,7.8,69,64,162,130,51.9,5,6,1,8,11,5.4,-0.7,3.1,High
7,19,7.2,61,67,37,116,43.1,2,7,0,7,26,1.23,5.1,7.0,Low
2,1,7.9,89,42,48,60,57.2,5,6,0,11,70,1.6,0.8,0.9,Moderate
9,13,6.6,93,74,34,64,36.6,8,7,1,7,54,1.13,0.7,3.2,Moderate
8,14,8.4,77,29,28,115,42.8,5,5,0,4,74,0.93,6.6,0.0,Moderate
4,12,6.2,87,42,47,5,53.1,4,3,0,8,111,1.57,0.0,0.0,Moderate
15,3,8.9,60,57,59,25,52.5,1,13,2,6,73,1.97,10.6,4.5,Low
9,2,7.1,71,31,19,84,39.9,3,13,1,7,28,0.63,1.1,2.5,Moderate
16,9,5.9,79,35,28,105,38.1,2,11,0,2,11,0.93,-5.0,3.5,Low
8,9,5.0,59,35,12,101,50.6,7,11,5,3,33,0.4,9.2,8.1,High
9,5,5.4,61,59,8,142,58.9,5,4,0,1,48,0.27,2.4,1.4,Moderate
6,16,5.2,80,49,59,183,54.1,3,1,1,2,99,1.97,-0.8,0.0,Low
9,6,6.3,71,69,55,78,35.4,4,5,0,13,12,1.83,-6.0,3.7,Low
14,0,4.9,74,86,32,196,39.9,2,3,0,8,70,1.07,-2.9,0.6,Moderate
7,7,8.0,74,57,55,173,36.2,2,7,0,3,88,1.83,-4.9,0.1,Low
13,11,6.5,64,43,61,40,58.7,3,3,0,10,114,2.03,5.7,0.0,High
4,10,6.5,76,59,75,41,45.4,2,8,0,12,107,2.5,0.1,4.6,Moderate
14,10,5.0,78,36,6,63,43.2,5,10,2,5,28,0.2,4.4,2.2,Moderate
6,17,5.5,72,51,38,13,48.5,7,1,1,5,47,1.27,0.4,0.0,High
15,2,3.7,72,96,15,60,50.3,1,3,1,5,58,0.5,-4.5,0.0,Low
10,6,8.3,76,48,21,38,42.5,6,2,0,7,33,0.7,-0.9,0.0,Low
19,17,4.7,87,57,19,59,48.5,1,1,0,3,10,0.63,-4.7,0.0,Moderate
2,0,4.8,77,49,45,251,46.9,3,8,1,10,25,1.5,1.3,1.6,Low
0,8,8.1,57,45,25,46,60.8,3,3,1,7,38,0.83,6.1,0.0,Low
5,16,6.9,65,61,6,45,46.3,6,7,0,9,35,0.2,0.6,6.0,Moderate
1,16,6.5,88,29,51,43,49.6,3,2,0,9,11,1.7,-5.2,0.0,Low
1,12,6.8,70,49,15,126,40.3,3,3,1,8,93,0.5,-9.8,0.7,Low
14,12,7.5,77,28,16,21,40.4,1,5,2,8,54,0.53,-7.3,0.0,Moderate
9,2,6.5,99,80,176,70,50.1,5,6,0,4,19,5.87,0.5,4.6,High
6,16,4.5,85,70,88,112,37.8,4,5,1,8,25,2.93,-5.1,2.3,Moderate
7,2,7.3,54,38,25,115,49.0,2,6,0,11,171,0.83,-4.6,2.3,Low
6,2,6.9,94,19,18,62,43.8,7,8,0,4,87,0.6,3.8,0.7,Moderate
20,11,7.8,80,61,58,14,51.5,1,8,0,1,23,1.93,1.0,4.2,Moderate
5,6,4.9,82,51,180,91,30.0,7,5,2,9,2,6.0,-2.3,7.6,High
1,10,5.5,81,92,101,32,59.0,9,5,1,14,47,3.37,15.7,0.0,High
15,11,6.9,88,77,61,111,31.2,4,6,1,7,12,2.03,-2.2,5.2,Moderate
8,19,5.3,77,63,101,70,62.1,7,6,1,9,43,3.37,6.1,0.3,High
23,11,3.6,62,42,53,87,46.7,4,4,3,13,18,1.77,-6.1,0.0,High
6,5,6.6,82,47,96,150,50.6,5,10,2,6,116,3.2,4.2,2.2,High
15,12,7.5,63,57,22,59,45.6,4,6,1,0,25,0.73,-0.1,2.5,Moderate
17,4,6.2,98,58,74,195,46.7,3,6,1,8,78,2.47,0.8,2.2,Moderate
6,14,7.1,74,39,35,69,37.4,2,2,0,9,31,1.17,-8.2,0.8,Low
5,9,6.9,77,27,60,34,51.6,3,3,0,7,16,2.0,-1.1,1.2,Moderate
14,11,6.4,71,87,104,56,50.0,1,2,0,3,18,3.47,-4.6,0.0,Moderate
13,0,6.6,82,53,30,23,49.8,3,6,1,7,49,1.0,2.5,3.2,Low
0,0,8.0,83,60,21,41,59.5,2,6,0,4,60,0.7,3.0,0.3,Low
2,0,5.2,71,37,79,79,33.4,2,4,1,7,108,2.63,-11.4,0.7,Moderate
0,19,7.3,83,77,45,78,46.7,6,3,0,7,107,1.5,0.1,0.0,Moderate
13,2,5.0,79,71,48,49,32.6,4,6,0,3,86,1.6,-2.4,0.2,Low
8,13,5.4,77,53,20,106,56.5,5,9,1,10,18,0.67,8.7,1.4,Moderate
8,5,7.8,70,56,57,182,52.6,4,5,0,6,46,1.9,4.3,0.0,Low
0,7,4.9,103,57,69,25,43.9,4,6,1,4,45,2.3,-1.1,0.0,Moderate
2,8,6.1,91,54,25,139,54.0,5,6,0,9,20,0.83,3.8,0.0,Moderate
6,18,9.2,86,62,35,21,50.5,4,4,1,4,13,1.17,0.4,1.6,Moderate
5,12,7.6,90,59,25,82,32.6,6,5,0,11,49,0.83,1.9,0.0,Moderate
10,11,5.5,81,49,54,33,51.9,6,10,0,3,13,1.8,9.8,1.2,High
13,16,5.7,74,31,87,121,38.3,4,5,0,11,48,2.9,3.1,1.5,Moderate
24,5,6.2,50,52,2,103,47.4,2,7,2,4,30,0.07,4.2,0.0,High
9,15,8.0,65,66,27,90,54.5,1,6,3,1,77,0.9,6.3,1.5,Moderate
17,14,5.2,102,64,120,106,46.4,7,8,0,3,79,4.0,7.5,3.9,High
4,14,5.1,91,76,33,11,45.4,4,2,1,7,47,1.1,-2.3,0.0,High
0,8,7.3,80,78,45,36,58.8,3,7,1,1,42,1.5,7.0,4.0,Moderate
7,6,4.4,61,65,165,31,47.6,4,8,1,7,79,5.5,4.8,6.7,High
0,3,5.3,85,55,112,145,43.7,3,4,1,7,119,3.73,-6.7,1.5,Moderate
10,4,6.3,75,58,56,47,31.8,1,3,1,3,77,1.87,-12.1,0.2,Low
4,3,6.4,86,42,34,117,46.2,5,13,2,7,66,1.13,0.7,3.8,Low
0,11,4.8,66,66,68,115,52.3,4,9,0,8,107,2.27,4.1,6.8,High
21,7,6.8,73,76,25,75,59.5,7,8,0,9,12,0.83,12.7,1.4,Moderate
6,11,7.1,88,71,26,9,31.9,3,10,0,4,6,0.87,-1.9,2.9,Low
0,11,5.6,99,62,15,23,50.0,1,10,0,15,32,0.5,0.1,6.5,Low
15,2,8.4,71,48,23,52,52.2,5,4,1,6,104,0.77,-0.4,0.0,Moderate
5,2,6.8,67,46,34,47,42.2,4,8,1,1,109,1.13,-0.4,2.3,Low
17,7,5.2,89,49,53,110,60.9,8,4,0,11,40,1.77,10.4,1.5,High
5,4,8.3,64,39,56,69,38.5,2,4,0,9,95,1.87,-1.9,1.5,Low
6,3,5.8,65,57,31,61,62.5,6,6,0,4,164,1.03,11.5,2.5,Moderate
12,18,6.6,81,15,46,68,47.3,7,2,1,5,31,1.53,-1.9,0.0,Moderate
13,0,5.8,101,42,92,98,52.9,6,12,1,6,52,3.07,4.9,4.8,Moderate
14,20,7.1,69,53,65,58,42.3,2,5,1,3,84,2.17,-2.4,1.2,Low
9,10,5.8,74,97,20,137,32.2,3,5,0,8,67,0.67,-5.9,0.0,Low
13,14,5.9,79,52,38,55,45.1,3,8,0,9,68,1.27,2.2,3.3,Low
14,14,6.2,73,53,84,222,51.8,2,5,0,11,108,2.8,-0.3,0.8,High
11,12,5.8,59,37,23,51,41.1,4,5,0,0,93,0.77,-0.5,1.0,Low
9,18,7.7,87,83,19,56,43.5,2,4,0,7,17,0.63,-5.3,0.0,Moderate
0,2,4.9,80,37,25,33,46.7,2,8,0,5,52,0.83,-1.5,3.6,Low
13,8,6.4,82,89,34,74,32.3,3,3,1,4,71,1.13,-6.4,0.0,Low
10,4,6.5,76,39,20,59,43.4,4,4,1,10,14,0.67,-0.3,0.6,Low
7,0,6.3,95,69,25,44,47.9,2,5,0,9,55,0.83,-3.8,0.0,Moderate
18,5,7.6,72,51,94,33,41.2,6,6,0,7,50,3.13,2.1,4.3,Moderate
0,19,4.6,66,42,85,14,57.2,4,6,1,7,87,2.83,0.9,5.9,Moderate
20,7,7.1,96,70,5,127,48.0,0,4,1,3,19,0.17,-4.0,0.0,Low
9,20,4.9,54,76,10,42,30.0,4,4,0,5,46,0.33,-1.1,0.0,Moderate
12,21,5.8,76,49,65,56,41.4,5,8,0,14,102,2.17,-3.9,2.7,High
7,21,4.8,77,52,24,71,39.8,5,7,0,9,58,0.8,-5.1,1.3,High
0,20,6.0,77,45,18,22,38.3,5,8,1,8,62,0.6,-5.3,4.1,Moderate
9,21,5.7,61,56,50,132,59.8,7,5,0,9,29,1.67,12.2,0.0,High
12,10,8.4,65,32,60,11,51.6,2,8,2,6,11,2.0,5.3,2.4,Moderate
14,10,6.7,89,15,65,164,42.6,3,4,2,7,28,2.17,-6.9,0.0,Moderate
8,10,6.9,93,18,61,130,41.8,7,6,3,7,83,2.03,-0.7,0.0,Low
0,9,5.1,73,48,52,111,43.1,6,9,1,7,12,1.73,1.3,3.4,Moderate
0,9,7.3,68,33,32,120,40.7,3,6,1,15,28,1.07,3.7,2.0,Low
23,13,8.4,58,50,72,65,39.7,5,9,0,0,37,2.4,2.8,3.0,High
2,6,7.4,88,43,69,174,50.6,0,5,0,9,76,2.3,-5.6,0.0,Moderate
19,1,4.8,89,39,78,151,30.0,3,6,0,4,16,2.6,-8.5,5.1,Moderate
3,11,5.8,50,40,19,109,50.7,2,9,0,7,36,0.63,6.4,2.9,Moderate
8,4,6.5,51,69,19,7,32.3,5,1,0,7,40,0.63,-6.3,0.0,Low
14,5,5.7,80,56,169,78,50.6,6,9,0,2,48,5.63,4.7,7.3,High
4,8,9.4,81,80,79,127,55.6,2,7,1,4,99,2.63,3.8,0.9,Moderate
20,6,5.8,73,54,24,74,36.6,4,6,1,8,25,0.8,-3.6,2.7,Moderate
10,15,6.3,78,18,32,94,39.4,7,1,4,8,29,1.07,-2.2,0.0,High
12,8,5.7,75,33,60,112,54.8,5,4,0,4,26,2.0,8.8,0.0,Moderate
8,15,6.7,78,54,66,25,43.2,3,8,0,8,33,2.2,0.4,4.4,Moderate
14,10,8.1,68,56,8,146,39.0,6,7,1,8,78,0.27,-2.9,0.7,High
20,8,6.5,78,41,49,176,39.5,5,4,1,10,4,1.63,-2.8,0.0,Moderate
9,9,6.1,71,38,69,133,67.7,5,7,0,8,4,2.3,11.9,1.6,High
21,1,5.1,70,41,25,123,41.5,2,4,1,5,57,0.83,-5.6,3.7,Moderate
6,10,7.9,57,49,8,85,50.6,6,4,0,10,77,0.27,2.0,0.0,Low
14,13,6.2,76,51,63,72,51.9,5,14,2,0,44,2.1,11.9,7.2,High
13,14,6.2,87,32,13,36,60.1,2,4,0,9,78,0.43,5.0,0.2,Moderate
3,1,3.6,74,56,88,333,63.4,3,1,0,6,76,2.93,0.5,0.0,Moderate
11,0,6.2,74,56,17,96,30.0,3,4,0,0,18,0.57,-9.1,0.0,Low
10,5,5.9,92,50,46,45,59.1,5,1,2,3,30,1.53,6.9,0.0,High
4,17,4.2,89,40,9,72,47.3,4,3,1,3,57,0.3,2.6,0.0,Moderate
12,10,7.6,97,64,44,121,36.8,3,5,1,8,10,1.47,-5.2,3.7,Moderate
10,4,5.8,103,76,39,60,54.8,4,2,0,7,18,1.3,-3.2,0.0,Low
9,0,8.7,79,44,31,98,37.9,3,11,1,6,35,1.03,-0.3,5.0,Low
9,5,8.1,65,41,25,58,57.7,4,5,0,8,57,0.83,7.3,0.4,Moderate
9,4,5.5,72,60,32,121,42.6,0,7,1,11,14,1.07,-4.4,0.2,Low
7,14,8.0,84,31,26,83,55.7,3,3,3,11,52,0.87,4.6,2.8,High
10,14,8.3,94,29,60,118,52.7,5,5,0,8,16,2.0,2.0,1.4,High
5,2,5.7,66,40,46,43,35.1,0,6,0,10,48,1.53,-7.6,0.0,Low
27,13,5.2,81,58,43,174,33.3,4,4,2,12,29,1.43,-4.1,0.0,Moderate
0,12,3.8,69,36,45,50,47.5,3,8,1,1,30,1.5,2.5,3.8,Moderate
6,2,6.9,76,52,28,93,41.6,2,4,2,7,11,0.93,-2.4,0.5,Low
6,8,5.2,76,16,51,27,52.0,4,4,0,11,77,1.7,-4.4,0.0,Low
23,10,6.9,82,63,69,38,43.9,6,10,0,14,93,2.3,-0.2,3.4,High
1,9,5.7,100,78,56,41,38.2,6,10,0,5,105,1.87,3.6,4.6,Low
12,0,5.5,83,36,68,96,49.1,2,11,0,0,10,2.27,4.2,3.6,Moderate
11,9,5.7,73,60,59,70,30.0,4,11,0,6,126,1.97,-8.5,3.5,High
12,12,4.8,71,48,50,55,34.0,5,5,1,4,35,1.67,-3.2,0.0,Moderate
18,18,5.7,76,54,15,46,36.7,4,7,1,3,62,0.5,-3.6,0.0,Moderate
17,5,5.5,68,48,22,178,30.0,3,5,1,5,22,0.73,-10.6,0.0,Moderate
7,5,6.4,80,47,9,62,49.3,6,8,1,2,94,0.3,5.3,0.1,Moderate
11,7,6.5,51,37,69,78,38.3,4,11,0,4,10,2.3,0.5,3.9,Low
0,10,5.1,76,32,15,31,48.1,2,8,0,9,56,0.5,-2.2,1.7,Low
10,9,7.7,77,72,21,98,52.7,3,11,0,0,55,0.7,3.0,2.3,High
4,12,6.2,65,22,30,141,57.4,3,4,1,4,46,1.0,4.0,3.0,Low
8,2,8.2,74,52,30,122,53.2,4,5,1,10,43,1.0,-2.4,0.0,Moderate
0,11,6.7,90,51,34,18,31.6,3,9,1,5,19,1.13,-3.1,0.0,Moderate
12,4,6.5,91,51,71,58,37.9,8,7,2,9,53,2.37,-5.7,2.6,Moderate
0,8,5.8,72,64,49,105,30.4,6,1,1,2,40,1.63,-9.2,0.0,Low
10,18,7.1,84,45,57,103,37.7,6,11,1,6,111,1.9,1.4,3.8,High
2,0,6.4,62,64,19,14,59.2,9,5,0,4,90,0.63,7.6,0.2,Low
4,7,7.4,75,88,58,28,48.7,4,3,1,8,44,1.93,-0.3,0.6,Low
17,1,8.3,81,49,18,42,55.0,3,4,2,5,26,0.6,0.4,0.7,Moderate
13,9,5.5,95,15,33,113,34.0,4,6,0,3,8,1.1,-7.7,0.6,Low
17,15,7.1,91,49,25,66,44.1,6,5,1,6,54,0.83,-0.2,0.2,High
20,9,7.1,80,48,26,41,51.4,2,9,1,8,144,0.87,7.1,3.3,High
4,8,6.9,68,59,143,123,36.9,5,8,0,11,43,4.77,-1.8,4.7,Moderate
19,16,5.9,93,16,27,104,44.0,5,5,0,11,39,0.9,-2.0,0.3,Moderate
0,10,5.9,74,58,7,108,54.5,5,4,1,13,47,0.23,4.1,1.2,Moderate
14,13,5.7,83,44,68,52,55.0,8,13,1,0,38,2.27,12.7,7.7,High
6,13,5.7,77,66,35,9,50.8,5,6,0,11,31,1.17,2.5,0.0,Low
3,0,5.4,100,43,55,74,45.6,1,10,1,7,79,1.83,3.9,2.9,Moderate
13,8,6.3,71,68,21,37,47.0,4,8,0,8,70,0.7,9.5,0.0,Moderate
16,2,5.5,88,25,34,155,35.9,3,9,2,7,91,1.13,1.3,2.9,Moderate
15,4,6.9,77,52,38,92,62.9,5,3,0,6,48,1.27,12.5,0.0,High
11,17,6.5,84,35,38,29,34.4,3,5,1,13,89,1.27,-9.7,0.0,Moderate
10,6,6.6,96,43,35,31,57.7,3,8,1,11,41,1.17,3.8,3.7,Moderate
13,19,6.1,56,101,65,45,30.0,4,2,0,15,59,2.17,-5.0,3.0,High
11,0,6.5,77,35,71,227,43.5,4,5,0,10,13,2.37,-2.6,0.8,Low
13,2,6.1,68,45,20,116,49.4,4,6,0,4,82,0.67,3.9,0.0,Low
11,13,7.3,83,31,68,175,39.4,3,4,0,10,38,2.27,-5.8,0.1,Moderate
15,7,5.9,86,46,22,16,32.5,1,2,0,6,4,0.73,-9.3,0.0,Low
0,10,6.9,73,49,53,48,38.6,3,9,3,9,77,1.77,-1.4,3.6,Moderate
9,8,4.8,72,39,6,171,43.7,4,7,2,11,111,0.2,-3.5,0.0,Moderate
1,8,7.3,80,80,65,207,47.5,5,13,1,7,19,2.17,6.8,4.8,High
11,7,5.7,64,73,49,125,44.9,3,8,0,3,54,1.63,-3.7,5.3,Moderate
20,10,5.3,82,35,23,156,47.1,8,7,0,11,132,0.77,8.1,0.8,High
6,12,5.0,69,67,40,69,49.0,1,6,1,8,107,1.33,0.4,0.8,Moderate
10,18,4.9,86,43,35,39,52.0,2,5,2,2,36,1.17,0.2,2.5,Moderate
14,7,5.8,64,30,43,24,41.8,6,11,1,15,91,1.43,4.1,2.4,Moderate
0,6,8.2,72,39,44,149,49.1,4,8,0,9,112,1.47,3.5,0.0,Moderate
6,5,5.6,70,29,35,84,35.4,4,6,1,8,58,1.17,-3.7,3.8,Low
12,17,3.7,75,69,96,273,31.5,0,8,0,4,54,3.2,-14.0,5.4,High
0,13,6.8,93,36,28,19,41.8,6,7,1,7,49,0.93,-0.0,1.6,Low
3,0,5.1,87,75,52,75,73.9,6,5,1,9,77,1.73,10.6,1.1,Moderate
17,0,7.4,73,55,47,72,45.9,0,5,2,8,14,1.57,-5.8,0.0,Low
16,4,5.9,73,45,30,196,53.6,5,4,1,11,45,1.0,5.4,0.0,Moderate
12,10,6.1,88,43,89,47,56.7,2,7,1,8,22,2.97,10.5,7.5,High
15,8,7.8,65,84,19,71,43.2,6,6,1,0,51,0.63,-0.2,2.0,Low
11,11,7.1,78,52,59,132,59.4,4,1,1,6,95,1.97,3.4,0.0,Moderate
13,7,4.9,71,43,52,129,50.5,2,4,1,6,30,1.73,2.2,0.0,Moderate
7,17,5.1,76,67,49,13,55.8,9,11,0,2,77,1.63,16.2,1.6,High
10,13,4.3,87,63,40,77,47.8,9,4,0,4,67,1.33,3.4,0.0,Moderate
5,9,9.5,71,34,68,50,48.3,4,9,1,3,29,2.27,6.6,1.9,Moderate
18,15,5.4,89,52,14,61,58.8,4,4,1,3,31,0.47,8.5,0.8,High
19,0,7.8,102,19,22,134,41.6,4,10,0,8,52,0.73,4.2,5.4,High
18,8,5.8,85,51,50,106,49.0,3,6,0,4,15,1.67,-2.4,0.4,Low
7,9,5.1,77,58,23,85,46.9,4,7,0,12,68,0.77,1.0,1.0,Low
3,12,6.4,91,60,20,73,47.3,9,10,1,7,60,0.67,8.7,6.5,Moderate
18,0,6.0,66,34,82,36,52.3,7,4,1,4,56,2.73,6.5,0.0,Low
13,7,7.4,95,39,85,144,49.1,2,9,0,13,33,2.83,3.6,7.7,Moderate
12,11,7.4,70,56,52,48,45.5,4,5,0,6,9,1.73,1.4,3.5,Low
5,11,5.7,102,75,24,75,61.3,2,10,1,10,84,0.8,7.1,2.3,Moderate
12,15,4.7,70,54,28,55,49.6,2,2,0,7,54,0.93,-9.0,0.0,Moderate
2,13,5.0,85,42,45,36,40.4,4,8,1,9,2,1.5,-1.5,0.0,Low
14,8,3.7,61,69,34,25,46.2,5,5,0,5,69,1.13,1.7,0.0,High
18,12,6.1,76,54,60,206,46.2,3,5,1,11,59,2.0,5.6,0.5,High
20,7,6.4,66,55,17,44,41.2,2,8,0,6,27,0.57,-1.5,1.0,Moderate
14,9,5.0,62,66,17,9,42.1,7,2,1,11,15,0.57,-3.7,0.0,Moderate
1,13,4.9,91,50,36,103,45.1,2,5,0,9,111,1.2,2.5,0.2,Moderate
11,8,6.4,64,35,85,205,50.7,3,10,0,5,67,2.83,5.5,6.0,Moderate
23,11,5.6,70,49,51,211,35.9,4,6,0,0,38,1.7,1.0,0.0,High
4,14,6.1,69,72,42,64,51.2,6,6,0,1,1,1.4,4.6,0.0,Low
9,13,6.0,91,86,42,117,44.3,2,11,0,9,46,1.4,4.3,6.8,Moderate
19,16,6.7,89,30,83,48,36.3,4,5,4,7,15,2.77,-4.4,1.0,High
14,21,5.7,92,81,110,291,50.8,8,8,1,12,37,3.67,9.9,1.1,High
26,13,5.8,69,45,16,51,48.9,5,7,2,5,145,0.53,3.8,1.0,High
5,6,4.1,93,52,45,36,51.3,5,10,2,12,44,1.5,2.4,4.7,Moderate
3,11,6.3,69,83,48,136,56.1,2,8,0,6,25,1.6,7.4,1.1,Low
17,11,6.5,70,45,28,150,62.6,1,7,0,10,7,0.93,4.4,0.8,Moderate
2,12,6.2,70,47,21,64,46.9,1,1,1,3,14,0.7,-4.4,1.6,Low
8,17,8.7,71,40,8,118,43.7,2,6,0,14,87,0.27,0.8,0.0,Low
9,0,6.6,77,53,40,72,45.1,2,11,1,6,15,1.33,-2.7,3.5,Low
16,17,6.2,69,58,106,6,43.0,1,11,0,10,66,3.53,2.4,3.5,Moderate
13,19,7.0,81,40,68,44,41.2,6,5,1,11,127,2.27,1.7,0.0,Moderate
12,12,8.9,50,78,40,22,46.3,4,7,0,7,35,1.33,2.4,0.5,High
7,12,6.7,81,39,50,81,32.4,3,2,0,13,69,1.67,-7.7,0.0,Moderate
17,7,3.7,66,61,39,92,53.7,2,8,1,7,41,1.3,4.0,2.4,High
27,9,6.9,71,52,39,69,49.4,6,3,3,8,21,1.3,-0.1,1.0,High
14,13,5.3,71,74,68,10,59.8,5,6,0,10,62,2.27,4.1,1.2,Moderate
10,12,4.1,88,38,41,60,38.4,5,9,0,3,26,1.37,4.7,5.8,Moderate
1,13,8.4,84,62,16,120,59.1,4,5,1,9,16,0.53,6.8,0.0,Moderate
5,12,8.2,76,96,19,178,54.7,8,6,1,3,61,0.63,5.9,0.0,Moderate
8,14,5.3,70,26,29,76,37.6,7,10,0,6,43,0.97,5.0,4.6,High
6,13,5.3,87,36,49,14,36.3,6,10,1,0,18,1.63,0.9,2.8,Low
9,3,6.6,98,90,20,52,49.2,4,5,2,0,34,0.67,3.5,2.7,Moderate
21,13,5.3,78,50,8,104,51.4,2,3,0,9,27,0.27,-1.9,0.7,Moderate
18,19,6.2,60,54,31,38,53.3,3,5,1,0,20,1.03,2.0,4.2,Moderate
8,8,5.5,70,46,54,187,40.5,2,4,0,10,61,1.8,-10.8,1.0,Low
2,17,5.9,84,82,72,67,67.8,3,2,0,11,47,2.4,3.4,0.0,Low
18,3,4.7,73,23,22,173,36.1,7,9,2,2,22,0.73,1.5,5.1,High
9,8,7.4,69,74,35,46,56.7,4,2,2,8,38,1.17,-0.5,0.0,Low
0,5,7.8,68,25,17,30,30.6,5,6,2,8,109,0.57,-7.3,0.6,Moderate
14,16,6.3,79,24,27,49,39.1,5,6,0,11,17,0.9,-2.0,0.0,Moderate
16,18,6.4,61,32,9,114,54.2,4,3,2,13,36,0.3,1.0,0.0,Moderate
0,8,7.2,78,50,14,97,61.9,6,6,2,12,32,0.47,10.1,1.8,Low
4,15,6.4,79,39,13,136,56.3,5,9,1,9,17,0.43,8.9,3.4,Moderate
9,18,8.5,73,38,74,147,44.7,6,7,0,8,118,2.47,4.5,0.0,Moderate
14,8,4.8,67,35,20,61,35.8,4,4,1,8,28,0.67,-2.0,0.0,Moderate
6,9,7.4,89,36,61,159,57.7,5,9,1,7,51,2.03,9.6,3.2,High
4,13,6.3,63,35,14,19,44.6,3,5,1,11,16,0.47,-0.7,2.4,Low
14,4,5.1,80,56,37,164,59.2,1,8,0,2,91,1.23,7.7,0.0,Low
6,9,9.1,86,41,46,89,56.5,3,7,1,16,24,1.53,3.6,0.8,Moderate
13,21,9.3,80,15,52,197,51.0,8,7,1,3,53,1.73,2.3,3.2,High
2,6,6.2,92,51,7,73,38.9,3,5,1,8,44,0.23,-4.7,1.2,Low
1,13,6.9,66,65,53,96,39.5,3,5,1,8,180,1.77,-2.7,1.5,Low
14,12,5.8,69,47,58,123,51.7,5,5,0,13,67,1.93,1.0,1.5,Moderate
11,8,6.0,73,29,3,82,47.7,7,4,1,3,14,0.1,-2.1,0.0,Low
15,10,5.0,114,65,18,49,63.3,5,12,2,7,23,0.6,8.6,7.2,High
6,19,4.9,84,27,55,164,51.9,1,6,0,11,96,1.83,2.3,2.3,Moderate
4,12,8.6,86,46,102,65,51.1,4,4,0,10,7,3.4,5.0,0.0,Low
18,13,6.4,85,52,55,112,60.3,2,8,1,7,9,1.83,13.2,3.5,High
0,18,6.5,79,71,4,34,40.7,3,10,0,7,121,0.13,2.6,4.5,Moderate
18,7,5.4,90,62,52,78,51.1,5,4,2,1,46,1.73,2.9,0.0,Moderate
18,2,6.6,57,56,13,151,38.7,6,8,0,11,45,0.43,0.3,2.5,Moderate
15,19,4.6,81,69,46,119,54.5,3,6,1,8,39,1.53,1.3,2.0,High
5,9,5.5,83,31,56,91,60.7,3,1,0,3,22,1.87,4.6,0.0,Low
4,14,5.0,89,80,46,21,48.2,5,2,1,2,133,1.53,0.2,0.0,Moderate
8,4,8.0,65,15,65,101,31.3,5,4,2,9,55,2.17,-3.3,2.5,Moderate
1,11,4.4,66,78,21,42,55.6,2,4,0,10,8,0.7,-2.1,0.0,Low
3,2,5.0,67,37,57,82,60.1,6,3,1,3,20,1.9,6.2,0.0,High
14,9,3.9,84,59,29,135,39.8,7,5,1,4,33,0.97,-2.6,0.0,High
14,5,5.3,84,78,56,21,40.5,2,9,1,4,30,1.87,5.4,7.5,Moderate
3,3,5.8,68,62,15,5,55.3,3,4,1,5,37,0.5,5.0,0.7,Low
14,7,7.6,99,59,23,104,38.2,6,9,4,10,18,0.77,-0.0,4.6,Moderate
12,0,6.1,81,68,62,112,36.5,2,9,2,10,19,2.07,-4.5,3.9,Moderate
19,2,5.9,79,25,36,35,38.4,5,5,0,6,4,1.2,-3.5,0.0,Moderate
13,13,6.8,76,28,21,80,42.5,3,6,2,7,63,0.7,1.7,1.8,Moderate
16,11,5.9,88,57,64,71,53.2,4,9,1,3,56,2.13,6.3,8.2,High
13,2,9.3,82,48,23,26,47.9,2,3,0,8,45,0.77,-4.2,0.0,Low
16,12,5.7,99,46,50,50,55.1,4,1,1,7,138,1.67,1.3,0.0,Moderate
1,3,6.9,65,74,24,57,51.7,4,1,2,4,28,0.8,-2.8,0.0,Low
9,13,7.4,61,73,102,141,58.7,5,6,1,13,14,3.4,4.1,2.4,High
9,8,5.7,70,35,41,114,56.0,1,3,2,11,41,1.37,-1.1,1.1,Moderate
8,7,6.6,84,60,37,110,36.5,3,1,2,5,40,1.23,-8.5,0.0,Low
12,8,5.8,73,24,71,108,43.4,4,11,0,9,102,2.37,-1.6,4.6,Moderate
14,21,6.7,92,23,22,137,58.0,8,13,0,14,38,0.73,13.6,4.4,High
12,4,6.5,74,36,60,32,50.2,2,4,1,11,33,2.0,-0.6,0.0,Low
8,10,6.2,90,51,20,44,41.8,2,14,0,8,30,0.67,5.7,7.4,Moderate
5,13,5.0,69,40,35,142,43.1,2,6,1,9,87,1.17,4.7,0.0,Moderate
17,3,8.6,91,60,25,70,54.3,4,9,0,8,41,0.83,4.6,2.6,Low
12,0,7.1,93,52,14,78,43.2,4,8,1,10,28,0.47,4.4,0.7,Low
3,5,4.5,72,72,14,31,56.7,2,6,0,9,18,0.47,1.9,0.8,Moderate
8,13,5.9,83,62,26,34,44.6,5,3,1,1,40,0.87,2.4,0.0,Low
0,7,4.5,81,33,58,152,59.8,2,6,1,13,101,1.93,4.4,1.0,Low
10,7,7.3,84,68,169,174,56.9,6,2,1,4,66,5.63,6.1,0.0,High
8,14,6.4,92,36,15,65,41.3,4,1,0,3,12,0.5,-2.3,0.0,Low
6,4,6.4,89,59,35,354,53.3,2,3,2,9,46,1.17,-2.4,0.0,Low
20,8,5.4,84,43,29,70,34.0,6,7,0,4,21,0.97,-5.3,0.0,Low
2,0,6.0,85,76,59,159,46.8,4,6,1,7,94,1.97,-2.2,0.0,Moderate
14,10,7.3,64,65,85,91,46.1,5,3,1,5,29,2.83,-5.0,0.0,Moderate
24,10,7.7,78,40,43,60,30.9,1,8,0,12,17,1.43,0.5,3.4,High
17,13,7.4,66,45,15,109,30.3,4,8,1,3,50,0.5,-5.2,0.8,High
9,2,4.5,78,110,30,30,56.9,2,3,0,9,4,1.0,-0.4,0.0,Moderate
2,7,6.2,90,29,52,174,45.8,6,4,2,6,39,1.73,2.2,4.2,Moderate
1,1,6.7,78,39,31,55,47.5,5,6,2,4,49,1.03,0.5,1.8,Low
7,7,5.5,50,40,18,76,43.4,3,6,0,15,36,0.6,-8.3,0.0,Low
5,17,4.4,66,31,38,48,57.4,3,2,0,4,37,1.27,0.2,0.0,Low
5,7,4.9,84,33,32,86,32.5,6,7,1,1,63,1.07,-1.1,0.0,Low
7,1,8.2,72,50,45,58,53.6,1,5,2,8,78,1.5,-1.3,2.7,Low
9,5,5.0,87,61,61,67,63.8,4,6,2,4,16,2.03,5.6,1.1,Moderate
13,0,6.5,65,23,82,56,38.8,3,1,1,9,58,2.73,-8.5,0.0,Moderate
1,1,6.2,82,43,112,14,37.3,6,8,1,6,30,3.73,0.3,5.0,Low
5,12,6.2,83,38,142,93,49.5,8,7,1,8,19,4.73,12.2,3.7,High
8,0,6.0,87,31,12,47,51.9,5,9,1,3,116,0.4,7.6,4.9,Moderate
8,10,7.3,71,70,48,127,34.5,2,8,2,4,29,1.6,-6.5,3.7,Low
21,9,6.4,87,38,8,44,42.8,8,9,1,7,3,0.27,4.8,2.0,High
11,5,5.6,95,27,44,61,59.7,10,6,2,7,42,1.47,9.8,3.0,High
0,10,6.5,53,68,57,103,63.2,2,2,0,6,47,1.9,6.8,0.8,Low
12,3,4.9,79,75,13,100,44.5,3,9,2,0,15,0.43,1.5,1.9,Low
13,13,7.0,58,56,116,5,47.2,5,5,1,7,13,3.87,0.3,3.8,High
9,4,5.6,69,35,13,39,48.9,4,7,1,7,45,0.43,3.1,3.1,Low
2,6,5.7,69,47,17,66,30.0,9,4,2,7,20,0.57,-2.0,0.0,Moderate
21,6,7.0,77,40,58,15,39.2,7,7,2,10,38,1.93,-3.1,1.6,Moderate
3,12,5.9,82,51,49,22,45.6,4,2,0,8,119,1.63,-5.0,0.0,Low
14,12,6.0,88,65,49,101,67.1,6,9,0,6,55,1.63,11.6,7.0,High
11,0,7.8,81,52,3,88,49.8,6,6,2,12,27,0.1,6.4,1.9,Low
13,10,5.2,85,52,52,165,59.1,2,8,0,5,80,1.73,8.2,3.8,High
21,0,7.0,66,43,47,127,44.3,3,3,0,3,12,1.57,-1.9,0.0,Low
13,7,7.5,90,64,25,40,50.0,2,6,1,7,27,0.83,-3.4,0.0,Moderate
6,8,7.8,50,59,10,154,37.4,3,8,0,10,50,0.33,1.5,0.0,Low
17,6,9.0,95,19,37,129,32.7,6,7,1,12,61,1.23,-1.9,1.7,High
5,11,5.6,93,20,62,59,35.8,0,7,0,5,47,2.07,-9.6,0.8,Low
11,13,5.4,86,46,76,72,42.0,2,4,1,7,28,2.53,-6.3,1.9,Moderate
1,4,7.4,103,69,30,84,45.1,5,6,0,9,14,1.0,-2.0,2.4,Low
3,4,7.5,58,73,84,71,40.2,5,5,0,8,37,2.8,0.4,2.6,Low
10,8,5.5,87,66,9,94,30.0,5,1,2,5,72,0.3,-13.8,0.0,Moderate
12,0,7.0,79,49,63,17,51.8,2,4,0,6,87,2.1,1.0,0.8,Moderate
0,6,9.5,81,78,36,48,37.8,6,5,2,4,110,1.2,-0.5,2.7,Low
13,16,6.5,65,39,8,24,45.6,5,4,1,4,30,0.27,-1.2,0.0,Low
4,0,7.5,82,46,75,42,38.6,5,6,0,6,13,2.5,-0.2,5.2,Low
18,7,8.3,82,26,36,91,54.2,8,7,0,9,50,1.2,15.4,0.8,Moderate
7,5,9.4,70,46,66,89,30.0,4,6,1,8,22,2.2,-11.8,1.2,Low
2,20,6.7,77,36,34,88,53.2,6,5,0,4,37,1.13,5.1,0.0,Moderate
10,5,7.9,64,80,33,167,40.9,5,9,1,3,56,1.1,-5.2,2.5,Low
4,6,5.5,74,76,25,82,41.9,3,3,2,4,63,0.83,-11.9,0.0,Low
18,3,6.4,89,53,38,64,45.2,8,4,0,0,101,1.27,0.1,1.6,Moderate
10,9,5.9,89,60,50,72,44.2,1,3,0,11,37,1.67,-7.0,0.0,Low
9,10,4.1,86,41,35,10,57.4,5,7,0,4,86,1.17,10.6,0.0,Moderate
13,3,4.5,89,15,14,96,50.7,1,7,4,13,18,0.47,3.1,0.0,High
3,14,6.9,89,38,48,42,56.8,6,7,0,10,17,1.6,4.2,1.1,Low
1,10,6.9,71,65,48,139,49.3,6,11,2,12,139,1.6,9.2,6.2,Moderate
12,13,5.2,82,60,13,24,43.6,6,4,0,13,32,0.43,1.3,0.0,Moderate
2,7,8.3,90,45,23,101,43.7,4,6,0,2,20,0.77,3.6,0.3,Low
2,10,5.1,63,65,12,108,30.4,5,8,1,0,25,0.4,0.4,2.8,Low
15,7,6.7,63,44,38,205,61.9,3,5,1,8,55,1.27,8.3,0.0,High
13,17,5.9,62,31,57,88,43.6,5,8,0,6,25,1.9,-0.3,2.0,High
1,9,6.5,58,65,52,154,30.0,7,9,0,6,52,1.73,-5.6,7.2,High
5,9,7.5,66,41,10,38,35.5,6,8,1,7,10,0.33,-3.5,1.0,Moderate
4,6,7.3,72,70,37,99,30.6,4,11,1,3,52,1.23,-0.9,4.0,Low
21,6,7.2,95,16,16,99,38.2,4,11,1,3,20,0.53,3.0,5.8,High
15,10,7.1,73,42,12,231,49.7,9,8,1,3,28,0.4,6.9,3.8,High
7,13,4.9,61,63,37,124,30.0,4,4,1,8,48,1.23,-11.5,0.9,Moderate
13,5,7.8,80,61,25,167,56.6,3,16,1,9,65,0.83,12.0,7.2,High
1,9,5.1,76,48,105,52,39.1,4,3,0,3,22,3.5,-3.3,1.1,Low
5,10,6.3,69,57,112,81,42.8,3,6,3,7,118,3.73,-4.1,1.9,Moderate
10,11,6.0,72,55,57,66,44.0,3,9,0,7,69,1.9,-1.1,3.8,Moderate
12,0,6.8,90,25,24,207,34.8,7,7,1,5,100,0.8,0.6,0.0,Low
9,3,5.8,62,45,7,22,51.2,3,7,4,8,25,0.23,1.5,0.0,Moderate
11,1,6.2,60,56,23,113,32.0,2,7,0,4,29,0.77,-11.4,0.0,Low
10,9,8.3,83,61,63,41,58.6,3,8,1,11,10,2.1,9.6,0.0,Moderate
8,3,4.8,71,51,27,160,35.2,4,3,1,6,35,0.9,-5.3,0.0,Low
8,6,6.4,95,42,10,83,44.4,2,8,1,14,43,0.33,-4.4,2.2,Low
7,2,5.1,76,28,93,58,38.5,6,7,0,7,47,3.1,-3.4,4.6,Moderate
11,6,7.2,77,66,18,84,54.6,4,8,0,6,22,0.6,6.7,1.9,Moderate
12,2,5.5,87,64,20,18,34.5,3,6,0,7,6,0.67,-10.9,0.7,Low
11,13,6.4,60,70,80,144,57.3,6,3,0,5,41,2.67,6.5,2.0,High
2,11,4.8,82,33,43,156,64.1,5,8,1,3,17,1.43,12.1,1.8,High
3,9,7.9,74,54,44,120,32.2,3,2,2,0,121,1.47,-7.0,1.3,Low
12,7,6.5,89,40,45,118,30.0,6,8,1,2,3,1.5,-1.6,2.9,Moderate
19,0,6.6,71,53,16,57,42.3,3,14,0,10,26,0.53,0.2,4.1,Moderate
10,6,7.4,80,104,55,28,46.1,6,4,1,13,2,1.83,3.9,0.0,Low
7,4,4.9,74,68,70,96,42.7,2,3,0,10,91,2.33,-7.8,0.0,Moderate
11,10,5.7,83,38,39,34,42.2,6,7,0,7,10,1.3,-6.0,4.6,Low
2,12,6.6,75,47,32,27,51.0,4,5,0,3,31,1.07,1.0,0.0,Low
18,10,4.3,81,45,85,89,48.0,7,7,1,6,62,2.83,2.1,1.9,High
11,16,4.4,97,54,65,109,30.4,6,4,0,12,73,2.17,-7.1,0.0,Low
5,5,5.4,75,25,19,84,38.2,6,3,0,4,31,0.63,-3.9,0.0,Low
8,5,5.0,82,58,60,173,56.8,6,1,0,4,18,2.0,1.2,0.0,Low
6,15,6.0,103,15,33,123,46.3,4,3,0,14,22,1.1,-5.1,0.0,Moderate
18,9,7.0,82,22,44,12,44.5,4,6,0,1,47,1.47,-1.5,0.0,Low
8,7,7.3,51,88,108,32,33.5,1,9,0,7,28,3.6,-5.6,5.5,Low
11,19,8.6,71,46,9,190,51.6,5,8,0,13,31,0.3,2.9,9.0,Moderate
13,12,6.4,65,78,5,92,44.9,3,8,0,3,13,0.17,3.7,2.9,Moderate
5,7,6.6,88,37,23,88,44.9,6,8,0,5,7,0.77,4.0,2.6,Low
11,5,6.4,77,15,32,16,53.8,5,4,1,7,96,1.07,6.2,0.0,Moderate
11,16,6.8,90,33,20,108,35.6,2,1,2,9,86,0.67,-6.2,0.0,High
0,10,6.9,85,100,55,55,55.6,1,5,0,8,7,1.83,-0.5,4.4,Moderate
11,9,7.5,85,27,50,45,47.8,6,1,1,8,36,1.67,-7.1,0.2,High
9,12,7.5,65,84,38,38,55.5,0,7,5,6,42,1.27,5.8,0.7,Moderate
10,14,7.0,84,58,46,44,42.5,4,6,1,10,40,1.53,4.6,2.0,Low
10,12,8.2,93,54,45,73,56.6,4,12,0,14,26,1.5,11.2,4.5,High
11,14,6.4,62,39,89,39,30.0,3,10,1,10,11,2.97,-5.6,6.6,Moderate
18,11,5.7,75,36,17,91,32.7,5,7,3,2,9,0.57,-7.2,0.4,Moderate
2,12,5.9,82,62,43,37,36.7,3,4,1,8,43,1.43,-3.4,0.3,Low
7,4,6.3,79,76,79,135,38.2,1,2,0,14,47,2.63,-12.9,2.8,Moderate
14,19,5.1,94,56,31,168,54.9,3,12,1,4,54,1.03,6.5,6.5,High
13,1,5.7,86,65,37,65,30.0,3,6,1,7,53,1.23,-12.2,3.1,Low
12,10,5.0,82,44,64,104,53.1,7,7,1,0,35,2.13,7.6,1.8,Low
27,1,6.8,87,91,6,9,44.9,1,4,3,7,132,0.2,2.7,0.0,High
13,8,6.8,86,56,70,31,34.9,8,11,0,7,72,2.33,-0.3,0.4,Low
17,5,4.3,78,89,48,30,60.8,4,3,0,5,58,1.6,7.9,0.8,High
8,9,5.6,74,35,59,31,32.9,4,5,0,5,98,1.97,-4.8,0.0,Low
3,10,8.6,89,51,56,28,53.1,4,7,1,6,35,1.87,2.0,1.1,Moderate
7,3,7.2,70,71,11,111,56.9,3,9,0,9,48,0.37,8.1,2.4,Low
14,8,6.9,77,55,12,12,30.0,7,5,0,2,48,0.4,-3.4,2.2,High
12,17,5.6,65,61,4,270,35.7,3,6,2,7,36,0.13,-4.7,0.7,Moderate
12,1,6.7,86,34,11,93,57.2,7,4,2,12,11,0.37,7.3,0.0,Low
8,4,6.4,92,45,16,119,46.6,1,6,1,3,63,0.53,-6.0,0.8,Low
7,13,5.4,68,36,38,33,51.1,4,8,0,9,20,1.27,3.6,0.7,Moderate
8,9,5.8,76,50,82,60,45.7,3,10,0,6,48,2.73,1.0,5.4,Moderate
14,9,5.8,73,49,29,123,52.1,7,6,0,9,86,0.97,3.7,0.0,High
15,14,4.6,90,42,36,137,34.2,5,2,0,2,7,1.2,-13.9,0.3,Moderate
3,4,4.8,94,63,34,91,51.8,5,11,0,5,22,1.13,4.3,10.6,Low
14,5,6.2,73,33,51,47,43.6,6,8,3,8,71,1.7,0.8,6.4,High
5,5,5.4,50,15,22,147,43.2,3,7,1,0,53,0.73,-2.4,3.1,Moderate
13,6,6.0,91,42,35,39,32.9,6,11,1,6,10,1.17,-3.2,7.3,Moderate
8,16,4.5,78,91,66,48,31.2,4,11,0,15,6,2.2,-4.9,10.6,High
20,0,7.4,79,61,84,27,43.9,2,3,1,0,41,2.8,-6.5,0.6,Moderate
7,2,8.9,89,37,80,102,56.2,2,5,0,2,28,2.67,8.5,3.0,High
11,1,7.6,74,60,73,53,46.9,1,2,0,6,52,2.43,-6.7,0.0,Low
13,17,7.8,71,50,77,77,36.4,1,6,0,5,49,2.57,-6.4,0.0,Moderate
4,5,7.2,74,59,38,40,43.6,5,7,1,18,84,1.27,0.5,0.5,Low
9,7,6.7,83,68,22,78,42.6,5,1,1,12,64,0.73,-4.5,0.0,Moderate
8,0,6.5,88,55,46,132,37.7,5,6,1,1,82,1.53,1.8,0.0,Low
6,7,5.3,96,54,50,49,48.9,1,5,1,1,43,1.67,2.7,0.0,Moderate
7,14,7.2,82,79,30,93,36.4,3,9,0,6,46,1.0,-2.8,1.1,Moderate
17,10,7.2,76,62,23,74,39.0,3,11,2,7,44,0.77,0.1,4.4,High
6,8,5.8,88,56,78,105,35.3,5,9,1,13,15,2.6,-1.9,3.2,Moderate
13,0,7.0,67,53,37,112,38.3,7,5,1,2,17,1.23,-0.1,1.8,Low
12,7,5.6,94,42,29,24,59.0,4,8,0,10,56,0.97,6.5,6.3,High
0,9,5.6,80,30,31,127,38.8,3,5,2,9,98,1.03,-5.3,1.8,Low
13,3,7.3,75,64,42,73,40.9,2,3,1,9,41,1.4,-6.0,0.0,Low
0,12,6.9,67,75,22,115,52.4,3,4,2,2,50,0.73,1.9,0.0,Low
14,14,6.1,85,60,50,8,54.6,5,9,1,8,29,1.67,6.8,0.0,Moderate
6,5,6.0,75,62,2,104,40.7,6,11,1,3,22,0.07,7.2,3.2,Low
10,13,6.6,77,36,13,44,56.5,3,6,0,19,1,0.43,5.6,0.9,Moderate
1,8,4.2,60,41,28,85,36.4,1,8,3,7,48,0.93,-5.8,0.1,Low
10,15,5.5,73,29,52,98,51.3,6,4,2,8,57,1.73,12.4,2.1,High
16,20,4.9,72,48,28,222,44.6,6,9,0,5,10,0.93,7.3,1.7,High
4,2,6.4,83,70,69,81,49.1,3,1,0,6,8,2.3,-1.5,1.6,Low
6,13,7.7,75,39,83,76,50.7,5,10,1,6,50,2.77,7.6,7.4,High
12,16,7.0,50,51,34,32,44.6,8,10,0,8,80,1.13,8.0,2.2,High
13,3,5.8,73,65,18,67,50.0,3,4,2,10,103,0.6,3.5,0.0,High
0,5,5.6,62,74,35,35,52.3,2,10,0,12,35,1.17,8.8,3.2,Low
23,5,5.5,67,22,68,112,30.7,5,1,0,7,50,2.27,-10.5,0.0,Moderate
13,8,8.8,89,43,17,102,37.4,2,5,1,5,21,0.57,-11.9,2.6,Low
14,6,6.5,59,39,56,123,53.5,4,9,3,7,81,1.87,3.5,1.4,Moderate
9,7,6.6,81,36,33,57,30.0,2,6,1,9,67,1.1,-9.9,1.5,Low
0,13,3.9,72,45,58,22,35.1,4,1,1,5,60,1.93,-7.4,0.0,Low
14,0,5.0,70,17,49,59,59.2,8,7,0,1,61,1.63,11.7,1.1,Moderate
6,3,6.3,67,45,24,80,42.0,1,4,0,5,35,0.8,-4.4,2.8,Low
13,12,5.8,82,53,33,193,47.1,3,10,1,12,90,1.1,7.2,0.8,Moderate
8,12,6.6,83,33,51,202,49.0,2,1,1,7,18,1.7,-5.5,0.0,Moderate
11,2,6.5,59,43,66,43,49.4,3,6,0,7,22,2.2,5.0,0.0,High
4,12,7.1,91,52,33,71,40.7,5,1,1,4,19,1.1,-4.6,0.0,Moderate
15,16,4.2,65,54,67,25,42.2,5,6,1,9,39,2.23,1.9,4.1,Moderate
2,8,5.1,82,23,115,19,64.7,4,3,1,2,40,3.83,9.6,0.0,Moderate
24,3,6.3,65,65,70,135,33.4,8,6,1,3,35,2.33,-2.3,1.6,High
24,14,5.6,73,65,37,19,39.1,6,4,0,6,8,1.23,-1.2,3.0,High
20,18,6.0,64,39,36,132,34.9,1,4,1,6,14,1.2,-10.8,1.1,Moderate
18,3,6.5,72,82,11,131,43.6,2,6,0,6,53,0.37,-5.8,0.0,Low
9,9,5.5,76,60,32,42,37.0,7,8,1,12,92,1.07,-0.7,0.0,Low
17,15,6.6,65,58,56,36,56.8,4,6,0,6,34,1.87,1.5,0.0,Moderate
9,9,7.1,81,64,66,61,59.6,4,6,1,4,55,2.2,5.5,2.3,High
0,0,6.5,83,33,16,76,45.0,2,10,1,5,63,0.53,3.5,4.4,Low
19,11,7.3,108,46,49,76,36.2,2,3,0,15,43,1.63,-9.9,0.0,Moderate
17,3,3.8,88,63,75,52,61.7,3,8,2,9,17,2.5,9.1,3.8,High
9,1,5.7,91,38,16,14,38.5,7,5,1,4,56,0.53,-1.6,0.0,Low
2,0,7.5,59,46,45,83,47.3,2,13,0,11,25,1.5,4.6,5.1,Low
6,15,5.4,56,63,25,154,48.6,5,4,2,7,38,0.83,5.8,0.0,Moderate
0,4,5.2,75,58,13,68,36.5,4,3,3,10,9,0.43,-0.0,0.0,Low
16,10,6.2,98,52,34,54,41.5,2,6,0,12,70,1.13,-7.1,1.9,Moderate
0,12,6.4,105,53,10,178,62.0,6,5,1,4,69,0.33,10.0,3.3,Moderate
11,9,5.8,70,49,24,40,47.8,3,7,0,0,42,0.8,-4.2,0.0,Low
4,10,8.6,72,67,39,75,49.7,4,6,0,0,33,1.3,5.5,0.0,Low
0,11,6.7,84,90,66,156,52.6,4,6,0,6,63,2.2,4.0,0.0,Moderate
11,9,5.3,76,57,17,86,49.2,5,10,1,7,106,0.57,6.4,1.1,Moderate
7,4,4.7,76,75,31,167,54.4,4,10,1,8,25,1.03,-1.6,4.6,High
15,4,6.9,85,44,67,56,50.2,3,6,1,11,13,2.23,0.9,0.2,Low
1,8,5.3,108,40,21,153,44.1,5,6,0,15,116,0.7,5.9,0.0,Moderate
5,8,9.0,92,38,14,91,73.8,3,6,0,9,29,0.47,13.6,0.0,Moderate
0,11,6.9,99,35,82,115,40.0,3,7,2,1,11,2.73,-2.1,4.7,Low
0,15,7.1,58,47,35,51,41.9,4,1,2,10,58,1.17,-0.9,0.0,Low
21,10,6.7,90,68,69,85,57.9,5,10,1,7,139,2.3,11.1,5.9,High
23,4,7.7,68,70,23,65,52.5,1,9,1,11,40,0.77,-1.2,3.4,Low
10,0,3.5,96,43,57,65,41.7,2,5,2,12,22,1.9,-6.5,0.0,Low
4,4,5.0,93,46,68,97,41.1,5,4,0,5,28,2.27,5.1,3.2,Low
8,1,7.6,85,52,25,63,45.4,2,2,1,4,16,0.83,-2.2,0.0,Low
15,4,8.2,70,56,55,36,48.3,5,8,0,11,71,1.83,3.3,2.2,Moderate
6,10,4.9,73,63,22,18,45.5,4,12,0,9,27,0.73,2.4,5.5,Moderate
11,9,4.2,74,45,81,49,40.8,6,1,2,4,36,2.7,-2.1,0.0,Moderate
9,19,6.6,86,48,22,105,51.6,4,6,0,6,17,0.73,2.4,5.1,Moderate
6,11,7.0,82,76,84,102,46.1,5,1,0,4,55,2.8,4.3,0.0,Moderate
6,20,6.6,94,47,48,125,53.5,2,5,1,10,164,1.6,1.5,0.0,High
11,13,6.3,96,42,31,30,46.9,2,5,0,6,27,1.03,4.2,0.7,Moderate
3,15,4.2,69,50,91,60,32.0,3,10,2,13,15,3.03,-3.6,4.1,Moderate
12,6,5.9,83,53,24,30,50.0,3,7,0,11,69,0.8,1.0,2.7,Low
6,2,6.1,83,24,114,55,54.4,5,8,0,9,65,3.8,2.3,3.0,Low
10,6,5.7,77,44,55,62,49.2,3,4,0,0,22,1.83,4.9,0.9,Low
18,8,4.1,88,60,15,120,31.4,7,7,3,7,40,0.5,-2.5,4.5,High
8,5,7.1,83,88,28,100,48.3,6,7,1,2,117,0.93,7.0,2.5,Low
15,3,7.4,72,42,32,62,41.5,5,12,0,11,41,1.07,6.0,7.6,Low
0,11,5.4,76,66,117,20,46.3,5,6,1,10,35,3.9,1.4,0.0,Low
6,3,6.2,74,55,78,42,50.2,5,7,2,1,33,2.6,9.9,3.1,Moderate
10,0,5.8,70,73,66,61,43.6,1,9,1,9,2,2.2,-1.4,5.4,Low
22,2,5.8,77,41,25,193,51.5,3,4,2,7,10,0.83,-4.9,0.0,Moderate
0,7,7.0,64,72,34,94,50.1,7,1,1,7,23,1.13,-0.6,0.0,Low
9,3,7.0,83,77,56,39,49.0,7,5,0,12,14,1.87,12.4,1.3,Moderate
19,7,7.7,93,78,58,35,42.6,3,8,0,4,26,1.93,-1.0,3.7,Moderate
4,12,7.7,79,78,36,69,54.8,2,5,0,9,81,1.2,4.7,0.0,Low
8,12,6.2,88,55,33,47,59.1,4,6,0,7,87,1.1,9.2,0.0,Low
12,5,9.5,80,63,57,38,45.7,3,4,0,5,122,1.9,-5.7,1.1,Low
11,1,8.3,67,44,91,47,41.5,4,6,0,2,13,3.03,-1.7,4.0,Moderate
20,5,5.6,100,15,10,61,42.3,3,2,0,5,110,0.33,-1.9,0.0,Moderate
12,12,6.6,51,57,57,142,53.1,1,8,0,9,31,1.9,5.9,1.2,Moderate
18,14,4.0,78,49,27,121,46.8,7,8,2,10,49,0.9,2.1,0.0,Moderate
7,11,6.4,70,69,20,104,43.8,6,11,0,5,25,0.67,5.1,4.7,Moderate
5,15,8.4,95,68,12,125,39.3,8,3,2,18,36,0.4,-4.3,0.0,Moderate
8,19,9.5,80,33,21,102,49.5,3,12,0,12,42,0.7,2.1,3.6,Moderate
2,6,6.3,106,94,40,137,51.5,4,5,2,2,25,1.33,-3.0,0.2,Moderate
13,17,6.8,78,59,33,40,45.3,5,1,0,8,22,1.1,1.6,0.0,Moderate
7,7,7.1,70,29,36,28,48.4,3,9,0,0,10,1.2,3.1,4.7,Moderate
5,14,8.8,59,31,35,83,50.4,5,9,2,9,44,1.17,2.4,2.2,Moderate
13,13,5.2,90,15,53,115,54.2,3,5,1,11,122,1.77,7.9,1.3,High
2,0,9.5,69,66,56,75,38.1,1,3,0,5,65,1.87,-10.7,0.0,Low
15,3,6.0,73,43,16,42,39.5,5,1,2,7,28,0.53,-8.0,0.0,Moderate
6,1,5.0,92,37,30,105,42.3,6,2,1,6,28,1.0,-5.8,0.0,Low
17,0,6.0,90,40,111,84,46.2,6,3,0,6,37,3.7,0.6,1.2,Moderate
7,14,5.4,71,47,17,51,41.8,2,8,2,3,94,0.57,0.6,4.5,Low
14,20,6.9,73,62,44,53,43.4,5,7,0,6,180,1.47,-2.2,0.0,Low
11,7,4.4,59,22,61,16,52.4,7,6,1,12,87,2.03,5.4,0.0,High
14,13,6.6,55,33,75,27,32.9,8,5,2,9,56,2.5,-2.7,0.1,High
10,17,7.2,86,60,52,25,38.8,5,6,1,9,12,1.73,-4.3,3.5,Moderate
0,10,8.2,88,41,31,22,39.8,0,8,0,5,5,1.03,-2.8,0.0,Low
16,8,7.2,82,62,24,112,57.2,1,8,1,12,25,0.8,-1.9,0.2,Moderate
9,7,8.1,80,43,51,12,46.6,3,7,0,9,94,1.7,-2.6,3.6,Low
15,12,5.7,70,80,64,10,48.0,4,9,0,7,27,2.13,0.9,6.5,High
14,14,6.9,94,56,88,235,38.4,7,2,1,11,65,2.93,-4.7,0.0,High
4,11,3.7,58,74,80,56,41.5,7,3,1,4,25,2.67,3.9,0.0,High
4,11,6.3,73,61,68,30,30.0,5,8,1,10,15,2.27,-2.4,1.9,Low
14,8,6.9,80,62,13,246,46.4,5,4,1,5,85,0.43,-2.5,0.2,Moderate
8,0,7.0,78,38,17,39,39.8,3,5,1,4,75,0.57,-6.0,3.0,Low
16,14,4.5,78,73,148,117,31.3,4,4,0,8,49,4.93,-6.2,1.0,High
8,1,5.9,72,56,36,58,48.6,2,4,0,17,38,1.2,-2.9,0.0,Low
16,12,6.1,84,35,48,21,37.4,2,4,0,2,6,1.6,-10.4,1.5,Moderate
12,13,5.9,65,15,5,7,46.7,5,11,0,8,48,0.17,8.6,4.5,Moderate
11,2,7.3,76,55,70,62,48.4,4,6,1,10,11,2.33,1.3,0.1,Moderate
7,5,6.1,83,79,41,37,70.8,5,7,1,3,171,1.37,12.1,2.3,Moderate
11,21,6.5,74,36,40,62,42.3,3,1,2,6,58,1.33,-9.9,0.0,High
17,8,5.8,78,35,140,119,47.5,6,3,1,7,138,4.67,2.6,4.6,High
9,1,7.7,80,46,52,87,45.4,2,4,0,6,72,1.73,-2.5,0.8,Low
13,13,7.8,59,72,34,151,38.9,6,7,1,8,35,1.13,3.9,1.2,Moderate
10,4,6.0,60,19,40,21,47.6,3,4,0,15,69,1.33,-0.3,1.0,Moderate
10,0,9.5,79,40,26,59,52.7,3,7,2,8,55,0.87,7.5,1.0,Low
21,12,5.5,71,34,18,199,50.7,3,1,0,11,8,0.6,-5.1,0.0,High
17,3,7.6,72,62,36,18,52.0,3,3,0,1,36,1.2,-1.4,0.0,Moderate
10,10,5.3,84,49,11,41,38.7,2,1,1,6,31,0.37,-6.4,0.0,Low
11,4,7.3,67,46,30,67,46.5,4,6,1,8,32,1.0,1.2,2.3,Low
5,13,7.2,51,49,4,7,31.5,2,3,1,10,17,0.13,-13.1,0.0,Low
8,10,5.2,96,66,69,133,30.3,7,5,1,0,97,2.3,-5.4,4.3,Moderate
12,0,6.2,91,72,119,215,61.1,1,1,1,7,74,3.97,0.5,0.7,High
15,11,8.6,91,70,35,57,46.8,4,1,1,0,63,1.17,-2.2,0.0,Low
14,7,5.4,66,62,20,81,51.5,5,4,0,3,34,0.67,1.3,0.0,High
2,17,6.9,77,77,44,58,51.5,7,11,1,10,6,1.47,4.2,4.8,Moderate
16,11,6.8,64,35,75,109,45.5,4,1,0,8,21,2.5,-6.5,0.0,Moderate
9,13,6.3,77,59,23,78,57.8,3,5,2,13,56,0.77,-0.4,1.6,Low
3,4,4.3,74,94,57,200,44.6,3,7,0,9,133,1.9,2.4,0.1,Low
18,4,7.4,66,19,12,69,30.0,8,6,1,2,11,0.4,-7.5,0.0,Moderate
19,8,6.4,84,42,44,123,47.4,5,3,2,4,76,1.47,5.2,0.0,High
11,6,7.7,75,33,60,73,54.2,4,3,1,8,78,2.0,0.2,0.0,Low
14,16,6.7,97,57,10,27,33.1,6,6,0,5,10,0.33,-1.2,0.0,High
14,8,6.5,79,78,61,129,43.3,5,9,0,10,37,2.03,5.3,2.3,High
19,1,6.8,50,62,33,23,55.8,5,5,0,7,17,1.1,9.3,1.3,Moderate
14,4,5.2,58,48,96,103,53.8,8,7,0,15,49,3.2,10.4,2.8,High
1,14,8.3,101,62,43,67,44.6,2,6,1,0,62,1.43,-1.8,3.1,Low
23,8,5.9,74,47,64,65,38.9,3,11,2,13,52,2.13,-6.9,5.0,Moderate
16,7,6.0,81,55,111,124,45.7,2,3,0,1,12,3.7,-1.1,0.9,Low
6,15,8.0,78,63,33,144,48.0,2,9,0,5,38,1.1,-0.6,4.1,Moderate
3,3,6.7,94,84,7,103,52.5,5,3,0,6,58,0.23,2.7,1.7,Low
13,0,6.1,57,60,19,164,44.5,1,5,2,0,36,0.63,-6.0,0.0,Low
8,4,6.9,93,56,39,56,59.8,2,9,1,10,13,1.3,7.4,3.9,Moderate
12,10,7.2,92,89,154,58,47.9,2,9,0,8,113,5.13,3.3,9.2,High
14,7,6.3,78,17,95,18,42.6,4,2,2,5,42,3.17,-4.7,0.0,Low
6,0,7.5,83,50,23,58,40.8,4,6,0,13,132,0.77,-0.7,0.4,Low
2,14,4.9,74,39,32,49,38.1,4,9,0,1,18,1.07,-2.8,0.0,Moderate
12,9,6.7,59,48,59,69,55.0,5,8,1,6,60,1.97,1.0,1.4,Moderate
6,11,7.4,84,63,84,77,44.0,4,2,1,12,65,2.8,-1.2,1.4,Moderate
10,11,7.1,81,70,11,75,30.0,3,5,0,6,137,0.37,-8.5,0.0,Low
1,1,3.7,81,43,59,48,42.3,4,7,0,5,44,1.97,-2.2,4.2,Low
8,10,6.2,83,64,40,74,56.9,3,5,2,9,14,1.33,6.3,0.0,Low
14,14,4.9,71,36,8,76,41.6,4,2,2,5,47,0.27,-9.6,0.0,Moderate
13,15,7.9,94,29,29,130,33.6,2,6,2,16,19,0.97,-6.7,2.5,Moderate
4,13,5.9,78,53,25,24,41.5,7,12,2,6,74,0.83,-0.9,4.6,Moderate
2,11,7.8,84,48,24,53,51.1,4,6,1,3,58,0.8,-6.1,0.3,Low
10,0,4.9,75,79,83,39,43.6,2,1,1,9,33,2.77,-4.6,0.0,Low
13,8,6.9,90,90,50,133,37.3,6,2,0,10,91,1.67,-2.6,0.0,Moderate
12,3,6.4,79,41,29,15,51.0,6,9,1,6,24,0.97,3.9,0.0,Low
6,16,9.5,77,19,24,141,56.1,6,7,0,10,55,0.8,6.8,0.5,Moderate
11,15,7.8,91,27,45,32,58.9,4,7,1,6,30,1.5,1.9,0.0,High
19,3,7.7,59,37,28,145,47.6,9,7,1,5,27,0.93,5.0,0.0,Moderate
11,8,8.8,75,56,61,40,44.1,3,11,0,15,29,2.03,6.2,5.1,Moderate
0,10,6.7,71,47,34,102,49.6,7,8,0,5,21,1.13,10.5,3.8,Moderate
11,14,6.3,82,29,7,38,57.0,6,5,1,5,24,0.23,5.4,1.8,High
23,0,6.1,81,84,11,84,55.1,5,5,2,14,9,0.37,2.7,2.5,Moderate
1,0,6.8,78,64,22,81,45.1,3,7,0,12,44,0.73,-1.5,1.6,Low
10,9,3.1,70,84,34,43,37.2,6,1,1,6,21,1.13,-8.1,0.0,Low
8,0,6.4,78,20,50,67,48.0,3,12,1,12,37,1.67,3.3,6.0,Low
10,9,6.7,82,75,47,49,45.6,4,5,0,8,46,1.57,-0.1,1.3,Low
11,12,6.2,76,49,102,36,49.9,5,3,0,7,20,3.4,2.0,0.0,Moderate
17,16,4.6,90,45,3,284,35.9,1,6,0,6,55,0.1,-8.8,1.7,High
10,5,6.2,85,52,2,7,39.9,0,4,1,7,25,0.07,-10.8,0.8,Low
18,9,4.6,78,39,10,88,53.7,1,12,4,13,88,0.33,9.3,6.0,High
9,12,8.5,52,49,18,53,47.5,4,6,3,8,6,0.6,-1.6,0.1,Moderate
7,2,6.1,76,69,63,52,35.2,4,7,2,2,9,2.1,-7.0,0.7,Low
5,14,3.9,85,17,45,55,57.6,2,8,1,2,54,1.5,8.8,3.2,High
0,10,6.2,75,79,10,78,43.1,6,4,1,2,58,0.33,5.1,0.0,Moderate
11,5,7.5,81,59,18,213,49.2,4,6,0,10,40,0.6,-2.6,0.0,Low
23,9,6.6,76,50,19,87,41.4,6,7,0,9,155,0.63,0.2,0.0,Moderate
12,8,5.3,81,69,16,48,48.2,2,8,2,9,50,0.53,-0.6,0.2,Low
14,13,5.6,93,59,28,49,57.6,8,3,0,3,37,0.93,9.7,0.0,High
7,6,6.1,87,43,23,19,57.6,3,4,0,4,21,0.77,3.5,0.0,Low
8,10,5.9,64,38,24,41,59.7,3,1,1,8,108,0.8,3.6,0.0,Moderate
16,5,4.9,60,79,10,88,41.5,4,4,2,15,25,0.33,-3.4,0.0,Low
23,3,6.3,83,25,50,102,51.6,5,7,2,2,10,1.67,7.5,3.0,Moderate
19,9,4.8,91,48,35,248,30.8,2,9,0,9,45,1.17,-7.9,2.4,Moderate
15,3,7.5,60,27,21,94,48.7,2,8,1,2,70,0.7,-2.4,4.9,Moderate
10,13,7.7,76,61,13,53,62.5,6,4,0,1,66,0.43,11.3,1.3,High
11,12,5.2,104,50,26,72,34.9,2,5,3,10,38,0.87,-7.2,0.0,Moderate
5,4,5.5,75,30,7,136,38.3,5,9,0,10,51,0.23,3.3,1.8,Moderate
0,10,5.9,106,36,45,115,44.5,5,5,1,0,25,1.5,0.2,2.7,Low
2,4,6.4,69,53,48,54,43.6,3,5,1,10,23,1.6,-0.4,0.5,Low
10,0,6.7,71,57,33,53,53.2,6,10,1,7,12,1.1,12.9,2.6,Moderate
8,5,7.0,70,17,99,148,52.6,4,8,0,8,20,3.3,5.6,0.3,High
0,8,6.9,64,39,49,59,30.0,2,3,0,11,12,1.63,-15.0,0.0,Low
9,12,8.3,59,55,59,40,36.4,2,4,2,6,86,1.97,-5.7,1.8,High
7,9,6.5,76,74,47,104,44.5,4,11,0,7,86,1.57,2.3,6.1,Moderate
2,14,4.8,80,67,47,131,40.7,3,7,1,12,112,1.57,4.5,1.0,Moderate
7,3,4.5,70,44,39,43,49.1,2,10,0,0,23,1.3,-2.1,1.2,Low
7,6,8.4,73,70,57,138,49.6,4,3,1,0,8,1.9,3.0,0.0,Moderate
5,18,7.0,94,46,36,186,30.0,5,7,1,4,43,1.2,-4.5,1.6,Moderate
16,0,6.6,89,15,14,112,43.1,3,8,1,5,61,0.47,-0.9,0.4,Moderate
0,6,6.9,75,78,62,16,38.2,5,10,1,12,103,2.07,1.5,7.6,Moderate
0,2,6.6,83,60,46,68,47.0,1,10,1,1,71,1.53,-0.9,1.6,Low
10,7,6.9,60,55,15,162,51.9,2,5,0,3,54,0.5,1.9,2.8,Low
10,6,6.0,81,52,32,133,44.0,4,7,0,6,180,1.07,-3.3,7.3,Moderate
12,12,7.7,77,57,8,5,34.4,2,5,2,3,84,0.27,-4.5,3.8,Moderate
6,10,5.8,74,52,82,85,57.8,4,8,1,11,26,2.73,12.5,5.1,Moderate
4,1,5.3,78,47,44,91,38.9,5,2,2,0,9,1.47,-6.2,0.0,Low
9,5,4.4,77,40,12,133,41.3,2,1,0,1,39,0.4,-6.3,0.0,Low
7,8,6.1,64,53,29,37,30.0,4,7,0,5,3,0.97,-1.3,0.0,Low
20,13,7.9,96,36,14,106,50.8,6,6,0,4,28,0.47,4.9,0.0,High
7,21,5.9,88,31,23,121,46.1,7,7,0,5,42,0.77,7.7,0.0,Moderate
9,13,4.7,74,57,47,63,50.4,2,5,1,8,18,1.57,0.2,0.0,Moderate
26,3,6.7,59,70,61,61,38.7,2,9,0,9,109,2.03,-3.1,3.2,Moderate
8,8,5.6,51,38,12,154,51.8,5,8,0,9,70,0.4,6.5,0.0,Moderate
13,10,8.3,100,41,82,62,58.7,6,5,0,4,48,2.73,1.2,2.2,Moderate
14,5,7.7,76,21,71,47,30.0,4,6,0,9,56,2.37,-4.4,0.6,Low
14,11,4.9,86,28,25,25,50.0,5,1,0,6,41,0.83,-1.5,0.0,High
11,0,6.2,68,29,19,83,32.8,3,13,0,13,47,0.63,1.6,4.7,Moderate
11,12,5.5,75,70,56,56,50.1,7,5,2,10,53,1.87,4.9,0.0,Moderate
10,6,5.0,75,21,139,57,55.6,5,8,1,10,66,4.63,8.1,2.6,High
6,8,6.3,81,60,34,77,36.7,6,7,0,10,38,1.13,-1.8,0.0,Low
12,17,7.4,79,47,24,143,38.7,8,6,2,4,61,0.8,10.1,0.0,High
23,1,6.3,68,63,21,129,47.2,1,7,1,4,9,0.7,-1.1,1.6,Moderate
17,10,5.8,68,73,2,116,45.9,3,1,1,6,28,0.07,0.1,0.0,Low
11,13,3.8,77,51,17,49,33.7,6,8,1,12,12,0.57,6.0,2.0,Moderate
15,9,5.6,59,72,2,101,40.9,8,4,0,3,41,0.07,-2.2,0.0,Moderate
4,0,7.1,69,80,63,20,39.1,3,8,1,11,101,2.1,-6.3,6.6,Low
8,16,4.8,76,76,77,87,43.9,5,8,0,5,53,2.57,3.3,4.0,Moderate
16,7,7.9,82,40,25,45,61.8,4,6,2,7,10,0.83,5.0,1.5,High
19,5,5.7,95,17,32,81,47.4,1,10,0,7,70,1.07,1.6,2.4,Low
4,7,6.6,73,50,17,56,36.3,1,12,1,1,28,0.57,-1.5,5.5,Moderate
6,6,5.9,78,55,18,71,48.4,4,4,1,3,11,0.6,-1.8,0.0,Moderate
24,2,5.0,57,17,33,12,43.7,5,4,0,10,41,1.1,1.1,2.3,Low
10,9,6.9,82,53,42,266,58.9,2,1,1,9,43,1.4,0.7,0.0,Moderate
21,5,5.7,68,15,102,82,42.0,4,6,0,5,104,3.4,1.3,2.9,Moderate
11,12,5.4,75,80,9,141,43.3,7,7,2,6,73,0.3,4.9,0.6,High
11,12,3.5,83,61,30,94,56.0,9,3,1,10,41,1.0,11.1,0.0,High
8,18,8.0,84,37,40,12,38.4,2,5,2,14,111,1.33,-1.3,3.3,Moderate
16,7,6.4,62,54,27,85,35.3,4,12,0,11,74,0.9,2.3,7.2,High
18,4,7.7,87,57,50,16,48.4,2,7,2,7,29,1.67,1.6,2.1,Low
3,0,7.1,78,61,67,48,47.5,3,6,1,13,58,2.23,4.0,2.1,Low
7,21,7.7,92,53,28,72,34.0,2,7,0,10,10,0.93,-10.9,0.0,Moderate
15,12,5.7,94,69,31,59,30.0,2,7,2,6,71,1.03,-13.1,1.5,High
9,4,4.8,96,29,22,25,48.9,2,1,2,3,130,0.73,-10.6,0.4,High
6,18,7.3,62,50,51,25,48.8,4,5,3,0,20,1.7,2.0,0.4,Moderate
16,16,6.6,82,84,16,126,50.9,3,5,2,7,19,0.53,0.2,0.0,Moderate
17,1,5.8,61,46,63,143,55.1,7,10,1,3,85,2.1,7.5,2.2,Moderate
7,4,7.3,92,56,20,105,46.9,7,5,0,5,26,0.67,0.7,0.0,Low
11,8,6.8,94,34,44,150,44.6,2,11,1,2,49,1.47,2.7,4.2,Low
2,2,7.2,89,91,43,266,52.5,9,9,0,4,57,1.43,4.9,0.4,Moderate
4,8,5.2,73,57,84,88,46.9,3,10,1,11,60,2.8,2.4,5.2,High
10,13,7.6,84,29,7,129,32.5,5,4,1,10,17,0.23,-4.0,0.0,Low
10,1,6.4,72,72,68,66,48.1,5,6,0,16,35,2.27,1.3,0.8,Moderate
3,10,7.7,78,33,16,36,51.9,3,12,1,0,87,0.53,6.1,7.1,Moderate
5,15,7.6,77,64,66,18,37.8,1,1,1,7,117,2.2,-4.7,0.0,Low
3,11,7.2,56,71,14,185,61.4,4,8,1,9,20,0.47,6.0,0.8,High
12,8,6.3,69,88,36,38,43.1,7,9,2,11,105,1.2,8.0,5.7,Moderate
0,5,7.3,103,56,24,5,55.7,2,6,0,6,38,0.8,-1.4,0.0,Low
3,13,7.7,77,53,62,48,37.2,1,7,1,7,6,2.07,-8.7,2.0,Low
0,2,7.1,80,16,14,70,53.4,4,10,1,9,88,0.47,2.8,1.4,Moderate
12,10,6.6,78,44,9,264,58.4,6,11,2,5,26,0.3,14.9,0.0,High
0,9,7.3,73,39,40,86,38.8,7,1,0,4,16,1.33,-4.0,0.0,Low
10,15,5.8,78,49,15,55,48.6,4,9,0,9,76,0.5,2.7,3.1,High
20,5,8.2,74,43,47,132,43.9,7,3,1,4,13,1.57,3.8,0.0,Moderate
20,6,4.4,53,66,44,72,36.8,3,8,1,10,124,1.47,-2.4,1.2,High
0,1,6.4,87,42,34,65,47.0,1,1,2,2,85,1.13,-5.3,0.0,Low
11,11,5.9,96,61,35,105,43.1,3,1,1,5,49,1.17,-5.6,0.0,Low
3,6,5.6,65,50,47,58,43.6,4,13,1,6,48,1.57,4.3,4.9,Low
2,3,6.8,73,41,32,194,35.5,5,9,1,11,136,1.07,1.5,0.1,Low
9,4,5.0,94,39,21,187,53.7,7,1,0,9,116,0.7,5.7,0.0,Moderate
17,12,9.0,70,56,30,138,42.2,5,3,0,13,138,1.0,3.2,0.0,Moderate
13,2,4.8,82,77,30,41,43.3,2,3,1,13,20,1.0,-1.9,0.0,Low
5,3,5.3,125,39,36,62,36.6,3,5,1,13,8,1.2,-6.1,2.8,Low
14,14,5.1,85,53,120,120,55.7,7,3,0,7,65,4.0,3.0,1.2,High
0,8,6.6,79,61,30,62,34.2,2,2,1,7,31,1.0,-7.5,0.0,Low
5,14,7.6,88,52,83,57,31.6,5,4,0,2,104,2.77,-6.7,0.2,Low
4,6,7.0,87,20,68,90,47.3,1,5,0,5,17,2.27,-4.9,0.0,Low
10,8,8.2,71,61,16,39,41.5,6,3,0,3,22,0.53,1.0,1.4,Low
8,9,5.4,59,25,14,67,51.6,7,9,1,1,43,0.47,6.6,4.4,Moderate
9,17,7.2,85,25,40,50,60.0,3,3,0,8,94,1.33,1.9,0.0,High
8,16,6.0,86,29,66,30,57.6,4,8,0,15,91,2.2,9.0,3.0,High
10,15,6.7,75,49,32,98,54.6,3,7,0,12,10,1.07,4.4,2.1,Moderate
13,5,7.7,96,35,40,33,37.8,5,4,1,11,24,1.33,-0.6,0.0,Low
10,3,4.4,94,26,39,23,55.4,3,4,2,2,56,1.3,-0.1,1.9,Moderate
8,13,8.8,87,59,96,19,41.9,3,9,1,14,57,3.2,-3.3,3.7,High
12,16,6.2,75,52,63,101,35.7,4,3,0,0,18,2.1,-9.3,0.0,Low
15,15,4.5,55,66,24,32,50.9,3,9,0,3,34,0.8,10.4,2.4,Moderate
6,9,5.6,76,39,10,39,42.1,5,6,0,2,18,0.33,5.2,1.5,Low
9,13,6.5,58,51,34,134,44.6,6,10,1,13,16,1.13,-1.1,3.5,Moderate
17,13,5.6,52,66,33,16,52.1,3,1,1,11,60,1.1,-4.1,0.0,High
2,9,3.9,85,28,157,57,53.0,4,6,1,4,70,5.23,3.2,3.8,High
21,10,6.5,91,40,36,41,43.2,2,4,0,12,3,1.2,-4.4,0.0,High
1,9,5.5,57,70,37,125,47.2,5,11,0,6,58,1.23,7.1,4.8,Low
7,4,7.2,75,52,28,53,54.3,5,7,1,4,14,0.93,7.2,0.0,Low
3,5,5.1,78,49,26,39,39.5,3,4,1,9,58,0.87,-5.9,0.0,Low
24,4,9.1,75,51,63,61,31.7,1,3,0,0,38,2.1,-9.9,0.0,Low
6,0,7.0,63,74,59,74,41.6,5,3,1,9,75,1.97,-4.4,3.5,Low
6,9,6.6,93,52,30,19,43.1,6,7,0,5,68,1.0,5.4,0.0,Low
7,8,7.1,63,53,52,40,44.8,3,8,2,7,3,1.73,4.4,0.0,Moderate
10,13,4.2,57,52,39,126,66.4,5,11,1,10,42,1.3,7.2,2.0,High
7,16,5.8,63,23,41,55,39.5,8,6,2,8,46,1.37,-2.4,2.5,High
9,16,8.5,83,61,18,142,44.5,4,1,0,5,20,0.6,-0.6,0.0,Low
0,17,6.0,75,37,55,182,38.2,3,7,1,7,32,1.83,-5.2,1.9,Moderate
10,4,6.3,70,29,30,144,48.1,4,7,3,6,76,1.0,1.5,0.0,Moderate
10,0,5.8,84,21,77,152,50.7,3,5,2,5,56,2.57,-1.0,0.0,Low
16,14,8.2,82,24,11,73,52.7,8,8,2,1,5,0.37,2.7,0.4,Moderate
18,17,6.1,53,15,28,32,48.3,7,6,2,8,24,0.93,4.4,1.7,Moderate
8,18,4.9,84,34,12,133,46.8,3,8,0,13,54,0.4,2.0,0.8,Moderate
15,11,9.5,91,44,65,162,30.0,3,2,1,13,57,2.17,-7.7,0.0,Moderate
2,0,4.7,77,71,45,94,52.4,3,7,0,7,51,1.5,3.8,0.0,Low
14,11,6.3,75,53,11,49,58.4,6,2,1,5,75,0.37,6.0,0.0,Moderate
6,12,5.4,99,57,39,49,39.0,5,3,0,0,59,1.3,-1.0,0.0,Low
2,16,5.6,70,75,30,156,38.2,11,6,1,0,30,1.0,0.8,0.0,Moderate
8,17,5.1,76,15,27,27,36.1,2,4,0,12,62,0.9,-8.9,1.0,Moderate
19,14,5.8,82,59,36,12,51.6,4,4,1,10,30,1.2,3.1,0.0,Moderate
11,5,7.6,79,58,109,99,35.8,4,6,0,0,10,3.63,-3.1,3.5,Moderate
19,3,4.1,75,67,111,69,44.9,3,6,1,5,12,3.7,5.7,0.6,Moderate
5,12,7.9,79,20,39,129,32.6,4,2,0,0,31,1.3,-9.6,0.0,Moderate
16,4,7.7,95,42,32,78,49.7,5,5,0,9,43,1.07,6.1,0.0,Moderate
5,17,7.0,87,35,10,101,42.1,1,9,0,9,47,0.33,-0.6,2.0,High
11,0,6.6,77,29,40,130,47.9,5,7,1,10,12,1.33,4.4,1.7,Moderate
11,12,6.7,68,94,113,120,38.3,9,12,0,9,41,3.77,12.2,9.4,High
14,10,8.1,70,42,48,83,39.6,1,7,0,0,66,1.6,-9.7,0.0,Moderate
11,7,4.3,88,69,29,194,40.8,3,11,0,5,56,0.97,-1.3,7.4,Moderate
5,3,7.3,60,65,16,166,38.3,3,2,0,10,87,0.53,-11.1,0.0,Low
15,0,5.5,104,26,36,147,37.9,5,6,0,5,47,1.2,-1.4,2.2,Moderate
21,5,7.4,78,43,104,65,34.5,2,3,2,5,89,3.47,-8.9,0.1,Moderate
6,6,5.7,63,53,30,60,50.2,8,4,3,8,20,1.0,6.4,0.0,Low
0,15,7.2,80,59,75,27,48.7,7,11,1,9,31,2.5,6.6,3.4,Moderate
13,4,4.5,69,58,32,103,42.2,6,1,1,5,78,1.07,-1.0,0.0,Moderate
7,11,4.4,73,84,7,70,52.8,3,9,0,11,51,0.23,1.1,2.8,Low
9,1,6.3,61,68,9,198,59.3,5,7,1,9,38,0.3,10.7,0.2,Moderate
13,11,8.1,75,64,56,178,39.6,2,8,0,8,36,1.87,-11.1,3.4,Moderate
7,0,7.0,55,69,39,34,47.9,4,5,1,9,86,1.3,5.0,0.0,Low
8,21,7.0,71,76,69,19,47.9,6,10,2,5,48,2.3,6.2,2.5,High
9,8,7.4,69,41,34,41,40.2,5,7,0,6,23,1.13,-1.4,4.3,Low
19,0,5.9,72,24,73,207,34.3,2,8,3,4,33,2.43,-4.0,4.7,Low
10,4,7.1,70,41,53,265,68.0,4,1,1,7,19,1.77,7.3,1.7,High
1,3,5.7,78,27,12,120,49.1,6,3,0,1,42,0.4,-2.1,1.9,Low
2,5,6.0,88,34,30,126,46.3,10,5,0,8,22,1.0,7.0,0.8,Low
10,6,6.2,82,54,23,27,48.9,4,8,2,6,53,0.77,0.5,0.9,Moderate
2,5,5.7,92,42,16,78,67.8,4,2,0,8,29,0.53,5.8,0.0,Low
0,4,6.3,73,64,33,206,44.0,3,1,1,4,118,1.1,-4.6,0.0,Low
14,2,6.1,82,57,72,44,46.4,6,6,3,9,40,2.4,1.7,0.1,Moderate
14,13,5.6,82,59,24,112,46.5,4,3,0,6,68,0.8,-4.1,0.9,Moderate
7,15,6.2,91,29,15,126,55.8,7,7,0,8,38,0.5,11.0,3.1,High
11,7,6.6,70,36,64,41,48.4,4,5,1,13,76,2.13,-6.5,0.0,Low
11,8,5.1,87,18,39,105,32.0,5,8,2,14,41,1.3,-9.5,1.7,Moderate
13,2,6.9,69,62,7,17,30.1,4,1,0,3,22,0.23,-15.0,0.0,Moderate
13,9,5.8,72,87,50,55,55.3,1,4,2,7,81,1.67,0.1,0.0,Moderate
0,10,6.6,74,55,51,61,48.2,6,5,0,8,30,1.7,1.3,3.1,Low
8,7,5.6,83,57,34,61,43.0,6,9,0,8,75,1.13,3.6,0.2,Low
13,11,7.7,66,42,11,61,38.9,4,4,0,2,73,0.37,-6.3,0.0,Low
7,10,7.5,68,48,22,161,61.7,4,6,1,9,18,0.73,14.7,0.5,High
10,2,5.1,71,75,27,52,48.1,3,3,2,5,43,0.9,-5.7,0.0,Moderate
14,15,7.0,79,54,34,345,50.7,4,7,0,9,29,1.13,4.8,0.0,Low
10,7,8.1,68,64,14,58,53.4,5,8,1,2,17,0.47,5.5,3.4,Low
19,18,5.3,81,75,59,27,49.9,4,5,0,13,47,1.97,1.6,6.4,High
17,11,5.4,74,72,114,47,42.0,2,4,0,10,46,3.8,-3.4,1.7,Moderate
9,20,7.3,85,53,17,138,44.2,5,4,1,7,45,0.57,-3.9,1.3,Moderate
8,15,4.8,79,54,22,79,51.8,3,5,0,10,19,0.73,2.6,0.0,Low
0,10,5.5,97,45,20,91,54.0,3,7,1,8,56,0.67,0.8,0.2,Low
7,4,5.2,79,61,169,55,55.5,4,5,1,6,35,5.63,5.5,6.6,High
1,4,7.3,65,45,43,24,38.8,3,9,1,5,27,1.43,-4.3,3.5,Low
11,12,5.6,76,58,74,11,47.6,4,5,2,6,25,2.47,1.7,0.0,High
10,9,6.1,78,71,47,42,38.7,5,2,0,10,66,1.57,-6.1,0.0,Moderate
14,5,5.5,68,22,12,63,44.9,4,11,1,13,26,0.4,2.8,5.2,Moderate
19,13,7.8,95,19,16,59,43.7,4,4,1,3,18,0.53,-3.1,0.0,Moderate
9,9,5.4,75,51,20,50,45.9,7,3,3,0,60,0.67,-2.6,0.0,Low
24,13,4.7,71,64,22,69,54.3,4,5,0,12,35,0.73,4.1,0.0,High
11,3,4.7,80,57,59,134,38.3,4,9,1,6,16,1.97,-3.9,2.7,Moderate
1,14,7.2,68,30,145,49,63.7,3,9,1,6,95,4.83,8.0,6.6,High
6,11,7.3,89,68,31,109,57.2,2,7,1,1,59,1.03,5.1,0.0,Moderate
7,15,7.9,86,86,39,67,31.5,3,7,1,8,4,1.3,-8.0,0.1,Moderate
13,14,4.9,79,36,35,222,48.8,7,7,1,0,51,1.17,8.2,0.0,Moderate
3,8,6.1,85,39,10,97,35.5,2,7,2,13,9,0.33,-3.5,2.5,Moderate
8,8,9.3,73,52,87,27,49.1,6,7,1,4,82,2.9,7.2,3.8,Moderate
8,19,6.0,61,50,54,55,33.1,2,5,1,9,53,1.8,-8.6,0.0,Moderate
7,7,5.7,74,74,32,79,56.3,3,3,0,7,57,1.07,4.2,1.2,Moderate
15,13,6.4,72,57,124,110,56.7,4,8,1,11,96,4.13,7.5,5.1,High
14,6,7.0,56,47,8,81,41.7,2,3,1,5,73,0.27,0.8,0.0,Moderate
17,0,7.0,66,41,62,31,47.4,2,6,0,3,35,2.07,-6.8,3.8,Low
7,1,5.7,64,25,34,53,34.4,2,4,1,15,40,1.13,-8.7,0.0,Low
17,11,5.7,66,77,26,79,40.9,5,3,0,1,47,0.87,-2.0,0.0,Moderate
1,13,6.0,93,63,25,123,44.4,3,8,0,9,15,0.83,-3.2,0.3,Low
0,11,5.5,84,50,31,205,31.7,5,7,0,4,14,1.03,-6.4,3.4,Low
2,15,4.9,89,54,29,113,60.5,2,9,1,1,94,0.97,9.2,3.7,Moderate
10,11,8.6,84,50,49,132,47.0,5,5,0,7,24,1.63,-1.5,0.0,Low
17,4,5.9,90,20,42,40,57.0,2,7,0,9,18,1.4,5.0,2.4,Moderate
6,12,6.0,78,26,83,133,44.2,5,4,0,2,176,2.77,0.6,1.1,Moderate
6,9,6.0,95,48,28,120,39.5,3,7,0,7,25,0.93,-1.2,0.5,Low
8,5,6.3,64,48,102,83,46.7,2,2,0,4,81,3.4,-1.6,0.0,Low
13,11,6.9,77,52,96,158,54.4,1,4,0,7,11,3.2,-0.1,1.6,High
6,9,5.8,67,83,24,84,39.7,6,7,1,14,128,0.8,0.8,3.1,Moderate
6,5,7.8,92,47,19,79,48.1,0,1,0,7,80,0.63,0.5,0.0,Low
1,7,7.1,83,38,62,73,40.5,7,9,0,13,78,2.07,1.4,4.1,Low
6,17,6.2,91,53,48,131,30.0,8,6,1,2,13,1.6,0.4,0.1,Moderate
17,17,5.6,63,27,23,47,42.5,1,4,2,7,13,0.77,-4.0,0.0,High
10,10,7.7,71,55,47,89,46.9,3,7,1,7,27,1.57,2.9,4.2,Moderate
5,9,6.2,58,39,23,150,45.8,4,8,1,13,30,0.77,1.8,2.9,Moderate
18,0,4.9,82,56,43,31,43.2,7,12,0,11,50,1.43,6.7,8.6,High
6,18,7.6,73,49,38,64,46.6,3,2,0,6,69,1.27,-3.3,0.0,Low
19,15,5.5,86,49,25,48,39.9,4,4,2,10,83,0.83,-4.9,0.3,High
19,13,7.4,78,63,105,57,50.2,8,9,0,9,75,3.5,11.3,3.9,High
10,0,3.4,55,65,110,35,41.7,1,5,0,4,67,3.67,-1.7,4.7,Moderate
0,9,6.0,60,89,29,32,53.1,6,7,1,5,5,0.97,5.3,0.0,Moderate
24,8,7.8,79,64,90,48,33.3,6,1,1,5,53,3.0,-5.5,0.0,High
12,12,6.4,83,48,21,25,46.5,2,7,0,11,68,0.7,-2.7,0.0,Low
7,6,7.1,54,41,8,53,50.1,4,6,0,9,70,0.27,1.0,0.0,Low
16,7,5.3,77,58,33,181,56.9,1,6,2,9,99,1.1,-4.2,0.0,High
14,12,6.8,67,78,31,13,40.9,7,6,1,13,34,1.03,5.2,0.0,High
18,4,6.4,66,67,13,89,56.2,5,3,2,6,111,0.43,4.7,0.0,High
5,5,6.7,71,39,22,32,49.6,4,3,0,2,126,0.73,-1.0,0.0,Low
12,10,8.8,79,60,92,52,61.2,7,10,0,12,94,3.07,13.8,10.2,High
2,16,8.0,70,56,40,36,32.4,4,5,1,10,44,1.33,-13.5,2.7,Low
14,13,7.4,56,71,96,28,47.8,3,12,0,0,43,3.2,4.3,6.9,High
9,15,7.4,79,57,49,64,45.3,3,9,1,10,38,1.63,-4.7,5.1,High
11,9,5.3,74,57,60,38,47.1,3,6,3,1,17,2.0,3.0,3.6,Moderate
9,17,5.8,68,31,50,119,53.5,3,6,2,2,104,1.67,6.6,2.0,High
8,0,4.6,75,66,46,46,58.2,7,6,1,10,41,1.53,4.1,4.5,Moderate
4,20,4.9,74,27,30,279,48.6,4,5,0,14,19,1.0,2.3,0.4,Moderate
15,21,5.3,78,54,55,56,31.2,2,5,1,14,92,1.83,-9.9,2.2,High
19,11,6.4,75,42,57,95,42.2,3,13,1,4,45,1.9,-2.1,4.2,Moderate
6,13,4.9,80,41,68,132,74.0,1,6,1,8,19,2.27,17.9,4.4,High
13,8,6.4,77,62,77,61,37.0,3,9,1,10,16,2.57,-6.2,5.2,Moderate
12,7,6.2,87,52,99,114,47.2,3,5,0,7,41,3.3,2.6,2.1,Moderate
10,5,5.0,95,15,47,44,52.2,4,1,1,3,141,1.57,-2.5,0.0,Moderate
0,8,8.2,78,48,51,52,54.6,4,4,0,0,98,1.7,-2.4,3.3,Low
1,12,4.8,71,45,44,97,40.2,4,6,0,5,35,1.47,-2.4,0.4,Moderate
4,11,7.7,62,75,97,69,58.6,5,5,2,8,116,3.23,9.5,0.0,High
0,20,3.7,85,30,48,147,56.6,5,7,1,5,16,1.6,3.2,2.7,Moderate
19,9,6.2,68,87,48,66,49.6,4,5,0,15,63,1.6,2.3,1.6,Moderate
12,0,5.0,104,67,53,227,37.4,2,1,4,9,26,1.77,-7.9,0.0,Low
9,18,5.6,109,47,53,106,40.6,6,8,0,10,27,1.77,1.5,1.6,High
0,1,8.6,76,44,44,190,39.6,4,5,1,6,31,1.47,4.3,4.1,Low
0,5,6.0,60,41,25,32,43.4,1,5,1,11,4,0.83,-6.1,0.0,Low
9,10,5.1,85,58,25,52,58.0,3,6,0,10,13,0.83,8.4,0.6,Moderate
22,11,7.0,101,38,13,57,48.2,4,8,1,6,21,0.43,0.3,0.0,High
5,0,6.0,64,50,33,65,51.2,3,8,0,1,18,1.1,0.3,2.7,Low
15,4,6.6,99,32,13,72,47.0,5,6,0,10,48,0.43,3.0,0.0,High
6,0,5.3,58,65,6,333,59.3,7,9,1,10,25,0.2,12.5,0.0,High
10,12,5.4,62,55,73,132,31.5,4,8,0,0,54,2.43,-1.8,3.6,Low
17,15,5.5,81,44,25,31,30.0,2,3,0,12,74,0.83,-10.6,0.0,Moderate
7,1,7.4,89,48,3,186,45.1,4,4,1,2,116,0.1,-5.9,0.0,Low
5,14,6.1,77,40,79,54,45.3,5,5,0,7,28,2.63,-1.8,0.9,Low
19,14,5.1,83,58,18,68,45.1,5,11,1,14,7,0.6,6.2,3.4,High
10,5,6.6,90,29,32,52,39.2,4,6,2,11,69,1.07,-4.5,1.7,Moderate
17,0,6.5,91,68,72,102,33.7,3,3,1,11,52,2.4,-14.3,0.1,Moderate
5,2,7.1,71,55,56,28,44.5,7,9,0,6,32,1.87,6.1,3.2,Low
19,5,5.8,69,44,11,252,42.1,6,4,0,12,34,0.37,-1.7,0.0,High
11,17,6.3,90,63,14,43,47.6,6,13,1,4,37,0.47,12.5,4.4,High
12,8,6.9,83,59,38,69,51.7,2,7,1,5,26,1.27,6.0,4.4,Moderate
10,3,5.2,84,33,16,46,56.0,7,1,0,3,59,0.53,-3.5,0.0,Low
6,9,7.5,71,76,49,21,52.9,2,5,1,3,39,1.63,0.8,3.5,Moderate
9,1,6.4,85,15,41,16,45.3,1,5,0,13,13,1.37,-0.4,1.5,Low
7,11,5.1,66,72,107,127,49.6,0,5,1,9,106,3.57,-0.7,1.6,Moderate
16,3,5.1,81,49,41,95,34.9,4,9,3,9,50,1.37,-6.2,1.7,High
8,4,6.3,79,70,24,54,38.0,4,7,0,12,132,0.8,-2.7,0.5,Low
0,11,5.7,79,78,20,93,60.9,4,9,1,17,35,0.67,5.5,2.9,Moderate
0,19,7.3,87,44,23,40,54.9,5,8,1,1,44,0.77,8.5,3.9,Moderate
0,21,6.1,67,45,80,51,32.4,5,7,1,2,35,2.67,-4.3,1.2,Low
14,2,6.8,85,58,39,36,39.3,6,2,1,5,41,1.3,2.2,0.0,Low
2,5,5.4,78,32,32,26,62.2,3,7,1,10,31,1.07,7.0,0.0,Moderate
11,11,6.4,69,46,46,35,38.6,7,8,1,4,95,1.53,0.9,2.3,Moderate
10,15,8.0,63,45,12,34,30.0,4,7,1,19,36,0.4,-14.2,2.3,High
9,0,6.2,99,31,47,91,41.0,5,7,0,9,21,1.57,2.6,3.5,Moderate
12,9,5.7,77,44,33,69,41.2,2,1,0,7,42,1.1,-9.4,0.0,Moderate
11,6,5.4,74,66,31,58,55.9,3,7,0,6,47,1.03,-0.1,1.8,Low
0,0,6.4,65,64,97,82,53.4,3,5,1,8,73,3.23,0.2,3.2,Low
7,1,8.1,90,49,31,42,41.5,8,8,0,8,26,1.03,3.2,0.8,Low
12,5,4.8,89,53,35,29,45.3,4,9,0,6,68,1.17,7.7,2.7,Low
20,9,6.3,87,47,22,40,48.5,3,8,0,8,114,0.73,3.2,3.1,Moderate
20,14,4.3,77,20,60,78,52.5,5,5,0,14,10,2.0,6.0,0.3,High
1,11,5.9,86,34,161,43,42.6,7,3,1,5,32,5.37,-2.4,0.0,Moderate
7,14,6.7,69,69,15,69,48.6,3,6,1,10,112,0.5,8.6,0.7,Moderate
0,9,4.5,80,74,35,61,58.9,6,6,3,8,68,1.17,6.0,1.4,Moderate
19,4,5.9,77,37,21,52,44.7,3,9,1,1,11,0.7,-0.3,2.6,Moderate
16,7,6.7,81,72,74,20,47.2,1,9,0,6,32,2.47,-5.4,2.9,Moderate
12,13,6.6,58,30,76,46,51.5,4,8,0,4,69,2.53,2.9,1.9,Moderate
11,14,6.8,99,43,26,84,40.9,3,5,0,9,55,0.87,-3.1,0.0,Moderate
18,8,5.2,96,50,46,124,38.0,0,9,2,9,101,1.53,-2.8,0.0,Moderate
17,3,6.7,65,47,37,119,49.5,6,7,0,9,46,1.23,5.2,1.7,Low
17,10,5.7,84,40,28,112,51.2,4,1,0,8,32,0.93,1.7,0.0,Moderate
12,11,7.3,62,54,65,26,45.3,1,3,2,6,128,2.17,-8.0,1.2,Moderate
7,16,3.6,79,66,25,149,40.3,3,2,1,5,49,0.83,-8.7,0.0,Moderate
14,5,6.1,54,26,50,37,41.8,6,4,2,9,36,1.67,2.9,0.0,Low
15,5,6.5,75,54,18,49,48.3,7,8,1,13,10,0.6,9.8,0.2,Moderate
8,13,8.0,73,69,136,76,35.4,5,10,2,10,67,4.53,1.9,5.5,Moderate
7,6,6.5,91,45,37,141,55.4,5,5,1,8,61,1.23,6.9,0.6,High
17,6,6.6,96,42,26,34,60.1,2,6,2,10,59,0.87,2.9,1.5,Moderate
20,16,6.9,97,37,27,326,32.5,5,4,0,4,76,0.9,-1.9,0.0,High
5,1,7.9,91,88,35,64,51.0,2,7,1,10,33,1.17,0.9,0.0,Moderate
8,20,5.9,79,79,34,63,53.1,5,4,0,6,67,1.13,5.9,1.1,High
12,5,4.7,82,47,11,72,53.9,2,7,1,5,72,0.37,1.3,0.0,Moderate
13,14,4.5,82,73,76,121,31.1,1,10,0,1,39,2.53,-3.8,4.1,High
6,8,7.2,65,43,26,111,43.1,7,5,0,12,79,0.87,2.7,0.0,Low
22,10,6.7,91,49,117,30,40.9,2,5,0,7,37,3.9,-2.5,1.6,High
12,7,6.1,86,33,47,96,43.8,5,6,0,8,31,1.57,4.1,2.1,Low
13,13,5.7,86,19,24,98,34.9,2,5,1,10,56,0.8,-8.6,0.0,Moderate
21,6,6.6,53,42,58,158,61.5,3,7,0,6,38,1.93,2.8,2.9,Moderate
7,5,6.7,83,44,38,14,49.9,3,9,0,6,33,1.27,1.2,2.9,Low
9,19,7.0,89,60,119,169,36.9,3,3,1,8,78,3.97,-5.5,0.0,High
1,9,5.1,78,64,47,146,41.0,3,2,0,5,33,1.57,-3.0,0.0,Low
8,5,4.3,72,50,75,136,58.6,5,4,0,4,22,2.5,7.9,0.0,High
0,0,5.3,63,34,58,190,45.1,4,7,0,12,3,1.93,2.8,2.1,Low
14,19,4.8,62,40,19,149,57.5,2,8,2,5,27,0.63,4.6,3.2,High
12,5,4.7,80,81,115,103,52.1,3,11,1,3,51,3.83,2.0,5.3,High
8,20,8.3,75,63,13,64,33.8,5,8,0,12,37,0.43,1.3,4.3,High
9,11,3.7,75,78,35,30,37.1,3,6,1,6,66,1.17,-7.4,0.1,Moderate
14,9,7.0,95,84,49,37,35.4,3,3,0,0,31,1.63,-3.4,2.5,Moderate
2,9,7.5,64,40,6,174,50.2,5,6,0,5,7,0.2,3.3,3.8,Low
11,21,7.6,74,67,24,56,63.2,4,7,0,7,53,0.8,5.5,2.5,Moderate
14,0,6.7,97,36,44,63,47.6,3,6,3,12,55,1.47,3.1,0.0,Low
0,10,8.0,75,71,46,93,45.0,5,5,0,5,69,1.53,1.4,2.2,Moderate
14,7,8.5,79,67,129,57,50.8,1,7,2,5,48,4.3,-1.7,1.0,High
0,7,6.0,76,15,82,90,45.3,2,6,0,11,79,2.73,-2.9,1.3,Low
9,9,6.9,86,59,27,61,43.0,2,11,2,5,51,0.9,-1.1,2.4,Moderate
2,7,7.9,55,37,6,78,47.7,1,4,0,4,26,0.2,-4.1,0.0,Low
19,10,5.4,76,46,10,91,52.8,7,7,2,2,35,0.33,9.3,0.0,High
2,8,6.1,79,40,37,46,41.4,3,5,2,4,78,1.23,-0.1,0.0,Low
0,1,5.6,67,68,62,92,37.0,5,5,2,11,31,2.07,-1.1,0.0,Low
10,11,7.0,82,40,22,56,54.5,2,6,2,6,13,0.73,0.5,0.0,Low
7,13,4.1,87,29,126,203,30.0,1,10,2,7,60,4.2,-9.7,4.8,High
0,5,8.1,83,37,39,13,34.1,5,9,0,12,51,1.3,-1.3,4.6,Low
13,19,7.0,98,48,32,150,46.1,3,3,1,6,9,1.07,-3.1,1.0,High
0,16,7.1,73,59,137,57,54.0,5,7,0,3,54,4.57,2.0,5.6,High
3,13,3.6,83,74,120,117,47.8,3,1,0,13,22,4.0,-2.7,2.3,High
6,13,5.2,83,61,77,62,40.8,4,5,0,3,37,2.57,-6.1,0.0,High
15,9,8.2,75,63,30,104,53.3,1,9,0,12,25,1.0,5.2,3.9,Moderate
18,15,6.2,90,65,128,92,38.9,1,5,1,4,57,4.27,-8.4,2.5,Moderate
17,18,4.3,81,67,84,62,52.0,5,4,1,7,26,2.8,0.2,0.0,High
9,13,6.7,65,71,38,39,41.9,4,12,0,8,29,1.27,-0.3,2.5,Low
0,5,7.2,86,97,106,19,35.3,3,7,0,1,36,3.53,-5.1,2.8,Low
12,8,7.0,73,66,28,96,52.4,2,9,2,5,15,0.93,3.7,1.4,Moderate
19,12,6.2,74,57,13,123,60.2,3,10,0,7,3,0.43,8.9,2.7,High
18,13,7.8,75,44,31,20,42.4,6,6,0,4,24,1.03,-1.2,0.0,Moderate
13,8,5.6,86,58,12,71,54.9,3,9,0,7,48,0.4,8.9,0.6,Moderate
2,5,7.0,90,73,40,30,30.0,3,6,0,6,40,1.33,-4.8,1.0,Low
6,18,6.6,76,30,38,112,33.7,8,6,1,4,48,1.27,-2.0,0.0,High
22,2,6.2,76,75,24,14,37.1,5,7,0,6,49,0.8,-1.5,3.0,Moderate
0,3,5.9,55,44,83,39,44.4,6,9,1,11,101,2.77,2.3,1.2,Low
2,1,6.0,70,48,48,57,50.2,4,6,1,6,7,1.6,3.8,1.3,Low
16,3,6.4,68,61,27,80,34.8,2,8,0,4,34,0.9,-4.4,2.5,Low
7,16,6.0,81,43,33,70,37.4,3,3,0,11,131,1.1,-5.7,0.0,Moderate
2,16,7.3,77,60,66,151,53.1,6,7,1,9,38,2.2,8.9,3.5,Moderate
19,8,5.8,68,31,81,171,38.1,1,1,2,9,115,2.7,-7.5,0.0,High
12,11,8.3,80,68,45,125,58.2,8,7,1,3,24,1.5,7.8,3.8,High
7,8,5.7,77,56,20,58,39.1,3,2,1,6,39,0.67,-6.5,0.0,Low
2,2,7.5,50,52,35,75,56.1,1,9,1,5,13,1.17,6.6,3.6,Low
23,21,7.6,90,57,61,51,53.0,1,6,2,4,17,2.03,-2.8,1.2,High
9,16,6.6,89,52,94,63,46.4,1,6,3,3,47,3.13,3.7,1.7,High
19,11,6.5,75,60,30,166,47.7,4,7,1,2,83,1.0,2.6,2.9,Moderate
15,4,5.5,82,48,18,197,46.8,3,5,0,12,41,0.6,1.1,0.0,Moderate
6,7,5.8,74,47,69,136,55.9,2,5,2,12,38,2.3,1.9,1.5,Moderate
6,4,6.7,60,20,91,91,30.0,3,6,2,10,33,3.03,-6.8,1.3,Low
19,9,6.3,102,77,43,76,42.6,3,3,0,4,58,1.43,-3.5,0.0,High
19,10,7.8,86,31,23,85,47.4,5,1,0,0,65,0.77,-1.7,0.1,Low
0,7,5.9,88,81,31,78,56.6,3,4,0,8,60,1.03,4.8,0.8,Moderate
13,0,5.9,75,48,44,137,40.6,2,4,0,4,154,1.47,-5.3,1.4,Moderate
9,21,4.4,90,74,26,96,30.0,6,1,1,6,9,0.87,-9.6,0.0,High
3,10,7.2,63,71,15,68,30.0,3,7,0,15,49,0.5,-9.1,0.8,Low
11,11,7.1,75,69,26,118,46.3,6,5,1,0,76,0.87,6.3,0.0,Low
1,6,7.6,86,53,30,72,33.9,4,8,0,5,35,1.0,-8.0,2.4,Low
6,0,7.6,71,30,30,46,43.6,2,6,0,3,180,1.0,-6.0,0.0,Moderate
4,8,7.3,88,49,5,41,34.2,4,5,0,7,10,0.17,-6.2,1.0,Low
6,7,7.4,81,46,180,20,42.5,1,6,2,11,132,6.0,-6.5,2.0,High
9,13,7.1,80,50,26,268,63.3,3,1,1,5,60,0.87,3.5,0.0,High
3,14,7.3,70,30,17,101,57.1,5,5,0,4,33,0.57,3.6,1.5,Low
20,13,4.2,82,47,33,88,45.6,3,8,1,5,21,1.1,2.3,5.1,Moderate
13,14,5.1,99,15,86,29,43.2,4,13,2,6,64,2.87,2.7,5.2,High
21,19,4.9,80,47,83,35,37.7,3,4,0,9,19,2.77,-3.4,0.4,Moderate
8,11,7.9,84,54,74,87,50.7,6,8,1,5,123,2.47,3.8,2.9,Moderate
6,15,5.5,86,38,110,64,42.5,8,5,0,8,98,3.67,6.2,2.1,High
21,11,5.7,65,47,20,29,57.8,3,8,0,12,7,0.67,7.0,1.6,Moderate
6,0,6.4,77,55,15,37,46.7,4,7,0,7,43,0.5,1.3,0.0,Low
8,8,4.9,76,70,61,51,47.1,3,2,0,4,37,2.03,5.5,0.0,Moderate
14,3,6.9,55,71,29,87,30.6,4,6,0,7,24,0.97,-4.7,3.0,Low
1,10,3.8,87,57,72,48,40.5,2,7,0,3,77,2.4,-1.8,3.7,Moderate
14,4,5.0,68,51,81,55,62.5,5,6,0,12,55,2.7,12.7,0.9,High
13,12,6.6,85,58,49,15,31.8,2,1,1,7,5,1.63,-9.9,0.0,Moderate
18,14,4.9,70,84,36,87,43.4,4,6,1,5,27,1.2,-3.3,0.0,High
15,15,8.0,100,61,100,46,43.6,3,5,0,2,51,3.33,-4.6,1.6,High
18,18,6.5,75,57,46,165,47.9,5,6,0,17,25,1.53,5.6,4.6,High
9,0,7.8,99,71,27,157,49.1,5,8,0,8,13,0.9,8.3,0.3,Low
4,2,6.8,76,53,37,90,40.7,3,4,1,3,23,1.23,-10.2,2.5,Low
23,21,6.4,77,37,43,110,53.4,5,6,1,3,43,1.43,5.5,0.0,High
0,14,5.2,95,60,7,178,40.0,7,6,1,12,24,0.23,-2.9,1.5,Moderate
0,10,7.5,68,55,116,116,50.7,2,3,0,9,121,3.87,-2.8,0.0,High
13,9,6.9,79,48,22,79,31.6,5,1,0,8,13,0.73,-10.0,0.8,Moderate
20,8,8.9,84,62,10,40,38.6,5,6,1,9,24,0.33,-5.1,0.0,Low
11,0,7.4,82,19,45,96,31.9,5,5,2,6,67,1.5,-6.7,0.0,Low
16,4,5.9,78,42,50,37,47.9,2,4,0,7,123,1.67,1.7,0.7,Low
0,8,6.7,77,36,23,177,48.3,4,7,0,10,42,0.77,6.2,0.9,Low
6,4,6.9,87,38,30,36,41.8,2,7,2,11,63,1.0,-1.8,1.9,Low
0,5,7.8,80,49,45,64,47.9,5,4,1,6,127,1.5,-1.5,0.3,Low
15,21,8.0,89,36,44,28,34.8,6,10,1,7,43,1.47,2.2,2.0,Moderate
0,7,6.2,82,82,70,17,56.6,4,4,1,9,17,2.33,1.2,0.0,Low
1,10,4.9,85,60,46,165,53.5,4,11,0,11,24,1.53,6.6,8.8,High
13,10,4.2,90,38,9,66,37.0,5,8,1,5,15,0.3,1.5,2.1,Moderate
16,12,5.0,75,21,36,208,34.7,3,6,1,6,60,1.2,-5.0,0.2,High
8,6,5.7,90,41,58,110,41.1,2,2,0,9,59,1.93,-5.5,0.0,Low
13,16,8.2,76,46,25,34,47.5,2,2,1,5,93,0.83,-9.1,0.0,Low
13,11,8.2,63,41,35,277,46.5,4,7,0,11,48,1.17,4.6,3.4,Moderate
8,1,7.6,74,98,66,69,35.9,3,5,1,7,24,2.2,-4.0,0.0,Low
2,8,7.9,70,22,44,164,41.7,7,4,0,7,168,1.47,-1.9,2.2,Low
13,8,5.6,82,53,57,76,48.5,1,8,2,7,25,1.9,0.5,3.7,Moderate
13,7,4.6,75,50,49,42,41.9,1,6,1,11,19,1.63,-2.6,1.6,Moderate
15,11,5.2,79,48,34,91,46.4,6,3,1,2,50,1.13,-2.8,0.0,Moderate
12,12,4.0,89,17,140,167,54.4,5,5,0,6,47,4.67,-0.2,3.8,High
2,11,5.1,94,51,19,85,39.9,7,5,0,9,29,0.63,-5.1,0.0,High
14,10,5.8,81,55,11,68,53.6,3,8,0,5,41,0.37,5.4,0.0,Moderate
9,9,6.6,90,65,40,99,45.2,3,6,1,7,45,1.33,-1.8,1.9,Low
6,0,6.6,76,61,34,137,44.5,5,6,0,6,47,1.13,-0.3,0.0,Low
8,13,5.6,61,74,41,133,33.4,1,9,0,13,35,1.37,-8.2,1.7,Low
5,11,7.1,65,15,76,96,52.7,2,1,0,9,94,2.53,-6.8,0.0,Moderate
15,3,5.6,76,48,21,96,63.4,5,11,1,4,17,0.7,12.6,4.1,High
0,10,6.4,87,97,5,56,36.4,5,2,2,14,88,0.17,-7.1,0.0,Low
3,12,5.1,76,71,180,70,37.4,2,2,0,2,15,6.0,-9.9,1.0,High
7,15,7.7,91,26,35,64,59.8,2,5,2,4,17,1.17,5.4,1.0,Moderate
20,11,6.4,98,54,57,115,51.7,1,4,1,5,70,1.9,2.5,0.0,Moderate
16,10,7.2,68,33,36,134,39.8,2,12,1,0,29,1.2,-1.7,4.6,Moderate
0,14,4.9,101,44,30,55,61.1,5,3,0,0,51,1.0,0.3,0.0,Moderate
18,7,6.6,60,88,36,94,41.9,7,4,0,7,16,1.2,-1.0,0.0,Moderate
18,11,7.1,98,69,59,26,46.2,3,6,0,9,78,1.97,-5.7,1.0,Moderate
2,5,3.9,78,25,73,89,49.0,2,11,1,7,34,2.43,-0.3,6.6,High
0,15,7.8,75,38,99,8,52.8,4,9,0,10,52,3.3,8.3,2.9,Moderate
9,0,4.9,78,52,63,37,50.0,2,7,0,8,18,2.1,2.5,0.0,Low
17,13,6.7,69,47,35,28,64.6,3,2,0,6,30,1.17,7.8,0.0,Moderate
20,9,8.5,95,58,136,10,58.4,2,1,2,7,7,4.53,5.0,1.9,High
4,14,7.5,70,38,58,51,60.1,3,3,1,10,67,1.93,-0.1,1.1,Low
21,4,4.6,72,45,65,137,40.0,9,1,4,8,112,2.17,-3.1,0.0,High
0,9,6.2,63,38,100,18,48.9,5,2,1,8,77,3.33,6.9,0.0,Low
7,9,7.9,70,45,40,98,61.2,3,1,0,12,16,1.33,6.2,0.0,Moderate
7,11,5.4,70,65,94,151,42.4,3,7,1,12,17,3.13,2.7,3.4,Moderate
17,2,6.0,70,57,11,166,42.5,4,2,0,3,58,0.37,-3.3,0.0,Low
18,12,5.9,76,39,37,52,54.3,6,9,0,0,95,1.23,4.3,1.4,High
16,0,7.1,66,72,107,50,50.2,3,6,1,3,51,3.57,2.7,2.2,Moderate
1,5,4.6,96,71,82,39,45.8,7,6,0,5,113,2.73,3.8,5.1,Moderate
15,0,7.2,76,52,52,145,48.5,6,8,0,9,17,1.73,2.8,3.0,Low
13,13,5.7,82,47,16,76,30.0,3,5,0,5,45,0.53,-8.9,0.0,Low
0,11,6.4,87,84,8,43,43.0,5,6,0,0,16,0.27,0.4,0.0,Low
0,11,6.1,100,81,39,33,38.4,3,3,0,8,13,1.3,-5.9,0.0,Low
16,17,7.1,88,25,36,90,60.4,8,9,2,8,14,1.2,17.5,4.4,High
8,7,6.4,75,73,72,40,44.4,8,10,2,5,85,2.4,2.6,6.1,Moderate
1,12,8.1,66,83,45,93,46.8,3,5,1,15,27,1.5,2.8,2.6,Low
8,9,7.6,82,64,80,67,55.9,6,10,1,7,36,2.67,10.7,5.7,Moderate
12,8,5.4,90,44,50,241,60.0,3,6,0,3,16,1.67,10.2,3.0,High
9,16,8.0,80,46,19,46,48.4,3,8,1,10,73,0.63,0.6,5.3,Moderate
0,21,6.8,79,83,55,82,38.3,1,6,1,9,84,1.83,-3.8,0.6,High
22,6,6.6,80,67,42,84,41.1,7,5,0,8,104,1.4,-4.2,0.9,Moderate
16,13,7.4,57,62,39,87,48.6,4,4,0,10,6,1.3,2.6,0.0,Moderate
7,10,5.2,80,94,44,39,48.9,5,8,3,6,75,1.47,5.6,4.3,Moderate
8,10,4.7,86,34,51,27,38.7,7,2,1,8,71,1.7,-0.3,0.0,Moderate
12,10,6.4,77,50,40,75,30.0,3,7,0,8,95,1.33,-7.9,0.8,Moderate
2,7,5.7,90,55,12,136,31.4,5,9,1,9,45,0.4,-2.5,1.1,Low
12,0,8.9,91,48,14,82,35.3,4,3,4,13,49,0.47,-1.2,1.0,Low
1,17,5.5,72,19,30,44,44.0,2,8,1,13,35,1.0,1.6,2.0,Low
9,4,6.4,83,70,89,180,43.1,1,9,0,2,16,2.97,0.8,5.1,Low
2,7,6.6,78,38,46,53,31.0,4,3,0,9,59,1.53,-11.4,0.0,Low
2,7,7.9,56,38,40,101,43.8,7,5,0,4,76,1.33,-0.2,1.4,Low
20,4,5.2,76,46,134,40,61.0,6,4,1,6,17,4.47,9.8,2.0,High
10,10,4.5,67,48,50,114,49.2,4,6,1,5,57,1.67,1.6,1.0,High
11,8,8.1,79,50,41,45,64.0,3,3,0,12,73,1.37,0.8,0.0,Moderate
0,4,6.5,86,69,32,34,46.0,6,9,1,11,106,1.07,4.7,2.9,Low
6,9,7.4,76,73,29,102,45.8,4,4,0,5,15,0.97,-3.3,0.0,Low
12,8,7.4,68,47,9,48,48.5,2,3,0,3,3,0.3,-0.3,0.0,Low
11,14,7.6,81,41,40,69,62.4,3,7,0,7,37,1.33,5.9,3.0,Moderate
0,1,5.9,105,50,15,43,60.2,5,3,0,3,38,0.5,4.7,0.0,Moderate
11,4,5.6,54,36,22,31,52.8,3,6,1,8,129,0.73,2.1,0.0,Moderate
12,13,4.0,81,51,15,65,49.8,4,9,1,3,64,0.5,8.3,3.5,Moderate
18,5,5.2,72,35,127,60,38.3,3,9,2,7,24,4.23,0.0,6.6,High
5,3,6.5,73,90,49,84,33.9,4,9,1,6,45,1.63,-2.9,5.0,Moderate
0,5,5.6,77,54,93,76,42.0,1,5,0,5,47,3.1,-2.2,5.0,Low
3,8,5.0,74,42,69,94,59.8,3,6,2,8,51,2.3,-1.9,4.7,Moderate
2,8,6.5,85,65,34,23,62.1,4,7,2,5,13,1.13,8.5,2.7,High
14,7,8.0,75,30,25,48,31.5,5,5,0,1,20,0.83,-4.2,1.7,Low
0,3,6.3,54,39,34,97,58.1,5,8,1,7,180,1.13,9.2,3.2,Low
7,13,5.0,92,60,20,132,62.4,6,2,0,9,143,0.67,4.4,0.0,High
19,16,7.9,90,54,5,157,57.2,5,6,1,4,26,0.17,7.1,0.0,High
10,0,5.5,71,71,10,130,41.9,2,9,0,8,32,0.33,-1.6,0.0,Low
15,0,8.2,79,15,61,38,53.4,3,5,1,12,24,2.03,5.5,0.0,Moderate
0,14,6.1,91,67,12,78,32.1,1,6,1,5,39,0.4,-10.2,3.5,Low
0,18,6.5,89,42,22,40,33.4,4,13,1,12,150,0.73,5.6,5.7,High
19,0,8.3,93,31,32,85,68.5,8,4,3,8,16,1.07,11.5,0.0,High
10,13,4.8,82,21,16,83,41.9,5,6,2,10,26,0.53,-0.5,0.5,High
10,18,5.1,86,42,57,11,35.8,4,1,0,1,58,1.9,-9.5,0.0,Moderate
2,3,6.0,93,81,78,130,42.8,5,7,2,6,20,2.6,-2.3,4.9,Low
10,18,6.2,74,69,12,81,62.8,2,8,0,2,16,0.4,5.0,2.3,High
2,7,9.5,83,81,11,37,56.5,1,8,1,11,110,0.37,6.0,2.0,Low
17,10,5.3,54,50,26,13,40.0,7,11,0,2,100,0.87,7.3,5.4,High
27,4,4.8,61,54,64,236,45.4,4,8,0,6,56,2.13,-4.2,0.0,High
13,14,5.3,83,24,63,88,50.5,5,6,0,5,18,2.1,1.5,0.0,Moderate
5,13,6.7,85,24,10,80,52.2,2,8,0,9,23,0.33,1.4,2.0,Moderate
0,19,7.0,74,49,52,92,50.7,2,5,0,8,9,1.73,0.4,3.2,Low
0,17,5.6,71,27,34,75,37.6,2,8,1,6,26,1.13,-6.6,0.0,Low
20,8,6.4,74,37,85,30,44.0,4,15,1,11,61,2.83,8.7,6.4,High
3,21,8.7,80,53,18,63,36.2,4,12,0,8,55,0.6,-1.0,3.6,Moderate
7,16,6.4,53,75,15,46,54.7,4,11,2,6,39,0.5,12.3,5.2,High
14,12,6.8,83,52,66,134,45.3,1,7,0,8,57,2.2,-7.5,2.6,Moderate
19,3,8.7,78,28,10,106,49.2,4,3,2,9,63,0.33,0.9,0.0,Moderate
8,0,5.6,81,19,43,112,40.2,5,5,0,7,35,1.43,1.8,1.2,Low
7,0,5.5,77,54,36,14,51.9,2,13,1,10,71,1.2,3.8,5.2,High
10,3,5.8,63,41,26,163,52.2,5,5,2,3,40,0.87,2.4,0.0,Low
5,16,5.8,66,54,30,28,33.3,7,10,1,5,32,1.0,-7.8,3.7,High
6,11,4.2,95,48,43,232,53.3,6,3,2,3,14,1.43,3.0,0.0,High
12,5,6.6,71,51,6,43,35.7,3,7,1,14,70,0.2,-3.9,3.0,Low
11,8,6.7,87,74,19,85,40.0,3,8,1,6,180,0.63,-2.6,0.6,Moderate
23,7,6.2,66,71,7,51,54.4,2,4,1,8,57,0.23,-1.2,0.0,High
12,13,6.7,78,59,3,5,40.3,2,2,1,9,26,0.1,-7.2,0.0,Moderate
17,3,6.7,73,36,10,25,47.2,3,4,1,4,33,0.33,-2.9,0.2,Low
3,11,4.8,75,42,35,138,45.3,4,9,1,6,51,1.17,-0.1,2.7,Low
13,10,6.7,74,66,58,71,33.2,1,10,2,7,18,1.93,-7.5,3.6,Moderate
5,4,7.1,94,75,78,114,58.9,5,4,1,3,89,2.6,9.0,0.0,Low
12,18,4.5,99,29,74,6,59.0,3,4,1,8,49,2.47,2.5,0.0,High
14,7,8.2,81,79,44,35,50.4,7,3,2,9,8,1.47,-1.3,0.0,Moderate
10,3,4.9,73,38,5,96,43.5,4,10,2,14,27,0.17,-0.8,0.0,Moderate
25,13,5.0,63,64,10,42,47.1,6,4,1,8,13,0.33,5.8,0.0,Moderate
19,9,6.6,63,102,56,208,58.3,1,2,2,9,66,1.87,2.3,1.9,High
17,11,7.0,94,23,17,356,41.5,3,5,1,5,98,0.57,-3.9,0.0,High
14,2,7.3,62,61,75,63,42.4,1,4,1,3,69,2.5,-3.1,0.2,Low
21,13,7.1,73,46,21,66,44.2,3,10,1,9,23,0.7,1.4,3.7,High
0,21,5.8,80,60,53,51,30.0,4,8,0,8,118,1.77,-7.0,3.1,Low
18,1,6.5,50,41,52,113,52.5,7,7,0,6,80,1.73,11.0,0.6,Moderate
3,11,6.0,64,15,89,75,48.0,4,10,1,2,16,2.97,7.1,4.3,Moderate
6,4,6.6,63,38,37,220,53.7,6,7,0,7,158,1.23,5.3,4.4,Moderate
13,21,6.5,71,58,37,41,42.0,5,5,0,9,13,1.23,0.5,0.0,High
18,16,5.8,81,76,40,93,33.2,5,4,0,7,71,1.33,-3.7,1.5,High
2,10,6.0,89,59,74,131,47.5,5,5,0,12,31,2.47,3.4,3.4,Low
6,1,4.2,71,79,18,104,35.8,2,2,1,3,50,0.6,-9.8,0.0,Low
10,3,7.4,73,43,31,220,51.4,5,10,3,2,53,1.03,3.7,1.9,Low
8,13,6.8,77,42,38,114,52.2,3,4,0,8,39,1.27,3.4,0.0,Low
15,1,3.6,69,58,10,245,65.5,2,1,0,6,17,0.33,6.5,0.0,Moderate
27,1,7.4,83,45,28,49,58.9,6,9,2,5,17,0.93,12.0,1.9,High
12,9,6.3,83,72,52,202,48.8,4,6,1,4,51,1.73,0.2,1.4,Low
5,9,5.3,50,27,13,63,44.0,7,1,1,7,8,0.43,-0.1,0.0,Moderate
1,11,5.2,85,68,64,32,54.3,6,2,0,14,17,2.13,4.3,0.0,Low
7,6,5.6,79,74,40,145,49.0,8,2,0,6,47,1.33,-2.0,0.0,Moderate
3,14,5.3,81,59,82,29,42.1,0,1,1,6,60,2.73,-9.5,0.0,Moderate
13,4,5.4,91,68,81,57,30.0,1,5,0,9,24,2.7,-9.5,0.0,Moderate
12,12,8.4,58,40,104,97,67.0,6,9,1,4,35,3.47,15.0,0.0,High
6,10,6.8,64,37,40,14,55.9,7,6,1,4,69,1.33,8.1,0.4,Moderate
22,12,8.8,77,58,58,44,52.1,3,1,2,9,86,1.93,-6.0,0.0,Moderate
5,15,6.7,52,39,44,22,46.8,5,4,0,9,28,1.47,3.8,0.0,Moderate
9,6,7.1,76,57,31,75,63.4,1,7,0,7,48,1.03,5.1,0.0,Moderate
14,5,5.3,87,57,35,62,54.3,3,5,2,5,46,1.17,0.0,0.5,Low
15,0,6.2,82,51,25,120,33.8,2,7,0,5,15,0.83,-2.6,2.6,Low
18,0,6.3,79,57,15,200,44.0,3,6,2,3,35,0.5,-4.3,0.0,Moderate
12,7,7.1,75,63,38,58,53.1,4,3,1,5,50,1.27,-0.8,0.0,Moderate
16,8,6.3,73,50,46,123,57.2,2,2,1,5,20,1.53,1.9,0.0,Moderate
5,2,6.8,73,43,26,30,43.7,5,5,0,10,25,0.87,-2.2,4.6,Low
15,3,6.8,81,67,27,151,60.0,7,4,0,0,139,0.9,13.9,0.0,Moderate
15,17,6.0,61,57,106,212,34.3,7,7,1,2,74,3.53,-2.8,4.2,High
19,14,5.9,94,60,30,64,44.0,5,9,0,11,19,1.0,1.3,1.3,High
0,1,5.6,70,62,11,44,44.3,10,9,0,10,78,0.37,8.8,1.9,Low
4,6,7.7,84,55,37,52,54.8,4,2,0,2,83,1.23,-4.2,2.1,Moderate
15,11,6.0,79,46,36,37,58.0,2,4,1,4,40,1.2,2.7,0.0,Moderate
0,5,6.8,65,41,36,107,57.8,5,3,0,2,51,1.2,6.8,0.5,Low
13,4,6.2,92,50,40,88,33.8,3,8,0,3,48,1.33,-7.5,6.9,Moderate
16,7,7.7,90,61,28,33,47.6,5,7,1,1,84,0.93,2.6,1.1,Low
6,15,4.0,61,62,21,72,32.5,7,10,0,7,30,0.7,-1.6,3.0,Moderate
7,15,6.8,77,55,6,69,46.6,2,4,1,9,22,0.2,-5.0,0.0,High
3,4,4.9,80,58,14,44,61.3,4,5,1,6,23,0.47,7.8,3.6,Moderate
6,11,6.9,55,32,53,138,64.5,4,5,4,11,63,1.77,13.3,0.7,Moderate
6,8,6.2,55,44,104,82,50.6,5,7,1,10,36,3.47,2.9,2.8,High
5,3,4.6,69,64,21,96,48.9,1,7,2,3,34,0.7,4.2,2.4,Moderate
5,7,6.8,64,37,28,108,44.7,5,2,0,1,21,0.93,-1.9,0.0,Low
8,1,6.7,67,55,37,127,46.1,4,1,2,7,45,1.23,-0.8,0.0,Low
8,15,6.1,64,53,127,217,59.4,4,5,0,12,30,4.23,1.0,3.7,High
22,18,6.3,77,50,37,97,38.5,3,2,0,9,72,1.23,-3.0,1.4,Low
7,6,6.6,68,64,135,78,43.9,7,5,1,10,48,4.5,-1.8,5.1,Moderate
12,5,7.8,90,56,6,162,46.4,5,7,3,5,31,0.2,0.4,0.0,Moderate
6,15,6.0,80,30,7,74,39.9,2,2,1,12,14,0.23,-8.8,1.5,Low
6,16,7.6,87,61,95,180,50.8,3,3,1,0,27,3.17,-6.8,0.0,Moderate
0,2,6.4,59,43,15,38,60.2,4,5,1,3,46,0.5,7.9,0.0,Moderate
0,8,8.0,71,27,32,132,51.9,5,13,1,9,122,1.07,5.2,5.6,Moderate
2,8,6.1,79,65,30,45,39.9,3,4,0,8,11,1.0,1.2,0.0,Low
11,4,5.6,83,31,9,36,39.4,2,8,0,9,34,0.3,-2.0,3.0,Low
16,11,5.1,71,46,33,43,34.7,7,2,1,6,90,1.1,-5.9,0.0,Moderate
0,4,6.4,72,57,156,19,45.1,6,10,0,6,8,5.2,4.9,8.7,High
6,5,5.4,74,51,71,14,38.6,6,5,2,4,16,2.37,-7.3,2.5,Moderate
1,8,8.1,75,41,11,21,48.2,5,6,0,1,40,0.37,-0.4,1.4,Low
8,0,5.4,102,34,8,41,39.7,7,4,0,1,29,0.27,1.9,0.0,Moderate
16,0,5.6,81,38,55,86,33.4,7,5,1,8,23,1.83,-2.1,3.3,Low
7,14,7.1,78,33,108,40,30.0,5,11,0,9,10,3.6,-0.7,6.2,Moderate
9,4,7.8,64,50,132,224,51.7,3,4,2,5,74,4.4,2.1,3.4,Moderate
19,21,7.3,64,42,51,16,33.5,2,5,0,5,95,1.7,-12.8,0.0,High
12,20,7.7,76,27,11,142,50.5,6,6,1,3,17,0.37,0.5,0.9,Moderate
5,6,6.3,90,47,51,100,40.1,6,6,1,10,78,1.7,0.8,4.5,Low
11,21,6.3,76,40,15,44,48.4,5,5,1,9,41,0.5,4.0,0.9,Moderate
4,14,8.8,76,57,46,64,45.6,2,6,1,0,9,1.53,-4.1,0.0,Moderate
12,5,8.4,70,59,63,190,47.3,2,9,1,11,30,2.1,2.2,3.3,Moderate
13,0,7.3,59,76,21,68,54.6,2,8,0,2,10,0.7,5.9,4.3,Low
1,12,7.7,83,64,89,33,39.6,8,5,0,9,92,2.97,4.3,1.1,Moderate
11,9,7.4,75,32,33,38,59.4,4,6,1,1,20,1.1,9.6,2.0,Moderate
9,11,5.0,83,15,31,60,52.9,9,8,1,0,63,1.03,8.0,3.9,Moderate
13,7,6.4,80,25,21,227,43.0,1,6,1,11,63,0.7,4.3,2.5,High
15,2,8.2,67,43,54,43,43.9,4,2,0,17,51,1.8,-1.7,0.0,Low
13,6,7.3,80,23,60,156,47.0,6,10,1,10,12,2.0,7.1,2.4,Moderate
8,13,6.3,64,41,2,50,42.1,3,1,0,7,32,0.07,-0.3,0.0,Moderate
16,6,8.2,80,53,93,38,30.3,4,12,0,7,81,3.1,-6.4,2.4,Moderate
4,6,6.8,77,42,30,65,37.2,4,6,2,9,66,1.0,-1.5,1.1,Moderate
1,0,7.3,95,57,44,15,37.1,1,11,1,7,52,1.47,-4.4,4.0,Low
0,9,6.8,68,41,31,104,44.2,3,4,0,9,20,1.03,-3.1,0.0,Low
9,2,7.0,63,38,49,70,35.0,3,8,1,5,8,1.63,-5.6,4.5,Low
4,14,7.1,73,83,65,87,53.4,5,2,2,6,51,2.17,2.6,0.0,High
12,4,8.0,85,51,37,168,47.1,6,7,0,0,16,1.23,-1.3,3.2,Low
0,7,8.1,50,54,30,60,42.2,2,3,0,7,136,1.0,-4.2,0.0,Low
5,21,5.9,88,67,36,65,38.6,3,7,1,7,22,1.2,-6.5,5.3,Moderate
13,7,6.8,76,68,50,116,46.2,5,12,0,14,127,1.67,12.6,7.7,High
3,6,7.9,65,45,38,29,54.4,1,9,0,14,6,1.27,5.2,4.8,Low
12,12,6.2,74,71,49,16,30.0,4,8,0,8,13,1.63,-10.4,0.6,Low
6,0,4.8,70,44,43,25,32.5,3,6,0,5,37,1.43,-12.5,0.3,Low
9,16,5.3,65,70,37,32,36.7,5,3,0,10,46,1.23,-7.9,0.0,Low
13,14,5.4,57,30,36,150,34.2,3,13,1,8,30,1.2,-0.5,4.2,High
16,12,5.9,86,46,36,67,32.9,4,1,2,8,18,1.2,-11.0,0.0,Moderate
10,0,5.5,72,56,30,78,46.0,4,10,0,2,52,1.0,2.6,0.0,Low
4,7,7.6,74,58,22,86,45.6,5,8,1,10,15,0.73,4.8,0.7,Low
7,1,6.1,87,37,31,157,42.6,7,5,3,13,19,1.03,-1.9,0.6,Low
14,15,7.9,79,22,37,73,47.8,2,8,0,7,47,1.23,1.1,3.2,Moderate
3,15,5.0,61,60,59,26,45.3,6,7,1,8,19,1.97,-0.3,0.0,Moderate
8,11,6.0,85,48,62,76,39.1,4,6,1,7,31,2.07,-1.0,0.0,Moderate
7,2,6.5,94,45,100,221,42.1,11,5,1,4,80,3.33,3.0,0.8,High
9,17,7.4,84,82,47,54,47.9,1,2,1,8,129,1.57,-5.0,0.0,Low
3,7,7.8,68,47,5,173,35.0,5,3,1,11,27,0.17,-9.1,0.0,Low
0,19,5.8,62,43,34,91,48.6,4,8,0,11,124,1.13,7.1,0.0,Moderate
13,10,7.6,68,20,35,175,30.0,7,5,0,7,26,1.17,-2.9,2.2,Moderate
16,11,4.4,79,33,29,45,45.7,4,7,0,4,5,0.97,-4.1,1.7,Moderate
0,6,7.4,94,68,5,39,48.8,3,3,0,3,78,0.17,1.8,0.0,Low
12,17,4.8,70,39,60,8,37.3,6,3,2,8,21,2.0,-6.6,0.0,Low
17,12,6.9,71,63,43,56,55.6,1,4,0,6,74,1.43,-2.3,0.0,Moderate
13,17,7.8,89,29,27,34,56.3,3,12,1,2,45,0.9,13.1,5.3,Moderate
7,10,7.5,73,36,15,48,47.9,6,4,0,7,30,0.5,5.6,0.9,Low
3,8,4.4,97,36,37,95,60.6,2,3,0,14,59,1.23,0.4,0.0,Moderate
10,12,5.9,76,61,148,8,38.8,5,10,0,3,11,4.93,-2.8,6.0,High
11,17,7.3,91,48,43,6,53.9,1,12,1,4,74,1.43,3.5,3.7,High
10,14,7.2,82,32,39,100,58.7,9,1,2,9,13,1.3,3.4,0.0,Moderate
8,9,6.7,86,65,16,47,35.7,0,3,0,2,8,0.53,-11.6,3.9,Moderate
2,0,3.8,76,61,52,143,46.7,4,12,1,7,41,1.73,6.6,7.5,High
12,13,7.8,77,58,25,144,32.7,3,6,1,5,140,0.83,-11.8,0.2,Moderate
13,0,8.1,83,57,54,58,53.5,2,8,0,11,38,1.8,-0.4,2.9,Low
11,9,6.6,87,37,7,43,61.0,3,5,0,9,83,0.23,2.2,0.0,Moderate
10,8,6.7,84,75,18,75,41.1,10,7,0,5,71,0.6,5.1,0.0,Low
20,0,7.0,59,50,24,141,45.7,2,6,0,8,56,0.8,0.4,0.2,Moderate
5,11,8.2,81,57,31,119,41.4,8,5,1,8,94,1.03,-1.9,0.0,Moderate
18,21,6.7,71,59,96,233,68.4,2,3,0,6,21,3.2,5.0,0.0,High
5,7,6.2,72,35,79,40,37.8,4,6,1,16,67,2.63,0.5,1.4,Moderate
17,13,6.9,83,86,48,44,37.8,3,6,0,8,62,1.6,-0.1,0.0,Moderate
18,21,6.4,97,52,16,148,51.0,1,9,1,16,70,0.53,4.8,0.0,High
8,14,6.4,75,53,16,59,45.2,7,5,2,9,67,0.53,-3.2,2.9,Moderate
20,5,4.3,100,45,74,32,68.6,6,3,0,9,42,2.47,12.6,0.0,High
13,10,7.0,66,73,29,43,63.9,3,3,1,18,22,0.97,1.9,0.0,Moderate
4,11,7.8,92,73,22,81,51.5,2,5,1,14,7,0.73,-2.7,0.6,Low
7,17,7.6,83,55,27,214,54.4,3,1,0,4,72,0.9,-1.6,0.0,Low
17,16,7.5,80,26,34,199,52.6,4,8,0,8,22,1.13,9.3,4.2,High
15,0,6.3,93,49,45,138,55.4,1,8,2,4,158,1.5,5.0,1.0,Moderate
3,4,6.6,71,51,33,54,50.7,1,12,0,5,134,1.1,6.7,3.5,Moderate
9,8,7.8,92,44,5,53,36.9,5,2,0,10,91,0.17,-7.9,0.0,Low
11,3,7.4,76,34,40,209,38.6,2,5,1,4,115,1.33,-7.1,0.5,Low
6,0,8.2,71,24,47,48,54.7,1,4,0,3,89,1.57,0.5,1.2,Low
25,4,5.6,63,78,46,150,41.5,10,9,1,6,79,1.53,9.5,5.7,High
11,8,5.6,95,65,33,94,58.1,3,9,0,9,121,1.1,3.0,7.5,Moderate
9,5,6.0,91,53,15,44,52.5,5,7,1,18,15,0.5,3.7,0.1,Low
17,3,5.3,73,40,10,108,35.3,7,7,1,11,51,0.33,-1.8,4.6,High
7,9,4.8,84,58,27,98,35.7,4,10,0,1,131,0.9,-5.7,2.8,Low
16,10,7.0,79,56,61,13,34.2,7,5,0,4,52,2.03,-0.2,1.1,Low
0,6,6.9,74,45,22,62,53.1,7,8,0,6,93,0.73,1.8,5.3,Low
7,16,6.7,89,59,180,80,56.5,7,8,0,11,25,6.0,12.4,6.9,High
16,9,6.8,71,61,68,89,42.5,3,4,0,9,30,2.27,-3.9,0.0,Moderate
20,3,4.6,54,64,28,42,46.0,3,3,1,4,74,0.93,-1.7,0.0,Moderate
4,2,5.8,81,36,26,63,48.9,5,4,0,11,82,0.87,3.8,0.0,Low
4,7,6.0,79,60,31,53,53.9,4,10,0,8,83,1.03,3.8,3.5,Low
13,15,6.5,71,73,37,55,42.9,2,8,1,0,54,1.23,-1.2,1.2,Moderate
5,4,4.6,68,57,13,191,49.9,2,10,0,3,43,0.43,5.3,0.0,Low
8,12,5.3,61,92,24,180,45.3,5,4,1,15,45,0.8,-5.0,0.0,Low
15,9,5.9,74,49,95,26,32.0,5,11,1,8,34,3.17,0.0,3.4,Moderate
6,20,7.7,68,21,52,71,58.3,5,3,0,9,42,1.73,7.9,0.0,Moderate
0,11,6.7,89,37,30,122,48.8,4,1,2,11,56,1.0,-3.5,0.0,Low
1,4,7.6,84,40,47,40,44.3,3,1,0,7,28,1.57,-3.0,0.0,Low
10,13,6.3,73,62,31,70,39.2,5,5,1,7,9,1.03,-4.0,0.0,Moderate
0,13,6.4,84,67,64,30,39.6,5,5,1,10,45,2.13,-5.2,1.4,Moderate
8,6,7.0,77,54,117,27,33.0,3,4,1,4,24,3.9,-10.1,0.0,Low
0,2,6.2,75,57,37,73,35.9,3,1,0,2,18,1.23,-7.1,0.0,Low
20,12,5.7,77,86,14,26,37.6,3,9,2,4,25,0.47,-5.6,2.4,Moderate
24,9,4.6,97,37,16,84,41.0,5,6,3,7,17,0.53,-4.9,2.4,High
3,0,5.7,85,51,73,78,57.9,2,8,2,2,4,2.43,4.5,2.8,Low
11,10,7.4,75,44,114,95,51.4,6,10,1,7,27,3.8,11.8,1.7,High
3,5,7.9,88,31,22,24,37.7,4,1,2,9,156,0.73,-5.4,0.0,Low
7,0,5.5,87,16,22,17,31.7,6,9,1,11,38,0.73,0.1,0.0,Low
21,6,4.3,81,75,52,252,37.7,4,7,0,10,31,1.73,-0.1,1.3,Low
6,16,7.5,74,38,13,65,59.0,7,9,0,17,11,0.43,11.4,1.1,High
8,16,6.5,74,47,52,105,52.0,4,10,0,3,17,1.73,4.3,5.1,High
3,14,4.8,66,60,57,75,44.4,4,6,1,6,142,1.9,-3.3,3.8,Moderate
17,10,3.0,80,31,20,62,45.8,3,15,1,10,9,0.67,-1.8,8.1,Moderate
0,12,5.2,71,37,8,77,56.3,5,10,0,10,69,0.27,4.8,0.0,High
7,9,5.8,73,52,20,41,45.8,4,5,1,3,33,0.67,-7.5,0.1,Moderate
9,2,5.0,85,44,61,70,66.4,4,4,3,8,155,2.03,8.7,2.5,High
5,3,7.2,97,29,49,133,46.7,6,2,0,11,31,1.63,-5.4,0.5,Moderate
15,5,5.4,82,63,33,62,37.6,3,4,2,14,130,1.1,-5.6,0.0,Moderate
17,17,6.4,77,44,76,202,30.0,4,7,0,13,50,2.53,-6.3,0.0,Moderate
0,15,9.2,78,54,46,98,50.0,6,5,1,10,58,1.53,1.8,1.8,Low
23,2,6.5,91,53,43,34,44.1,3,9,1,11,52,1.43,2.6,0.0,Moderate
0,9,6.3,82,69,11,107,37.6,6,10,0,5,94,0.37,-0.0,4.5,Low
18,6,6.3,80,58,48,144,52.2,4,8,0,12,66,1.6,7.4,4.8,High
10,8,7.2,81,36,61,52,48.4,2,5,2,14,36,2.03,2.5,0.0,Low
6,5,7.1,62,73,111,87,41.9,9,10,0,7,67,3.7,-0.8,5.2,High
7,17,5.2,82,43,23,24,48.8,1,6,1,5,20,0.77,-5.3,0.0,Low
9,8,5.9,68,37,34,81,44.8,4,12,0,6,85,1.13,-3.4,3.6,Moderate
11,10,5.6,82,35,85,50,54.3,5,1,1,6,39,2.83,5.0,0.0,Moderate
4,10,6.1,70,15,57,26,46.8,3,7,2,2,138,1.9,2.2,0.0,Low
8,3,8.6,85,41,54,53,42.6,1,8,0,2,23,1.8,-0.3,1.7,Moderate
4,9,7.1,76,59,17,85,57.2,7,12,1,1,26,0.57,12.4,2.4,High
2,15,6.3,65,27,34,230,36.4,4,5,0,12,26,1.13,-1.9,0.0,Low
4,17,7.9,75,83,59,128,33.3,4,8,0,9,70,1.97,-7.6,3.1,High
2,2,6.6,102,15,20,172,40.6,4,1,0,3,34,0.67,-8.4,0.0,Low
7,0,4.4,53,38,40,146,30.0,2,6,4,10,111,1.33,-8.2,3.7,Low
12,9,8.4,80,25,32,113,32.2,5,8,0,8,54,1.07,-3.0,0.0,Low
10,15,6.2,67,69,56,57,43.9,2,7,1,10,55,1.87,-1.2,0.6,Moderate
22,11,3.7,93,64,46,90,46.5,2,5,0,12,32,1.53,-2.7,0.8,High
0,12,4.5,87,47,6,33,43.6,7,3,2,4,18,0.2,2.5,0.0,Moderate
13,1,7.8,80,26,33,88,50.5,7,6,0,10,86,1.1,0.8,0.0,Moderate
10,5,4.5,88,30,103,89,41.8,2,6,1,7,43,3.43,-8.1,1.6,High
15,0,8.0,81,56,70,65,30.0,3,6,0,2,56,2.33,-6.7,0.0,Low
14,8,6.5,78,40,32,66,52.7,3,12,0,9,80,1.07,2.6,7.0,Moderate
8,0,7.3,71,42,64,61,45.3,5,4,0,5,113,2.13,-1.3,4.5,Low
11,16,6.1,74,51,28,103,52.3,2,9,3,4,77,0.93,2.4,5.0,Moderate
5,18,7.0,73,45,55,89,51.6,4,8,1,10,42,1.83,7.0,2.9,Moderate
13,9,6.8,78,21,22,161,55.7,5,5,1,10,23,0.73,11.3,1.1,High
0,0,6.4,57,28,120,182,38.0,4,8,0,3,52,4.0,0.7,2.2,Moderate
15,11,5.1,89,28,33,80,35.3,5,11,0,1,60,1.1,-0.9,7.0,High
9,19,6.8,99,39,39,56,45.2,3,2,3,4,42,1.3,-7.1,0.0,Moderate
6,11,4.2,73,54,76,58,44.7,4,13,2,4,109,2.53,1.6,6.3,Moderate
8,15,7.5,91,53,39,32,57.2,6,12,2,12,44,1.3,10.7,4.2,High
8,6,6.6,77,73,43,47,50.6,3,9,2,5,16,1.43,5.9,6.5,Moderate
18,3,7.0,71,27,43,123,47.3,5,5,2,7,61,1.43,0.8,0.0,High
27,8,3.3,74,58,49,107,35.1,6,4,0,8,51,1.63,-3.9,2.6,High
17,0,5.0,79,38,16,63,39.6,0,14,0,10,18,0.53,2.9,6.2,High
6,21,5.8,70,88,52,155,31.5,2,9,2,2,38,1.73,0.3,2.0,Moderate
14,9,7.2,85,50,26,73,38.6,1,10,0,15,41,0.87,0.3,3.6,Moderate
14,14,5.3,72,42,24,100,47.7,7,13,2,12,15,0.8,11.7,3.9,High
3,6,9.5,66,57,31,40,50.1,5,11,0,9,23,1.03,8.8,0.9,Moderate
1,0,6.1,78,56,13,112,51.8,3,5,0,9,42,0.43,3.3,0.0,Low
9,17,5.2,70,45,31,19,52.9,5,4,1,1,8,1.03,-1.9,0.0,Moderate
15,2,6.2,74,63,15,69,51.1,3,4,1,8,130,0.5,1.5,0.0,Low
0,11,5.3,77,79,5,61,40.6,5,6,0,7,29,0.17,-1.4,1.0,Low
5,11,5.0,63,69,63,84,39.1,5,3,0,13,75,2.1,-4.2,0.5,Moderate
13,9,7.6,94,49,30,227,57.7,7,7,0,1,14,1.0,12.7,1.6,High
10,4,7.0,87,84,45,48,42.5,9,2,0,2,36,1.5,6.1,0.0,Moderate
19,8,7.0,71,61,56,100,42.9,3,10,1,8,20,1.87,-1.8,4.1,High
0,3,7.9,78,32,87,111,44.9,5,11,0,5,8,2.9,1.3,5.0,Moderate
25,13,7.0,85,53,31,115,32.6,2,8,0,17,11,1.03,-7.8,0.0,High
0,12,5.1,80,48,38,63,44.4,3,8,0,4,33,1.27,-0.3,0.0,Low
0,8,7.3,99,42,54,29,31.9,3,9,0,13,23,1.8,-3.6,3.0,Low
9,5,5.0,75,58,10,87,51.7,3,3,0,0,54,0.33,-2.1,0.0,Low
2,21,5.8,91,18,28,56,42.0,3,4,0,10,22,0.93,-7.4,1.2,Moderate
9,1,6.3,63,81,37,91,40.8,1,8,0,12,38,1.23,-6.1,1.8,Low
9,0,6.2,65,63,24,47,30.0,4,1,0,1,58,0.8,-7.4,0.0,Low
8,8,4.3,97,19,24,99,48.9,3,7,2,0,30,0.8,-0.1,0.0,Low
4,7,5.2,73,63,20,172,67.5,3,10,4,0,63,0.67,11.3,4.2,High
12,15,6.4,65,60,180,42,40.9,7,4,0,8,82,6.0,-3.0,3.8,High
7,12,5.7,77,78,37,97,45.6,6,9,1,6,70,1.23,7.3,2.8,High
17,9,7.8,92,83,19,71,60.2,6,8,0,7,39,0.63,10.6,2.2,Moderate
8,11,8.0,70,86,31,114,67.3,2,6,1,13,46,1.03,8.1,1.9,Moderate
3,11,5.1,78,47,18,37,35.1,7,4,1,7,108,0.6,-1.7,0.0,Low
0,21,6.5,58,62,39,16,56.9,2,6,0,6,5,1.3,2.9,0.1,Moderate
8,10,8.3,73,43,45,57,30.0,1,6,1,4,48,1.5,-13.5,0.0,Low
1,5,6.2,89,70,88,108,30.0,1,7,2,12,16,2.93,-10.1,2.4,Moderate
1,10,5.9,69,15,11,63,30.0,2,5,3,8,132,0.37,-7.3,1.4,Low
13,0,7.4,64,29,70,27,42.7,1,4,4,5,180,2.33,-2.5,0.8,Moderate
0,8,6.1,69,44,38,91,30.0,6,6,0,10,7,1.27,4.7,0.0,Low
19,15,7.9,71,51,61,58,57.8,3,7,0,4,31,2.03,7.2,3.0,Moderate
11,12,5.7,86,55,72,57,46.4,5,10,1,4,14,2.4,0.6,5.9,High
9,10,5.8,82,75,81,81,51.6,4,8,0,8,28,2.7,7.1,6.5,High
3,12,7.3,84,40,15,170,42.9,3,3,1,2,132,0.5,-3.3,0.0,Low
14,15,6.5,78,29,56,29,40.7,3,7,2,2,58,1.87,-9.5,3.3,Moderate
9,17,6.5,71,45,20,68,45.2,2,9,1,6,45,0.67,-4.1,4.9,Moderate
5,11,4.1,69,41,19,132,63.5,4,10,1,8,17,0.63,8.0,3.7,High
11,7,6.0,83,62,50,176,47.8,7,6,0,5,29,1.67,7.6,1.1,Moderate
0,0,7.4,95,79,51,150,47.5,9,15,0,6,19,1.7,14.2,8.2,High
0,14,5.5,68,78,59,34,36.5,4,7,0,9,39,1.97,-3.0,2.8,Low
2,11,7.2,67,72,26,62,37.0,4,5,1,4,21,0.87,-3.8,1.7,Low
12,9,6.7,66,42,46,56,39.9,5,2,3,0,83,1.53,-1.2,1.2,Low
9,5,6.2,87,49,48,30,51.5,4,9,0,11,28,1.6,7.6,3.3,Moderate
16,14,8.0,78,60,32,77,48.9,4,5,0,1,74,1.07,-1.5,0.0,Moderate
4,7,6.0,84,38,76,44,30.0,4,2,1,3,17,2.53,-7.3,0.0,Low
13,8,6.1,72,40,8,45,50.0,6,6,1,0,48,0.27,8.3,0.0,Moderate
9,8,6.1,85,59,18,354,52.5,2,12,0,8,92,0.6,8.2,5.1,High
3,11,6.5,75,27,76,55,51.3,1,6,0,9,7,2.53,-3.0,0.0,Low
12,2,7.3,61,72,49,104,51.1,4,4,1,13,80,1.63,2.4,1.4,Low
9,12,4.6,88,45,138,45,51.4,3,4,0,13,55,4.6,-3.0,4.0,High
5,4,7.4,78,62,57,37,49.3,3,13,0,12,47,1.9,2.8,6.1,Moderate
10,5,6.5,75,56,23,49,34.0,0,5,3,7,57,0.77,-12.5,0.0,Low
9,14,7.1,81,75,72,61,54.7,2,6,2,8,77,2.4,6.7,2.3,High
9,3,9.3,62,15,81,88,61.5,5,8,0,8,16,2.7,7.4,4.4,Moderate
7,14,5.8,83,75,47,88,57.4,6,1,0,6,6,1.57,-0.9,0.0,Moderate
1,9,4.9,71,74,17,67,48.5,4,4,1,10,83,0.57,-2.6,0.4,Low
10,0,6.6,76,57,46,14,45.3,2,5,1,8,36,1.53,-1.2,0.3,Low
4,16,6.8,91,61,28,141,40.4,3,4,1,5,30,0.93,-0.7,0.0,Low
3,10,7.4,85,63,24,26,30.0,3,5,1,10,55,0.8,-9.9,0.0,Low
8,11,5.8,76,36,43,124,54.7,3,13,4,7,31,1.43,12.8,5.1,High
14,14,5.4,77,53,8,81,32.7,2,11,0,9,15,0.27,-3.2,2.2,High
11,17,4.6,50,68,35,112,42.8,5,1,1,4,51,1.17,-5.0,0.0,Moderate
6,10,4.8,69,20,23,168,42.6,5,5,0,0,80,0.77,-2.4,2.8,Moderate
6,12,5.9,80,60,17,158,57.3,5,10,1,8,62,0.57,8.0,2.6,Moderate
14,11,6.3,70,54,30,78,52.0,9,5,0,1,8,1.0,6.5,1.6,Moderate
0,7,8.9,63,63,27,117,40.5,2,3,1,12,49,0.9,-6.1,0.7,Low
15,0,4.4,83,29,71,69,45.0,8,10,2,5,96,2.37,8.5,7.8,High
0,10,6.8,92,39,36,69,44.1,2,7,1,2,180,1.2,-4.0,2.6,Moderate
0,16,5.5,70,27,50,62,51.6,3,3,0,4,91,1.67,-0.3,0.0,Moderate
6,12,6.7,88,27,86,141,36.9,5,4,1,7,159,2.87,-5.5,0.0,Moderate
24,2,5.7,86,67,23,105,48.6,5,5,0,11,7,0.77,4.7,0.0,Moderate
20,15,7.6,67,41,38,107,44.2,2,4,1,12,8,1.27,-4.1,0.0,Moderate
14,7,7.6,70,40,54,57,68.1,3,3,1,7,33,1.8,11.3,0.0,Moderate
12,0,6.3,98,72,41,131,38.9,5,8,2,4,37,1.37,2.7,1.1,Low
0,14,8.1,66,46,34,132,57.0,8,4,1,9,49,1.13,2.1,0.2,Moderate
11,3,7.3,71,69,31,23,42.2,2,1,0,5,15,1.03,-9.8,0.0,Low
6,19,8.1,100,33,48,223,45.2,3,9,0,12,31,1.6,-0.4,0.0,Low
4,15,6.3,72,46,20,55,58.2,7,7,0,3,39,0.67,12.0,0.0,Moderate
11,7,7.5,93,36,19,108,50.9,5,4,1,15,39,0.63,6.2,0.0,Moderate
6,11,5.5,67,62,96,40,45.0,1,9,1,8,53,3.2,-2.0,3.4,High
15,21,5.4,80,48,8,58,42.8,3,6,0,5,29,0.27,-7.1,0.7,High
0,14,9.0,90,65,21,166,58.5,4,7,0,11,46,0.7,2.8,3.5,High
10,10,5.1,73,55,58,38,42.8,3,6,0,9,55,1.93,-2.0,0.0,High
4,21,5.9,79,17,72,95,42.8,7,7,0,10,6,2.4,1.4,8.8,High
7,9,4.1,86,47,13,67,39.9,7,6,2,9,49,0.43,1.4,1.0,Moderate
11,12,5.4,68,24,77,19,62.3,5,8,0,8,32,2.57,9.8,0.1,High
2,3,5.2,103,58,180,115,34.7,5,4,0,12,12,6.0,-7.7,2.7,High
11,0,5.6,89,62,89,142,48.6,2,6,1,5,12,2.97,-1.6,0.8,Low
8,7,6.8,74,64,35,77,49.0,4,7,0,11,41,1.17,1.5,0.0,Moderate
5,9,7.0,75,50,35,131,35.2,2,2,0,5,14,1.17,-10.2,0.0,Low
6,10,5.2,99,23,44,61,43.6,6,7,0,10,57,1.47,1.8,3.1,Low
8,0,5.5,74,56,18,59,42.7,3,5,2,13,29,0.6,2.3,0.0,Moderate
5,12,7.7,73,59,27,136,40.6,3,8,0,12,44,0.9,-0.2,3.6,Low
10,4,8.4,91,49,34,60,47.0,1,6,1,6,43,1.13,0.4,0.0,Low
8,12,7.9,63,54,62,161,48.8,4,8,2,0,43,2.07,-1.1,5.6,Low
6,14,4.4,77,18,59,202,43.4,5,9,0,11,58,1.97,1.6,5.4,High
20,6,7.8,79,53,17,72,64.1,6,2,1,3,77,0.57,16.9,0.0,High
12,3,8.6,70,50,32,119,40.1,0,8,0,8,44,1.07,-3.6,0.0,Low
7,17,4.4,61,30,14,173,48.3,1,11,4,5,122,0.47,3.0,4.3,High
10,14,7.7,79,62,80,24,47.1,3,6,0,10,29,2.67,-1.3,2.9,Moderate
3,9,6.7,86,43,31,55,51.5,5,7,0,4,38,1.03,5.5,4.1,Moderate
7,17,6.0,71,56,47,102,47.9,6,6,1,2,144,1.57,4.1,0.0,High
7,9,6.5,65,61,37,99,38.5,3,8,1,0,47,1.23,3.3,2.2,Moderate
1,5,6.9,92,58,58,110,51.9,2,7,0,8,52,1.93,4.1,5.2,Low
12,3,7.8,84,28,16,72,46.2,6,11,0,6,58,0.53,8.3,1.6,Moderate
6,8,7.7,74,45,10,73,54.8,3,7,1,4,67,0.33,1.7,4.5,Low
7,13,4.6,88,90,12,133,53.1,6,1,0,7,49,0.4,0.4,0.0,Moderate
6,17,5.6,81,77,17,115,51.4,5,7,3,8,5,0.57,2.5,1.8,Moderate
27,9,6.5,98,67,14,8,54.4,4,5,0,9,24,0.47,-0.3,0.0,Moderate
5,16,8.3,85,57,22,123,40.9,4,6,2,1,66,0.73,-3.9,0.7,Moderate
0,7,3.1,63,34,25,73,46.9,2,2,0,10,62,0.83,-6.7,1.0,Low
0,4,5.7,71,49,8,95,56.0,4,2,0,10,44,0.27,4.3,0.0,Low
14,1,4.6,71,44,37,16,48.1,4,6,0,0,88,1.23,0.3,1.9,Low
18,6,4.8,81,50,49,109,39.1,2,12,1,9,12,1.63,-1.7,6.1,Moderate
5,1,7.6,75,26,15,272,36.7,7,1,1,10,48,0.5,-7.1,0.0,Low
18,20,5.8,66,69,40,16,53.0,7,3,1,5,79,1.33,2.7,0.0,High
14,11,3.6,84,15,18,139,41.0,5,6,0,2,57,0.6,4.1,1.7,Moderate
8,8,6.2,89,67,75,124,45.5,2,11,1,8,44,2.5,8.1,4.6,High
8,18,8.8,77,68,47,38,58.7,5,7,0,2,64,1.57,10.4,4.1,High
11,1,4.2,80,94,84,48,38.4,3,1,0,11,26,2.8,-6.6,0.0,Moderate
15,8,7.0,67,48,97,65,56.7,6,3,2,7,77,3.23,3.2,2.3,High
12,20,8.3,72,43,6,71,37.0,2,3,2,13,27,0.2,-7.2,0.0,Moderate
5,8,6.3,73,54,37,105,56.8,4,6,1,5,106,1.23,8.8,0.0,Moderate
8,21,8.7,84,62,80,37,47.5,1,9,2,10,50,2.67,-3.6,2.2,High
22,13,5.6,81,50,68,63,30.6,4,10,0,8,97,2.27,-7.5,3.4,High
11,16,8.1,74,31,21,129,35.0,3,4,1,4,30,0.7,-5.5,0.0,Moderate
15,16,7.9,74,62,26,15,38.3,4,7,2,4,62,0.87,-0.6,0.0,Low
13,9,6.4,56,52,35,129,47.2,3,8,1,10,68,1.17,3.6,2.9,Moderate
11,6,4.6,96,34,86,38,56.1,8,11,3,11,25,2.87,7.5,6.6,High
10,8,5.2,55,23,68,142,49.5,3,9,1,10,89,2.27,2.3,1.7,Low
15,3,3.6,83,96,93,41,38.3,4,1,0,5,16,3.1,-6.3,0.0,Moderate
14,8,7.1,78,67,76,42,59.0,6,13,3,5,3,2.53,11.8,4.6,High
11,8,7.0,75,62,37,72,45.4,2,8,0,18,49,1.23,-1.9,0.1,Low
5,18,6.5,78,50,124,85,37.8,5,9,1,9,74,4.13,-2.1,6.5,Moderate
12,12,6.3,71,64,13,67,45.0,6,7,1,10,180,0.43,4.7,3.8,Moderate
9,21,8.0,85,33,32,52,46.1,4,5,2,9,26,1.07,-5.3,2.3,Moderate
7,0,6.8,64,56,34,118,38.3,3,7,1,11,84,1.13,-0.1,0.0,Low
27,1,5.7,82,56,74,38,54.6,3,7,2,8,76,2.47,2.5,2.5,High
0,6,6.6,71,34,27,114,42.7,2,1,0,6,32,0.9,-7.1,0.2,Low
16,17,8.9,73,50,109,56,38.5,5,8,0,1,39,3.63,-0.8,5.6,High
4,8,7.1,74,45,55,110,51.5,6,5,0,0,117,1.83,6.9,2.9,Moderate
10,0,5.9,76,38,29,35,49.6,4,7,2,4,84,0.97,8.1,4.7,Moderate
26,7,6.3,84,42,16,82,53.1,6,11,2,0,13,0.53,13.1,8.1,High
3,2,7.0,78,21,5,31,52.9,8,2,1,3,39,0.17,2.1,0.0,Low
5,0,5.9,88,71,5,57,40.1,6,1,1,7,98,0.17,-7.1,0.0,Low
9,20,5.8,89,80,33,100,45.0,6,5,0,4,26,1.1,-2.3,6.9,High
4,6,6.4,81,35,151,65,30.0,3,4,1,9,16,5.03,-14.9,1.8,Moderate
15,10,8.2,86,72,54,178,47.2,6,5,0,4,65,1.8,2.5,0.0,High
6,8,7.3,100,51,63,54,48.2,2,10,0,9,83,2.1,5.0,3.8,High
14,7,5.9,62,52,20,108,44.2,5,4,0,5,29,0.67,3.0,1.9,Low
1,4,7.4,90,29,21,40,37.4,6,7,1,0,58,0.7,2.4,0.9,Low
0,7,6.4,95,42,7,177,55.5,1,5,0,14,128,0.23,0.2,1.6,Moderate
8,10,6.8,83,62,77,146,35.1,1,9,0,6,56,2.57,-6.3,6.0,Moderate
0,17,6.7,99,34,4,86,59.5,5,8,1,4,88,0.13,4.4,0.6,Moderate
19,14,3.9,98,39,42,78,32.3,7,10,0,1,67,1.4,-1.9,4.3,High
0,1,3.0,74,43,36,67,43.6,8,3,2,9,12,1.2,-0.2,0.0,Low
3,14,6.7,75,15,38,104,30.0,1,9,0,11,44,1.27,-8.1,4.9,Moderate
12,11,5.4,84,58,87,131,39.2,2,7,0,5,32,2.9,-3.0,0.0,Low
6,5,4.4,71,63,40,24,48.2,4,4,0,5,35,1.33,6.4,0.0,Moderate
0,10,5.4,108,59,20,90,48.8,2,6,0,10,52,0.67,-1.4,0.1,Low
23,12,7.5,87,69,68,13,43.8,9,7,0,4,29,2.27,6.9,3.5,High
3,9,6.8,79,44,75,100,41.5,5,7,2,13,56,2.5,-2.6,2.8,Moderate
8,11,7.3,62,85,21,94,67.2,3,7,0,10,79,0.7,8.3,0.4,High
8,3,6.9,81,37,18,26,45.3,2,9,0,8,73,0.6,-2.4,1.8,Low
14,20,5.3,65,48,27,35,71.5,2,11,0,3,178,0.9,13.8,3.6,High
13,0,7.3,86,46,24,60,59.8,2,8,0,9,14,0.8,4.0,3.6,Moderate
4,12,7.1,50,55,54,40,40.0,3,5,2,2,15,1.8,-1.5,0.9,Low
7,11,6.3,93,48,28,21,41.6,1,4,0,8,46,0.93,-14.0,0.0,Low
8,12,6.5,73,50,43,37,60.6,2,6,0,0,9,1.43,9.0,0.4,Moderate
14,4,7.4,59,40,148,128,33.5,3,9,0,11,43,4.93,-2.7,6.3,High
2,15,5.5,78,44,33,96,58.6,1,10,2,13,119,1.1,9.7,8.7,High
23,8,7.7,78,15,25,85,45.0,4,5,0,4,56,0.83,-4.9,1.2,Moderate
5,2,7.1,77,66,90,82,30.0,3,3,1,12,54,3.0,-13.5,0.0,Low
9,2,6.4,93,34,155,59,35.8,6,5,0,2,13,5.17,-5.4,1.5,High
2,9,8.2,82,43,95,26,43.8,7,7,0,6,49,3.17,-0.1,3.4,Moderate
1,0,4.8,87,33,35,72,41.4,6,4,0,9,39,1.17,1.5,0.5,Low
4,19,5.8,75,62,67,14,39.5,6,4,0,8,28,2.23,-6.4,0.4,Moderate
3,15,5.6,83,42,104,64,32.7,6,2,0,6,28,3.47,-5.5,0.0,Moderate
7,19,6.8,64,15,25,42,45.7,3,4,0,9,13,0.83,-4.2,0.0,Moderate
3,18,7.8,81,57,44,36,59.7,8,7,0,10,80,1.47,10.9,2.1,Moderate
14,6,5.2,70,39,23,109,59.5,1,5,0,7,13,0.77,4.0,2.2,Moderate
4,3,9.5,93,52,14,60,56.9,4,7,1,6,45,0.47,13.2,0.0,Low
4,0,5.6,79,67,60,277,44.4,2,5,1,3,88,2.0,-5.1,0.5,Low
7,6,6.8,85,34,32,102,56.9,5,2,0,6,107,1.07,4.3,0.0,Low
16,19,6.4,81,51,17,142,31.8,2,5,0,5,43,0.57,-9.3,0.0,Low
11,4,6.5,98,38,17,136,51.5,5,8,0,10,29,0.57,7.2,4.0,Moderate
9,7,5.4,61,70,73,61,60.3,4,7,0,7,36,2.43,7.2,0.4,Low
0,5,7.7,77,53,60,81,52.7,5,1,2,12,42,2.0,-0.4,0.0,Low
2,11,5.4,67,52,62,74,31.4,4,9,0,0,8,2.07,-3.4,5.0,Moderate
1,16,4.3,55,30,25,28,37.9,4,3,0,13,24,0.83,-1.6,3.0,Moderate
18,0,5.1,67,66,88,137,40.1,5,4,0,5,87,2.93,-0.3,0.9,Moderate
13,1,8.1,91,68,78,61,36.3,4,11,1,11,52,2.6,3.6,3.8,Moderate
4,17,7.9,78,38,91,51,43.0,4,1,1,6,114,3.03,-1.0,0.5,Low
6,13,4.0,76,55,14,35,45.1,4,4,1,9,128,0.47,2.0,0.0,Moderate
4,7,7.4,87,63,52,197,43.9,6,11,1,7,115,1.73,0.9,4.6,Low
4,18,4.0,79,92,52,73,37.9,11,10,1,9,40,1.73,3.6,5.0,Low
12,1,6.4,85,59,22,95,56.0,5,15,0,7,51,0.73,12.4,5.1,High
8,14,5.0,82,52,35,63,44.3,4,5,1,13,72,1.17,0.8,0.0,High
23,8,7.5,84,49,47,74,33.2,4,7,2,6,50,1.57,-6.5,2.0,Moderate
18,12,7.1,73,50,89,41,42.0,2,9,0,10,23,2.97,-5.8,7.4,High
18,0,7.6,90,66,43,43,41.0,8,2,2,8,51,1.43,-0.1,3.6,Low
14,7,6.0,65,36,57,48,30.0,5,6,2,2,35,1.9,-4.0,1.8,Moderate
7,13,6.2,77,69,10,171,42.5,4,4,1,10,56,0.33,-5.7,0.0,Low
13,8,4.6,90,24,29,181,57.5,5,3,2,9,123,0.97,3.2,0.0,High
7,16,5.2,76,64,31,94,43.7,1,3,1,3,38,1.03,-9.6,0.0,Low
20,16,7.5,73,69,81,92,44.3,4,7,1,0,50,2.7,2.2,2.9,Moderate
12,3,6.8,103,67,12,48,50.9,2,4,2,10,7,0.4,-2.0,0.7,Low
11,13,6.5,94,57,83,110,40.6,5,7,0,7,118,2.77,1.7,1.9,High
10,3,7.9,80,59,14,95,36.2,4,6,0,5,43,0.47,-0.7,0.1,High
21,9,4.8,67,45,23,97,52.3,5,7,1,6,38,0.77,7.1,1.1,High
0,12,7.3,56,32,50,26,45.8,4,10,2,10,26,1.67,-0.7,3.2,Low
21,4,5.0,86,56,34,206,30.6,2,3,2,4,33,1.13,-12.4,2.0,High
8,13,8.2,92,53,30,66,49.7,7,7,1,5,9,1.0,-2.2,0.0,Moderate
0,6,7.1,82,69,28,51,48.8,2,9,0,8,80,0.93,0.9,5.5,Low
5,5,7.6,59,49,47,69,30.2,5,4,0,9,112,1.57,-4.9,0.0,Moderate
0,13,5.6,80,55,47,47,30.0,5,11,2,9,75,1.57,-5.2,2.5,Low
14,4,9.0,73,57,25,74,40.0,8,3,2,16,29,0.83,2.9,0.0,Moderate
3,3,8.8,80,62,28,83,68.9,4,10,2,9,29,0.93,16.5,0.8,High
11,15,6.9,99,69,35,112,67.4,5,8,0,11,82,1.17,12.9,2.0,High
17,9,7.8,87,35,41,40,59.6,3,5,0,0,17,1.37,6.1,0.3,Moderate
5,0,6.0,84,65,4,52,39.2,0,12,2,15,43,0.13,-4.3,5.7,Moderate
8,13,4.9,78,49,22,60,38.5,1,3,0,12,44,0.73,-11.6,3.3,Moderate
1,6,7.4,83,64,24,49,34.3,3,7,0,0,13,0.8,-7.7,1.5,Low
7,0,5.3,70,79,34,178,34.9,2,2,0,2,63,1.13,-4.9,0.0,Low
26,0,8.0,84,15,47,63,51.6,2,6,0,6,28,1.57,-1.9,1.9,High
15,14,7.7,76,74,23,147,61.6,6,5,0,8,36,0.77,11.5,2.4,High
8,4,6.7,69,50,33,95,43.7,3,4,1,10,40,1.1,1.9,0.0,Low
6,1,6.6,87,37,7,111,41.1,4,7,2,9,20,0.23,0.9,0.7,Low
9,12,7.6,53,44,92,43,37.7,3,7,3,2,47,3.07,-7.9,1.9,Low
10,13,6.7,72,33,13,128,44.0,4,8,0,8,82,0.43,7.4,4.2,Moderate
7,4,5.9,85,61,118,77,38.2,6,5,2,10,108,3.93,-1.9,2.5,Moderate
13,14,4.6,91,33,44,35,33.3,5,3,2,6,81,1.47,-6.9,0.0,High
3,20,7.6,83,74,67,36,47.6,5,8,0,6,67,2.23,1.1,3.1,Moderate
3,16,6.8,71,64,37,19,38.8,2,9,2,11,49,1.23,-1.1,2.1,Moderate
12,15,9.5,77,56,48,105,41.3,6,6,1,4,45,1.6,3.6,0.2,Low
2,10,6.3,81,15,47,61,46.1,2,9,2,4,73,1.57,2.5,4.1,Low
14,6,6.8,95,28,72,97,30.0,5,12,1,10,15,2.4,-1.5,8.8,High
9,8,6.8,88,51,52,143,32.2,1,10,1,6,81,1.73,-4.5,3.1,Moderate
0,11,7.2,88,52,12,21,47.2,9,7,1,11,55,0.4,4.1,1.0,Moderate
10,1,5.2,79,69,9,59,35.5,5,4,0,3,81,0.3,-4.0,0.0,Moderate
0,4,6.3,66,15,17,25,46.4,4,3,1,6,27,0.57,2.3,0.0,Low
14,0,7.4,63,38,37,51,39.4,2,8,2,5,44,1.23,-1.5,3.0,Moderate
8,10,6.0,75,67,74,29,48.5,3,4,0,13,22,2.47,1.8,5.2,Moderate
22,9,7.3,86,46,23,179,31.6,5,8,4,4,16,0.77,-8.5,4.7,Moderate
16,5,6.5,72,44,11,57,38.5,7,3,3,9,60,0.37,-0.3,0.0,Moderate
3,13,6.9,84,23,16,206,60.4,4,10,0,7,5,0.53,7.9,3.0,High
0,2,7.8,69,71,123,98,49.3,5,5,1,6,63,4.1,2.1,1.0,Low
5,4,6.1,71,43,70,100,54.3,8,3,2,12,91,2.33,4.9,2.4,Low
2,13,4.7,93,72,16,40,46.1,3,6,2,10,15,0.53,0.1,0.8,Moderate
21,14,6.1,86,78,29,49,34.6,6,4,2,10,63,0.97,-4.0,3.5,High
9,4,5.4,75,76,40,60,39.3,4,4,0,7,32,1.33,-5.8,0.0,Low
16,10,3.8,69,51,52,101,40.1,3,9,1,7,27,1.73,0.5,0.5,Moderate
8,4,6.3,88,43,180,14,40.1,7,5,1,11,27,6.0,2.4,4.9,Moderate
8,7,6.6,88,42,37,25,57.8,2,9,1,13,14,1.23,7.0,6.9,Moderate
9,9,7.6,85,87,20,93,44.0,1,8,0,6,58,0.67,-0.5,0.5,Low
17,12,5.0,76,48,94,24,33.5,4,6,1,5,45,3.13,-8.5,3.3,High
12,10,6.5,66,71,133,88,39.9,2,6,1,2,55,4.43,-7.2,3.1,Moderate
3,10,7.8,78,61,34,175,49.6,3,4,2,3,79,1.13,6.4,0.0,Moderate
20,2,5.7,93,45,54,44,32.4,2,4,0,10,110,1.8,-12.5,1.2,Low
8,11,7.0,68,47,36,120,55.8,3,7,1,0,56,1.2,4.4,0.9,Low
7,12,8.3,79,73,55,86,59.1,4,8,1,9,22,1.83,8.4,3.4,High
0,12,4.2,96,53,65,31,38.4,4,8,0,6,21,2.17,-4.7,0.0,Low
14,4,6.7,75,44,47,11,50.7,3,10,0,3,130,1.57,1.5,1.6,Moderate
10,14,7.8,77,37,87,68,54.5,7,6,1,7,69,2.9,8.0,2.1,High
10,1,6.0,63,58,46,183,36.8,6,11,0,3,50,1.53,6.8,5.8,Moderate
7,6,8.1,85,43,19,79,42.2,3,6,0,1,73,0.63,-6.6,0.0,Low
6,7,7.2,70,63,82,157,43.5,3,7,1,6,25,2.73,-6.0,3.8,Low
7,1,8.5,61,98,86,216,49.3,5,14,1,10,41,2.87,3.3,4.8,Moderate
13,7,7.1,68,61,5,89,59.1,3,9,2,6,158,0.17,8.1,1.3,Moderate
14,10,8.6,80,84,141,125,43.6,9,7,0,1,68,4.7,4.3,5.1,High
8,0,6.8,61,39,18,28,32.2,10,8,0,11,74,0.6,-3.4,0.0,Low
16,6,4.8,63,64,34,113,30.0,8,7,1,3,67,1.13,-3.3,1.5,Moderate
9,0,5.6,84,75,29,141,39.0,2,12,1,9,26,0.97,4.8,3.7,Low
6,20,7.6,77,77,21,60,43.3,3,5,0,14,33,0.7,-2.0,0.0,Moderate
11,10,7.6,68,75,50,66,56.6,5,2,1,0,34,1.67,-1.9,0.0,Moderate
1,9,6.0,74,52,13,154,30.2,10,6,1,0,29,0.43,1.0,0.0,Moderate
11,10,8.6,97,68,42,51,44.2,5,5,0,11,29,1.4,5.6,1.9,Moderate
0,12,6.0,92,34,68,91,59.1,2,5,1,13,39,2.27,2.9,1.7,Low
3,14,7.0,77,81,38,77,49.4,5,2,0,10,23,1.27,9.2,0.0,Moderate
0,0,6.9,87,35,95,201,34.7,3,9,2,8,25,3.17,-5.7,2.1,Low
8,16,4.8,79,75,13,115,47.3,0,8,0,14,43,0.43,-1.5,2.8,Moderate
20,16,6.3,58,71,28,66,45.3,3,12,0,10,12,0.93,4.2,5.6,High
9,8,9.3,57,71,19,78,56.9,5,8,1,4,63,0.63,2.0,0.0,Low
14,8,5.3,68,89,64,13,52.2,3,9,1,16,39,2.13,3.2,6.1,High
25,0,7.2,61,71,40,155,48.1,7,6,2,9,51,1.33,5.5,1.1,Moderate
12,1,5.0,81,28,30,99,50.6,4,5,0,8,95,1.0,0.1,0.0,High
5,12,5.3,72,63,70,57,45.9,6,4,0,1,141,2.33,4.8,3.5,Low
5,15,4.7,83,18,110,101,38.6,0,10,0,12,27,3.67,-1.2,5.7,Moderate
10,13,7.5,83,50,54,115,52.0,5,8,1,4,73,1.8,0.8,1.3,Moderate
5,8,5.4,86,44,77,84,39.5,3,8,0,3,80,2.57,1.0,2.0,Low
6,20,7.9,68,63,4,86,48.8,3,4,1,1,46,0.13,1.8,0.0,High
16,14,5.8,84,37,55,20,51.8,1,11,1,7,89,1.83,3.6,4.6,High
16,6,6.6,67,38,162,103,34.2,5,5,0,4,21,5.4,-4.9,2.6,Moderate
0,21,6.9,86,61,55,104,43.5,4,6,0,4,38,1.83,3.6,4.1,Low
4,2,4.5,91,73,56,146,59.5,5,5,0,3,20,1.87,0.7,0.0,Low
6,0,6.6,86,52,49,129,57.5,5,7,0,6,39,1.63,10.4,3.5,Moderate
13,6,6.8,76,94,35,57,49.4,11,10,2,2,25,1.17,13.9,3.9,High
17,4,7.8,84,46,31,93,43.9,9,7,0,9,42,1.03,8.8,2.0,High
27,6,5.2,61,64,37,93,43.0,1,6,0,4,7,1.23,-2.2,2.0,Moderate
6,13,5.4,59,58,53,117,39.4,3,3,0,3,92,1.77,-0.9,3.9,Low
7,8,7.2,83,46,17,59,44.8,6,11,0,1,102,0.57,4.6,5.7,Moderate
13,8,8.1,92,76,37,101,57.1,3,2,0,14,71,1.23,5.0,0.0,Moderate
5,9,5.7,64,36,76,146,39.8,4,2,0,6,47,2.53,-4.5,0.0,Moderate
9,0,4.9,78,15,37,81,34.0,5,8,1,5,32,1.23,-4.6,3.0,Moderate
7,0,6.0,83,50,30,79,54.2,7,6,1,3,139,1.0,7.2,2.5,Moderate
0,6,5.2,71,47,53,37,42.1,9,8,0,12,41,1.77,3.9,3.8,Low
10,4,6.9,74,71,9,122,36.6,3,6,0,8,50,0.3,-0.1,0.0,Low
8,7,5.1,85,30,35,69,45.7,5,2,2,10,28,1.17,1.2,0.0,Moderate
18,17,7.6,79,61,16,60,42.4,5,1,1,9,36,0.53,-7.2,0.7,Moderate
10,8,6.7,79,59,45,78,45.9,11,1,0,10,70,1.5,3.2,0.0,Moderate
1,1,7.6,67,58,27,43,49.8,5,13,3,5,19,0.9,5.5,6.8,Low
8,4,3.5,78,71,54,128,48.6,2,3,0,10,53,1.8,-5.4,0.0,Low
0,18,4.3,74,52,35,109,49.4,4,5,2,11,53,1.17,2.0,0.8,Low
2,17,8.0,74,53,59,83,46.5,2,9,0,10,122,1.97,2.4,0.9,Moderate
14,12,5.5,72,60,42,57,30.0,3,9,1,10,49,1.4,-1.2,0.0,Moderate
8,0,4.6,78,50,15,87,46.0,6,4,0,7,31,0.5,-0.2,0.0,Low
15,10,6.2,68,28,16,88,33.6,4,4,0,6,42,0.53,-3.4,1.8,Moderate
0,11,6.7,78,45,12,180,38.8,3,6,1,9,68,0.4,-1.1,4.8,Low
8,9,6.2,74,47,48,185,38.9,3,4,1,9,123,1.6,-3.8,0.0,Low
6,5,7.0,68,42,29,50,50.4,4,8,0,7,31,0.97,3.6,0.0,Low
16,6,6.8,57,46,30,54,30.0,4,15,1,11,88,1.0,-3.7,5.1,High
14,5,6.7,88,55,70,142,43.4,5,5,1,8,70,2.33,5.9,1.4,Low
14,2,8.0,86,47,78,51,44.4,2,4,0,3,36,2.6,-1.9,2.3,Low
20,16,6.4,69,67,42,118,52.2,4,8,0,3,53,1.4,8.2,0.0,High
7,14,6.3,85,68,15,112,46.1,3,1,0,9,24,0.5,-3.3,0.0,Low
18,7,7.4,67,15,43,52,50.1,6,7,0,5,19,1.43,6.2,1.6,Moderate
3,11,7.1,75,26,85,87,46.3,5,3,2,14,19,2.83,-0.7,0.0,Low
2,11,5.3,72,15,22,28,60.6,2,11,1,8,15,0.73,6.4,2.2,Moderate
14,21,6.3,75,47,71,100,41.3,2,3,1,4,101,2.37,-4.9,0.0,Moderate
0,14,6.9,85,46,80,96,66.2,2,6,1,2,62,2.67,8.3,1.4,Moderate
13,13,5.7,74,55,88,82,40.2,3,6,0,12,47,2.93,-6.5,2.0,High
10,9,5.8,74,67,46,60,52.3,5,7,1,1,85,1.53,9.4,0.0,Moderate
16,6,4.7,86,51,53,16,59.0,5,8,0,7,55,1.77,3.4,1.6,Low
9,17,3.0,79,41,23,154,43.6,5,7,1,9,14,0.77,2.2,0.0,High
10,12,6.0,71,52,25,40,44.6,3,3,2,0,41,0.83,-0.9,0.0,Low
13,4,6.6,81,43,35,94,33.2,5,7,2,2,33,1.17,-4.4,3.4,Low
5,11,5.1,89,25,5,62,75.0,3,9,1,4,35,0.17,14.5,2.4,High
5,13,8.1,90,69,13,62,43.5,5,4,0,15,24,0.43,-0.1,0.0,Low
13,0,5.1,63,60,53,108,58.2,1,5,3,7,75,1.77,10.7,1.7,High
9,3,7.5,64,78,82,186,39.1,7,8,1,8,60,2.73,1.1,3.8,Moderate
7,11,6.9,89,30,26,13,32.9,6,3,1,14,60,0.87,-7.6,0.0,Moderate
9,0,9.0,75,23,11,78,39.8,2,8,0,6,13,0.37,-2.9,4.0,Low
20,0,7.0,54,35,48,139,47.2,3,8,1,0,53,1.6,-0.5,1.9,Moderate
7,7,4.7,70,59,28,37,46.7,5,2,0,0,48,0.93,-8.7,0.0,Moderate
6,11,7.7,73,67,33,179,39.7,0,7,1,3,58,1.1,-8.5,3.3,Low
0,12,8.4,75,57,34,25,41.6,4,6,0,10,90,1.13,-0.7,3.7,Low
9,18,4.3,86,55,23,58,46.9,3,4,0,13,26,0.77,3.5,1.5,Low
14,9,7.2,68,67,18,34,38.6,3,8,1,9,45,0.6,-2.4,4.0,Moderate
15,6,7.4,88,44,118,47,41.4,3,3,1,4,44,3.93,-5.5,3.1,High
10,1,6.1,81,71,67,164,35.9,5,7,0,3,22,2.23,-3.7,0.0,Low
16,6,3.5,64,88,63,34,52.8,6,7,1,15,84,2.1,10.6,2.0,High
14,13,6.0,74,33,2,82,33.9,3,8,0,18,82,0.07,-0.2,1.8,High
17,13,5.7,83,47,16,49,43.0,0,10,0,7,27,0.53,-6.3,3.8,Moderate
16,10,8.2,78,27,59,106,50.6,3,8,0,10,17,1.97,0.4,4.7,High
20,12,6.3,82,35,11,72,51.3,6,7,0,8,54,0.37,2.5,1.8,High
8,16,5.9,72,59,38,72,35.6,6,4,0,6,68,1.27,-3.8,0.0,Moderate
1,9,5.7,84,22,39,44,52.9,1,8,1,7,43,1.3,-0.7,1.6,Low
14,16,6.8,74,38,27,165,50.1,3,8,3,1,23,0.9,1.9,2.4,Low
15,4,6.5,106,71,49,96,51.9,2,3,1,4,22,1.63,-3.3,2.8,Low
20,8,5.5,63,56,23,91,44.9,0,5,0,8,20,0.77,-7.1,0.0,Moderate
18,6,6.7,108,66,23,110,50.0,4,3,1,12,10,0.77,6.0,0.0,High
22,13,5.7,68,29,15,49,51.3,1,7,1,7,31,0.5,-6.6,5.9,High
14,3,3.3,92,53,89,132,68.3,3,6,2,18,9,2.97,12.3,2.9,High
11,7,7.2,87,86,17,99,30.5,5,7,0,4,27,0.57,-5.3,1.1,Low
0,0,7.1,68,40,25,105,49.7,2,5,1,8,12,0.83,0.3,0.0,Low
12,12,6.6,85,43,35,5,52.5,5,7,0,11,100,1.17,4.4,0.6,High
6,16,5.9,73,62,28,68,48.7,3,7,4,5,34,0.93,6.7,2.6,Moderate
11,14,6.3,81,36,89,61,55.1,1,8,3,12,54,2.97,5.8,3.6,High
10,13,7.4,80,65,69,89,54.6,4,6,0,16,43,2.3,5.9,0.0,Moderate
13,13,5.6,74,20,34,157,49.2,3,3,0,2,16,1.13,5.5,0.0,Low
9,13,7.4,73,15,34,50,45.1,6,9,0,6,82,1.13,3.1,5.7,Moderate
16,12,4.6,82,58,20,89,30.0,4,9,0,1,64,0.67,-4.0,1.9,Moderate
0,12,6.6,68,34,4,103,65.6,3,10,2,1,64,0.13,11.8,7.0,High
11,5,6.4,68,42,10,81,30.0,4,3,1,12,86,0.33,-12.4,0.0,Low
17,7,7.6,89,68,87,55,52.0,7,4,2,10,17,2.9,6.6,3.9,High
22,9,5.3,83,63,54,28,49.6,7,3,0,4,48,1.8,4.8,0.0,Moderate
14,7,5.4,64,30,24,16,34.6,3,1,1,10,57,0.8,-5.9,0.0,High
20,0,4.7,67,61,49,58,66.9,9,9,0,0,66,1.63,19.2,1.2,High
11,1,5.7,54,47,141,55,54.7,5,2,0,7,24,4.7,1.7,0.0,Moderate
10,10,6.7,88,60,58,82,49.3,5,8,0,6,144,1.93,4.2,4.6,Low
13,14,4.2,86,52,14,162,34.9,6,2,0,8,20,0.47,-6.8,0.0,Low
9,9,5.9,66,25,31,64,60.5,3,1,0,5,29,1.03,8.6,0.0,Moderate
4,21,7.1,85,39,50,21,61.1,4,5,0,5,23,1.67,5.2,0.0,High
6,3,6.3,100,15,81,81,48.1,2,7,1,11,3,2.7,1.5,0.7,Low
2,11,6.5,61,55,38,13,63.2,7,1,0,7,130,1.27,8.4,0.0,Moderate
13,16,4.6,71,59,32,15,48.6,4,4,1,9,19,1.07,-6.3,1.7,High
10,15,6.3,61,39,23,36,50.2,4,1,0,4,100,0.77,-7.5,0.0,Moderate
7,12,6.4,88,50,11,39,46.0,5,8,0,0,163,0.37,8.2,1.9,Low
6,15,6.2,77,34,62,60,53.4,7,6,0,6,22,2.07,4.4,4.5,Moderate
13,9,6.6,74,75,31,112,51.6,7,6,0,2,79,1.03,8.0,1.8,Moderate
15,18,6.0,81,29,11,51,41.7,1,9,2,6,44,0.37,-2.1,2.7,High
2,16,5.9,72,46,21,79,36.1,5,5,1,11,45,0.7,-6.4,2.2,Moderate
1,4,5.2,74,29,44,128,44.6,1,7,1,4,42,1.47,-3.1,4.3,Low
16,10,7.6,81,56,38,230,52.9,3,11,3,13,26,1.27,9.4,1.2,High
1,0,4.9,71,71,56,45,44.7,3,6,0,8,88,1.87,-0.8,1.4,Low
13,17,6.6,73,15,25,55,37.9,5,1,1,16,44,0.83,4.5,0.0,High
20,10,8.6,76,64,35,82,45.6,3,7,0,7,75,1.17,-2.1,4.8,Moderate
20,16,7.7,79,81,9,76,35.6,6,3,2,9,82,0.3,-1.9,0.0,High
14,8,7.0,85,54,22,69,41.2,3,5,1,0,36,0.73,-1.4,0.0,Moderate
14,0,6.7,84,40,70,53,30.0,3,4,2,4,141,2.33,-11.5,0.0,Moderate
24,21,6.2,62,51,42,22,47.3,2,7,1,5,34,1.4,-2.0,0.0,High
0,9,5.3,93,42,29,70,53.2,7,6,1,14,47,0.97,3.0,0.6,Low
6,3,6.1,79,87,60,51,46.5,4,5,0,4,55,2.0,-3.6,0.0,Moderate
15,15,7.1,74,67,46,58,49.7,5,8,0,12,7,1.53,1.2,3.3,High
7,20,6.9,68,68,74,82,47.6,5,5,1,12,44,2.47,1.3,2.2,Moderate
18,7,7.3,100,91,14,161,50.4,5,7,1,3,16,0.47,-3.0,1.0,Low
9,8,7.9,104,76,48,29,51.5,3,10,4,9,77,1.6,2.1,2.2,High
10,10,6.2,99,50,41,63,51.7,3,10,1,7,33,1.37,5.0,3.0,Low
8,2,6.6,79,52,68,28,56.5,4,12,0,9,48,2.27,9.1,3.8,Moderate
6,4,4.1,82,94,21,133,31.5,4,10,1,7,15,0.7,-4.1,3.8,Low
6,19,9.1,94,39,51,124,53.1,7,2,0,6,87,1.7,3.8,0.0,Moderate
11,8,5.9,75,49,2,166,44.0,5,4,0,2,31,0.07,-4.2,0.0,Low
4,4,7.2,84,34,66,95,41.7,4,8,0,11,126,2.2,-0.6,5.5,Low
16,6,5.9,80,19,55,6,30.0,7,7,1,2,13,1.83,2.3,3.6,High
14,15,5.9,99,36,16,89,31.7,5,5,1,11,62,0.53,-4.2,2.3,High
17,0,6.1,94,37,35,234,41.5,2,8,1,5,34,1.17,-4.6,0.6,Low
2,10,4.9,76,41,14,55,38.5,3,3,1,13,67,0.47,-7.4,4.7,Moderate
0,21,3.4,95,63,41,45,55.0,3,8,2,11,72,1.37,7.6,4.8,High
9,20,7.8,78,52,63,52,52.6,7,9,0,11,19,2.1,8.1,5.0,High
27,12,7.1,72,70,61,104,59.5,7,1,3,7,29,2.03,3.9,0.0,High
18,16,5.3,75,55,48,39,44.6,5,6,4,9,52,1.6,0.5,0.0,Moderate
6,16,6.9,80,55,10,128,51.9,5,7,0,7,32,0.33,4.4,0.0,Moderate
12,8,7.4,69,47,52,12,31.8,0,3,0,7,74,1.73,-12.2,0.0,Moderate
14,14,5.6,72,87,50,168,67.5,3,2,1,11,52,1.67,4.7,1.4,High
1,19,6.9,62,44,59,56,62.2,2,7,1,7,38,1.97,2.9,0.9,Moderate
18,1,7.6,69,69,19,120,38.5,7,8,0,8,27,0.63,0.8,3.1,Moderate
8,12,4.7,81,31,25,53,60.4,6,6,1,14,95,0.83,9.7,2.7,High
9,11,7.0,89,48,125,48,35.6,4,5,0,14,68,4.17,-4.4,0.1,Moderate
10,9,6.8,88,88,13,63,39.9,6,7,1,0,20,0.43,-0.7,2.6,Low
17,9,8.7,83,64,44,117,46.1,3,2,0,0,12,1.47,1.1,0.0,Moderate
5,10,7.1,61,27,18,50,38.1,8,10,0,11,15,0.6,-0.0,3.5,Moderate
0,10,5.9,69,33,32,106,51.4,2,13,1,12,77,1.07,1.2,10.0,Low
12,15,6.0,76,81,35,88,56.2,5,6,1,5,75,1.17,-0.0,3.0,Moderate
0,11,8.8,89,54,52,168,33.2,3,10,0,13,13,1.73,-7.9,7.4,Low
8,7,6.0,72,47,39,117,47.1,1,9,2,4,12,1.3,2.6,0.0,Low
17,4,7.1,65,38,5,25,37.1,5,14,0,5,74,0.17,1.9,5.2,Moderate
13,6,6.1,94,46,20,68,48.5,6,1,2,13,22,0.67,-1.1,0.0,Moderate
16,10,7.7,70,77,30,105,48.7,1,8,0,4,23,1.0,0.0,3.1,Low
14,4,7.8,66,39,65,36,40.3,4,1,0,6,26,2.17,-7.7,0.0,Low
25,14,6.4,81,41,25,97,44.5,5,3,1,7,20,0.83,-3.7,0.0,Moderate
6,11,5.9,77,63,37,142,46.9,4,6,0,11,25,1.23,2.4,0.6,Low
12,15,5.9,72,33,43,45,39.8,3,5,0,3,84,1.43,-4.8,0.0,Moderate
7,5,4.3,78,35,42,102,30.9,6,10,2,3,5,1.4,-5.1,4.4,Moderate
16,4,6.5,68,52,37,365,53.0,1,11,3,5,69,1.23,3.1,0.0,High
9,15,6.5,72,53,16,77,52.9,4,7,0,6,21,0.53,6.4,2.5,Low
21,9,5.4,78,37,25,97,52.5,4,14,1,8,61,0.83,9.2,6.3,High
6,7,4.2,56,61,62,85,37.1,4,2,2,3,29,2.07,-2.7,1.8,Low
19,13,6.6,89,56,70,56,43.9,2,3,1,7,88,2.33,-3.1,1.9,High
13,12,6.8,63,16,76,51,31.3,2,3,1,5,57,2.53,-10.6,0.0,High
9,1,6.9,68,66,22,46,64.8,2,9,3,7,6,0.73,10.0,1.9,Moderate
13,17,5.2,89,42,28,28,34.0,1,10,2,11,31,0.93,-6.4,1.6,High
11,6,6.9,84,67,47,39,57.3,5,1,1,12,46,1.57,3.4,0.0,Moderate
12,18,6.2,79,89,106,143,39.0,0,3,1,8,67,3.53,-7.3,1.5,Low
8,1,7.4,59,51,150,158,48.7,3,5,0,13,30,5.0,-2.0,3.8,Moderate
5,10,5.2,71,40,22,90,43.7,3,4,0,1,14,0.73,-2.6,0.0,Low
7,7,7.8,76,77,20,62,42.5,2,4,0,9,63,0.67,-0.4,0.0,Moderate
0,0,8.2,76,37,11,29,49.7,3,5,2,13,81,0.37,0.8,0.0,Low
15,12,6.5,91,86,53,91,41.0,5,3,1,6,92,1.77,-4.5,0.8,Moderate
1,0,6.9,100,44,10,136,31.5,3,9,1,12,36,0.33,0.0,0.0,Low
8,7,7.3,85,41,50,163,44.5,4,11,1,7,49,1.67,3.0,7.8,Moderate
14,15,5.2,72,95,51,206,56.0,4,2,1,8,44,1.7,8.3,0.0,High
15,5,5.8,91,59,96,42,46.1,5,7,0,6,94,3.2,3.1,0.3,Moderate
0,3,6.6,72,81,19,185,37.5,4,8,0,1,26,0.63,-1.7,5.7,Low
9,13,8.8,50,52,5,77,70.9,4,3,1,8,47,0.17,10.9,0.1,Moderate
12,7,5.0,64,50,12,94,46.1,7,1,0,9,8,0.4,4.2,0.0,Moderate
10,6,8.4,52,15,30,88,38.3,7,5,2,4,45,1.0,-5.5,0.0,Moderate
18,16,6.2,74,70,19,54,65.3,6,4,5,6,22,0.63,2.2,0.0,High
4,2,6.4,76,59,25,104,30.4,4,5,0,5,60,0.83,-12.2,0.0,Low
0,6,7.9,60,50,61,32,37.6,8,8,1,10,41,2.03,-0.5,5.1,Low
15,14,8.8,69,63,26,172,55.2,5,10,0,10,84,0.87,7.9,3.1,High
6,1,6.9,62,53,27,80,37.5,4,14,0,6,18,0.9,3.7,2.3,Low
0,19,7.8,77,35,43,7,52.6,4,7,0,4,132,1.43,1.3,3.6,Low
8,7,5.3,69,59,22,288,53.7,0,6,3,11,41,0.73,-0.1,0.0,Low
17,14,5.8,89,49,50,87,64.6,3,2,0,7,105,1.67,5.9,0.0,High
1,14,4.8,80,65,63,34,55.6,7,8,0,12,59,2.1,8.1,2.2,High
25,8,5.8,96,47,20,127,41.9,3,7,0,3,49,0.67,-2.2,5.2,High
4,6,7.1,73,44,91,37,39.4,1,6,0,8,31,3.03,-6.1,0.3,Low
10,8,6.7,102,42,10,46,36.5,8,6,0,4,48,0.33,7.5,0.0,Moderate
2,13,8.5,78,36,13,63,36.0,4,1,0,4,44,0.43,-8.4,0.0,Low
10,3,8.9,72,43,28,31,49.5,1,1,2,11,17,0.93,2.9,0.0,Low
9,2,6.2,104,60,13,88,30.0,8,9,2,2,29,0.43,2.0,3.8,Moderate
0,17,5.6,58,39,43,39,47.5,4,1,1,9,63,1.43,-0.7,0.0,Low
27,4,7.8,72,31,142,149,30.0,4,2,0,11,35,4.73,-10.5,0.6,Moderate
6,11,7.9,60,66,28,45,48.3,2,3,0,7,7,0.93,-0.6,0.3,Low
6,7,6.9,58,50,26,17,41.1,3,7,1,7,32,0.87,-6.1,4.3,Low
16,8,7.2,55,66,13,79,51.7,3,13,2,10,15,0.43,5.1,6.3,High
21,17,7.1,85,48,162,56,30.0,2,6,2,0,67,5.4,-11.8,5.4,High
17,8,5.2,63,42,90,90,54.5,5,4,0,13,46,3.0,7.8,0.1,High
2,6,4.9,75,21,69,138,46.1,6,10,0,9,22,2.3,8.7,4.6,Low
11,7,6.3,88,32,32,31,41.8,7,3,0,8,17,1.07,-0.1,0.0,High
0,6,6.2,83,36,76,188,50.7,6,8,2,6,14,2.53,3.9,2.1,Low
15,5,6.7,83,57,54,121,50.0,3,7,0,8,64,1.8,-1.6,1.7,Low
0,6,6.2,91,50,22,31,33.6,4,4,1,14,24,0.73,-3.7,0.0,Low
4,18,4.4,96,34,159,26,47.4,5,6,1,11,65,5.3,1.4,9.2,High
9,13,3.9,64,15,6,124,52.6,3,7,0,2,59,0.2,4.6,0.2,Moderate
12,6,7.3,83,60,30,182,31.7,5,5,0,3,24,1.0,-5.4,0.2,Moderate
8,14,5.6,75,68,20,63,47.8,1,6,1,8,76,0.67,-3.6,0.7,Low
19,0,6.1,76,69,3,12,56.8,4,7,2,3,3,0.1,4.7,0.0,Moderate
14,16,5.7,61,35,6,119,47.5,4,8,1,3,126,0.2,6.9,3.6,Moderate
14,16,5.3,72,70,107,174,41.8,3,1,0,8,95,3.57,-9.9,1.0,High
2,21,5.3,73,62,25,27,33.7,3,6,0,8,15,0.83,-10.7,0.1,Moderate
21,14,7.6,94,62,31,39,36.1,2,4,0,8,22,1.03,-8.7,0.5,Moderate
4,11,6.1,65,41,26,80,42.4,5,10,0,9,41,0.87,4.8,6.0,Moderate
21,16,7.2,52,50,27,109,53.0,5,6,3,4,21,0.9,3.9,1.5,High
23,5,7.3,78,85,6,95,51.3,7,6,3,4,25,0.2,7.5,0.6,High
13,6,6.8,64,82,47,23,42.4,7,10,1,4,32,1.57,6.0,7.9,Low
16,8,7.4,76,51,52,68,38.6,6,3,0,14,16,1.73,-5.3,0.0,Moderate
0,16,6.4,85,55,23,46,40.5,5,6,0,4,34,0.77,-4.3,4.3,High
8,4,8.0,77,15,63,190,56.4,2,5,0,4,9,2.1,0.8,0.6,Moderate
17,3,7.4,73,74,108,90,32.3,0,12,1,0,20,3.6,1.6,5.4,Moderate
16,10,7.5,76,65,7,38,46.1,2,3,1,7,38,0.23,-0.3,0.0,Moderate
2,13,5.3,87,58,32,46,41.1,4,6,1,4,20,1.07,-4.3,4.0,Low
8,4,6.7,65,41,47,40,51.7,7,6,1,11,29,1.57,6.9,0.0,Moderate
0,12,4.2,86,53,8,19,43.8,4,6,0,6,37,0.27,2.7,0.1,Moderate
12,16,8.1,67,78,91,31,34.3,3,10,1,6,3,3.03,-5.4,4.0,Moderate
0,15,5.7,85,59,59,53,59.8,4,8,0,7,33,1.97,11.5,3.4,Moderate
17,11,5.8,61,99,59,57,47.6,2,6,0,3,16,1.97,0.7,0.0,Moderate
17,8,4.8,84,67,91,92,47.0,2,8,1,3,56,3.03,2.7,6.6,High
6,19,6.4,77,35,31,62,33.0,3,6,0,10,26,1.03,-4.8,0.0,Low
13,9,6.1,79,45,32,116,42.6,5,2,0,4,36,1.07,-2.2,0.0,Low
8,14,8.6,89,39,39,62,38.9,2,7,1,4,76,1.3,-3.3,2.6,Moderate
11,20,7.4,69,67,50,99,44.7,3,15,0,9,39,1.67,7.8,7.2,Moderate
2,13,5.8,78,73,52,42,30.0,4,8,0,12,76,1.73,-0.2,2.7,Moderate
14,3,4.4,81,83,17,137,46.7,2,3,1,6,43,0.57,-5.1,0.0,Moderate
0,1,3.7,75,46,12,99,53.0,1,1,0,11,24,0.4,-5.3,0.0,Low
0,7,5.2,86,60,55,48,40.6,8,3,0,1,57,1.83,4.0,0.0,Low
9,13,4.8,82,75,52,73,48.0,4,3,0,8,27,1.73,1.2,3.7,Moderate
8,11,6.8,72,80,77,47,36.2,5,7,2,16,45,2.57,-2.8,0.0,Low
11,21,6.2,92,30,67,65,60.7,2,11,1,7,41,2.23,10.2,6.8,High
5,11,6.4,84,63,10,39,36.4,5,4,1,8,30,0.33,-3.7,0.0,Low
22,7,5.3,69,31,13,153,43.8,3,5,1,1,26,0.43,-5.2,0.6,Moderate
11,2,6.6,69,41,19,171,38.3,3,9,1,3,12,0.63,-0.4,4.6,Moderate
11,15,4.7,76,28,42,129,37.1,4,5,0,7,92,1.4,-5.8,2.4,Moderate
11,8,6.3,83,41,87,51,59.9,2,9,0,1,17,2.9,5.2,1.4,High
16,0,7.4,54,26,42,56,58.9,2,5,0,7,20,1.4,10.5,0.0,Moderate
13,9,6.0,69,31,35,14,41.2,3,5,1,10,115,1.17,-1.2,1.7,Moderate
12,3,6.9,72,36,13,32,75.0,4,6,1,3,122,0.43,14.5,0.0,High
14,6,4.0,62,57,33,200,55.7,3,6,0,5,110,1.1,0.8,0.3,High
0,9,3.9,67,53,59,190,54.9,10,2,1,5,20,1.97,5.5,0.0,Moderate
0,3,6.8,80,22,27,155,45.9,6,6,0,3,52,0.9,5.5,0.0,Low
9,6,7.7,73,101,24,163,56.5,1,7,2,6,25,0.8,0.0,0.2,Moderate
8,4,6.1,73,43,73,28,46.9,6,4,1,6,49,2.43,3.2,0.0,Low
13,4,9.0,63,28,50,121,37.0,2,8,2,18,23,1.67,-5.1,1.3,High
10,3,4.7,76,62,67,112,45.6,4,8,1,1,14,2.23,6.1,5.5,High
13,6,5.6,61,52,20,127,41.8,4,7,1,3,86,0.67,0.5,1.0,Moderate
1,3,6.6,94,37,103,223,34.7,0,5,0,0,124,3.43,-3.0,1.8,Low
9,12,7.0,97,59,23,14,55.0,3,2,1,7,33,0.77,-5.5,0.0,Moderate
1,10,5.7,73,40,30,15,47.4,1,8,0,7,94,1.0,2.8,0.0,Low
12,15,5.1,66,47,55,34,45.3,0,8,1,8,18,1.83,-2.5,4.3,High
0,19,7.1,87,78,23,26,61.7,3,12,2,6,37,0.77,12.6,5.0,High
12,12,6.6,85,54,46,63,47.4,4,1,0,12,19,1.53,3.0,0.0,High
0,11,6.0,99,63,47,92,57.1,5,10,0,8,30,1.57,7.6,9.8,High
7,13,7.0,102,43,32,108,36.5,5,10,0,13,43,1.07,1.2,4.9,Moderate
15,11,6.2,56,55,48,19,38.9,6,7,0,12,27,1.6,1.0,3.8,Low
11,9,6.2,91,38,27,45,46.0,4,10,2,5,48,0.9,-3.7,3.2,Moderate
0,8,6.2,76,37,50,90,46.9,7,6,0,1,45,1.67,3.3,2.5,Low
5,3,5.4,84,45,59,71,48.7,0,7,2,10,34,1.97,3.2,4.4,Low
0,13,5.3,87,39,38,59,55.0,5,3,0,6,63,1.27,6.4,0.5,Moderate
0,8,5.8,86,71,64,147,75.0,3,5,1,9,24,2.13,12.5,0.0,Moderate
10,17,6.4,89,62,20,48,31.5,4,8,0,6,60,0.67,-0.8,3.7,Moderate
13,14,4.2,72,15,39,194,40.5,4,6,2,10,41,1.3,-8.0,0.6,Moderate
12,5,7.5,68,83,113,36,49.6,1,4,0,1,17,3.77,-4.4,0.0,High
13,16,6.4,91,64,38,39,63.6,3,5,2,11,21,1.27,7.1,0.0,High
9,0,5.1,68,73,32,96,44.0,4,6,0,7,109,1.07,-1.6,0.0,Low
8,20,8.3,98,49,15,52,45.8,6,10,0,6,17,0.5,3.7,5.8,High
3,1,6.5,70,25,21,54,42.3,9,9,2,12,10,0.7,4.4,2.2,Low
7,11,4.8,74,28,36,45,50.7,4,5,1,2,11,1.2,4.0,2.1,Moderate
1,11,8.3,76,83,73,89,45.7,4,5,1,0,9,2.43,1.5,0.0,Low
4,15,8.0,61,23,62,16,53.3,4,8,0,4,16,2.07,6.3,3.4,High
10,7,5.3,61,26,18,36,57.0,3,4,1,8,51,0.6,2.3,0.0,Low
9,0,6.0,88,44,47,56,42.6,3,8,0,9,38,1.57,4.2,2.9,Low
27,7,5.9,59,27,38,101,54.6,1,10,1,12,11,1.27,2.4,3.0,High
1,7,4.1,106,62,40,49,39.2,5,11,0,12,38,1.33,7.3,3.7,Moderate
9,0,6.8,77,63,59,228,48.0,5,4,0,8,178,1.97,6.2,0.0,Moderate
0,9,7.4,67,59,55,111,39.9,2,7,2,10,81,1.83,-4.6,0.0,Low
7,2,7.2,83,41,52,99,31.0,5,6,0,2,67,1.73,-8.3,2.7,Moderate
7,12,6.4,51,57,55,72,54.3,4,1,1,9,6,1.83,0.9,0.0,High
15,7,7.5,74,84,6,84,36.8,2,8,1,9,23,0.2,-8.2,0.0,Low
7,20,5.0,76,26,115,62,39.3,2,6,0,10,34,3.83,-3.0,0.8,Moderate
8,7,8.6,64,72,39,109,42.7,4,5,0,0,8,1.3,-1.4,1.8,Low
7,11,5.5,71,67,61,132,63.1,4,6,1,6,43,2.03,8.8,0.0,High
0,7,5.6,95,50,73,77,60.6,2,5,2,10,6,2.43,6.1,0.9,Moderate
5,0,5.7,80,55,24,228,30.9,5,4,0,0,77,0.8,-9.3,0.0,Low
7,7,5.6,82,58,34,48,34.9,3,8,1,6,51,1.13,-6.5,5.0,Low
10,13,6.2,69,34,74,191,62.9,6,6,2,5,38,2.47,5.7,3.2,High
13,12,6.1,63,23,87,110,65.7,3,10,0,8,134,2.9,12.7,5.6,High
8,7,6.6,75,68,38,62,50.3,4,8,0,7,28,1.27,-2.5,3.1,Moderate
8,0,5.4,51,30,9,53,47.2,3,8,1,5,84,0.3,-1.0,4.2,Low
0,12,6.6,66,32,19,16,45.4,4,2,0,4,40,0.63,-2.5,0.0,Low
13,11,5.1,64,43,27,146,44.0,3,6,0,8,46,0.9,-2.9,0.0,Moderate
5,13,7.3,56,57,46,187,34.8,5,9,0,3,47,1.53,3.9,2.0,Moderate
14,7,7.3,85,43,49,93,53.4,9,10,0,6,19,1.63,5.5,3.4,High
18,0,6.4,77,39,62,46,37.5,0,6,0,4,33,2.07,-11.6,0.0,Low
8,12,5.6,71,69,71,32,51.9,5,3,0,7,70,2.37,0.0,0.0,High
3,8,6.8,85,46,3,97,46.3,9,10,1,2,180,0.1,6.3,0.8,Moderate
9,17,5.3,60,38,30,92,55.9,3,4,1,6,44,1.0,4.4,0.0,Moderate
12,9,6.4,63,59,70,69,39.8,2,1,1,6,60,2.33,-5.6,0.0,Low
7,8,6.2,90,53,96,75,34.5,5,6,2,11,26,3.2,1.8,1.6,Moderate
6,11,9.5,103,53,52,116,36.9,4,6,1,9,92,1.73,-2.5,0.0,Low
13,5,4.9,86,60,16,83,45.8,3,10,2,15,27,0.53,-1.8,3.9,Low
13,5,3.2,83,50,42,78,44.6,6,9,0,7,11,1.4,-0.8,7.0,High
7,8,5.6,72,67,80,103,34.5,7,5,3,9,70,2.67,1.5,2.6,Moderate
0,3,4.3,72,26,12,204,41.2,2,3,0,3,57,0.4,-2.3,0.0,Moderate
12,7,5.5,80,74,17,28,46.7,6,5,2,13,16,0.57,-0.2,0.0,Moderate
5,20,4.8,93,36,17,70,52.4,4,7,0,13,70,0.57,0.9,0.0,Moderate
11,15,5.3,83,23,54,28,45.8,5,8,1,7,59,1.8,1.5,1.9,Moderate
10,10,5.1,89,38,21,21,52.3,6,5,1,10,61,0.7,-2.9,0.0,Moderate
0,17,7.6,68,46,2,89,46.4,7,8,0,6,34,0.07,7.9,0.0,Moderate
10,4,6.3,85,39,80,126,46.4,4,4,0,4,57,2.67,1.3,0.0,Moderate
13,21,7.7,71,35,37,48,50.5,5,11,0,7,30,1.23,7.1,4.4,Moderate
14,6,6.4,80,70,116,76,35.3,2,7,1,10,74,3.87,-10.5,2.8,Moderate
10,20,7.5,85,36,60,97,63.0,4,2,0,9,92,2.0,5.7,0.0,Moderate
0,20,6.0,72,15,37,216,46.7,1,4,1,8,92,1.23,3.3,0.0,Moderate
18,0,8.3,67,46,65,174,45.2,3,4,0,14,24,2.17,-8.8,1.3,Moderate
12,17,7.0,82,89,19,18,48.2,7,5,2,8,147,0.63,4.1,1.5,High
2,7,5.5,77,33,47,91,56.3,4,3,0,15,23,1.57,-2.0,0.6,Low
4,5,7.1,79,36,47,145,49.7,5,5,1,10,17,1.57,-2.1,0.0,Low
11,12,6.4,85,45,35,98,51.7,1,5,1,9,22,1.17,2.5,0.3,Moderate
14,3,6.2,92,80,13,32,46.8,8,7,1,10,100,0.43,3.0,0.9,Moderate
6,11,6.5,85,46,46,49,36.3,4,5,1,5,32,1.53,-6.6,0.0,Moderate
15,3,7.3,84,34,44,67,30.0,3,9,1,5,50,1.47,-1.7,2.6,Low
0,10,3.9,72,59,23,9,53.5,7,5,0,7,74,0.77,6.0,0.0,High
3,16,6.0,74,57,12,180,55.1,4,3,0,15,110,0.4,-1.1,0.3,Low
0,11,7.2,83,61,21,22,35.2,5,1,1,8,48,0.7,-8.4,0.0,Low
4,6,6.7,74,33,101,45,34.1,3,7,0,5,18,3.37,-5.4,1.6,Moderate
19,12,5.0,83,42,25,82,35.5,1,5,1,11,31,0.83,-6.1,0.0,Moderate
23,0,3.6,69,72,45,34,40.2,6,2,1,8,22,1.5,-5.4,0.0,Moderate
11,4,8.4,99,59,44,54,37.4,8,6,1,7,66,1.47,2.8,0.0,Moderate
5,6,6.2,80,67,34,159,46.7,2,4,0,4,37,1.13,-3.2,0.0,Low
8,13,8.2,79,51,105,194,47.0,1,9,0,2,14,3.5,2.1,7.0,Moderate
13,11,7.4,73,71,57,52,45.9,2,4,0,10,56,1.9,-2.3,0.5,Moderate
0,12,5.4,99,57,53,64,40.7,3,11,0,5,29,1.77,-2.3,3.2,Moderate
6,8,3.4,64,43,38,22,37.2,3,6,1,1,61,1.27,-3.9,1.0,Low
19,4,5.8,70,65,25,38,32.0,6,7,0,11,36,0.83,-1.7,1.0,Moderate
3,17,6.4,87,36,39,94,40.2,3,8,2,5,62,1.3,7.3,0.9,High
5,4,6.9,81,80,58,81,51.0,4,8,1,7,32,1.93,5.9,1.1,Moderate
10,11,5.1,72,70,66,114,30.7,4,7,1,5,47,2.2,-8.2,1.9,High
11,8,6.6,72,47,58,61,44.6,4,2,0,14,61,1.93,-7.1,0.0,Low
5,12,6.6,75,49,5,121,35.7,6,14,1,5,41,0.17,3.3,7.4,Low
10,5,7.6,79,54,9,93,33.6,7,3,0,12,85,0.3,-0.3,0.0,Low
13,15,6.0,95,49,31,31,54.0,8,2,0,13,29,1.03,7.5,0.0,High
22,16,6.9,85,76,9,83,56.4,5,7,2,8,16,0.3,6.0,0.5,High
9,14,6.7,89,42,18,147,49.8,3,9,0,4,110,0.6,-1.9,0.8,Moderate
9,9,7.5,73,25,14,10,34.6,4,3,0,0,40,0.47,-4.5,0.0,Low
19,6,5.4,84,47,32,64,52.8,2,10,1,8,104,1.07,3.5,4.2,High
6,21,3.0,61,66,38,36,52.0,4,3,0,13,37,1.27,2.9,0.0,Moderate
1,3,6.1,80,70,13,89,63.3,7,9,1,4,13,0.43,14.1,2.8,Moderate
11,14,6.1,79,54,86,54,40.5,6,7,0,12,43,2.87,-1.2,0.9,Moderate
16,10,5.0,98,41,48,97,48.7,4,13,1,5,69,1.6,8.1,3.1,High
12,8,4.6,95,51,37,124,37.3,6,8,0,11,16,1.23,0.3,3.0,Moderate
9,10,5.7,75,40,64,58,30.0,6,7,0,12,37,2.13,-10.2,4.4,Moderate
0,6,6.3,69,15,36,88,30.0,4,7,0,7,74,1.2,-3.1,0.0,Low
9,11,6.5,69,37,50,156,45.9,2,10,0,10,42,1.67,-0.6,3.9,Moderate
18,10,3.7,75,61,25,87,38.7,4,4,3,7,24,0.83,-8.2,0.0,High
1,21,4.3,92,47,19,25,50.1,5,5,0,4,41,0.63,3.2,0.1,Moderate
8,15,7.8,83,46,14,28,51.2,7,7,0,0,26,0.47,5.2,7.2,Moderate
7,11,6.2,84,72,40,54,45.6,8,11,1,1,30,1.33,9.3,3.5,Moderate
5,12,6.4,87,35,46,71,31.5,2,7,0,3,70,1.53,-9.0,1.7,Low
11,19,4.8,67,36,128,106,36.5,7,2,0,14,89,4.27,-3.3,3.3,High
12,3,6.4,70,58,5,60,47.5,4,9,2,8,36,0.17,3.4,1.9,Low
12,7,5.9,84,39,36,26,48.5,6,8,0,8,31,1.2,3.1,2.4,Moderate
3,0,5.7,69,39,65,133,48.6,3,7,2,7,22,2.17,2.8,3.7,Moderate
0,12,4.6,61,80,18,89,53.2,2,7,1,3,67,0.6,4.4,0.0,Moderate
11,13,5.4,66,33,75,30,43.3,5,5,0,7,30,2.5,0.5,0.0,Moderate
6,3,8.8,90,39,65,12,47.3,2,8,0,3,21,2.17,6.0,2.5,Moderate
21,17,6.0,74,60,78,93,50.5,4,2,3,9,30,2.6,2.5,0.0,High
22,4,7.3,80,51,52,66,54.1,5,10,1,1,25,1.73,12.9,0.0,High
22,7,6.2,67,27,20,92,45.3,5,13,0,6,58,0.67,4.9,1.7,High
3,9,6.0,82,84,38,43,45.0,4,11,1,10,100,1.27,1.4,2.5,Moderate
13,18,5.6,75,38,70,118,48.2,5,5,1,9,31,2.33,3.2,4.6,Moderate
15,4,8.0,83,48,21,35,45.9,2,8,0,7,43,0.7,-5.4,2.7,High
14,10,6.8,73,60,9,77,43.0,1,9,0,7,104,0.3,-7.5,3.5,Moderate
7,13,5.5,84,91,13,136,39.7,3,8,1,12,107,0.43,0.5,3.3,Moderate
18,12,5.9,72,45,58,92,30.0,6,4,1,8,85,1.93,-6.8,0.0,High
10,12,7.7,77,35,23,22,50.2,7,5,2,4,58,0.77,1.8,0.0,Moderate
10,13,3.0,75,61,47,131,49.6,1,4,0,9,32,1.57,-2.6,0.0,Moderate
0,5,6.8,78,90,63,86,47.8,1,4,1,7,29,2.1,3.9,0.0,Low
14,18,7.0,81,54,27,110,49.1,6,12,1,6,32,0.9,8.2,6.2,Moderate
8,8,5.5,73,47,16,24,43.9,6,6,1,8,58,0.53,-0.7,0.0,Low
13,7,6.6,77,59,17,104,62.3,4,4,1,3,8,0.57,1.2,0.0,Moderate
11,16,7.0,80,15,118,26,53.4,5,8,0,2,53,3.93,3.1,1.2,High
11,5,4.9,84,41,18,106,62.9,3,12,2,4,79,0.6,13.4,5.2,High
9,10,7.4,77,19,50,79,39.5,4,8,1,0,28,1.67,-3.2,2.4,Moderate
15,4,6.8,68,46,6,45,44.9,4,7,1,13,52,0.2,0.4,0.0,Low
8,21,6.2,79,43,67,74,44.9,2,1,0,14,49,2.23,-5.2,0.0,High
0,21,6.5,85,15,48,34,58.5,3,4,0,8,69,1.6,2.3,1.5,Low
13,8,7.2,63,55,32,43,30.0,5,7,1,3,30,1.07,-6.9,2.2,Low
4,12,9.2,63,63,36,60,51.0,4,11,0,10,4,1.2,2.2,1.1,High
1,9,7.1,71,49,42,91,47.4,6,6,1,9,8,1.4,4.5,1.2,Moderate
3,6,7.4,76,24,10,41,55.4,3,9,0,14,45,0.33,6.7,2.6,Moderate
11,9,6.6,54,75,55,67,41.0,2,8,0,2,30,1.83,-1.9,4.5,Moderate
9,8,8.7,84,86,107,127,30.4,5,6,2,2,44,3.57,-5.5,4.1,High
0,0,4.6,76,59,2,64,63.0,7,4,0,2,82,0.07,7.4,0.0,Moderate
7,10,4.3,52,46,21,62,45.9,3,7,0,6,42,0.7,1.7,3.0,Moderate
17,8,6.6,66,46,36,134,54.6,1,13,1,3,47,1.2,11.9,7.9,High
7,10,7.2,75,60,84,50,43.2,0,1,0,8,35,2.8,-11.0,0.0,Low
8,8,3.3,59,54,100,47,56.2,5,6,2,15,54,3.33,7.5,1.2,High
16,6,6.4,89,60,4,140,53.0,3,5,1,13,6,0.13,5.8,1.5,Moderate
15,14,6.2,80,60,63,84,57.0,2,5,0,1,70,2.1,-1.8,2.0,Moderate
16,12,7.3,85,39,95,59,43.0,6,9,0,9,45,3.17,1.1,1.3,High
0,17,6.9,67,37,7,77,58.2,3,8,0,8,60,0.23,7.3,3.8,High
21,11,4.2,83,47,50,57,50.8,4,6,0,11,77,1.67,0.3,2.7,High
14,7,5.1,71,60,95,50,30.0,3,6,0,7,47,3.17,-7.5,1.0,Moderate
25,12,5.4,76,24,29,13,58.3,4,8,1,5,32,0.97,0.6,4.5,High
4,0,7.3,82,48,46,87,51.2,4,9,1,6,54,1.53,1.5,0.4,Low
0,21,6.8,77,51,28,130,43.4,3,11,1,0,138,0.93,3.0,1.4,Moderate
10,10,5.7,87,43,50,70,44.9,4,6,1,6,54,1.67,0.5,0.0,Low
8,21,6.6,80,77,72,180,37.0,1,2,2,6,19,2.4,-9.5,0.0,Moderate
14,3,5.1,73,74,81,69,47.4,6,9,1,10,54,2.7,7.8,5.0,High
16,2,8.9,87,59,22,37,51.0,4,6,0,8,82,0.73,3.1,2.7,Low
9,11,7.1,90,84,13,30,47.1,4,9,1,5,15,0.43,4.6,4.3,Moderate
8,11,7.3,79,68,50,113,48.1,3,14,0,11,59,1.67,6.3,5.9,Moderate
13,10,8.1,93,54,59,60,41.1,5,6,2,8,59,1.97,4.4,2.8,Moderate
8,10,7.6,75,43,12,23,37.8,3,6,1,2,37,0.4,-2.2,0.0,Low
7,5,6.4,77,45,31,31,46.3,3,3,0,4,42,1.03,-4.5,0.0,Moderate
16,0,6.2,78,59,92,75,48.4,3,11,0,4,28,3.07,4.6,6.7,Moderate
18,10,7.9,77,45,30,128,42.3,6,1,0,7,90,1.0,-2.8,0.0,Moderate
17,1,6.4,75,25,77,43,50.3,2,7,0,3,98,2.57,4.8,0.9,High
8,1,5.5,70,45,24,76,53.8,3,9,0,11,25,0.8,1.9,1.5,Moderate
0,6,8.8,67,70,77,133,54.8,3,6,1,8,99,2.57,3.3,2.0,Moderate
9,11,5.3,79,15,37,230,41.6,7,3,0,6,6,1.23,-4.5,0.0,Moderate
5,20,4.3,91,77,32,54,31.1,4,2,1,7,59,1.07,-12.6,0.0,Moderate
9,14,7.6,87,62,39,50,49.9,6,5,0,5,9,1.3,3.6,0.5,Moderate
5,17,5.5,82,48,20,74,43.4,0,8,2,8,19,0.67,0.2,6.5,Moderate
9,12,6.9,92,57,12,74,46.2,1,7,0,6,9,0.4,-3.4,0.3,Low
3,11,8.6,78,69,29,119,41.7,3,4,2,12,1,0.97,-6.1,0.1,Moderate
1,21,4.8,67,53,59,81,60.7,2,10,1,1,74,1.97,12.6,5.6,Moderate
17,1,6.4,74,69,8,47,42.3,2,9,0,5,78,0.27,3.4,2.9,Moderate
3,6,8.2,77,67,82,46,62.9,3,4,0,8,50,2.73,4.8,2.1,High
10,7,7.2,72,55,32,57,53.0,3,3,1,0,50,1.07,2.8,0.0,Low
16,14,6.2,85,32,60,96,55.5,3,9,1,10,180,2.0,6.4,4.6,High
15,3,9.3,88,50,29,22,44.8,3,5,1,8,9,0.97,-0.5,0.0,Low
15,13,6.3,59,15,56,103,38.5,5,7,1,10,140,1.87,-3.6,3.4,High
11,12,6.9,76,60,58,21,52.3,7,9,1,0,45,1.93,11.3,2.6,High
14,13,8.4,50,44,91,31,49.1,5,1,1,11,29,3.03,0.9,0.0,High
18,13,7.6,77,41,8,12,41.5,3,7,0,13,90,0.27,2.5,4.0,Moderate
12,17,8.0,77,64,35,160,52.4,5,7,0,9,110,1.17,3.9,1.0,High
0,8,5.3,98,29,72,77,51.3,7,4,1,12,32,2.4,5.4,0.0,High
6,12,7.9,94,54,36,91,30.5,2,3,0,8,23,1.2,-9.3,0.8,Low
14,4,6.6,88,46,32,27,51.6,4,4,0,8,67,1.07,-0.3,0.0,Moderate
5,3,5.5,67,49,30,78,54.7,2,1,0,8,71,1.0,1.3,0.0,Low
20,19,6.7,67,57,40,77,32.3,8,2,0,19,62,1.33,-7.6,0.0,High
9,4,6.6,66,85,57,56,63.6,6,9,1,7,10,1.9,12.2,5.8,Moderate
10,12,8.6,95,59,32,100,58.6,5,4,0,5,46,1.07,11.3,0.0,Moderate
17,12,6.9,68,76,73,88,30.5,5,2,0,5,29,2.43,-9.8,0.0,Moderate
8,15,5.5,74,77,45,64,42.8,4,6,1,13,23,1.5,-2.3,0.0,Moderate
