phq9_score,gad7_score,sleep_hours,heart_rate,hrv,days_since_last_leave,deployment_days,duty_hours_per_week,night_duties,consecutive_duty_days,recent_transfer_count,training_days,family_separation_days,leave_utilization_gap,workload_trend,recovery_gap,risk_level
6,11,6.1,64,27,42,78,46.7,6,1,1,15,44,-1.21,-1.17,1.07,Moderate
5,12,5.5,69,42,80,16,46.8,2,10,1,14,82,0.7,1.87,3.0,Moderate
3,4,6.4,69,58,87,180,58.6,5,2,3,5,72,3.01,6.32,-0.1,High
1,3,7.7,82,57,86,180,59.0,5,10,1,1,18,1.49,6.72,0.55,Moderate
2,5,4.8,71,46,42,52,35.0,6,2,0,11,4,-0.25,-4.84,1.21,Low
11,3,6.0,65,64,84,26,43.6,4,9,0,16,18,1.16,-1.41,1.95,Moderate
3,15,7.2,65,48,89,62,38.0,2,10,0,3,46,1.51,-5.08,0.41,Low
13,7,7.6,62,22,157,113,50.8,4,16,0,3,87,4.21,4.46,1.52,High
14,5,6.3,66,60,38,180,49.1,2,2,1,4,21,-1.1,1.68,1.56,Moderate
4,4,7.3,60,37,13,41,46.9,5,2,0,6,94,0.41,-1.3,-0.21,Low
10,1,5.1,83,44,34,62,46.6,3,17,1,6,180,-0.9,-0.17,3.03,High
4,1,6.6,91,33,15,46,42.7,2,5,0,13,105,-2.41,-4.15,1.3,Low
11,16,6.4,84,36,113,115,43.4,3,4,0,10,35,2.22,-2.34,-0.24,High
4,2,7.5,82,49,76,65,51.0,5,6,1,6,24,-0.06,0.41,-0.46,Low
2,12,8.0,87,68,77,102,38.3,5,13,1,1,42,1.88,-4.0,1.38,Moderate
9,2,5.8,80,42,34,20,42.6,2,14,1,14,30,-0.77,1.54,1.78,Low
2,4,8.0,74,44,66,158,45.7,2,11,0,9,97,0.24,-0.8,-0.03,Low
14,2,4.7,88,33,180,84,53.6,5,5,2,14,36,4.11,6.88,4.07,High
6,15,7.3,72,52,89,107,47.7,9,16,1,5,165,1.92,4.58,-0.18,High
17,2,7.5,87,44,19,137,39.7,5,12,1,5,55,-0.52,-1.38,0.71,Moderate
3,5,5.5,70,47,45,41,60.1,4,1,3,2,57,-0.91,5.27,2.26,High
7,12,6.0,85,39,59,81,35.0,2,7,0,3,30,1.51,-10.0,-0.07,Moderate
2,3,6.5,77,46,8,19,58.9,7,5,2,12,31,0.1,3.7,1.69,Low
10,4,7.3,83,45,17,87,38.9,2,7,2,11,43,-1.32,-1.98,-1.0,Moderate
7,7,7.8,84,45,101,80,35.7,4,4,0,11,47,2.07,-3.86,-1.0,Low
15,2,7.4,83,59,21,34,41.2,5,5,0,17,39,-1.24,-3.8,-0.8,Low
11,7,6.6,55,52,37,110,48.2,3,3,1,1,31,0.27,-3.22,0.9,Moderate
7,3,8.0,77,25,56,112,51.2,2,8,1,19,97,-0.75,2.41,-0.14,Moderate
14,1,7.8,61,47,23,17,57.8,3,5,2,4,24,-1.56,5.79,-0.33,Moderate
1,6,6.3,56,26,14,57,70.0,5,1,1,2,180,-0.06,10.0,1.46,High
8,3,6.8,72,51,78,19,50.5,12,6,1,4,23,1.35,-0.56,1.07,Moderate
3,5,5.3,74,22,63,54,48.1,2,6,0,11,8,-0.03,-1.8,1.63,Low
4,21,6.8,77,51,65,108,57.8,2,13,1,15,51,-1.12,3.7,1.9,High
7,9,6.4,85,14,140,31,51.0,5,12,1,7,65,3.07,-0.3,1.77,High
5,7,5.0,72,30,116,38,39.0,4,8,3,5,65,3.0,-1.99,2.15,Moderate
11,5,6.7,75,33,98,9,47.6,7,10,0,3,180,2.48,-4.43,0.36,Moderate
2,3,5.7,68,67,25,4,50.1,2,1,1,20,12,-0.91,-0.56,1.22,Low
5,8,6.3,69,29,25,104,36.8,2,5,0,3,147,-1.46,-0.56,-0.43,Low
3,11,6.2,76,37,180,61,40.9,3,16,0,7,18,6.0,-6.06,2.59,Moderate
10,2,6.3,80,44,98,92,56.0,3,4,1,20,145,3.68,4.77,1.33,High
10,1,5.7,64,42,30,37,35.0,7,5,2,1,128,-1.28,-6.23,1.58,Moderate
5,1,7.0,75,30,50,37,50.3,3,1,2,17,31,-1.66,1.76,0.73,Low
4,2,8.0,78,45,34,35,35.0,2,3,1,7,42,-0.85,-8.88,-0.95,Low
2,8,6.9,57,49,102,46,61.8,4,1,0,5,180,2.48,5.74,-0.2,High
7,3,7.0,72,34,39,83,56.6,4,9,0,9,46,-1.42,9.52,0.13,Moderate
5,4,7.2,75,18,28,180,46.6,1,2,1,7,5,-0.55,0.22,-0.8,Low
8,11,6.4,77,27,39,71,47.5,2,3,1,17,24,-0.76,-1.3,1.75,Moderate
13,5,6.5,76,33,9,72,54.7,4,4,2,9,42,-0.96,4.23,1.03,Moderate
8,1,7.0,75,43,34,46,49.7,3,1,2,4,70,0.39,0.52,1.23,Low
6,6,7.4,57,48,28,105,44.9,5,3,0,1,78,0.1,-4.15,-0.69,Low
12,2,7.8,82,57,62,45,48.5,4,7,2,8,36,2.31,-1.0,-0.24,Moderate
11,7,6.8,64,35,18,76,44.6,3,5,1,10,79,-1.09,-4.68,-1.0,Low
4,7,7.4,79,35,75,180,50.5,3,17,1,8,180,1.82,0.21,2.21,Moderate
9,4,5.6,76,26,145,27,50.3,5,3,2,20,133,3.57,-2.68,2.88,High
9,5,6.9,77,33,109,24,45.4,3,14,0,8,45,0.9,-0.51,1.68,Moderate
11,8,7.0,93,42,85,162,46.3,2,3,0,12,131,1.48,0.82,0.67,High
6,2,6.8,70,39,46,50,54.0,6,5,3,10,85,-0.31,9.16,1.18,Moderate
26,6,6.8,91,44,180,53,49.1,5,0,2,17,39,6.0,0.56,-0.69,High
8,3,7.1,62,38,119,128,56.3,0,4,0,6,5,2.01,3.68,0.51,Moderate
2,9,6.5,67,42,7,57,54.0,1,6,3,12,58,-1.05,6.81,0.53,Low
2,2,4.9,93,57,82,13,67.5,3,3,2,6,33,2.57,6.07,3.45,High
6,16,6.4,71,40,3,97,40.0,1,2,0,8,56,-2.5,-8.08,-1.0,Low
5,7,6.6,82,42,70,123,43.8,4,11,4,5,39,1.0,-0.75,0.62,Moderate
8,3,5.4,79,37,102,3,60.2,4,5,0,5,19,1.92,6.8,1.39,High
8,14,6.9,78,26,119,180,49.8,4,1,1,16,21,4.56,0.14,-0.39,Moderate
9,15,7.0,79,55,34,51,39.9,8,8,4,4,46,-1.01,-1.52,-0.22,Moderate
6,4,8.9,84,58,31,38,47.3,7,13,0,11,53,0.78,5.47,-1.0,Low
9,11,6.5,67,64,92,42,39.3,2,2,1,9,6,2.15,-2.72,-0.38,Moderate
12,15,7.0,56,43,10,4,55.5,3,3,1,5,180,-1.13,0.85,0.69,Moderate
5,18,6.1,79,42,35,16,50.8,3,3,0,2,36,-0.22,1.14,0.43,Moderate
1,6,7.3,86,17,180,154,35.0,6,12,0,14,50,4.92,-7.43,0.3,High
8,13,6.5,94,70,117,22,41.8,1,7,1,5,102,3.82,-2.72,1.18,Moderate
13,2,7.3,83,41,12,122,62.5,5,1,1,10,52,-0.58,5.5,1.0,Moderate
10,6,6.4,63,35,10,45,41.0,4,6,2,11,180,-1.69,0.34,1.23,Moderate
10,2,5.9,69,44,22,68,43.9,3,4,0,14,79,0.17,-4.26,2.15,Moderate
16,8,7.6,77,48,26,156,51.7,2,9,1,9,55,-2.27,2.22,-0.63,Moderate
3,8,7.2,75,28,150,29,44.0,3,3,2,6,60,4.47,-5.09,-1.0,Moderate
27,21,5.7,84,40,47,73,38.2,1,8,0,10,91,0.64,-3.94,1.16,High
3,3,7.1,65,34,47,52,55.5,1,7,1,3,49,0.84,0.49,-0.01,Low
2,13,7.1,68,41,102,17,42.7,4,1,0,4,40,1.78,-5.39,-0.74,Low
2,4,6.1,72,41,9,34,46.6,3,16,0,1,28,-2.05,1.71,3.14,Moderate
5,1,6.5,69,32,51,104,43.4,4,2,0,4,83,-0.04,2.53,0.85,Low
7,9,6.2,72,45,41,180,39.8,3,3,1,13,11,-0.15,-6.4,0.76,Low
6,3,6.6,83,55,20,86,41.9,4,8,1,16,55,-1.69,4.87,0.78,Low
8,12,6.7,77,52,52,123,35.0,2,11,0,4,52,0.12,-3.35,1.51,Low
3,9,6.9,66,30,68,58,50.4,4,5,0,15,37,0.08,-1.09,0.18,Moderate
4,3,5.5,76,45,66,180,65.7,6,8,0,10,54,1.84,8.07,3.91,High
8,15,7.3,69,43,90,63,41.5,8,7,2,5,117,0.76,-3.27,-0.33,Moderate
7,2,4.8,73,54,135,123,45.1,0,5,0,2,180,3.26,-0.66,1.98,Moderate
5,9,6.1,91,28,49,117,50.2,5,7,0,5,44,-0.53,4.86,1.45,Moderate
5,5,7.9,89,46,65,22,42.3,3,5,0,12,140,0.35,-4.73,-0.4,Low
11,0,8.1,67,45,50,87,52.1,2,12,1,5,24,-0.87,3.14,1.56,Moderate
9,2,7.1,77,57,29,33,35.5,0,5,2,12,24,0.22,-7.22,-0.22,Low
3,3,6.4,77,48,86,20,47.3,4,13,1,2,29,3.25,4.3,1.73,Moderate
6,11,7.2,81,35,48,28,35.0,5,5,0,9,43,0.59,-7.92,-0.35,Low
10,9,5.3,78,24,149,83,62.8,1,10,3,9,150,4.43,8.32,3.72,High
13,5,5.8,73,55,107,18,58.8,3,2,0,8,50,3.03,5.64,2.41,High
6,13,7.4,83,26,20,100,44.4,2,8,0,10,70,-1.31,-1.06,-0.18,Moderate
17,5,6.0,69,39,48,38,48.0,2,3,0,9,12,1.61,-4.45,0.75,High
5,4,7.0,84,59,39,68,54.0,0,9,0,1,110,1.85,8.08,-0.07,High
4,4,7.1,86,63,13,14,35.0,4,1,1,8,15,-1.3,-4.5,0.17,Low
5,2,7.1,83,45,20,19,35.0,1,2,2,13,170,-0.24,-7.34,-1.0,Moderate
4,2,5.8,77,38,42,125,47.8,5,7,0,20,11,-0.05,-1.12,2.15,Low
2,10,7.5,91,43,34,180,49.3,1,4,0,11,44,-2.5,3.23,0.65,Moderate
13,4,6.8,72,43,48,36,42.8,4,5,0,8,80,-0.2,-0.62,-0.85,Low
7,1,6.9,55,56,88,73,44.1,6,4,1,7,28,2.53,-6.33,-0.17,Moderate
9,5,5.9,69,22,180,122,36.0,2,2,1,5,54,4.5,-7.11,0.48,High
3,5,6.9,85,54,17,114,46.7,2,18,0,4,105,-0.48,5.34,1.91,High
3,3,6.4,66,41,13,75,47.5,5,7,3,6,51,-1.65,1.27,0.8,Low
11,17,7.4,79,22,90,77,61.5,0,11,1,8,46,1.5,3.98,1.55,High
1,6,6.6,80,33,83,18,49.3,7,8,1,13,97,2.15,2.35,1.61,Moderate
4,6,6.8,67,34,16,150,70.0,3,7,1,4,137,-0.09,7.04,1.4,High
12,7,6.3,66,29,37,77,42.7,6,7,1,10,73,-0.51,2.83,1.35,Moderate
2,9,7.5,67,45,33,109,70.0,3,6,1,5,128,-0.74,9.84,1.24,High
9,1,7.3,80,40,45,58,59.7,2,10,0,12,107,-0.08,7.69,1.51,High
12,14,6.6,59,52,90,113,48.0,0,0,1,14,45,1.14,0.62,-0.86,Moderate
20,18,7.1,81,51,12,93,48.9,4,3,1,8,86,-0.57,-0.61,-1.0,High
8,6,7.3,75,53,43,108,41.5,2,14,0,7,49,0.33,-1.26,0.47,Moderate
3,10,5.0,72,25,86,48,35.0,1,8,1,7,180,0.34,-6.21,2.29,Moderate
11,7,5.5,77,56,3,74,57.6,6,2,1,2,136,-0.92,7.01,1.8,High
10,5,7.0,62,47,83,99,39.4,3,1,0,18,31,2.0,-4.2,0.92,Moderate
7,7,6.4,75,55,180,39,51.6,6,18,2,7,30,5.6,-0.41,3.36,High
9,9,5.4,70,58,48,78,61.6,1,3,2,13,81,-0.93,7.79,1.1,High
3,1,5.6,68,35,177,64,46.6,3,2,2,8,57,6.0,-2.52,1.48,Moderate
8,2,7.2,84,42,31,173,51.7,1,4,0,8,93,0.71,0.17,0.58,Moderate
7,4,7.8,95,37,68,113,44.2,1,2,1,3,27,1.51,-3.46,-1.0,Moderate
19,6,6.8,74,39,22,9,59.8,5,4,0,4,21,-0.28,5.65,1.77,High
10,6,8.2,77,42,41,81,44.5,5,4,0,2,92,-0.34,4.99,-1.0,Low
7,9,7.3,85,41,6,35,41.1,1,1,0,7,58,-2.5,-6.78,-1.0,Low
5,2,5.4,78,45,69,120,42.2,5,2,1,8,49,-0.4,-2.64,1.4,Low
8,6,4.9,78,30,26,68,47.0,5,14,2,0,180,-0.58,3.54,4.19,High
8,4,6.8,80,49,38,22,35.0,5,10,1,4,180,-0.44,-10.0,0.23,Low
10,0,6.6,79,48,116,16,43.7,2,3,2,6,128,3.6,-5.96,0.57,Moderate
18,7,7.4,74,44,109,96,47.5,4,3,2,6,100,2.23,-1.11,1.15,Moderate
7,5,6.8,57,36,56,7,45.1,3,0,0,20,34,-0.19,-7.13,-1.0,Low
4,7,6.7,86,36,64,9,42.9,3,18,0,8,15,1.53,0.87,3.53,Moderate
4,3,7.4,74,19,19,85,53.8,1,6,1,4,32,-1.48,3.04,-0.4,Moderate
8,3,6.6,65,59,52,86,42.6,2,3,0,3,86,0.18,-8.63,0.6,Low
1,7,6.5,69,46,15,51,53.5,4,2,0,6,24,-0.9,3.56,-0.35,Low
8,2,6.9,72,36,50,29,61.5,2,12,1,4,46,-0.24,8.76,1.13,High
4,4,7.7,91,45,65,18,43.4,2,6,2,1,180,1.02,-0.75,-1.0,Low
1,3,7.9,85,50,82,52,49.3,1,6,0,11,53,0.94,1.44,-0.72,Low
3,7,7.1,66,50,49,80,42.9,1,3,0,10,16,1.37,2.07,-0.41,Low
4,4,7.1,58,37,60,20,50.8,4,2,0,9,40,1.11,3.15,-0.77,Low
10,3,7.3,71,42,77,29,40.2,5,5,0,11,38,1.35,-7.16,0.97,Moderate
13,1,6.3,57,31,35,180,43.1,3,12,1,20,169,-0.86,0.07,1.93,Moderate
6,7,6.0,79,39,33,18,55.1,3,9,0,9,32,0.79,1.24,2.01,Moderate
9,1,6.0,79,30,31,180,39.9,1,8,1,12,100,-1.36,-2.18,2.42,Moderate
14,4,7.1,89,32,54,86,54.3,4,4,0,4,46,0.2,3.84,1.23,High
12,7,5.7,73,40,66,86,43.6,5,7,1,14,180,-0.26,-4.08,1.82,Moderate
2,5,7.4,64,18,80,30,44.8,5,9,0,5,14,1.53,-3.35,2.21,Moderate
3,8,7.4,94,35,60,91,39.3,1,7,1,11,59,1.91,-7.65,-0.72,Low
3,4,7.4,74,23,30,111,60.5,2,10,0,2,150,0.75,0.94,1.02,Moderate
7,12,7.2,69,38,19,35,52.6,5,8,2,1,94,-0.49,3.38,-0.32,Moderate
9,7,7.3,69,55,75,76,49.5,5,6,0,16,180,1.62,4.53,-1.0,High
10,10,6.8,77,16,47,48,35.4,2,13,0,9,100,-0.08,-9.02,1.22,Moderate
10,3,7.1,65,31,75,40,54.7,1,3,1,4,46,0.91,4.23,-0.57,Moderate
7,5,6.1,66,48,62,49,35.8,3,9,1,7,83,1.41,-6.15,-0.51,Low
7,2,6.2,83,40,79,11,57.1,4,19,1,6,32,0.27,6.01,2.26,Moderate
3,7,5.9,77,23,33,100,37.4,2,16,1,7,85,-0.76,-3.09,2.33,Moderate
5,7,8.2,55,41,40,83,51.3,3,10,1,2,96,-0.42,0.15,-0.63,Low
2,2,6.3,80,29,60,100,53.9,5,2,0,20,80,-0.75,1.9,0.35,Low
4,5,7.1,63,48,173,81,44.3,2,13,2,9,142,4.76,-6.0,0.98,Moderate
6,11,8.0,84,52,34,41,52.1,2,7,1,8,54,-1.99,7.36,-1.0,Moderate
8,3,6.8,81,59,73,46,35.0,1,5,2,8,5,1.25,-6.92,0.63,Low
11,14,5.9,72,34,19,90,55.0,3,4,3,15,100,-1.66,2.24,1.9,High
2,7,6.3,71,35,64,34,53.2,1,4,0,3,5,0.2,5.63,1.72,Low
11,4,5.6,61,44,79,89,48.8,1,1,0,1,60,1.11,-2.37,2.78,Moderate
6,9,6.8,72,46,73,123,35.0,1,4,3,12,120,1.54,-6.13,-0.63,Low
4,2,6.3,67,41,138,35,48.8,4,10,1,0,23,3.13,0.08,2.76,Moderate
6,5,5.9,64,46,40,86,49.4,2,5,1,7,64,0.54,4.15,1.88,Low
14,4,6.0,66,46,10,67,42.3,7,8,1,6,54,-1.12,-3.02,0.55,Moderate
13,2,6.9,76,44,64,79,51.4,5,13,1,4,110,1.93,7.46,1.7,High
1,7,9.0,75,31,150,57,49.8,3,11,2,6,79,4.58,2.07,-1.0,Moderate
4,9,5.9,55,45,121,66,40.2,3,2,1,11,150,2.94,-4.95,0.18,Moderate
7,4,6.8,75,48,61,73,44.3,2,4,0,7,18,0.87,-4.65,-0.45,Low
7,5,6.7,72,35,42,77,48.9,1,1,2,2,126,-0.14,1.84,-1.0,Low
2,2,7.3,92,34,70,139,46.8,4,9,0,6,104,1.36,1.53,-1.0,Low
10,6,5.8,73,19,93,111,39.3,3,2,1,2,14,2.27,-1.91,0.18,Moderate
3,2,6.8,70,46,13,112,59.9,2,6,0,4,12,-1.26,5.8,0.64,Moderate
7,8,6.3,81,55,50,103,42.8,3,18,1,5,22,-0.25,-2.96,0.86,Moderate
15,8,7.5,80,48,107,43,48.2,3,7,0,20,121,3.13,3.28,-0.95,Moderate
2,7,6.4,77,51,126,20,41.9,3,7,1,10,145,2.81,-0.98,-0.17,Low
7,3,7.4,76,45,38,103,48.9,8,4,1,1,45,-0.45,-1.39,-0.79,Low
4,3,6.4,78,32,69,46,51.7,1,3,0,9,18,1.29,-1.47,1.35,Moderate
3,6,6.1,76,35,19,180,49.8,8,20,0,12,48,-1.75,3.26,2.98,High
12,8,7.7,83,38,176,79,53.9,2,10,2,3,111,5.54,3.29,0.08,High
6,6,7.1,71,37,44,102,39.0,3,7,1,4,154,-0.81,-4.3,-0.96,Low
3,9,7.0,71,41,180,180,39.7,6,9,0,16,58,5.12,-2.71,-1.0,Moderate
2,5,6.2,75,37,100,12,46.5,2,2,3,2,123,0.96,-3.38,0.89,Moderate
2,9,6.4,75,28,36,63,46.7,4,3,1,0,101,-0.29,-3.88,-0.63,Low
5,1,6.0,90,32,56,21,57.4,3,5,1,9,43,-0.76,3.0,2.2,Moderate
8,15,6.7,86,58,23,32,44.2,5,10,1,20,58,-0.72,-7.75,1.08,Moderate
9,4,5.2,61,37,98,37,54.0,5,7,1,2,22,2.69,3.78,2.55,High
3,9,7.0,67,36,46,35,47.2,5,16,0,2,93,0.71,0.81,0.78,Low
5,9,6.5,75,64,38,102,59.9,5,1,1,7,101,-0.67,3.59,1.08,Moderate
9,6,6.7,88,62,68,73,48.2,3,6,2,9,43,0.47,-2.09,-0.18,Moderate
6,8,7.4,70,35,32,31,45.9,2,9,3,10,92,-1.11,1.0,-0.49,Low
12,1,6.1,76,38,31,86,46.8,4,7,4,10,27,0.07,-0.83,1.3,Low
6,7,8.4,66,56,13,15,50.1,7,14,1,6,44,-1.12,3.06,0.21,Moderate
4,4,5.6,69,56,19,30,49.0,1,8,0,3,93,-2.5,1.36,1.96,Low
4,3,8.0,82,52,116,60,35.0,1,1,0,6,98,3.58,-6.97,-1.0,Low
7,2,7.2,83,18,52,17,58.9,5,7,1,15,180,-0.0,4.37,1.38,High
8,16,6.4,67,49,15,73,63.4,4,7,0,17,138,-1.48,8.66,4.49,High
6,3,6.5,72,47,49,53,54.6,2,4,0,18,77,-0.09,5.39,1.14,Moderate
9,2,6.8,83,43,114,76,36.9,2,17,1,2,180,3.45,1.47,1.35,Moderate
20,6,7.7,66,45,69,19,49.0,2,4,1,4,94,1.03,6.03,-0.74,High
6,6,7.9,86,46,99,29,49.7,4,10,3,5,164,2.21,-1.46,0.6,Moderate
4,3,8.4,55,59,40,117,61.3,3,9,0,17,84,0.65,7.89,1.2,Moderate
8,5,6.9,68,39,69,39,48.8,2,1,0,8,16,0.51,-2.98,-1.0,Low
1,6,6.8,74,44,32,22,45.1,4,6,0,7,109,-1.59,1.64,0.04,Low
13,4,5.9,62,49,58,63,54.1,3,12,0,5,180,-0.62,2.85,3.39,High
3,5,5.0,75,26,22,79,41.8,3,8,1,10,26,-0.75,-4.98,1.33,Low
12,18,6.3,62,39,44,34,53.4,1,6,0,11,9,-0.66,-5.83,1.39,High
6,8,6.7,78,34,93,100,38.9,4,4,0,4,135,2.69,-6.16,-0.51,Low
6,12,8.0,68,64,104,59,49.2,3,6,2,8,6,1.57,-0.54,-1.0,Low
11,12,7.4,80,50,74,46,42.4,5,4,0,6,116,-0.08,-1.17,-0.68,Moderate
2,3,7.0,73,43,38,41,39.3,4,5,3,6,51,0.02,-1.17,0.01,Low
8,3,9.0,78,40,35,56,46.5,4,6,2,14,65,-0.98,-3.4,-1.0,Low
10,2,7.2,84,42,36,80,40.7,4,2,1,7,42,-0.95,-1.86,-1.0,Low
5,0,4.6,72,48,42,146,55.6,1,2,0,0,43,-0.02,4.07,3.65,Moderate
1,12,7.4,58,54,89,40,51.1,4,11,0,3,94,2.05,0.85,-0.17,Low
6,5,6.7,75,47,22,62,57.2,2,5,0,9,99,-1.69,3.28,0.11,Moderate
9,4,6.9,73,36,29,25,56.1,3,3,2,7,78,-0.97,6.17,1.15,Moderate
11,1,8.1,68,68,5,21,38.1,2,20,0,13,73,-1.35,3.64,-0.27,Low
7,7,7.2,60,52,19,169,48.1,3,8,3,5,24,-1.71,0.42,1.77,Moderate
3,16,7.4,77,19,162,180,59.3,5,7,0,7,157,5.28,1.73,-0.21,High
3,3,6.0,72,51,72,31,50.1,2,7,1,3,75,1.76,1.53,2.96,Low
3,4,6.4,83,39,114,46,58.8,5,3,1,4,92,2.52,2.08,0.46,Moderate
5,2,7.8,75,38,55,36,35.0,2,0,1,11,31,0.13,-1.01,-1.0,Low
7,4,7.6,57,44,109,121,58.1,4,19,2,10,4,2.68,10.0,1.17,High
8,7,8.1,78,43,41,92,56.7,2,10,2,5,101,0.34,0.79,0.94,Moderate
2,5,8.1,73,21,85,46,68.9,4,6,0,6,76,1.47,10.0,0.37,High
2,2,5.3,63,48,76,93,59.3,6,4,2,12,79,0.37,5.28,2.89,High
5,3,7.8,66,20,24,71,47.4,0,6,0,10,53,-0.94,-0.98,-1.0,Moderate
3,2,6.1,63,39,96,39,41.6,4,7,2,4,123,3.38,-5.47,2.08,Moderate
5,17,7.9,55,62,30,56,42.1,1,10,0,2,77,0.16,1.84,-0.9,Moderate
2,5,5.8,78,54,8,25,49.5,5,5,2,4,24,-2.21,-0.35,3.08,Low
11,7,7.2,76,36,43,16,50.3,6,7,1,10,55,-0.77,3.42,0.65,Moderate
3,5,8.6,70,45,106,111,69.1,3,4,2,7,94,1.45,8.41,0.58,High
8,7,6.5,65,34,81,79,60.3,4,7,1,12,144,1.13,6.78,1.58,High
5,4,5.9,60,48,90,38,47.4,1,5,2,8,49,1.42,-3.56,2.24,Low
4,10,6.0,57,25,121,69,54.6,3,3,0,18,31,2.86,1.93,1.06,High
4,10,5.5,68,40,180,10,37.9,1,7,0,5,10,4.67,-2.1,1.08,Low
5,3,7.9,77,16,45,130,47.8,3,7,0,13,53,-0.37,3.6,-0.95,Low
5,2,7.4,86,18,147,87,47.4,5,0,0,7,140,4.06,-3.04,-1.0,Moderate
6,14,7.5,83,58,73,62,45.5,4,12,0,1,53,1.25,0.6,1.51,Moderate
6,9,5.2,85,32,8,37,44.3,3,4,3,2,37,-1.41,-2.97,1.04,Low
12,15,5.8,70,36,47,47,57.2,3,4,1,4,9,0.26,2.31,1.0,High
13,1,5.8,71,32,18,88,48.8,5,15,2,3,134,-1.63,0.62,2.66,Moderate
21,9,6.3,76,53,92,180,42.0,1,8,1,8,33,4.03,-4.07,1.38,High
8,1,7.3,70,40,51,81,54.1,4,13,0,19,42,-0.28,1.13,1.8,Moderate
1,2,5.8,55,49,21,89,59.9,5,8,0,9,42,-0.64,6.9,2.4,Moderate
10,17,7.8,64,32,35,180,48.1,5,1,1,5,60,0.33,-0.99,-1.0,Moderate
5,6,5.9,63,57,38,49,58.8,2,9,4,6,15,0.63,9.36,1.89,High
7,8,8.6,71,43,61,107,50.0,3,4,1,5,28,0.67,0.55,-1.0,Moderate
3,6,5.9,73,50,13,122,35.0,3,6,0,4,19,-1.94,-7.66,1.79,Low
4,14,7.0,82,54,82,40,35.0,1,2,1,5,8,-0.44,-1.64,-0.95,Low
1,10,7.0,69,52,48,38,42.0,2,13,1,4,84,-0.45,-3.88,0.73,Low
4,3,6.1,70,20,39,124,37.6,3,9,1,2,26,-1.52,-9.69,3.01,Moderate
11,6,5.2,82,32,103,5,36.7,4,13,1,11,75,2.51,-0.84,3.28,High
7,6,8.1,75,37,61,68,54.3,3,3,1,3,66,1.08,3.6,-0.39,Moderate
15,8,6.6,73,39,52,57,62.4,4,8,0,6,91,-0.82,10.0,2.5,High
11,8,7.9,82,19,27,134,52.2,4,9,0,8,90,-1.75,4.96,-0.01,High
13,2,9.0,65,38,162,164,57.8,2,7,0,12,17,5.59,2.85,-1.0,High
18,2,6.5,80,42,47,36,53.2,6,5,1,4,152,-0.49,6.88,1.72,High
14,6,7.2,79,36,24,8,55.3,4,7,0,20,93,-1.72,4.08,1.26,High
2,13,7.6,72,53,104,140,42.4,2,20,0,1,40,3.36,3.94,1.42,Moderate
7,9,4.8,77,72,113,25,50.5,6,4,0,1,40,1.3,-1.31,2.73,Moderate
6,2,7.1,78,54,180,20,48.5,1,1,1,6,104,5.33,-2.78,-0.99,Moderate
12,4,8.7,60,30,57,77,44.5,3,15,1,2,4,0.34,1.4,-0.93,Moderate
5,9,6.7,76,61,88,89,55.1,2,3,1,15,48,2.12,4.37,0.17,High
13,2,6.6,60,29,35,60,47.9,2,8,2,5,16,-1.53,-0.27,1.28,Moderate
2,3,6.1,66,40,126,78,51.2,2,10,0,6,56,3.16,5.71,2.46,Moderate
11,4,5.9,55,42,43,41,54.9,3,6,0,10,128,-0.29,3.27,1.83,Moderate
7,3,5.9,62,37,81,85,58.7,5,13,1,2,39,0.97,7.36,3.04,High
4,6,5.8,72,61,40,10,35.0,4,7,0,9,68,-0.29,-6.12,-1.0,Low
3,5,6.2,71,57,180,153,45.2,3,5,1,5,114,4.95,-0.18,0.47,Moderate
4,4,6.0,77,53,145,75,49.7,0,10,0,1,134,5.33,4.1,2.51,High
4,1,7.0,70,62,36,65,55.5,4,3,1,4,73,-0.78,0.74,1.76,Low
5,1,6.7,80,37,40,62,58.9,4,2,1,7,49,-0.26,-0.01,0.39,Low
11,2,6.1,90,38,68,167,56.5,4,8,0,17,39,0.47,9.28,3.12,High
7,3,5.4,82,39,60,152,55.4,5,3,1,15,27,0.36,4.42,2.82,Moderate
10,2,6.3,70,31,180,19,40.0,4,3,1,1,62,5.92,-0.4,0.76,Moderate
1,3,8.5,73,56,10,63,54.5,2,6,0,8,110,-0.73,3.03,-0.73,Low
5,5,7.6,78,23,90,56,44.6,2,12,3,11,93,2.2,-2.04,-1.0,Moderate
2,10,7.6,59,38,88,34,53.7,5,8,1,4,26,1.66,5.74,1.43,Moderate
8,8,7.7,78,39,72,15,39.8,4,8,0,8,29,1.05,-3.0,0.32,Low
5,1,7.3,80,56,73,32,37.8,3,7,2,3,27,0.54,-6.83,-1.0,Low
3,3,8.1,84,23,142,67,41.1,2,4,0,4,112,4.0,-3.14,-0.85,Moderate
7,6,6.1,70,49,52,67,35.0,3,6,0,4,180,-0.46,-3.2,-0.24,Low
2,8,5.6,55,50,61,53,45.2,2,3,0,7,33,-0.04,4.87,1.18,Low
10,4,7.4,77,53,70,180,58.5,5,15,1,9,3,1.45,4.41,1.59,High
4,6,6.0,62,46,78,95,57.9,4,2,1,5,14,0.62,-2.74,0.87,Moderate
1,18,6.1,66,35,93,79,46.4,1,1,2,6,87,1.54,-1.07,-0.18,Low
9,3,6.7,83,48,69,137,52.6,2,5,0,3,19,0.01,3.27,1.54,Moderate
5,19,7.5,79,48,51,13,35.0,1,13,0,1,62,-0.72,-4.71,-0.45,Moderate
16,1,7.4,92,45,21,90,50.5,3,4,0,0,36,-0.97,-0.17,-1.0,Low
6,2,7.9,81,36,52,43,52.6,0,11,0,6,17,-1.15,2.91,0.38,Low
15,7,6.7,71,12,128,180,58.5,0,21,1,3,98,2.83,9.54,3.2,High
4,4,5.9,77,60,4,17,58.9,3,5,0,19,61,-0.66,4.95,1.61,Moderate
9,3,6.4,60,43,61,76,49.3,1,3,0,7,18,0.89,-5.05,-0.61,Low
3,1,8.8,87,64,58,36,49.3,3,7,1,2,21,-1.29,4.64,-1.0,Low
22,4,7.8,65,19,17,98,52.3,2,1,0,8,42,-1.89,0.56,-0.41,High
2,4,7.8,87,45,82,146,49.7,0,7,1,6,23,1.45,0.93,-0.34,Low
4,9,6.1,65,61,37,44,37.7,6,5,0,11,140,-0.79,-1.29,-0.24,Low
5,13,6.6,73,35,87,105,40.1,3,2,0,9,37,0.87,-4.54,1.58,Moderate
4,9,6.3,73,51,58,17,50.2,1,6,1,20,63,1.3,0.91,-0.63,Low
17,12,7.0,74,35,167,47,42.6,2,4,1,4,88,4.39,-2.38,-0.98,High
7,10,5.5,59,34,7,27,38.7,3,1,0,7,21,-1.41,-6.84,0.1,Low
9,3,7.5,77,29,80,68,55.8,7,1,2,3,15,1.93,0.93,0.26,Moderate
6,4,4.2,76,61,112,40,52.7,6,5,1,7,88,3.62,-0.65,2.13,High
14,2,7.1,83,46,139,44,42.1,1,14,0,10,55,4.62,-5.47,1.4,High
10,7,7.2,77,46,68,35,54.8,3,3,2,1,92,0.83,0.2,-1.0,Moderate
14,10,4.2,71,28,96,80,35.0,2,3,0,20,45,2.58,-5.92,3.37,High
4,2,7.2,85,63,162,57,46.7,4,3,1,20,149,4.62,-4.53,-1.0,Moderate
3,6,6.2,72,64,24,46,48.3,6,8,1,3,36,-0.8,4.41,1.59,Low
7,2,7.3,87,57,19,44,47.4,1,2,2,4,39,-0.32,-0.33,-0.46,Low
3,6,5.4,72,43,25,10,59.8,2,5,0,11,29,-0.55,7.31,2.09,Moderate
4,12,8.2,66,29,16,168,35.9,2,2,0,20,78,-0.44,-3.34,-1.0,Moderate
8,10,5.6,81,65,22,20,44.8,2,7,1,4,112,-1.29,-1.7,1.0,Low
20,6,6.0,86,45,26,137,43.3,3,3,0,4,23,0.34,-2.33,-0.11,Moderate
9,4,8.3,77,18,155,28,60.4,3,7,3,15,41,5.48,7.23,-1.0,High
6,10,6.1,82,51,37,43,49.6,2,13,2,5,17,0.21,5.16,4.27,High
3,0,8.7,76,59,115,101,63.0,2,15,0,13,37,3.3,0.92,-0.11,High
14,11,7.3,92,41,97,9,51.7,1,4,0,6,118,2.26,0.57,-0.7,High
1,2,7.0,66,13,25,41,39.5,3,3,0,7,7,-1.45,-5.28,0.2,Low
8,10,6.6,70,46,35,77,45.2,3,10,1,3,36,-0.52,-1.6,2.7,Moderate
5,2,6.8,67,47,148,73,52.4,1,8,0,1,60,2.65,6.04,1.02,Low
3,7,7.6,83,66,180,94,37.8,1,4,1,7,43,4.68,-1.1,-1.0,Moderate
1,4,6.6,84,52,168,96,48.1,4,12,1,2,71,4.92,2.58,0.35,Low
8,8,9.0,56,13,121,90,42.6,5,7,3,8,29,3.22,-0.32,-1.0,Moderate
18,6,8.1,73,58,88,136,48.1,2,4,1,12,23,2.58,-0.84,-1.0,Moderate
6,7,7.2,62,37,68,84,40.2,4,8,0,5,121,1.46,-0.97,-0.64,Low
5,8,8.0,75,19,29,43,38.5,2,3,1,2,54,-0.8,-4.45,-1.0,Low
2,10,6.3,80,35,50,16,37.8,5,7,0,9,42,0.38,-4.6,-0.49,Low
7,6,6.6,70,50,125,113,40.7,2,14,1,11,34,3.95,-7.3,0.59,Moderate
4,17,4.2,79,52,54,109,35.0,2,3,0,7,21,0.28,-7.4,3.74,Moderate
2,8,5.4,80,52,29,37,52.7,2,9,1,4,16,0.69,2.99,3.94,Moderate
5,3,7.9,72,38,24,52,53.9,7,5,2,10,48,-0.19,-1.67,0.74,Low
11,2,7.2,71,32,127,115,45.3,0,7,0,10,69,3.37,-1.18,0.03,Moderate
8,5,7.1,73,42,140,91,55.3,3,11,1,6,71,4.24,0.35,0.69,High
5,2,8.8,80,49,14,23,48.0,3,10,2,14,16,-1.26,0.43,-1.0,Low
9,4,6.8,69,49,127,180,49.5,8,6,0,9,13,3.22,-6.37,-0.47,Moderate
10,10,6.0,59,56,39,90,58.2,3,7,2,13,92,0.09,5.22,1.29,High
4,8,6.7,78,63,31,89,58.3,2,6,0,5,48,0.73,8.23,0.96,Moderate
4,1,6.0,79,35,26,63,55.3,3,4,0,2,46,-0.02,3.19,0.77,Low
7,11,7.4,61,39,94,62,49.0,1,1,0,8,44,2.32,-3.48,-0.85,Low
7,3,7.8,80,38,96,137,42.7,2,6,1,9,12,3.29,-2.24,-1.0,Low
9,5,6.2,90,23,107,28,35.3,2,6,1,7,14,0.93,-5.45,1.16,Moderate
9,5,7.3,90,37,15,4,49.7,1,10,1,12,99,-1.84,1.92,1.24,Moderate
2,7,7.4,66,36,90,141,48.8,6,5,0,20,174,1.09,-2.34,-1.0,Moderate
18,2,7.3,76,45,23,15,57.9,1,6,2,19,94,0.73,1.97,1.15,Moderate
3,12,6.1,62,40,42,134,39.0,4,8,2,7,55,1.51,-4.14,0.68,Low
4,8,6.9,74,45,22,115,43.2,1,1,0,4,10,-0.87,-3.5,-0.45,Low
2,4,7.0,74,41,21,42,35.0,3,9,0,5,41,-0.41,-3.6,0.59,Low
2,4,8.5,78,46,117,87,58.1,7,2,0,5,27,2.8,2.73,-1.0,Moderate
5,15,7.8,98,30,71,26,44.2,3,15,0,11,83,-0.36,-2.3,0.75,Moderate
6,9,5.3,58,27,28,70,54.1,3,5,2,15,180,-0.27,-1.31,1.41,High
8,3,6.8,64,34,66,85,57.6,3,7,0,14,43,1.77,5.64,0.6,Moderate
7,4,5.9,77,36,5,62,51.9,2,19,0,7,23,-2.39,-0.92,2.51,Moderate
6,3,8.5,88,50,92,17,56.4,2,3,0,2,129,1.73,2.09,-1.0,Moderate
9,15,6.5,74,49,57,50,47.4,4,8,0,2,79,1.61,-1.01,1.22,Moderate
6,16,6.5,82,54,26,54,55.2,0,10,1,7,96,1.18,3.94,1.87,High
4,21,7.8,68,32,126,19,38.1,3,6,0,4,146,4.28,-4.52,-1.0,Moderate
1,2,7.1,66,46,41,108,36.6,6,4,1,13,53,0.13,-7.03,0.0,Low
5,2,5.3,75,37,111,143,37.9,2,2,2,6,60,3.61,-6.25,2.51,Low
8,5,7.1,63,53,180,87,54.8,4,17,0,3,1,6.0,3.6,2.23,High
3,7,5.3,87,50,53,111,55.1,2,5,1,10,43,1.34,5.37,3.68,High
11,3,6.9,68,33,27,72,44.4,2,3,1,4,14,-1.19,-1.26,0.74,Low
14,17,6.8,83,29,16,24,52.5,4,12,0,1,60,-1.88,5.21,0.18,High
12,4,8.7,72,20,39,39,44.6,2,3,1,4,11,-0.31,-2.67,-1.0,Moderate
6,5,7.0,73,39,64,67,39.6,4,7,0,13,51,0.36,-2.79,1.22,Moderate
7,6,6.7,88,34,44,126,52.3,0,7,1,6,71,1.45,-0.66,0.5,Moderate
3,6,7.5,71,50,109,74,37.8,4,4,4,6,29,2.96,-6.31,-0.86,Moderate
4,11,8.0,69,39,180,76,45.5,1,7,3,19,145,5.78,-0.66,0.05,Moderate
16,6,5.9,79,36,64,12,65.9,4,2,3,16,21,1.47,6.28,1.58,High
2,11,6.8,76,31,130,4,35.0,3,1,1,1,25,3.46,-10.0,-1.0,Low
8,13,5.1,81,43,6,45,42.1,4,5,1,8,58,-2.27,0.91,2.66,Moderate
7,19,6.7,81,37,43,106,37.5,3,9,1,11,168,1.03,-6.25,1.09,Moderate
2,9,8.0,61,48,42,55,53.8,3,3,0,15,17,-0.96,0.28,-1.0,Low
2,5,7.1,70,48,51,131,43.9,4,5,1,20,126,-1.14,2.88,-0.86,Low
2,5,8.2,85,42,53,13,56.5,2,3,1,5,49,-0.89,1.55,-1.0,Low
3,6,5.8,55,54,131,33,48.1,3,9,0,9,31,3.63,-1.07,2.68,Moderate
10,3,6.7,77,53,94,78,47.7,1,11,0,7,108,1.44,-0.8,1.93,Low
3,12,5.3,79,40,14,15,41.8,1,5,1,5,11,-1.62,-8.36,2.38,Moderate
4,5,7.2,71,43,72,10,50.4,3,4,1,8,16,0.03,-1.02,-1.0,Low
5,8,6.0,79,43,43,70,52.2,2,2,2,3,21,-0.72,2.61,0.53,Moderate
8,1,5.8,78,57,23,110,39.5,5,10,0,6,54,-1.06,-0.9,1.81,Low
9,5,5.8,82,52,41,2,42.4,5,1,0,4,84,-1.55,-3.75,1.0,Low
3,10,5.7,75,28,92,50,42.2,1,21,1,10,41,1.23,-0.66,3.06,Moderate
4,3,7.7,71,38,82,26,49.2,4,5,3,2,12,1.82,-0.46,-1.0,Low
9,6,7.4,80,48,62,67,51.2,1,7,2,1,38,1.81,2.48,0.63,Moderate
6,4,6.5,70,51,101,52,50.4,2,6,0,3,180,2.88,5.14,0.46,Moderate
16,15,4.7,66,39,67,47,54.2,2,4,1,5,85,2.11,2.12,3.83,High
4,14,7.3,80,32,19,11,53.1,2,3,0,8,9,-0.54,1.71,-0.27,Low
4,0,7.0,69,63,37,51,54.3,5,3,4,8,105,-0.35,5.1,0.12,Moderate
2,11,5.9,75,38,15,28,48.5,3,7,0,7,97,-1.65,-0.69,0.79,Low
3,11,7.2,80,73,35,59,47.7,1,14,2,3,180,-0.98,-0.09,1.18,Moderate
2,8,6.7,94,29,17,104,58.2,5,21,1,6,39,0.41,7.56,2.9,High
8,18,5.9,72,35,13,35,55.5,1,7,0,5,83,-0.48,4.68,1.36,High
5,3,6.4,66,39,13,41,36.5,1,4,0,5,60,-2.23,-10.0,-0.75,Low
5,2,6.4,88,49,37,180,46.3,0,15,1,1,26,-1.09,-1.82,2.05,Moderate
7,6,5.5,73,53,19,9,41.2,0,2,1,2,26,-1.75,-1.78,2.31,Low
2,2,7.9,78,42,32,38,41.4,2,4,2,6,11,0.4,-6.52,-1.0,Low
3,1,5.9,75,49,87,15,35.1,3,8,0,6,36,1.65,-2.28,0.86,Low
16,5,7.0,75,50,19,71,54.6,1,2,1,2,10,-0.38,-1.71,0.63,Moderate
3,3,6.2,85,46,130,40,38.0,2,2,3,2,38,2.66,-1.83,1.41,Moderate
16,3,6.4,76,43,27,81,56.2,6,4,1,7,56,-0.87,1.36,0.61,Moderate
3,2,6.3,61,22,53,135,40.2,5,8,1,16,27,0.54,-0.36,0.65,Low
12,16,7.2,76,72,117,43,35.0,2,3,1,4,61,3.22,-6.24,-1.0,Moderate
7,3,5.4,80,38,63,36,53.1,4,2,4,7,109,0.18,3.27,2.93,Moderate
18,6,5.9,77,26,13,180,35.1,1,15,1,17,78,-2.49,-6.76,1.26,High
12,13,6.8,71,58,56,82,49.5,12,1,1,12,39,0.8,3.42,0.1,High
4,1,9.0,87,37,41,51,50.7,3,6,1,3,54,-0.27,4.26,-1.0,Low
2,11,6.6,73,34,31,24,38.2,2,8,0,2,28,0.66,-4.53,0.78,Low
5,7,5.4,66,31,22,39,48.2,3,6,1,4,69,-0.76,4.48,3.74,High
3,9,6.3,71,32,35,38,53.8,2,4,3,5,20,-0.34,4.05,-1.0,Low
20,9,6.0,58,55,10,137,53.3,1,10,0,15,17,-1.48,4.27,1.15,High
9,6,7.5,90,38,18,124,46.2,1,4,1,4,53,-1.95,-0.85,0.44,Moderate
5,7,6.5,71,39,129,94,47.1,1,5,1,10,94,3.74,-1.0,0.25,Low
6,5,6.9,76,57,48,102,56.1,4,8,1,5,45,1.05,2.37,1.08,Moderate
12,17,6.7,72,51,15,48,35.6,5,10,1,13,8,-1.76,-5.6,1.45,Moderate
2,13,6.8,78,41,53,34,58.7,5,9,3,7,26,2.76,1.69,2.0,Moderate
17,3,5.9,64,37,63,161,46.3,2,3,2,5,32,0.57,-3.01,1.44,Moderate
4,5,6.1,81,38,45,49,47.3,4,5,0,4,85,1.22,0.57,0.44,Low
8,17,6.6,83,56,4,88,54.7,3,3,0,20,54,-2.5,1.57,0.75,Moderate
7,9,6.2,76,56,117,180,48.2,6,12,1,7,47,3.77,3.53,2.96,High
6,5,5.2,74,49,41,8,46.5,1,6,1,20,49,-0.18,0.77,1.72,Low
7,4,7.1,67,66,51,172,37.9,3,5,0,10,95,-0.26,-2.41,-0.95,Low
7,13,6.2,61,27,131,9,54.2,1,10,0,5,115,3.09,5.86,1.53,High
7,6,8.8,65,44,180,33,49.9,3,1,0,3,180,4.0,3.76,-1.0,High
10,6,6.5,76,53,136,110,41.3,1,14,0,8,33,4.3,-2.08,0.8,Moderate
7,3,7.9,75,45,180,79,53.2,3,3,0,16,82,6.0,0.96,-1.0,Moderate
5,21,4.9,65,30,52,60,47.8,4,9,1,2,57,0.81,-3.47,4.26,High
5,3,7.0,80,71,77,68,55.1,4,4,2,3,77,1.87,7.93,0.43,Moderate
4,7,8.3,84,41,22,82,58.6,4,7,0,17,94,0.59,4.68,-1.0,Moderate
5,2,8.0,67,48,19,160,47.2,2,9,0,12,180,-1.7,-0.05,-1.0,Low
2,1,7.4,71,65,57,85,50.0,0,11,3,3,19,0.61,0.6,-1.0,Low
15,4,8.2,64,48,132,127,40.5,4,3,1,8,88,3.76,-4.61,-1.0,High
5,6,8.0,58,48,112,180,43.6,4,18,0,7,142,2.02,-1.97,-0.77,Low
4,4,6.8,88,57,50,112,52.9,2,5,1,13,19,0.03,1.2,0.75,Low
7,6,5.5,82,38,89,8,45.8,3,7,0,12,20,4.04,-0.91,1.49,Moderate
7,2,6.0,62,55,28,50,50.2,6,12,1,13,27,-0.64,3.12,3.5,Moderate
5,4,6.7,76,38,103,9,45.9,2,9,0,4,81,2.63,0.25,2.01,Low
4,3,6.7,63,46,128,56,61.2,3,21,1,17,27,2.88,10.0,4.71,High
9,12,4.4,68,26,52,58,46.4,2,8,3,6,142,0.5,1.87,2.76,High
9,4,5.5,83,77,48,100,52.5,4,5,1,6,25,0.18,0.08,1.42,Moderate
6,10,6.3,89,34,180,48,56.1,1,4,0,1,55,5.38,-0.13,0.72,High
10,6,8.9,87,50,77,44,47.1,4,21,1,2,93,1.38,0.94,-0.47,Moderate
5,4,6.1,86,27,102,74,55.4,5,4,0,17,53,1.24,4.5,0.85,High
5,4,6.7,77,48,174,12,50.8,1,5,1,3,120,4.87,0.79,-0.72,Moderate
15,8,6.9,79,50,161,41,64.0,3,4,3,4,19,5.06,6.69,0.48,High
2,18,7.0,62,42,120,36,47.9,1,6,1,3,73,1.9,0.91,0.71,Moderate
18,10,5.3,74,67,38,39,48.8,0,11,2,2,138,-0.39,0.29,2.11,Moderate
6,10,6.9,75,50,27,23,41.5,2,3,1,14,160,-1.03,-0.61,-1.0,Low
4,8,7.8,78,42,37,77,50.0,4,5,0,15,88,-0.24,-2.79,0.72,Low
6,5,8.0,68,38,31,64,44.1,3,4,0,5,96,-0.24,-2.73,-1.0,Low
9,7,7.7,61,36,121,34,43.1,3,8,1,2,75,2.92,-3.97,-0.96,Moderate
4,6,7.9,75,28,60,42,50.7,1,6,1,3,25,0.26,3.79,-0.84,Moderate
4,2,4.5,74,52,180,68,55.3,3,12,0,8,180,5.58,8.17,4.55,High
12,5,7.3,58,60,9,114,52.7,1,4,0,12,19,-1.0,1.16,-0.22,Low
3,5,6.7,83,50,100,78,53.2,2,10,0,7,180,3.21,2.36,2.3,High
4,19,5.5,74,45,114,37,40.2,7,20,0,3,91,1.4,1.21,4.19,High
9,12,7.4,64,31,43,72,46.0,0,5,0,20,150,1.03,0.78,-0.82,Moderate
4,7,6.8,75,47,25,180,54.3,0,9,0,6,28,0.4,3.63,2.03,Moderate
2,11,6.3,87,20,68,16,52.8,4,6,0,8,119,0.22,1.44,0.9,Moderate
6,3,7.8,72,37,37,144,45.9,2,3,2,8,48,-0.4,-2.65,-1.0,Low
4,2,7.0,72,44,32,7,55.6,6,9,0,6,30,-0.41,1.47,1.45,Low
16,3,7.0,85,33,43,48,53.2,1,4,0,13,32,0.7,4.21,0.83,Moderate
2,12,7.0,71,53,94,64,36.9,5,4,1,6,109,2.47,-4.94,-0.36,Moderate
0,13,8.4,82,55,79,21,44.4,2,8,1,5,26,0.54,2.03,-0.47,Low
13,5,6.9,89,30,27,66,46.5,1,5,0,13,180,-0.32,1.54,0.74,Moderate
5,9,7.7,82,43,71,5,51.5,3,5,1,7,59,0.59,3.14,0.46,Moderate
6,3,8.0,84,24,50,62,46.7,3,8,1,6,146,0.87,-0.85,-1.0,Low
1,7,8.0,86,42,76,127,47.0,3,17,1,20,43,0.97,3.2,0.16,High
3,15,7.2,87,49,39,73,44.1,1,5,0,4,5,0.66,-1.22,0.23,Low
7,8,6.5,58,43,48,78,40.9,3,8,1,20,86,0.13,-1.52,0.73,Moderate
12,9,6.3,78,44,14,156,44.7,5,2,2,9,80,-1.01,-1.07,0.97,Moderate
16,6,5.5,84,49,116,37,50.2,5,14,1,12,117,3.02,3.14,4.74,High
2,2,6.2,70,42,125,28,43.2,2,2,1,10,9,3.18,-5.37,0.86,Low
3,12,8.0,80,27,42,29,62.6,4,7,3,4,22,-1.11,8.0,-1.0,High
12,16,5.6,72,31,22,85,35.0,2,10,0,17,34,0.01,-5.48,1.29,High
14,5,8.1,86,51,50,27,46.3,2,3,2,5,20,1.69,-1.72,-0.83,Low
8,5,5.5,75,36,54,13,50.9,7,10,1,7,63,-0.86,3.09,2.94,Moderate
3,3,7.8,85,61,30,22,51.3,3,17,1,6,74,-1.19,3.79,0.89,Moderate
15,4,5.0,78,45,98,82,35.4,3,9,1,9,5,1.99,-5.28,4.09,High
2,12,7.5,77,57,63,113,52.7,5,4,1,8,13,0.36,5.82,-0.9,Moderate
13,13,5.3,76,47,20,20,48.6,3,13,1,7,51,-0.5,3.15,3.57,High
5,6,6.8,105,39,81,148,35.0,2,1,1,5,60,0.68,-8.78,-1.0,Moderate
3,4,7.6,67,44,81,53,41.8,2,13,0,3,9,1.67,-2.75,0.99,Low
12,4,7.3,62,45,153,44,55.9,1,5,0,7,88,4.02,5.03,0.24,High
8,7,6.7,70,39,23,88,35.4,4,19,1,20,180,-0.8,-2.54,1.29,High
2,9,6.5,77,52,41,22,35.0,4,1,0,16,143,-0.6,-8.19,0.41,Low
12,1,8.4,68,67,88,10,48.0,2,4,2,10,2,0.61,1.2,-1.0,Low
8,3,6.6,80,45,19,151,38.9,3,21,0,8,36,-1.69,2.36,0.45,Moderate
3,2,7.8,67,28,33,16,47.4,5,6,0,9,36,-1.07,-1.96,-0.35,Low
3,8,6.3,64,46,94,72,37.4,3,11,0,13,21,3.06,-2.22,1.25,Low
3,10,7.5,60,35,16,51,47.6,1,9,1,4,72,-0.37,-2.02,2.08,Low
6,3,6.6,80,52,103,20,60.6,3,4,1,7,9,2.4,9.31,1.64,Moderate
8,4,7.5,69,46,20,64,70.0,2,21,1,12,68,-1.3,10.0,3.06,High
2,3,6.9,64,38,52,6,54.1,4,4,1,12,152,2.09,2.09,0.19,Low
11,4,6.9,93,46,20,65,45.0,4,11,0,6,12,-0.51,1.07,0.49,Moderate
5,4,6.4,78,66,126,45,52.5,5,8,1,8,9,1.16,4.93,0.5,Low
9,3,6.5,59,43,31,56,47.0,2,15,0,5,69,-0.54,0.02,1.92,Low
9,3,8.2,76,32,44,88,37.4,5,14,3,16,34,0.27,-7.87,0.88,Moderate
4,8,6.3,74,45,155,46,49.8,4,6,0,7,41,5.59,-3.74,0.58,Moderate
7,4,6.3,82,54,30,140,63.7,3,6,3,4,18,-1.17,5.28,3.02,High
8,7,7.0,69,31,11,90,39.5,1,3,2,7,94,-2.17,-6.29,-0.59,Low
11,18,5.9,78,59,42,65,42.4,3,8,1,4,113,-1.38,-5.53,2.3,Moderate
2,2,7.4,73,23,63,72,53.5,4,19,2,8,109,1.26,2.43,1.92,Moderate
6,6,7.0,69,52,21,111,52.4,6,1,0,9,46,-2.44,2.91,0.06,Moderate
9,10,7.4,78,49,25,152,40.8,2,15,2,3,59,-0.22,-0.01,-0.01,Moderate
11,0,6.4,77,55,108,172,54.4,2,2,0,1,94,2.56,1.64,0.62,Moderate
13,3,8.3,65,49,50,19,52.5,1,3,0,11,110,1.66,5.04,-0.44,High
2,9,5.0,74,40,36,79,44.3,2,5,0,2,38,0.51,-0.6,1.01,Low
6,9,7.1,71,37,30,3,41.8,1,9,0,6,39,-1.09,-5.44,0.22,Low
8,9,6.8,88,48,137,95,49.7,5,2,1,15,99,3.64,0.03,-0.32,High
14,3,7.7,81,51,7,80,35.0,3,13,0,11,68,-0.68,-3.68,-0.66,Moderate
5,5,7.4,86,50,58,59,53.3,1,5,1,1,180,-0.23,2.26,0.62,Moderate
3,12,8.5,72,53,30,167,41.4,5,5,3,9,47,-0.15,-5.25,-1.0,Moderate
5,8,8.3,84,17,72,62,42.1,6,4,1,3,19,3.07,-7.46,-1.0,Moderate
2,3,6.2,77,59,37,91,35.0,1,6,1,13,144,-0.45,-5.03,-1.0,Low
7,7,5.8,59,51,41,180,45.3,3,1,0,4,71,0.07,-3.34,-0.28,Moderate
7,5,4.6,66,36,29,40,53.4,4,9,0,8,71,-1.6,7.57,3.27,High
5,4,7.2,73,61,119,28,41.1,2,2,4,0,113,3.27,-6.74,-0.74,Low
9,5,5.9,75,25,10,62,49.3,3,20,1,3,18,-1.94,3.53,3.42,Moderate
4,5,7.1,89,34,43,180,35.0,3,21,1,2,25,1.28,0.1,0.46,Moderate
2,3,6.7,86,75,30,64,48.3,6,8,0,5,30,-0.59,0.65,1.75,Low
4,7,4.6,60,49,83,76,51.3,1,3,1,5,46,1.06,-2.75,3.37,Moderate
3,5,7.0,81,36,20,36,49.1,5,21,0,12,99,-1.13,4.56,0.98,Moderate
5,9,8.0,66,31,47,37,52.2,2,6,2,1,132,-1.75,3.62,0.23,Moderate
9,10,7.2,59,51,154,180,51.6,3,3,0,5,70,4.8,-5.16,-0.33,Moderate
2,3,7.3,79,49,180,50,53.9,2,4,0,8,75,4.39,0.3,-0.1,Moderate
8,14,6.7,57,43,85,180,43.9,1,2,0,7,23,1.74,-1.62,-0.88,Moderate
18,5,7.0,56,39,20,43,35.0,5,21,0,20,80,-1.2,0.36,1.91,High
5,1,7.2,70,38,91,27,56.6,3,8,2,9,59,2.27,7.21,1.05,Moderate
10,7,8.2,76,35,74,22,35.0,1,8,0,1,32,2.2,-8.69,-1.0,Moderate
8,1,7.8,77,51,34,7,59.3,1,21,1,12,121,-0.51,5.79,1.34,Moderate
3,6,6.7,63,17,73,70,50.9,1,6,0,16,180,0.54,-0.98,0.59,Moderate
5,4,6.3,79,63,142,49,57.4,3,3,0,5,64,4.97,-1.14,0.0,Moderate
10,6,7.7,60,61,38,76,52.0,2,7,3,20,106,-0.82,-0.14,-1.0,Moderate
2,6,6.2,66,52,51,13,46.5,1,8,0,13,62,0.86,-3.76,1.72,Low
4,3,7.4,72,75,95,17,44.8,3,5,2,4,19,1.68,-1.0,-1.0,Low
13,7,7.1,68,57,72,31,67.2,5,7,2,6,12,-0.08,6.33,1.7,High
3,6,7.7,63,43,89,70,58.2,5,7,0,18,127,1.63,5.21,0.93,High
2,4,8.7,76,48,27,72,53.2,4,1,1,7,128,-0.58,1.46,-1.0,Low
4,10,7.3,69,12,103,23,52.3,3,2,0,6,80,1.73,2.86,0.07,High
7,5,8.2,61,42,34,84,35.0,4,3,0,5,29,-0.55,-8.23,-0.69,Low
11,8,7.3,70,65,64,14,51.6,1,7,1,6,81,0.95,5.43,0.51,Moderate
1,4,5.9,68,26,19,58,41.6,3,12,0,4,26,-1.19,-5.65,2.15,Low
13,21,6.8,69,44,115,42,51.3,2,9,0,3,38,3.44,-0.38,0.62,High
5,4,7.2,78,38,66,47,43.9,3,9,3,7,135,1.89,-3.7,0.74,Low
17,1,4.9,72,36,66,70,37.5,1,5,2,5,3,-0.07,-3.94,3.34,Moderate
7,2,8.7,79,54,157,74,59.3,2,8,1,4,102,3.74,2.5,-0.24,Moderate
13,4,6.1,70,61,83,105,43.1,2,7,0,1,33,1.84,2.35,-0.41,Moderate
9,5,6.8,73,41,97,23,62.1,3,8,2,0,15,2.52,10.0,1.97,High
6,9,8.4,67,37,85,135,48.5,3,6,1,6,74,1.68,-1.49,-1.0,Moderate
11,8,5.9,81,69,57,31,35.0,6,3,1,3,50,0.77,-3.8,0.61,Moderate
11,3,7.9,83,30,5,54,42.6,7,8,1,12,155,-0.76,0.1,-0.72,Moderate
11,4,7.9,87,60,45,101,47.8,4,6,0,11,12,0.81,1.41,-1.0,Moderate
6,4,7.0,77,34,75,16,44.2,2,21,1,13,91,1.3,3.45,2.39,Moderate
3,4,5.6,80,47,47,83,43.2,4,9,1,2,101,-0.22,-0.25,2.7,Low
6,2,6.6,71,55,107,57,47.9,2,10,0,11,88,2.69,3.2,0.48,Low
1,2,6.0,57,52,80,126,48.4,7,10,3,11,25,1.51,3.06,2.21,High
10,7,6.2,55,41,29,89,53.4,4,18,0,10,38,-0.74,5.71,2.53,High
11,5,7.6,67,63,72,37,44.1,5,0,1,4,75,0.88,-5.29,-1.0,Low
2,7,6.7,73,47,154,113,48.9,6,2,0,7,34,5.41,-1.24,0.37,Moderate
2,13,7.1,69,67,97,112,56.8,4,1,0,1,4,1.43,3.52,0.64,Moderate
8,1,8.4,70,36,14,33,48.7,5,3,0,9,91,-2.5,0.61,-0.23,Low
10,1,7.7,78,36,58,19,45.3,1,7,0,2,55,0.14,1.5,-1.0,Low
4,10,6.1,67,38,123,124,53.7,3,6,0,6,62,3.38,3.89,1.6,High
6,4,5.8,77,29,50,39,41.3,7,7,0,6,149,-1.05,-1.36,2.3,Moderate
7,1,6.6,68,42,16,139,48.3,3,16,1,1,30,-0.12,4.12,1.9,Moderate
6,2,6.1,60,46,9,176,37.8,7,6,1,5,50,-1.39,-7.84,0.54,Low
3,14,7.8,68,64,108,75,57.2,4,8,0,1,18,2.61,-3.97,0.17,Moderate
10,2,6.9,94,46,127,32,46.8,3,10,0,4,6,2.4,7.68,0.67,High
12,1,6.1,72,18,36,20,45.9,4,21,0,6,22,-1.17,0.57,2.62,Moderate
8,9,7.5,76,34,1,39,35.0,1,4,0,6,63,-1.97,-7.18,-0.66,Low
8,11,8.7,65,55,96,39,55.0,2,2,2,20,180,1.44,5.62,-1.0,High
2,5,7.4,83,52,1,74,52.1,6,1,0,6,37,-0.28,0.73,-0.27,Low
15,2,8.6,92,41,80,41,64.4,3,0,0,1,78,1.43,8.58,-0.86,High
6,3,7.0,81,50,27,60,55.9,1,20,0,2,148,-2.3,1.93,3.38,Moderate
4,2,8.1,76,64,93,2,44.5,3,15,2,8,134,2.0,-1.36,-0.87,Low
13,1,7.3,80,23,59,18,51.8,4,6,1,13,26,0.8,-5.02,0.36,Moderate
12,19,6.5,68,28,87,123,37.8,7,19,1,7,57,1.01,-0.48,1.97,High
6,19,5.9,66,42,62,67,42.3,3,5,1,3,28,0.01,-0.33,0.69,Low
6,3,6.9,90,41,48,85,41.5,2,8,1,0,36,0.34,-5.28,0.56,Low
6,9,8.0,65,41,123,47,52.0,4,3,1,4,15,1.48,1.16,-1.0,Low
8,8,7.7,86,64,24,124,46.1,3,2,2,13,51,-0.17,-3.05,-0.99,Moderate
9,9,5.5,70,44,112,93,35.0,3,4,1,2,56,2.23,-7.64,0.9,Moderate
4,11,7.8,73,41,66,63,64.0,1,9,0,11,72,1.08,7.21,0.82,High
7,5,6.9,56,54,127,17,51.8,1,9,0,8,60,3.94,5.46,-0.42,Moderate
9,9,6.1,83,23,15,48,35.0,2,7,0,9,32,-1.03,-3.13,0.98,Moderate
7,12,8.0,62,44,96,50,38.5,2,14,0,13,107,2.13,-3.34,-0.94,Moderate
5,5,6.0,80,27,117,36,45.0,2,2,0,4,27,1.71,0.43,0.59,Low
6,8,6.2,71,58,51,71,44.7,3,1,0,11,18,-0.14,-5.02,-0.28,Low
11,9,6.4,68,41,63,79,35.7,5,2,0,3,36,-0.12,-4.82,0.18,Moderate
4,6,5.9,78,41,35,63,42.7,1,2,1,11,67,-0.29,-2.71,1.34,Low
9,12,6.0,74,58,87,27,46.3,5,3,0,7,32,2.74,0.92,0.45,Moderate
6,6,8.0,73,45,25,39,49.0,6,16,0,8,88,-1.16,-3.26,1.08,Low
10,21,6.4,76,33,89,135,57.6,3,10,0,10,62,1.79,-0.59,2.48,High
7,12,7.0,61,41,30,56,58.6,3,8,0,8,16,-0.39,2.11,0.75,Moderate
3,2,7.2,67,40,70,60,59.6,2,8,1,2,82,0.5,4.74,1.12,Moderate
19,9,7.4,55,46,83,30,51.6,6,4,0,10,14,1.23,4.15,-0.23,High
5,3,7.1,74,46,58,21,57.1,6,1,4,14,55,-0.05,1.43,-0.88,Moderate
5,8,7.2,68,36,39,64,49.4,2,2,1,16,21,-1.29,-1.48,0.15,Low
5,9,7.3,65,64,17,49,54.4,2,5,3,5,180,-0.5,0.84,1.0,Moderate
2,2,6.1,95,46,153,13,48.1,3,5,1,2,129,3.77,1.55,1.98,Moderate
8,3,6.5,55,46,73,85,48.6,2,2,1,11,29,0.97,-2.98,1.06,Low
8,6,4.7,74,41,12,66,62.7,4,6,0,7,87,-0.96,7.37,4.64,High
4,7,6.4,77,45,118,163,48.6,3,14,0,11,156,2.84,-3.38,1.26,Moderate
8,16,8.6,80,59,113,46,51.3,2,3,0,4,158,3.68,3.14,-1.0,Moderate
3,3,6.6,79,53,24,47,43.0,3,6,2,3,120,-0.64,0.94,0.38,Low
5,3,6.2,81,37,84,76,50.4,3,12,3,2,36,1.83,3.14,3.24,Moderate
4,5,7.1,90,28,22,180,50.2,2,9,1,13,173,-1.24,4.06,0.76,Moderate
8,3,6.5,81,34,59,70,38.5,3,3,1,11,31,0.52,-3.83,2.51,Low
9,6,5.8,77,45,25,110,46.4,3,2,2,9,16,0.38,-6.9,1.46,Moderate
19,4,6.5,77,68,68,57,48.8,2,4,0,0,45,0.91,3.4,-0.11,Moderate
9,10,8.4,78,30,71,20,51.7,1,11,1,17,32,0.32,5.96,-1.0,High
2,5,6.6,73,40,64,38,52.0,6,4,2,14,10,1.2,0.75,0.3,Low
5,2,7.2,71,52,89,101,53.6,0,4,2,4,17,0.43,5.28,0.13,Moderate
6,4,6.4,78,38,176,26,54.4,2,5,1,3,131,4.7,-2.37,0.56,Moderate
4,6,6.9,84,45,59,43,51.1,5,6,1,8,20,-0.1,0.38,0.33,Low
4,12,7.9,81,39,106,46,39.2,1,15,1,3,11,1.98,-2.78,-0.98,Low
6,6,4.6,77,56,19,85,45.9,4,3,2,18,30,-2.5,-3.64,1.75,Moderate
3,20,6.5,67,28,39,49,55.8,3,3,1,5,88,0.34,4.43,1.5,High
7,3,8.0,89,37,158,53,43.4,5,5,0,1,58,5.11,-3.17,-1.0,Moderate
9,5,6.3,66,51,16,89,44.7,3,0,0,0,53,-0.22,-1.56,-0.46,Low
8,3,7.6,79,37,99,39,44.2,3,3,0,3,49,1.36,-5.69,-1.0,Low
6,8,7.9,76,22,52,63,57.1,3,4,0,10,97,1.56,5.1,0.27,High
5,11,6.1,62,52,32,99,48.3,4,7,0,5,92,-1.33,1.91,1.3,Moderate
7,8,8.0,77,31,53,108,42.1,0,1,0,5,33,0.16,-1.67,-1.0,Low
8,5,6.4,84,57,105,11,35.8,1,1,1,6,22,1.93,-5.25,-0.18,Low
19,5,6.4,82,61,30,138,51.9,2,2,3,9,30,0.59,2.23,0.81,High
8,3,6.7,77,49,82,21,49.2,4,6,0,2,44,1.04,-2.48,-0.39,Low
4,10,5.1,72,38,65,91,57.0,3,8,1,8,23,1.0,4.42,3.24,High
2,1,6.3,79,43,86,31,59.5,3,8,4,13,66,1.06,9.77,3.38,High
8,4,6.2,65,44,36,59,56.6,7,6,0,2,35,-0.08,4.91,0.68,High
12,6,6.8,57,40,77,22,42.3,3,6,0,10,54,2.07,-4.54,1.0,Low
7,7,7.7,62,43,49,114,38.2,3,7,1,13,35,-1.41,-2.99,-0.47,Low
4,11,6.4,65,35,180,10,45.4,5,7,0,3,17,5.9,-3.25,0.74,Moderate
5,14,7.2,64,49,28,23,51.5,2,3,0,8,19,-1.81,-3.35,0.01,Low
5,11,7.3,64,40,76,101,59.5,4,13,1,2,25,1.75,8.01,1.25,High
6,15,7.0,67,42,126,47,50.4,4,16,1,19,84,2.38,1.66,0.25,High
3,1,7.6,87,23,96,30,56.5,1,16,0,1,180,3.25,8.05,0.25,High
2,1,4.8,55,48,79,33,58.4,3,10,0,4,55,1.72,4.5,2.74,Moderate
9,3,7.9,71,40,25,140,45.6,5,10,1,3,75,-1.88,-1.76,-0.22,Moderate
3,6,6.7,70,19,158,73,48.7,1,4,1,4,12,3.94,-4.41,0.71,Moderate
10,5,7.9,65,69,55,114,58.1,2,3,1,15,91,1.02,2.69,-0.63,Moderate
5,3,7.2,82,51,53,64,49.1,1,2,1,4,82,0.54,1.21,-0.76,Low
5,3,6.4,65,56,150,169,35.0,6,1,1,4,23,6.0,-7.56,-0.11,Moderate
7,6,5.4,69,68,54,72,43.8,6,6,0,7,23,-0.91,-4.6,2.59,Moderate
6,10,7.5,76,60,79,52,56.0,5,3,1,5,20,1.06,3.47,1.6,Moderate
2,4,7.2,81,49,8,23,59.3,1,4,1,3,79,-1.07,5.84,0.99,Low
1,5,7.6,73,43,57,36,57.3,3,9,2,6,87,0.62,6.72,-0.1,Moderate
14,5,6.7,73,43,128,48,49.6,4,4,1,5,50,4.37,-1.54,1.59,Moderate
1,6,7.4,73,57,43,6,47.9,4,5,1,19,56,0.55,1.68,0.52,Moderate
12,6,7.1,71,49,13,144,46.7,2,2,3,11,32,-0.86,-3.96,-0.48,Moderate
6,5,5.8,74,60,46,8,62.8,4,17,0,8,40,-0.77,4.82,3.15,High
4,2,6.1,64,44,19,58,37.9,6,2,1,3,43,-2.5,-3.75,0.35,Low
4,6,6.3,91,58,55,18,41.7,4,1,2,15,59,-0.04,-8.11,0.87,Low
7,3,7.5,74,45,148,93,48.6,6,6,1,7,46,4.3,-2.9,1.47,Moderate
17,3,7.1,84,40,56,43,53.8,5,10,1,11,60,0.89,3.38,0.73,High
12,4,6.2,55,50,93,33,61.0,5,5,2,11,131,2.95,2.69,1.76,High
5,7,7.0,80,39,85,164,48.8,4,7,2,20,101,1.82,2.03,0.19,Moderate
2,0,7.0,69,45,65,36,48.1,1,1,2,1,33,-0.09,-3.09,-0.6,Low
7,14,5.9,74,36,106,43,61.3,1,5,1,3,51,1.82,10.0,1.88,High
4,6,6.5,73,62,144,11,60.1,5,2,1,5,36,3.89,7.41,2.03,High
2,8,6.7,76,51,180,25,35.0,6,21,1,9,24,5.56,-2.13,2.32,Moderate
6,1,8.0,79,39,78,49,38.5,3,3,0,3,23,1.89,-2.53,-1.0,Low
8,11,7.5,76,40,18,127,35.0,3,11,1,10,126,-1.4,-4.02,-0.81,Moderate
5,8,6.3,72,37,45,38,38.5,2,3,0,5,127,0.64,-5.44,0.72,Low
1,5,7.4,79,46,78,21,48.7,2,6,1,3,87,1.39,0.5,-0.37,Low
4,7,7.4,61,53,115,33,55.8,2,8,1,7,57,2.53,3.89,0.38,Moderate
14,3,6.9,63,46,3,39,57.9,2,5,3,7,103,-2.29,3.91,0.34,Moderate
6,4,7.2,61,47,29,25,57.0,2,14,0,5,103,0.41,2.14,1.85,Low
4,1,5.5,58,45,52,39,56.4,2,6,0,17,88,0.38,3.4,0.96,Moderate
4,5,6.6,83,48,56,112,50.1,6,1,1,4,13,-1.8,-1.96,-0.05,Low
4,2,6.0,63,62,50,30,42.0,1,21,1,1,41,0.06,0.54,2.64,Low
10,1,7.4,78,55,110,61,44.6,4,3,0,11,15,2.61,1.36,0.4,Low
11,12,6.1,87,29,24,108,55.8,3,3,0,10,25,-1.89,4.11,1.55,High
11,14,8.3,81,44,24,90,46.7,6,10,0,7,29,-0.58,-1.18,-1.0,Moderate
1,7,7.8,58,71,72,151,40.6,3,2,1,4,43,0.47,-7.88,-1.0,Low
2,7,5.1,72,45,43,13,60.6,4,8,0,1,23,-0.99,4.14,4.01,Moderate
2,7,7.5,64,45,135,31,50.9,2,18,2,3,27,3.44,3.07,1.24,Moderate
8,4,7.9,87,43,76,155,49.8,3,6,1,12,74,1.56,-3.66,0.3,Moderate
2,4,6.3,76,65,97,38,52.7,2,8,0,10,51,2.5,-0.57,1.68,Low
2,1,7.2,55,40,180,58,57.5,2,7,0,2,174,6.0,2.93,0.64,High
6,5,6.3,69,34,56,51,55.1,2,7,3,8,98,-1.25,2.29,0.98,Moderate
18,2,7.7,69,43,33,96,45.2,3,1,0,6,14,-2.3,-4.4,-0.64,Low
3,4,5.6,86,20,12,47,45.5,5,11,0,15,22,-1.72,6.84,2.55,Moderate
6,10,6.5,62,43,116,59,35.0,3,11,0,3,132,3.51,-5.49,2.75,Moderate
2,5,8.1,78,44,39,77,51.3,1,9,1,0,5,-0.72,4.96,-0.48,Low
6,9,5.9,84,45,72,59,36.9,3,6,0,10,40,0.56,0.45,2.2,Low
4,3,7.2,62,47,80,64,49.6,4,13,0,0,15,2.74,5.97,3.12,Moderate
6,10,5.1,82,38,80,37,51.2,2,10,2,3,29,1.59,2.95,2.73,High
5,12,7.9,74,44,60,15,52.1,4,6,0,1,107,1.03,1.33,-0.41,Moderate
7,7,7.4,72,40,105,36,36.9,6,7,1,14,66,2.83,-6.86,-1.0,Moderate
12,2,6.6,77,36,68,180,55.5,2,8,1,3,154,2.27,0.81,1.09,High
5,10,7.6,73,27,89,122,44.3,2,7,0,3,48,2.91,-0.8,-0.55,Moderate
1,2,7.8,91,42,81,27,70.0,4,5,2,4,180,1.51,7.72,0.52,High
10,1,6.1,68,55,101,65,50.3,2,9,1,9,123,2.48,7.6,1.22,High
7,6,6.3,88,19,99,176,42.3,3,10,1,5,87,2.53,-4.7,2.98,Moderate
3,4,6.7,81,58,51,19,38.7,3,6,3,20,45,0.15,-4.91,0.24,Low
9,5,7.7,77,47,62,130,40.0,2,3,0,8,104,0.42,-6.16,-0.91,Low
10,7,7.7,79,55,81,24,49.9,2,5,0,7,132,1.72,5.04,0.33,Moderate
4,11,5.6,65,57,94,32,44.1,0,4,0,5,23,2.31,-5.73,0.73,Low
5,10,6.2,69,38,49,57,35.0,6,3,0,14,42,-1.05,-9.23,0.67,Low
7,8,6.1,77,44,77,93,44.0,0,2,1,0,45,0.84,-2.79,2.24,Moderate
7,1,6.2,79,12,50,48,51.7,6,4,1,10,29,-0.45,3.06,1.5,Moderate
8,3,6.7,71,36,180,82,62.5,2,8,0,8,17,4.56,6.15,1.65,High
11,3,8.1,79,53,23,68,56.9,4,9,0,5,96,-0.69,10.0,0.1,High
13,1,5.3,81,39,64,82,37.9,3,7,0,11,45,1.1,-3.24,1.79,Moderate
14,3,7.0,63,48,103,180,52.0,3,2,2,17,64,2.18,2.38,-0.31,High
5,18,8.5,76,49,32,135,50.5,5,15,0,15,133,0.54,0.43,-0.69,Moderate
1,3,7.5,66,46,53,37,59.4,4,7,0,2,57,0.06,5.72,0.6,Moderate
2,1,7.5,76,68,74,28,70.0,8,15,0,9,156,0.74,10.0,2.27,Moderate
9,1,5.8,75,33,26,180,53.0,2,4,0,8,149,-0.96,2.44,2.47,Moderate
9,1,7.1,95,35,10,76,55.3,3,8,0,8,60,-1.03,3.31,2.59,Moderate
5,1,7.8,89,39,28,103,43.4,3,5,1,6,89,-0.09,-0.5,-0.54,Low
2,8,5.8,72,41,34,127,35.0,3,14,0,10,21,-0.33,-0.32,2.7,Moderate
7,3,6.4,73,48,47,16,46.9,4,6,0,8,70,0.42,0.18,1.29,Low
7,2,6.5,87,46,39,55,38.7,5,5,1,14,14,-1.43,-2.1,-0.05,Low
13,7,7.1,72,37,15,180,47.4,0,5,1,9,158,-0.46,-1.3,-1.0,Moderate
3,7,6.6,79,51,11,88,35.0,3,10,1,5,22,-1.01,-6.24,1.69,Low
18,3,6.4,80,38,126,110,35.0,4,8,0,17,36,2.11,-1.38,-0.05,Moderate
7,2,7.4,76,43,120,35,46.7,4,7,0,11,33,2.48,4.16,-0.23,Low
2,1,6.5,71,54,97,59,61.5,1,4,0,3,45,0.56,6.49,3.3,Low
8,1,8.0,68,26,53,94,58.3,3,10,0,2,32,-0.5,6.79,-1.0,Moderate
3,2,6.8,69,23,95,115,41.5,3,8,2,8,28,2.99,-6.56,0.9,Moderate
14,8,6.5,68,12,25,137,59.0,0,6,0,2,23,-1.05,7.59,2.51,High
2,11,8.0,77,48,66,69,65.0,5,8,0,5,60,0.16,3.67,-0.2,Moderate
11,10,6.8,66,51,71,103,56.1,3,5,2,6,15,1.98,7.63,0.62,High
6,10,4.7,82,17,25,135,49.0,4,3,2,3,60,-0.7,1.15,3.63,High
11,3,7.5,89,43,116,41,39.0,3,5,1,5,42,2.69,-5.51,-1.0,Low
9,2,6.2,87,42,121,12,48.9,5,15,0,4,103,3.69,5.41,2.21,High
14,4,6.8,87,26,39,72,43.8,4,3,0,9,32,-0.33,-1.3,-0.04,Moderate
23,1,6.6,71,44,87,139,53.2,2,6,1,5,13,1.53,-1.68,1.6,High
10,8,6.0,82,35,52,95,43.6,2,4,1,5,69,-0.46,-1.64,1.69,Moderate
8,3,5.9,74,34,102,23,36.8,3,3,0,4,109,2.09,-2.62,0.45,Low
5,2,9.0,75,20,129,49,40.8,0,1,1,3,90,2.94,-4.81,-1.0,Low
11,3,8.5,55,57,118,62,43.6,3,3,0,0,26,3.59,-0.68,-1.0,Moderate
2,6,7.9,77,28,46,86,52.1,0,3,1,5,102,-0.03,2.63,-1.0,Low
3,2,6.5,72,27,32,144,51.1,4,6,1,0,96,1.22,0.58,0.07,Low
12,2,7.1,76,34,120,63,53.2,3,10,1,15,52,3.73,6.51,1.46,High
6,10,7.0,74,23,53,50,35.0,4,5,1,10,40,0.02,-5.78,-1.0,Low
5,2,6.7,71,30,96,64,59.6,2,3,1,12,10,1.28,5.96,0.36,Moderate
4,2,6.4,76,44,90,94,46.1,2,6,0,10,27,1.43,-2.39,1.39,Low
3,5,7.3,66,18,43,106,41.6,2,6,2,4,35,-0.18,-1.5,0.3,Low
7,8,8.1,82,21,104,72,48.9,2,10,1,5,15,2.85,0.64,-0.25,Moderate
3,6,7.0,60,46,125,65,55.1,5,8,0,5,80,3.89,5.08,2.06,High
10,3,6.5,79,25,98,71,43.6,1,18,2,3,98,1.49,0.53,1.47,High
9,0,8.2,62,43,69,163,39.2,4,13,0,5,26,0.96,1.25,-1.0,Low
6,8,7.5,75,31,114,151,46.3,5,7,1,9,50,3.61,-1.06,-1.0,Moderate
7,5,7.8,66,52,43,43,56.6,1,17,3,4,5,0.08,6.87,1.24,High
11,9,7.0,71,50,91,16,44.7,3,12,0,4,24,0.82,2.81,-0.51,Moderate
1,3,5.9,65,50,82,167,57.5,5,3,0,6,13,2.37,2.16,1.28,Moderate
2,9,7.0,75,40,55,34,39.1,3,4,0,3,89,1.33,-4.18,1.14,Low
11,12,6.7,71,31,22,70,39.1,4,5,2,11,68,-0.29,-0.94,-0.33,Moderate
11,5,6.4,66,35,16,92,43.6,3,8,1,13,100,-0.6,0.93,0.55,Low
1,4,7.9,67,42,87,18,40.9,5,2,0,11,95,1.71,-7.35,-1.0,Low
6,9,7.4,67,51,160,19,43.9,3,20,2,9,80,3.94,-0.44,1.59,High
10,2,8.0,82,42,67,86,46.2,5,1,1,7,178,2.07,-3.33,-1.0,Low
1,2,6.9,59,37,53,55,59.1,2,3,1,4,108,0.02,6.56,1.19,Moderate
1,1,7.3,85,43,123,101,45.7,3,3,0,7,47,2.25,-6.73,-1.0,Low
13,2,6.0,66,35,59,112,61.9,2,16,2,7,22,-0.3,7.45,2.61,High
2,10,7.7,87,40,50,58,50.6,2,4,0,4,78,-0.14,1.93,0.02,Low
16,6,7.2,60,39,28,61,47.3,6,10,2,12,16,0.44,-0.65,1.58,Moderate
18,12,6.4,68,32,12,133,54.9,1,7,0,7,42,-1.3,2.21,1.56,High
13,4,6.8,78,38,13,112,45.4,5,7,1,3,71,-0.83,2.95,0.21,Moderate
9,10,6.0,72,46,177,19,46.4,5,3,1,5,122,5.5,0.96,1.46,Moderate
4,3,6.8,61,53,90,65,40.9,3,1,1,7,51,1.02,-3.5,-0.96,Low
10,4,6.7,83,31,69,65,43.7,2,4,2,7,61,2.8,2.25,1.23,Moderate
3,1,7.5,73,47,48,51,36.2,4,2,2,7,34,-0.76,-8.29,-1.0,Low
26,5,7.1,75,47,52,42,50.9,3,7,2,13,71,-1.5,-1.42,0.49,High
3,5,5.2,67,60,84,21,41.9,4,2,1,7,171,2.8,-10.0,0.72,Moderate
7,5,5.5,74,64,33,36,52.1,3,6,0,16,36,-0.76,1.66,4.14,Moderate
11,10,8.1,76,53,21,85,47.2,1,6,1,3,49,-1.92,-2.84,-1.0,Moderate
12,8,6.7,81,48,30,23,41.3,1,4,0,11,148,-1.45,-7.03,-0.01,Low
4,9,6.5,69,45,44,24,48.7,3,4,0,6,133,-1.8,-0.06,0.44,Low
13,2,6.2,60,30,122,63,44.9,6,8,0,5,80,4.43,-5.88,0.85,Moderate
6,1,6.6,91,41,92,174,44.5,1,12,0,3,68,2.36,0.08,3.06,Moderate
5,6,6.9,67,51,61,39,35.0,5,4,1,13,27,-0.39,-4.86,-0.66,Low
11,7,6.9,65,48,81,178,56.5,5,5,2,10,58,0.53,3.48,-0.2,High
11,1,5.7,68,28,73,30,35.0,1,10,0,3,27,1.95,-7.47,1.18,Moderate
19,14,6.5,73,54,62,50,64.5,6,13,0,13,1,0.28,10.0,3.21,High
4,5,8.0,78,31,49,73,61.4,2,3,0,19,46,0.99,5.65,-1.0,Moderate
7,3,7.4,70,36,24,103,40.6,2,7,1,10,86,-0.43,-1.53,-0.83,Moderate
0,8,6.1,60,78,180,60,45.9,1,5,0,7,39,5.81,-3.34,-0.65,Low
8,3,6.8,73,63,95,96,52.9,1,2,0,4,97,1.62,-0.17,1.49,Moderate
9,6,6.6,67,53,107,72,63.7,5,2,1,1,180,2.69,5.29,1.74,High
5,3,8.0,78,44,40,20,43.7,4,2,0,15,79,0.72,-8.04,-1.0,Low
1,10,7.5,68,51,57,153,44.6,4,7,1,6,119,1.17,0.58,-1.0,Low
5,3,7.0,73,43,23,46,48.0,2,14,1,8,58,0.25,-2.15,2.76,Moderate
5,2,4.7,79,45,51,148,50.3,5,21,1,20,45,0.06,4.11,5.61,High
5,1,6.8,68,28,116,57,45.1,3,8,1,3,146,3.83,-1.18,-0.22,Low
5,7,5.5,55,39,180,159,40.7,4,9,0,8,12,4.69,1.79,1.94,High
4,12,5.7,73,37,114,19,37.9,2,6,0,13,40,2.57,-6.03,1.75,Low
5,6,7.1,62,52,89,78,50.4,1,11,2,7,52,0.73,3.24,1.77,Low
3,8,6.8,76,45,103,55,51.0,5,1,0,8,33,1.89,0.5,-0.78,Low
17,1,6.6,71,44,58,16,41.1,1,8,1,3,98,-0.63,-6.9,0.77,Low
9,2,7.3,73,38,35,48,50.0,2,2,0,19,132,0.34,0.05,0.02,Low
1,3,6.3,82,31,180,14,54.9,3,4,4,6,101,5.9,6.97,1.83,High
6,6,6.5,67,55,37,53,57.8,1,4,1,3,36,-0.32,5.51,0.02,Moderate
5,8,6.6,69,39,42,87,54.4,9,21,0,8,106,-1.42,3.51,3.09,High
3,21,7.3,69,53,109,40,42.6,6,2,0,5,37,1.41,-2.0,-1.0,Moderate
2,8,6.1,60,16,8,57,48.4,3,5,0,5,25,-0.63,1.62,1.36,Low
3,4,5.9,93,12,40,72,47.6,4,3,0,13,114,-0.45,4.23,0.4,Moderate
7,8,6.2,79,22,26,68,35.7,6,5,1,17,42,-2.27,-6.24,1.04,Low
3,1,7.5,73,22,62,58,41.9,2,7,2,7,31,0.36,-0.09,-0.59,Low
11,2,6.0,61,56,153,103,51.4,0,10,1,15,56,3.81,2.3,4.06,High
8,3,6.3,84,45,28,162,53.2,3,3,0,3,27,0.6,1.33,1.69,Low
7,9,5.2,79,52,95,92,40.9,3,8,1,7,89,2.33,-2.3,2.77,Moderate
1,9,6.7,60,35,70,18,58.7,2,5,0,4,81,0.25,4.98,0.99,Moderate
3,3,6.7,78,12,76,103,38.1,4,8,2,7,46,1.53,-3.72,0.34,Moderate
4,5,6.6,68,25,108,88,61.1,3,4,1,11,44,2.83,6.58,0.56,High
17,9,8.2,94,47,63,117,53.8,3,4,0,6,180,0.86,5.48,-0.95,High
5,6,8.4,69,45,80,63,53.8,4,8,0,12,44,1.02,2.3,0.25,Moderate
7,3,6.6,76,39,103,91,44.4,4,6,0,9,127,1.91,-4.83,-1.0,Low
3,7,8.0,88,48,61,10,60.6,2,2,1,15,32,-0.25,2.58,-1.0,Moderate
9,5,5.5,86,42,26,64,58.3,2,21,0,10,49,-0.24,5.01,3.84,High
5,6,7.4,64,40,25,55,54.6,2,12,0,20,52,0.35,0.03,0.03,Moderate
4,4,6.5,77,46,29,36,42.5,2,16,2,6,65,-0.51,1.87,2.54,Low
9,1,8.2,66,48,10,180,44.7,2,2,1,6,80,-0.72,0.35,-1.0,Low
11,12,7.2,67,28,135,33,51.7,2,6,0,14,63,3.91,-1.5,0.61,High
8,16,5.8,71,46,50,66,59.8,3,4,2,7,102,0.63,1.55,2.0,High
4,2,6.6,67,39,71,59,49.0,4,3,1,8,20,1.31,-1.03,-0.77,Low
3,12,5.2,76,24,47,115,52.4,5,5,1,16,19,0.59,5.61,3.85,High
2,9,7.9,87,52,76,180,48.7,3,5,1,16,73,1.12,-1.41,-0.99,Low
3,2,7.4,74,52,107,180,50.3,5,6,1,12,1,3.39,0.97,0.63,Moderate
4,1,8.1,81,50,36,15,43.6,6,7,0,11,39,-0.58,1.4,0.06,Low
3,13,7.3,77,44,180,13,61.1,3,12,1,2,135,5.37,5.05,1.66,High
2,3,5.9,85,42,100,21,36.5,5,7,0,20,135,3.18,-5.83,0.98,Low
12,10,6.8,83,54,47,83,53.3,2,3,1,10,9,1.09,-0.24,0.12,Moderate
3,6,7.2,87,46,166,60,63.3,1,1,2,1,180,5.39,6.4,-0.54,High
4,3,8.5,55,46,23,84,48.7,1,13,1,1,102,-1.67,2.22,-1.0,Low
19,9,7.9,73,60,101,66,40.6,2,2,3,15,23,2.74,-4.04,-1.0,Moderate
10,6,7.1,90,58,91,76,47.3,3,15,1,8,109,1.88,1.21,-0.33,Moderate
5,15,7.3,72,26,55,46,50.9,3,4,4,9,13,1.43,-1.43,-0.71,High
10,8,8.1,78,50,73,57,43.7,2,9,0,10,51,1.57,-1.48,-1.0,Low
14,12,5.7,67,52,73,55,39.0,3,8,1,5,46,1.07,-5.85,1.98,Moderate
13,2,6.5,84,40,77,100,40.4,3,21,0,4,63,0.8,1.72,1.72,Moderate
5,2,5.7,80,30,70,57,46.9,2,1,1,12,4,1.11,-7.33,-0.7,Low
1,4,6.7,70,61,97,102,66.7,2,4,1,4,44,2.5,9.45,1.24,High
9,3,6.6,74,41,68,144,54.0,2,6,0,6,121,-0.38,3.32,1.79,Moderate
3,2,6.8,76,62,76,52,51.1,3,9,1,2,128,0.86,1.57,0.72,Moderate
5,9,7.2,73,48,43,48,51.9,1,13,1,7,121,1.2,-0.35,1.39,Moderate
3,10,5.9,76,43,73,47,46.1,1,4,0,8,43,0.18,0.91,1.63,Low
24,5,6.2,75,57,55,21,52.9,2,8,0,4,85,-0.71,0.04,2.24,High
8,12,7.5,72,49,23,42,48.8,3,9,0,0,63,-1.48,-1.03,-0.2,Moderate
4,5,6.2,84,62,28,12,54.0,2,7,0,16,34,0.1,0.18,2.31,Moderate
10,10,6.3,88,29,33,12,47.6,1,2,1,3,70,-0.48,-0.43,0.35,Moderate
3,3,7.8,67,47,3,40,43.2,4,17,2,8,68,-0.93,2.7,-0.59,Low
3,9,8.3,83,49,40,32,52.7,1,3,1,3,10,0.02,3.24,-1.0,Low
14,7,7.8,66,40,6,84,38.6,2,10,1,2,35,-1.49,-3.93,-0.98,Low
5,4,7.2,68,41,158,74,48.1,1,7,0,4,114,5.47,2.54,-0.63,Moderate
11,2,7.5,90,47,69,68,37.7,2,11,0,7,7,0.31,-1.03,0.72,Moderate
4,4,6.7,66,29,25,34,43.3,2,0,1,20,34,-1.46,-0.23,-0.91,Low
6,6,6.3,63,42,69,101,35.0,2,1,1,5,144,1.3,-8.2,0.52,Low
9,5,5.8,58,49,141,30,35.0,5,6,1,11,91,3.19,-10.0,1.65,Moderate
5,5,8.0,75,55,31,42,40.7,2,6,1,3,8,-0.85,-2.88,-0.78,Low
8,9,7.3,57,48,55,36,56.5,3,4,1,2,52,-0.52,-0.93,0.89,Moderate
3,4,7.9,74,51,123,168,58.2,2,4,1,12,69,3.9,9.78,-1.0,High
5,0,6.5,89,63,80,14,42.9,6,6,1,14,58,2.2,1.29,0.85,Low
6,1,6.2,90,25,57,40,43.1,3,3,0,2,44,0.17,-3.04,0.59,Low
5,3,5.9,65,15,150,127,49.5,8,6,0,8,38,5.74,-0.59,0.58,High
5,3,6.8,62,39,104,14,55.9,5,13,2,7,56,2.82,5.82,1.51,Moderate
5,2,7.9,81,43,60,89,35.0,3,5,1,11,26,-0.31,-7.88,-1.0,Low
6,6,5.6,72,30,106,66,43.1,3,3,2,9,94,3.41,-3.98,2.58,Moderate
1,3,6.9,70,43,136,23,49.1,3,8,1,1,161,2.39,-1.07,1.52,Moderate
2,4,7.4,71,42,175,29,50.5,2,8,4,19,78,4.16,0.03,0.26,Moderate
8,7,6.2,77,54,80,87,41.1,4,1,0,3,22,1.65,-5.35,-0.03,Low
8,11,7.2,80,42,106,15,59.8,3,8,1,2,90,3.46,6.74,0.11,High
7,5,8.2,99,35,47,88,60.0,2,12,0,8,93,-0.37,3.68,-0.81,Moderate
6,3,6.5,59,51,69,30,56.4,4,12,1,12,81,1.43,6.07,2.68,High
12,6,7.7,73,41,92,141,50.6,1,0,1,6,15,2.97,3.66,-0.27,Moderate
3,7,7.0,69,33,17,72,35.0,5,4,0,4,59,0.44,-4.23,-1.0,Low
17,21,7.8,77,70,104,74,61.4,3,10,1,8,15,1.97,5.87,2.58,High
5,3,4.8,88,45,45,44,52.1,4,5,2,20,70,0.13,1.85,2.67,Moderate
5,6,7.7,76,48,17,62,47.4,1,5,2,3,60,-0.3,1.14,-1.0,Low
1,6,6.5,65,30,21,29,51.9,7,2,1,9,105,-0.95,3.24,0.89,Moderate
3,6,7.5,77,47,16,58,60.9,2,14,1,2,27,-0.25,0.51,0.98,Low
6,6,7.7,76,68,148,180,55.3,1,8,0,12,149,3.12,3.23,0.59,High
5,8,8.1,84,41,62,107,46.3,4,8,1,4,11,-1.22,0.5,0.12,Low
7,2,7.6,86,39,33,26,51.4,5,6,0,6,77,-1.63,2.5,-0.98,Low
6,3,6.6,73,48,50,180,48.2,4,4,0,17,116,0.06,3.23,0.94,Moderate
10,19,7.8,87,72,46,78,35.8,1,0,1,7,55,-0.53,-4.1,-1.0,High
7,12,7.3,73,44,69,38,61.2,2,6,1,8,28,0.99,4.23,0.43,High
9,2,6.8,77,62,180,26,58.5,3,20,0,5,22,5.48,10.0,3.52,High
7,3,7.4,68,64,37,52,58.7,3,7,1,16,62,-0.51,8.41,0.04,Moderate
7,3,6.2,78,58,32,21,53.5,2,6,1,4,62,-0.09,-0.82,2.02,Low
5,4,6.8,60,42,14,76,65.1,4,1,0,20,34,-1.17,10.0,0.62,Moderate
0,3,6.2,77,24,88,93,35.0,1,4,1,12,33,1.77,-2.33,0.1,Low
4,1,6.2,74,59,48,122,58.7,2,8,2,2,60,0.01,6.56,1.59,Moderate
9,2,6.2,84,39,38,180,55.3,1,8,1,4,91,0.32,1.99,1.61,High
11,3,7.9,73,37,51,79,50.9,8,3,1,20,80,0.51,2.95,-0.4,Moderate
3,10,7.7,66,38,76,24,49.9,2,7,2,1,97,1.48,-1.79,-1.0,Low
22,11,7.2,73,75,47,76,45.1,3,18,1,2,42,-0.88,2.45,2.49,High
1,4,5.2,65,54,117,135,61.3,3,10,0,4,53,2.7,9.23,4.25,High
6,1,8.3,84,28,164,57,44.7,3,3,0,1,88,6.0,-3.24,-1.0,Moderate
7,3,7.2,70,40,82,42,43.8,1,7,1,4,64,1.64,-0.88,0.12,Low
9,10,5.8,57,34,46,99,56.1,3,0,0,1,64,0.62,-0.11,1.41,Moderate
3,4,5.9,71,46,79,24,41.0,5,5,0,1,3,2.0,-2.06,0.76,Low
4,12,8.8,75,46,53,36,38.2,2,9,1,17,26,0.47,-7.0,-1.0,Moderate
4,3,6.2,75,39,54,20,51.2,1,4,2,14,19,-0.64,3.46,1.32,Low
3,1,6.8,75,60,47,99,47.2,0,5,1,14,7,0.03,-6.06,0.67,Low
4,5,6.6,79,51,12,54,43.9,3,17,0,8,85,-1.26,1.54,1.27,Low
10,8,8.0,65,45,8,37,54.4,2,15,1,9,25,-0.79,7.71,0.69,Moderate
3,4,8.9,66,47,22,72,67.8,4,17,1,13,13,0.14,10.0,1.08,High
7,2,6.0,72,39,71,52,50.7,3,9,2,11,8,2.03,2.41,1.68,Moderate
8,4,7.4,85,53,56,176,59.3,3,4,1,20,66,0.48,2.24,-0.79,High
26,3,6.7,76,37,61,74,35.0,1,7,0,5,109,0.84,-10.0,-0.04,Moderate
6,9,6.6,73,50,85,106,57.2,3,21,0,8,113,1.69,7.77,3.11,High
7,7,6.8,71,62,22,112,48.6,4,11,1,2,36,-2.5,1.84,1.4,Moderate
2,1,5.5,75,32,37,76,35.0,6,21,1,3,55,0.75,-0.44,2.8,Low
11,2,7.1,92,43,79,81,49.1,3,7,0,5,55,1.27,-0.13,0.61,Moderate
2,11,6.7,85,31,73,39,54.0,4,10,1,6,106,0.5,6.8,1.08,High
19,2,6.1,72,54,8,30,44.7,4,3,0,3,38,-0.69,-2.03,0.23,Low
12,5,5.5,73,36,100,75,63.2,4,5,0,12,118,3.39,7.56,1.83,High
7,7,6.6,78,19,92,83,47.7,3,1,2,20,40,1.96,-2.09,0.63,Moderate
9,8,6.8,74,43,39,65,42.0,7,1,1,12,180,0.17,-5.25,-1.0,Low
3,5,7.6,77,26,84,27,35.0,4,4,3,13,173,1.24,-8.08,-1.0,Moderate
7,6,6.7,71,28,49,28,57.1,2,6,2,19,62,0.54,5.03,1.73,Moderate
15,9,6.7,81,48,109,42,49.3,1,9,0,8,60,2.3,5.24,1.86,High
9,3,6.8,87,23,108,26,50.3,7,21,1,11,101,3.91,3.72,2.15,High
13,8,7.9,67,41,24,48,40.7,4,3,1,3,85,-0.22,-5.39,-1.0,Low
10,16,7.1,73,43,40,41,43.1,1,6,2,3,51,-0.4,-1.93,1.12,Moderate
4,7,5.4,66,12,68,147,45.2,0,15,0,2,26,1.13,-4.13,2.08,Moderate
6,6,7.4,64,43,11,55,37.6,6,2,0,6,134,-1.47,-5.2,-1.0,Low
11,5,6.3,88,31,75,142,45.5,2,3,2,5,59,0.05,1.17,1.39,High
12,10,7.8,71,51,119,57,35.7,1,9,0,10,59,4.47,-7.25,-1.0,Moderate
17,1,7.8,65,44,72,25,37.6,3,8,1,11,126,2.06,-1.34,-1.0,Moderate
5,6,9.0,72,42,48,69,48.8,0,1,0,9,34,0.33,3.63,-1.0,Low
9,7,5.7,68,51,67,80,43.9,4,3,1,5,23,0.13,-1.13,1.57,Moderate
5,7,6.0,70,54,34,13,39.7,3,3,0,16,150,-0.01,-5.39,1.49,Low
2,2,6.0,93,33,114,41,47.8,1,6,0,9,10,2.46,-1.19,0.7,Moderate
4,15,6.0,72,28,180,107,41.4,4,9,1,13,52,5.5,0.6,1.18,High
15,2,9.0,68,45,111,49,64.3,3,1,1,9,39,2.28,3.94,-1.0,High
5,6,7.2,75,40,36,56,48.2,2,8,0,4,62,-0.58,0.39,0.73,Low
4,1,7.5,62,55,93,103,43.8,2,3,1,11,9,2.03,-4.01,-1.0,Low
1,5,8.6,78,39,21,31,59.6,3,15,2,7,40,-0.32,6.81,0.55,Moderate
6,11,7.9,74,35,141,89,49.2,6,5,1,10,60,4.94,0.65,0.25,Moderate
3,7,6.6,61,49,78,19,51.1,3,7,0,3,171,1.74,-0.21,1.2,Low
7,6,5.1,65,51,47,54,61.7,2,3,2,6,106,0.52,1.7,4.14,High
6,5,5.9,70,25,90,47,36.5,7,2,2,10,11,3.1,-2.27,-1.0,Moderate
12,6,6.8,73,44,19,128,49.2,6,21,1,4,28,-1.21,2.09,1.95,High
11,4,7.8,74,41,41,171,46.8,1,7,0,20,61,0.3,1.6,-0.44,Moderate
6,6,5.1,67,34,166,89,47.3,6,7,2,13,37,5.24,-0.15,3.47,Moderate
4,5,6.3,67,50,126,70,50.0,5,3,0,3,46,3.15,0.97,1.06,Moderate
5,2,9.0,71,36,121,165,36.5,1,10,0,6,75,2.89,-7.19,-1.0,Moderate
8,5,7.1,55,52,76,29,51.2,6,3,0,3,109,1.06,0.77,-1.0,Low
13,13,5.9,78,36,76,51,60.6,2,1,1,6,92,3.12,3.67,1.4,High
11,8,6.2,65,37,58,180,61.3,6,2,0,19,171,0.06,6.01,1.81,High
11,14,5.7,71,54,180,119,42.0,3,12,0,1,168,5.82,0.4,3.8,High
4,8,5.2,82,71,180,39,39.9,3,5,0,6,17,5.97,-4.44,1.74,Moderate
5,3,7.2,75,44,53,139,48.6,2,9,1,2,53,0.14,2.78,1.06,Low
2,11,6.0,79,62,102,180,36.3,3,6,2,2,56,2.94,-8.1,0.84,Moderate
5,4,6.8,73,56,53,85,60.1,0,5,1,7,66,1.36,5.63,1.24,Moderate
1,13,6.7,80,53,57,82,57.6,2,5,2,2,11,1.17,7.47,0.76,Moderate
2,10,8.1,55,50,73,98,45.0,5,6,0,2,39,1.33,-1.17,-1.0,Low
4,8,6.5,84,50,14,30,48.6,5,7,1,6,47,-1.09,-1.74,-0.28,Low
13,1,5.3,80,47,180,21,44.5,5,8,1,9,66,6.0,-3.12,1.5,Moderate
2,7,6.1,70,58,57,81,60.3,3,3,1,19,25,0.04,5.99,2.97,High
6,3,5.5,67,46,36,36,35.0,2,6,0,9,23,0.54,-4.41,1.34,Low
6,10,6.4,73,56,68,125,46.0,4,3,1,3,20,2.04,-1.92,0.6,Moderate
21,11,7.1,62,53,18,43,41.8,2,9,0,17,51,-0.83,-0.96,0.79,High
21,7,8.3,81,72,98,180,36.1,3,4,1,9,154,2.18,-6.02,-1.0,High
6,8,6.6,78,47,103,164,54.4,2,8,1,15,76,2.15,6.13,2.02,High
9,5,8.1,75,32,29,64,58.3,3,3,2,4,32,-0.02,2.63,0.68,Moderate
2,7,8.1,77,59,34,100,46.8,3,2,1,11,42,0.98,0.17,-1.0,Low
4,3,6.5,67,40,3,70,36.6,8,11,1,9,106,-0.83,-9.24,1.67,Low
19,9,6.2,76,26,27,25,62.1,2,6,1,12,165,0.46,7.79,2.14,High
3,3,5.7,55,55,180,57,55.7,2,13,1,9,83,5.43,1.71,3.61,High
4,10,6.8,71,45,39,112,56.1,2,11,1,10,88,-0.93,8.49,2.47,High
4,4,8.5,63,52,45,78,47.6,5,2,2,7,37,1.06,-3.94,0.11,Low
18,7,7.8,74,48,148,37,42.2,2,7,1,13,118,3.08,-3.89,0.39,Moderate
12,5,7.1,86,18,111,130,50.5,2,4,1,11,142,2.54,-1.45,-0.61,High
3,1,7.0,74,41,74,131,46.1,0,4,3,7,29,2.27,0.38,-0.48,Low
3,6,6.9,71,45,105,48,48.0,10,0,0,8,46,0.79,3.26,-0.3,Moderate
7,1,5.7,70,41,31,81,41.5,2,5,0,7,18,-0.59,-5.77,1.05,Low
3,2,6.0,90,52,65,20,42.8,3,8,0,8,61,2.12,3.58,2.28,Moderate
4,1,7.3,62,40,72,6,49.6,4,9,0,3,64,1.07,4.2,0.93,Low
1,15,6.4,71,47,24,8,49.5,4,12,1,19,34,-0.23,0.82,1.48,Moderate
19,5,6.9,82,32,121,139,53.8,1,13,0,12,65,3.48,5.18,1.94,High
3,1,7.4,75,65,65,114,47.0,1,11,1,20,138,0.35,-1.34,1.48,Moderate
3,2,7.2,70,37,34,118,53.7,1,5,1,3,36,-1.44,8.32,0.23,Low
21,3,8.3,72,52,71,99,59.9,1,6,1,5,82,2.3,0.84,0.06,High
17,5,6.1,80,51,6,59,56.3,3,20,0,14,71,-1.44,6.6,3.78,High
2,5,5.0,73,35,81,70,56.8,5,5,1,11,101,1.15,0.9,1.57,Moderate
3,8,7.3,64,59,7,92,50.8,4,7,0,1,98,-2.35,4.81,1.7,Low
3,7,6.7,90,49,58,16,55.3,5,4,0,3,124,0.15,4.79,0.29,Moderate
10,5,7.4,70,27,44,16,50.7,1,2,1,3,135,-0.32,-1.05,-1.0,Moderate
16,10,6.7,74,46,107,10,49.8,5,5,1,7,27,1.91,3.28,1.58,High
4,6,8.0,65,25,29,60,47.6,0,9,0,10,11,-1.49,2.76,-0.58,Low
5,11,7.9,77,16,22,89,52.6,3,2,1,8,28,-0.22,3.48,-1.0,Moderate
1,3,6.6,64,43,29,17,53.1,3,2,0,7,90,-0.66,2.03,0.56,Low
7,7,6.8,86,46,36,59,40.5,3,7,2,8,52,-0.55,1.46,0.83,Low
9,3,5.2,84,55,26,34,39.2,5,1,0,8,79,-1.55,-7.03,2.3,Low
6,6,7.2,76,39,103,42,42.4,1,8,1,10,31,2.39,-0.52,0.58,Low
6,2,8.3,69,44,81,83,57.5,5,13,0,6,124,1.87,1.19,0.66,Moderate
9,2,7.7,73,35,41,31,56.0,5,3,2,6,93,0.86,4.1,0.54,Moderate
4,4,7.5,75,48,109,76,57.1,6,9,0,2,57,2.66,0.7,0.98,Moderate
3,4,7.4,77,35,57,6,39.3,4,15,2,9,32,-0.5,-3.39,1.74,Low
11,3,7.6,65,41,42,127,42.5,4,7,2,8,31,1.77,3.57,-0.56,Moderate
2,7,6.6,97,38,18,29,39.4,9,11,0,9,80,-0.34,-1.16,1.39,Low
1,6,5.9,82,27,128,9,35.0,2,3,2,10,52,2.72,-5.68,1.75,Moderate
6,8,8.4,74,15,159,133,47.4,2,19,1,11,140,4.36,6.88,0.16,High
7,4,7.0,63,26,62,56,50.0,6,1,2,7,110,-0.51,-0.14,-0.54,Moderate
7,9,6.7,84,18,54,64,40.3,3,3,2,7,25,0.35,-4.24,0.67,Moderate
1,10,6.9,74,62,68,67,35.0,3,6,1,4,180,1.14,0.94,-0.79,Low
4,3,6.6,60,46,87,26,51.0,2,10,2,7,157,2.71,0.98,0.05,Moderate
4,5,7.5,63,43,36,29,52.0,2,2,2,5,90,-1.45,-0.13,-1.0,Low
11,9,5.8,76,51,88,21,39.8,0,3,0,6,66,1.14,-9.55,0.81,Moderate
12,3,7.0,69,33,12,51,37.6,7,9,0,3,51,-2.21,-3.99,-0.3,Low
3,1,7.0,88,45,55,31,47.6,2,8,3,9,24,1.13,-1.14,0.87,Low
6,1,6.6,63,38,68,23,35.1,3,3,1,20,29,1.89,-8.35,-0.67,Low
2,6,7.9,82,44,17,35,37.8,2,4,1,18,64,-1.36,-6.75,-1.0,Low
5,4,7.9,75,53,71,67,43.5,2,4,0,4,69,1.77,-3.83,-1.0,Low
27,4,5.5,67,49,37,37,43.1,4,20,2,4,29,-1.11,0.5,4.01,High
2,4,8.0,72,47,88,128,43.1,2,11,0,10,80,2.39,0.61,0.07,Moderate
5,8,6.7,72,50,17,75,40.7,8,5,1,16,92,-1.39,-7.32,0.17,Low
5,4,6.1,58,27,43,11,45.5,4,2,0,5,23,0.56,-1.94,1.43,Low
6,8,6.7,68,43,153,79,48.9,6,13,0,9,165,3.2,-0.68,2.42,High
9,7,6.8,77,32,43,63,42.7,2,16,0,5,72,-0.75,-0.37,1.11,Moderate
6,9,6.8,87,57,42,105,57.2,4,5,1,7,92,0.12,1.86,0.96,Moderate
2,3,7.8,83,38,21,28,55.2,3,3,0,6,63,-1.58,-2.72,-0.39,Low
10,4,6.5,63,58,51,100,50.1,2,5,2,8,14,1.04,4.16,-0.33,Low
7,1,6.9,74,28,180,69,44.8,4,12,1,14,166,6.0,-6.03,1.45,High
2,1,6.8,72,32,116,22,46.0,8,17,1,8,33,1.26,-0.36,2.57,Moderate
5,11,6.1,57,51,126,68,60.3,4,5,0,7,68,3.47,6.11,2.45,High
11,16,5.4,80,32,149,53,52.5,3,3,1,3,77,4.65,1.15,2.18,High
2,7,6.7,57,46,64,56,53.4,3,10,0,7,24,0.3,0.97,2.23,Moderate
8,6,6.4,70,33,94,34,43.0,7,9,0,9,146,1.63,-0.25,1.66,Low
8,1,6.6,80,43,66,37,49.9,4,7,1,5,48,0.91,2.66,1.38,Low
2,7,6.3,97,41,50,70,50.8,3,7,1,3,84,-0.4,-1.89,3.18,Low
4,2,5.8,90,36,57,35,46.9,2,7,0,1,9,0.23,0.36,1.92,Low
3,1,7.4,72,55,16,59,54.4,5,2,0,14,56,-1.39,0.83,0.92,Moderate
11,6,6.4,74,55,120,84,46.8,1,2,3,19,58,1.76,-0.96,0.06,Moderate
1,13,7.8,75,50,69,38,56.3,2,4,0,5,11,0.8,1.27,-0.59,Moderate
7,9,5.6,66,33,77,25,43.8,4,9,0,19,131,1.39,-1.45,2.32,Moderate
8,2,6.1,73,41,103,48,37.9,3,5,1,3,74,2.96,-5.58,1.69,Low
2,3,7.6,75,24,55,20,43.2,5,2,0,5,180,0.33,-6.35,-1.0,Low
12,12,5.3,65,24,77,42,37.8,3,8,0,4,99,2.04,-3.72,0.43,Moderate
5,12,7.3,78,41,31,83,51.0,9,20,2,16,100,-1.38,0.61,2.0,High
3,2,6.3,67,40,19,90,41.9,3,5,1,7,63,-0.92,-5.08,-0.07,Low
6,5,6.3,69,29,88,57,37.2,5,14,0,2,32,2.69,-3.58,1.5,Moderate
6,5,7.6,69,30,94,24,52.9,2,6,0,10,39,3.02,0.55,0.44,Moderate
12,12,7.2,71,47,31,44,39.6,4,16,0,19,25,-0.21,-1.28,0.27,Moderate
9,5,7.2,77,45,22,24,50.5,2,15,1,6,135,-0.94,-2.84,0.93,Low
4,3,8.3,73,30,31,61,40.7,5,2,0,3,55,-0.64,-5.59,-1.0,Low
10,6,6.3,74,70,11,56,53.4,1,13,1,10,129,-1.21,5.38,1.6,High
4,6,4.7,68,53,57,43,55.9,0,6,2,4,44,-0.21,4.83,1.84,Moderate
9,2,7.9,80,25,30,128,50.7,2,4,1,6,85,-0.98,-4.37,0.76,Moderate
7,5,5.3,77,33,35,26,50.2,2,4,1,7,156,-0.27,-2.32,2.38,Moderate
14,5,7.3,77,58,11,25,37.7,5,19,2,1,21,-1.68,1.71,-0.21,Moderate
4,3,6.4,56,46,41,75,42.5,5,6,1,1,180,0.85,-0.49,0.12,Low
8,4,6.4,79,34,40,66,53.1,5,5,0,8,83,-0.27,3.53,0.82,Low
5,8,6.3,71,48,77,84,60.5,5,4,1,2,38,0.37,5.64,1.19,Moderate
4,11,5.5,96,39,78,57,57.2,5,9,0,5,70,1.48,5.04,3.04,High
7,4,6.8,73,67,25,20,50.7,1,5,0,8,78,-1.07,0.08,0.14,Low
3,4,6.7,82,40,113,93,47.5,3,16,1,11,29,3.34,-0.83,1.77,Low
9,5,6.0,85,51,3,27,44.7,3,3,3,3,138,-2.5,0.46,0.41,Low
3,11,8.4,83,29,36,87,47.6,3,18,2,3,151,-0.6,6.73,-0.89,High
14,12,7.5,74,38,34,100,55.6,3,2,1,2,115,0.14,5.66,-0.17,High
9,9,6.7,72,32,57,86,56.6,4,16,3,11,4,-0.32,8.95,1.51,High
11,5,9.0,80,48,116,52,43.4,3,5,2,5,41,3.41,-5.08,-1.0,Moderate
2,11,6.9,78,47,68,40,51.0,1,8,0,20,52,1.71,1.06,0.07,Moderate
7,6,6.4,90,46,33,67,54.6,5,3,0,6,168,0.78,1.93,-0.05,Moderate
1,3,6.7,71,21,82,44,36.2,3,15,1,3,51,1.82,-2.73,0.58,Moderate
2,6,5.5,87,36,127,99,55.5,4,12,1,3,138,2.08,6.07,2.31,High
18,6,6.1,78,45,69,93,43.8,4,5,1,5,89,0.68,1.34,0.32,Moderate
4,1,6.0,60,12,73,71,42.7,2,13,2,2,85,-0.21,-2.98,3.34,Moderate
16,3,6.4,68,32,53,99,42.5,3,4,0,4,100,0.47,-3.0,0.3,Moderate
2,3,5.8,72,41,130,90,53.8,3,2,0,4,13,3.71,2.33,2.47,Moderate
2,10,5.8,73,36,27,26,47.6,4,3,2,4,44,-1.09,1.38,1.08,Low
2,8,5.9,66,45,75,74,50.3,3,2,0,5,28,0.78,0.43,1.31,Moderate
10,8,6.1,59,20,143,32,46.1,3,7,0,6,130,3.89,-0.25,0.54,High
8,1,6.5,88,52,109,31,35.0,6,7,2,2,54,2.43,-6.51,0.37,Low
4,8,6.2,79,58,101,23,40.0,5,5,1,15,79,1.74,-5.33,1.99,Moderate
3,3,7.5,66,35,151,23,50.1,1,8,0,7,7,3.78,4.5,0.45,Moderate
12,0,5.5,82,43,57,59,59.6,6,4,0,12,42,-0.45,7.16,2.03,High
5,6,6.2,74,57,47,42,45.3,3,19,1,0,13,-0.22,3.97,0.53,Low
3,14,7.2,73,37,113,41,42.9,7,8,0,6,70,1.46,-1.8,-0.08,Moderate
7,9,6.9,77,58,28,41,40.0,7,3,1,2,43,-0.52,-4.81,0.05,Low
3,5,7.3,74,46,119,26,43.1,1,12,1,6,41,2.94,2.96,0.09,Low
10,1,7.0,81,40,94,56,53.3,2,2,0,2,50,3.38,-1.28,-0.14,Low
6,14,6.1,74,27,42,39,53.2,5,0,0,19,88,0.63,1.35,0.29,High
1,7,7.0,85,26,157,8,41.3,6,5,1,6,57,4.57,-3.39,-0.49,Low
3,12,7.4,78,45,19,114,43.1,3,10,0,7,12,-0.42,-1.83,-0.94,Low
5,7,8.6,79,46,53,41,44.0,2,1,1,8,68,1.15,1.62,-1.0,Low
1,8,7.5,75,42,180,62,53.5,3,7,0,14,47,6.0,-2.49,0.83,Low
3,2,7.3,56,51,48,77,35.3,1,1,1,4,154,-0.03,-6.56,-0.8,Low
3,3,6.7,68,63,73,47,52.6,2,10,2,2,50,1.11,2.08,2.44,Moderate
9,9,6.3,79,37,8,63,47.7,0,9,1,3,46,-0.22,-4.13,0.66,Low
4,2,5.7,73,59,73,153,54.1,1,10,1,10,180,-0.52,4.45,2.39,Moderate
7,16,7.0,81,29,68,114,52.6,2,9,4,12,23,-0.82,3.11,0.29,High
1,9,7.0,70,36,180,41,62.4,3,2,0,16,106,5.72,6.86,0.84,High
11,5,6.4,65,66,80,115,67.0,1,2,0,20,26,2.13,6.92,2.51,High
19,2,6.6,74,66,71,77,52.0,2,11,0,10,39,0.33,-0.06,3.12,Moderate
6,2,7.3,80,36,87,69,53.7,2,4,0,10,130,3.06,1.53,1.08,Moderate
16,9,7.1,80,41,35,95,55.3,6,21,1,2,41,-0.54,8.34,2.37,High
5,4,7.9,69,34,80,67,40.7,4,8,0,5,180,2.59,1.26,-1.0,Moderate
7,7,6.7,72,48,121,76,55.7,5,2,1,14,68,3.0,3.37,1.03,High
10,2,7.7,58,46,91,82,65.5,3,7,2,3,80,2.62,8.38,1.38,High
12,2,8.7,73,49,89,50,49.6,5,4,0,5,29,2.69,2.45,-1.0,Moderate
6,3,7.2,63,35,63,67,41.3,3,2,1,0,60,-0.58,-7.0,-0.78,Low
11,4,8.3,81,42,47,54,48.3,5,6,1,7,135,-0.42,-5.05,-1.0,Moderate
14,9,6.4,57,53,8,87,46.6,2,8,1,20,66,-1.92,0.23,0.97,Moderate
1,4,5.6,79,58,48,79,58.3,8,1,0,5,51,-0.22,4.99,1.4,Moderate
1,7,9.0,89,45,118,73,52.3,2,13,0,2,42,2.61,2.8,-1.0,Moderate
4,2,5.9,87,49,27,48,42.0,3,11,0,19,66,-1.32,-0.93,2.95,Moderate
2,11,7.0,82,35,115,87,54.4,3,3,1,6,33,2.22,3.22,1.27,Moderate
5,2,6.4,82,22,37,40,45.8,3,18,1,12,130,-1.49,1.59,1.11,Low
9,3,7.8,100,42,110,29,49.8,2,12,1,6,86,2.16,0.78,1.05,High
5,9,7.3,72,51,79,141,36.9,4,4,0,4,71,0.84,-6.63,-1.0,Low
6,2,6.9,65,43,66,68,36.5,8,6,0,8,52,1.76,-2.74,0.38,Low
3,1,7.1,70,57,55,58,50.7,2,6,1,7,180,1.77,1.95,0.72,Moderate
7,4,6.4,87,27,78,136,45.3,2,13,2,6,99,0.78,1.79,1.16,Moderate
5,10,6.1,57,66,126,58,51.8,5,14,1,9,20,2.32,0.56,1.4,High
6,4,5.7,91,52,33,67,50.7,0,7,0,8,64,-0.91,-1.55,2.95,Moderate
21,5,6.9,57,54,85,102,50.7,2,5,1,7,41,0.79,0.8,1.58,Moderate
7,1,8.5,78,58,38,54,50.2,5,6,2,6,10,0.31,0.27,-1.0,Low
6,5,6.8,84,40,30,40,44.8,4,6,1,19,45,0.83,-2.91,-0.81,Low
6,8,7.7,88,31,138,90,59.0,3,9,3,11,102,3.67,3.96,0.77,High
1,18,7.1,74,28,106,95,63.7,1,1,1,8,89,1.46,8.93,0.9,High
6,5,5.7,80,51,51,103,46.0,3,2,2,6,53,-0.57,-0.75,1.28,Moderate
9,10,5.5,85,39,51,83,62.2,4,21,0,7,16,1.76,8.73,5.31,High
17,7,8.7,70,45,43,18,48.1,4,12,0,7,16,-0.55,2.0,-0.61,Moderate
6,5,8.5,68,35,177,32,50.0,1,19,0,1,102,4.63,4.71,-0.56,High
10,4,6.6,72,59,34,49,38.4,2,1,1,8,26,0.31,-6.88,-0.85,Low
5,13,7.3,72,56,87,47,62.8,3,11,4,12,31,2.42,7.98,1.12,High
14,3,7.7,75,39,95,3,39.9,3,13,1,7,54,1.7,-2.28,0.99,Moderate
8,15,7.4,83,50,71,89,35.0,4,3,2,14,87,1.02,-3.31,-1.0,Low
7,16,5.2,69,51,68,121,50.7,4,2,1,7,54,0.28,-0.14,2.76,Moderate
7,4,8.8,72,49,17,78,52.8,2,17,1,7,133,-0.16,2.84,-0.28,Moderate
2,3,6.8,78,46,31,22,55.8,3,3,0,6,136,-0.26,6.14,-0.67,Low
6,7,7.9,75,29,85,36,54.0,1,4,0,7,50,1.46,5.16,-0.65,High
13,4,5.7,60,65,145,79,50.0,2,4,0,11,180,4.8,3.2,1.04,High
3,8,5.4,82,19,132,21,54.0,4,6,0,3,62,4.02,4.6,2.66,High
6,2,6.5,77,29,3,54,52.5,3,3,2,17,112,-1.9,2.97,0.27,Moderate
8,10,7.5,71,19,50,14,48.9,0,3,0,8,31,-0.52,3.14,-0.53,Moderate
7,5,5.8,87,38,34,124,54.8,4,5,0,6,73,1.2,0.69,1.47,Moderate
14,9,6.6,75,51,75,73,62.9,5,5,1,3,14,3.28,3.75,1.81,High
10,13,6.1,74,37,180,44,67.7,4,7,0,8,15,5.64,10.0,2.94,High
2,12,6.7,61,55,119,24,55.4,8,6,1,2,108,3.02,1.86,0.71,High
5,14,8.0,79,44,112,132,48.2,1,11,2,18,89,4.12,3.87,-0.46,High
16,3,6.3,58,43,156,67,51.1,6,6,0,7,34,4.7,3.16,0.81,High
6,2,7.4,66,59,32,102,37.7,3,7,1,3,54,0.29,-1.79,0.43,Low
5,3,5.6,73,44,35,81,46.5,0,5,0,10,16,-0.25,-0.47,2.92,Low
2,12,6.7,64,46,85,72,42.7,5,5,0,6,131,1.02,-3.89,1.68,Low
8,12,5.5,66,34,33,179,64.4,1,1,1,3,65,-1.05,9.71,1.97,High
7,12,7.1,58,49,80,16,42.3,8,16,2,4,180,1.4,2.45,0.6,High
8,3,6.5,70,49,39,52,55.6,2,7,0,8,28,0.39,2.1,2.62,Moderate
2,5,7.6,66,42,103,55,51.0,2,2,1,4,14,1.34,-0.33,-1.0,Moderate
2,6,7.3,80,72,52,180,48.2,3,7,0,4,180,0.38,2.68,-0.21,Low
2,2,7.7,82,21,16,73,49.5,4,4,2,4,30,-0.63,-1.67,-0.76,Low
8,4,6.8,73,50,47,25,49.9,1,4,0,16,43,-1.2,0.57,2.02,Low
4,8,7.2,92,44,123,21,52.8,3,5,0,7,28,3.43,3.49,0.25,High
5,4,6.6,70,42,34,14,48.6,3,13,2,4,23,2.09,2.07,1.11,Moderate
7,5,6.5,74,13,81,79,51.3,4,1,0,2,78,1.06,-2.69,-0.2,Moderate
4,3,6.5,63,31,66,91,56.6,2,4,0,3,174,0.91,8.92,0.7,Moderate
8,13,7.1,74,42,120,115,46.2,4,8,1,6,44,3.66,0.77,0.25,High
11,3,8.0,67,33,7,46,50.3,5,1,3,8,92,-2.32,0.97,-0.4,Low
10,0,7.5,85,38,37,10,44.1,3,8,0,10,99,-0.34,3.06,-1.0,Low
3,3,6.4,67,60,121,34,48.0,1,4,3,9,37,3.03,-2.1,0.28,Low
9,2,7.9,76,34,170,77,60.2,2,5,0,20,43,5.92,8.11,-1.0,High
2,4,7.7,76,33,101,143,55.2,2,7,0,6,62,4.18,1.18,0.97,Moderate
4,1,7.7,84,37,76,74,59.1,4,4,1,19,134,0.97,6.72,0.46,Moderate
5,2,7.8,72,49,48,82,43.8,2,14,3,2,88,-0.75,-0.13,0.23,Low
8,7,6.1,76,54,41,54,49.0,2,2,1,13,18,-0.64,-1.24,0.78,Low
8,1,5.9,71,55,11,30,35.0,0,4,1,6,145,-2.1,-2.6,-0.31,Low
13,8,7.4,62,27,63,25,47.4,4,0,2,12,30,1.57,-2.19,0.12,Moderate
9,0,5.1,78,21,104,156,54.1,3,10,0,1,25,0.95,0.46,4.34,High
1,2,5.8,61,51,75,78,45.3,2,15,3,4,171,-0.07,1.85,1.73,Moderate
23,8,7.1,68,30,49,4,45.0,2,21,0,2,13,-0.19,1.62,1.06,High
10,9,9.0,78,35,98,46,38.3,2,4,2,5,80,2.39,-5.71,-1.0,Moderate
3,4,5.8,68,49,90,56,46.2,2,21,0,14,75,2.15,2.49,3.02,Moderate
11,1,6.3,73,40,86,168,45.0,3,12,1,13,66,1.84,-2.15,1.2,Moderate
8,3,7.5,71,53,66,109,50.4,3,21,0,7,180,0.72,-2.01,3.21,High
6,2,6.0,77,55,58,132,47.8,5,2,1,5,18,0.41,1.9,0.96,Low
4,3,5.5,78,54,11,103,47.5,6,5,1,8,145,-2.29,-1.31,2.5,Moderate
10,8,6.8,67,35,58,180,43.0,1,6,2,3,7,0.65,-2.1,-0.2,Moderate
5,8,7.7,76,44,180,45,44.8,6,3,1,5,32,5.72,2.81,-1.0,Moderate
4,7,8.6,69,47,29,91,41.3,1,3,1,20,23,-1.61,-2.72,-1.0,Low
16,4,8.0,65,30,44,51,42.6,2,3,1,7,73,-1.64,-2.3,-1.0,Moderate
3,2,7.4,69,53,48,46,44.8,4,11,1,2,11,0.29,0.68,-0.39,Low
6,4,7.2,60,56,78,43,43.4,3,8,3,2,110,0.83,-1.24,0.04,Low
3,7,7.2,62,49,79,99,41.5,2,9,3,3,116,0.74,-6.62,0.81,Moderate
8,9,8.4,71,61,50,32,58.6,3,6,2,10,38,2.49,5.15,-1.0,Moderate
12,8,7.0,67,54,71,13,53.0,4,3,0,19,109,1.13,-1.25,0.6,Moderate
10,13,6.2,58,42,85,55,49.4,4,4,0,5,51,2.55,-3.14,0.03,Moderate
1,3,7.2,69,34,32,12,52.7,3,6,2,19,17,-0.28,3.88,0.38,Low
2,3,7.2,77,41,180,72,40.5,2,9,0,4,99,6.0,-5.2,0.29,Low
14,3,7.7,76,41,77,71,43.8,1,2,1,1,16,0.69,-6.84,-1.0,Low
2,2,7.6,80,60,23,67,51.3,2,3,0,8,45,0.68,-1.88,0.19,Low
3,13,7.7,62,43,50,66,40.2,4,3,0,5,6,-1.66,-2.18,-1.0,Low
3,8,6.5,80,21,103,143,35.8,3,3,1,10,23,1.79,-7.15,-0.05,Moderate
12,6,7.6,80,52,145,52,53.9,2,1,3,1,49,3.38,-0.52,-0.8,High
4,2,6.0,68,35,56,125,52.4,4,11,0,17,47,0.6,6.84,2.78,Moderate
8,2,7.4,59,34,86,125,47.4,2,18,1,4,65,0.6,-0.29,1.24,Moderate
4,3,5.6,75,45,68,7,46.0,4,4,0,20,86,1.46,-0.83,2.5,Low
18,1,5.3,75,44,13,80,57.0,5,2,1,7,17,-0.79,3.19,2.97,High
1,1,7.7,91,48,92,138,39.3,1,7,3,7,84,2.46,-4.67,-0.57,Moderate
4,3,7.5,55,36,29,135,54.0,3,5,2,2,116,-0.26,3.65,1.17,Moderate
8,2,6.4,85,55,60,120,44.2,1,2,2,5,161,0.63,-6.94,-0.27,Moderate
7,4,8.3,66,60,116,16,37.8,5,4,1,1,73,2.32,-1.66,-1.0,Low
10,6,8.0,76,39,135,56,49.3,7,2,1,9,95,2.1,-0.33,-0.95,Moderate
15,6,7.5,87,58,57,47,42.7,5,9,0,5,51,0.43,0.22,-0.23,Moderate
6,5,6.4,71,24,74,129,49.0,2,4,3,4,0,1.65,2.58,-0.58,Moderate
15,9,7.2,86,44,45,30,53.9,5,4,2,1,39,-0.82,4.09,0.59,High
7,1,6.3,60,38,120,60,40.4,4,2,3,9,49,2.57,-4.3,-1.0,Moderate
2,3,8.0,61,49,50,72,40.1,2,8,2,11,52,-0.33,1.38,-1.0,Low
2,3,6.4,68,55,19,18,35.0,3,13,1,5,8,-0.92,-0.07,1.41,Low
8,7,5.4,72,47,37,66,43.7,6,4,1,20,40,-0.58,0.23,0.04,Moderate
1,6,7.0,81,73,47,180,49.6,7,10,2,3,72,-0.5,-5.04,1.24,Moderate
18,5,7.7,68,27,82,40,42.6,3,12,0,16,108,2.16,-1.33,-0.37,Moderate
6,13,6.2,58,30,85,20,47.4,1,13,0,4,113,1.94,0.67,3.46,High
3,5,6.7,87,29,47,92,41.8,7,6,1,16,50,-0.01,-1.6,0.5,Low
13,5,6.5,66,33,25,64,49.1,4,4,3,3,108,-2.09,5.97,0.13,Moderate
6,3,6.2,71,50,85,41,43.7,4,7,0,8,110,2.18,-2.41,0.28,Low
15,13,7.0,68,43,57,118,50.2,3,7,0,2,46,0.54,-0.34,0.24,Moderate
2,7,7.1,86,33,10,77,35.7,3,7,0,11,71,-0.81,-7.22,0.32,Low
10,6,8.9,86,44,34,108,49.4,6,2,1,19,5,-0.59,3.63,-1.0,Moderate
11,5,6.1,85,37,90,167,44.1,3,15,0,2,50,2.24,-1.2,1.91,High
3,7,5.0,72,40,84,150,41.9,1,9,0,2,81,1.66,-0.45,2.08,Low
11,2,5.8,80,61,41,116,46.0,5,11,1,6,51,-0.15,-1.02,2.12,Moderate
4,10,7.4,77,42,15,52,52.2,2,5,0,20,12,-1.76,4.36,1.19,Moderate
5,9,7.2,74,35,47,39,60.6,4,5,4,8,57,1.88,6.65,0.06,High
8,7,6.2,74,64,106,30,37.0,4,16,1,10,7,1.92,-2.65,2.41,Moderate
14,14,7.7,75,52,70,97,44.8,3,12,0,12,168,-0.54,-0.75,0.03,High
12,4,7.5,76,37,50,139,40.1,5,14,2,6,47,0.44,-2.68,0.6,Moderate
3,5,7.3,74,58,93,10,43.1,3,1,2,2,37,2.12,-0.95,-0.87,Low
2,9,8.2,74,33,168,73,54.9,5,2,1,12,84,6.0,4.18,-1.0,High
9,1,6.8,71,39,53,54,35.8,4,3,0,4,47,1.55,-4.68,-1.0,Low
12,4,8.1,80,41,88,77,37.4,1,10,2,8,62,1.24,-1.91,-0.25,Moderate
8,3,5.4,85,57,64,116,42.1,4,3,0,13,81,1.28,-9.71,0.78,Low
7,4,9.0,70,58,106,102,38.9,3,1,2,8,45,2.4,-6.14,-1.0,Moderate
15,21,6.1,78,43,27,75,35.0,1,6,1,13,74,-0.2,-9.72,-0.5,High
9,3,7.8,72,57,33,65,38.9,2,1,0,10,61,-0.39,-7.32,-1.0,Low
2,3,6.7,72,64,69,28,35.0,2,7,0,8,27,0.99,-4.7,-0.28,Low
2,3,7.4,71,47,49,57,50.1,5,6,0,5,42,-0.02,4.47,0.26,Low
5,5,7.0,70,34,121,81,46.7,5,5,2,4,7,2.16,-1.8,-0.0,Low
6,3,7.0,87,59,86,70,58.8,2,14,1,15,96,1.24,5.41,2.7,High
1,6,5.5,72,59,129,180,49.4,2,8,1,10,90,4.02,2.82,2.21,Moderate
10,9,6.3,81,70,68,33,66.3,7,4,2,7,65,1.11,8.34,0.87,High
3,3,7.2,69,50,47,90,43.0,5,6,2,7,121,0.67,1.68,-0.28,Low
6,13,6.9,88,24,60,23,43.2,0,3,0,4,135,0.73,-3.88,-0.94,Moderate
10,7,7.1,55,51,24,99,67.3,6,1,0,6,52,-0.9,10.0,1.49,High
1,10,6.0,61,53,39,19,45.6,3,4,1,4,34,-0.17,-1.96,0.54,Low
2,3,7.1,68,51,46,42,54.2,1,17,0,7,42,0.26,3.55,2.18,Moderate
6,2,7.6,73,14,35,85,35.0,4,9,1,16,180,-0.42,-6.24,-1.0,Low
5,6,6.2,59,54,16,41,52.3,3,4,0,20,24,-0.19,4.29,0.91,Low
9,5,7.2,72,55,32,20,42.4,6,2,1,18,61,-1.51,-6.06,-1.0,Moderate
1,11,7.9,62,33,32,10,49.1,2,6,1,13,131,-0.98,-3.44,-0.33,Low
24,5,7.9,87,52,34,28,50.3,8,8,2,3,31,-1.29,5.34,-0.48,High
11,6,5.9,76,58,35,24,41.5,3,2,0,10,45,-0.1,-5.58,1.13,Low
3,3,6.7,78,54,31,4,52.6,5,5,1,12,57,-1.14,4.05,0.25,Low
11,4,6.2,56,50,87,57,50.7,4,9,2,8,79,1.85,-2.22,0.98,Moderate
8,2,7.2,79,29,124,77,44.7,1,10,1,5,11,3.08,2.09,0.05,Low
9,7,6.8,78,47,48,48,48.8,6,14,1,9,180,0.63,-0.54,2.54,High
5,0,5.7,55,40,32,22,44.1,4,2,2,1,46,-1.26,-6.16,1.57,Low
8,5,7.3,80,43,106,144,63.5,2,10,1,7,42,3.1,8.31,0.2,High
15,11,6.6,72,43,41,117,62.4,3,5,4,6,55,-1.11,-0.58,0.27,Moderate
11,3,7.1,98,46,18,149,56.0,3,12,1,16,65,-2.5,2.75,1.76,High
1,7,6.3,83,19,88,8,51.8,6,1,0,4,49,2.07,3.33,0.67,Moderate
5,8,7.0,58,40,83,118,52.9,4,2,0,10,128,0.9,2.04,-0.55,Moderate
5,4,6.1,74,43,23,75,62.7,6,6,1,4,45,-0.79,8.0,2.44,Moderate
4,5,6.8,71,38,48,65,42.7,4,6,0,10,11,-0.63,-2.2,0.0,Low
10,10,8.1,63,50,17,102,51.4,4,4,0,11,87,0.1,7.28,-0.72,High
3,13,7.5,68,59,80,46,45.5,2,14,2,20,141,2.34,-2.77,1.01,Moderate
11,5,7.6,81,44,138,47,51.7,2,11,1,5,42,2.34,1.15,-0.73,Moderate
8,3,6.5,76,60,48,28,44.0,2,8,1,3,134,0.02,2.5,1.03,Low
1,9,4.8,68,56,110,118,59.6,3,6,0,1,18,3.17,6.48,3.28,High
4,2,5.9,76,34,25,55,58.5,4,7,0,7,124,-0.89,2.16,1.89,Moderate
17,7,6.7,77,45,89,180,60.1,2,9,1,9,24,2.11,3.85,2.33,High
5,2,6.5,72,49,54,26,53.4,6,7,2,5,79,-0.4,4.81,0.65,Moderate
17,7,7.6,80,33,17,36,52.8,5,7,1,11,29,-2.42,5.17,0.71,High
22,12,7.9,75,48,23,45,44.6,2,1,0,11,99,-1.14,-1.74,-1.0,High
5,2,6.5,65,33,31,85,47.0,5,1,1,4,59,0.19,-3.08,-0.16,Low
11,2,8.2,73,42,113,119,46.8,5,3,1,6,17,2.17,4.0,-1.0,Moderate
4,5,7.5,55,23,85,61,49.4,3,9,0,2,83,1.86,2.25,0.58,Low
5,8,6.6,76,43,28,45,35.0,5,4,0,9,21,-1.42,-6.22,-0.91,Low
9,3,7.6,92,31,44,162,48.9,1,2,0,3,35,-0.82,1.51,-0.36,Moderate
5,2,7.0,66,60,65,86,50.6,1,4,1,16,28,-0.24,0.04,-0.25,Low
9,6,7.0,73,36,115,73,35.0,2,5,1,20,52,3.94,-4.47,-0.67,Moderate
8,5,7.9,64,66,180,8,38.2,3,3,1,11,26,5.3,-6.39,-1.0,Moderate
2,2,5.9,79,33,139,73,47.7,2,0,0,12,19,3.93,0.47,1.77,Low
3,3,6.2,74,49,10,17,51.1,4,9,0,20,36,-0.87,0.8,0.73,Low
0,3,7.5,63,15,121,39,45.4,4,2,2,15,76,4.35,-4.92,-0.99,Moderate
8,3,7.8,87,39,106,48,36.6,3,7,1,7,96,2.47,-4.91,-1.0,Moderate
20,5,7.3,63,39,50,18,66.7,3,14,1,12,4,1.07,3.67,2.49,High
4,14,5.0,82,28,82,138,55.6,2,4,3,7,45,0.75,7.25,2.69,High
8,7,6.2,73,52,13,23,45.5,4,2,0,5,32,-1.37,2.44,1.98,Low
3,1,7.0,58,55,74,63,50.2,5,10,0,11,37,0.48,2.66,1.61,Moderate
8,9,8.7,85,27,12,29,41.5,3,2,0,9,49,-2.5,-3.78,-1.0,Low
19,4,6.7,64,23,31,1,50.3,1,7,2,7,34,-0.63,3.48,1.5,Moderate
14,4,6.4,65,58,94,82,47.9,1,15,3,7,64,0.75,-0.17,0.48,Moderate
4,1,6.2,77,12,34,114,53.1,2,15,0,6,42,0.65,3.1,2.42,High
2,2,6.3,80,58,75,36,55.8,3,4,1,3,14,1.27,3.26,1.29,Moderate
7,2,7.0,63,50,81,11,35.0,1,7,0,17,60,1.58,-3.7,-0.43,Low
11,11,7.4,61,29,67,31,47.9,6,12,1,3,14,-0.65,2.36,1.2,High
7,6,8.1,64,52,51,100,57.9,4,15,1,1,123,1.46,4.09,1.22,High
5,1,5.8,69,27,81,54,45.7,2,6,1,10,146,1.58,0.27,1.66,Moderate
5,6,7.9,58,45,114,155,52.6,3,6,0,5,9,2.63,6.12,-0.19,Moderate
6,4,6.8,70,31,56,34,44.8,1,7,3,1,130,-0.73,-2.53,1.36,Moderate
2,14,6.4,76,44,90,31,44.4,2,17,1,13,35,2.46,-1.37,1.94,Moderate
12,0,7.9,69,23,119,37,43.5,4,12,2,15,152,3.62,0.06,-1.0,High
9,5,7.2,55,37,18,164,39.0,5,7,0,6,80,-1.95,-6.74,-0.39,Low
21,1,6.6,59,40,43,65,39.3,1,5,1,1,118,0.5,-2.34,-0.81,Moderate
7,19,8.2,61,69,46,180,41.7,1,12,1,10,37,-0.82,-3.95,-0.03,Moderate
13,7,7.1,80,38,28,74,47.3,1,8,0,6,54,0.27,-2.32,0.24,Low
2,6,6.9,70,76,58,17,59.7,3,7,0,8,57,0.2,8.47,0.52,Moderate
22,6,7.1,66,37,64,68,35.0,2,1,0,19,46,-0.07,-10.0,0.3,High
17,5,7.1,65,30,41,88,42.9,5,3,0,4,99,-0.22,-2.55,-0.25,Moderate
6,2,5.4,80,47,180,136,46.1,5,5,0,12,22,5.81,-4.01,1.27,High
15,2,6.3,85,53,53,86,47.1,0,3,2,6,147,1.66,-0.42,0.69,Moderate
9,12,6.6,85,36,77,180,50.2,8,13,0,5,75,2.16,2.69,1.86,High
14,7,6.0,77,47,33,68,48.3,1,5,0,5,25,-0.07,2.49,1.23,Moderate
9,8,7.6,96,36,17,12,37.9,6,4,0,18,180,-0.55,-5.96,-1.0,Low
4,7,7.2,87,28,140,90,56.9,5,8,1,7,29,3.87,5.37,0.31,High
4,11,6.9,82,60,42,44,44.2,6,2,1,2,44,1.13,0.08,-1.0,Moderate
9,7,7.1,82,62,83,32,42.0,0,17,0,4,118,0.92,-1.99,-0.05,Low
7,1,7.8,70,31,102,77,70.0,0,5,2,13,32,2.62,10.0,1.1,High
8,8,6.2,85,40,56,52,57.9,4,0,0,15,93,2.15,3.56,0.52,High
18,4,7.0,74,50,43,44,36.3,3,2,1,11,21,0.49,-4.56,-0.04,Low
17,20,6.0,66,41,53,136,48.0,1,2,0,2,121,0.05,-2.89,-0.2,High
4,1,6.0,55,54,170,97,49.2,1,12,1,11,93,4.1,3.2,3.4,High
16,6,7.9,72,35,48,42,39.1,2,7,2,8,163,-0.55,-2.04,-1.0,Low
11,3,7.1,69,39,34,55,36.5,3,13,0,7,55,-0.3,-6.06,-0.7,Low
2,1,6.2,76,33,37,75,46.1,2,7,0,3,9,0.25,-1.65,1.97,Low
8,3,6.2,60,45,180,33,39.5,3,2,2,4,103,4.32,-5.49,1.07,Moderate
2,2,8.5,65,46,35,134,36.8,2,10,1,3,87,-0.42,2.28,-1.0,Low
8,3,7.4,64,60,61,46,49.6,2,4,1,18,180,-0.22,2.49,-1.0,Moderate
8,1,7.2,76,35,46,13,55.3,5,4,0,3,19,0.19,4.31,0.88,Low
17,2,7.6,62,55,56,114,67.7,3,17,0,6,49,1.76,10.0,2.03,High
8,4,6.2,83,41,54,53,57.8,2,7,0,5,21,0.1,1.88,2.09,Moderate
3,3,7.0,78,45,37,57,41.4,2,6,0,7,72,-1.91,-2.97,1.42,Low
9,4,7.8,79,38,87,107,44.4,0,5,0,7,45,1.39,-4.34,-1.0,Low
2,2,8.6,74,20,83,27,55.2,2,1,0,5,89,1.4,3.76,-0.38,Low
4,1,7.2,88,34,180,68,43.6,3,5,2,4,26,6.0,1.63,-0.22,Moderate
15,5,6.7,82,56,52,90,48.1,3,5,2,6,67,-0.51,-0.4,1.26,Moderate
2,21,8.3,62,37,26,52,49.4,4,18,0,2,24,-0.73,3.42,0.28,Moderate
4,6,7.6,80,84,30,13,47.0,2,8,0,15,80,-0.68,-1.03,-0.69,Low
1,2,6.1,61,51,180,104,45.5,4,9,1,3,5,5.39,4.0,2.72,Moderate
1,10,6.5,55,68,70,70,38.7,6,2,0,4,5,2.05,0.83,-0.14,Low
16,3,6.8,59,42,28,37,60.9,4,7,1,5,117,-0.99,5.81,0.9,Moderate
6,6,6.4,68,20,51,68,48.6,5,4,0,9,34,-1.2,-1.18,0.89,Moderate
1,5,6.4,72,40,39,55,43.2,5,14,0,16,38,-0.31,1.3,1.29,Low
8,3,7.0,80,44,65,97,39.6,3,5,1,13,85,0.61,-4.78,-0.15,Low
12,8,7.7,69,61,19,49,58.4,0,17,2,7,95,-0.09,8.07,2.59,High
4,1,6.7,72,32,42,67,55.7,3,2,0,2,169,0.05,4.92,1.18,Low
11,2,7.0,68,26,158,66,54.0,2,5,1,5,36,5.09,1.95,0.07,Moderate
6,5,5.3,65,49,134,20,55.0,4,13,0,3,75,3.81,7.09,2.9,High
2,9,7.3,74,41,26,27,56.0,4,8,1,1,45,-0.28,6.88,0.66,Moderate
4,1,7.7,66,12,121,84,51.0,4,6,0,4,36,1.96,0.26,0.55,Moderate
4,8,7.3,69,47,76,58,60.2,4,13,0,19,88,-0.22,5.03,2.98,High
2,6,6.5,75,49,165,132,55.2,5,8,1,15,39,5.57,5.41,1.05,High
4,7,5.4,73,33,54,44,42.2,3,13,1,6,52,1.0,-3.9,2.75,Moderate
2,9,8.2,83,33,48,44,57.1,4,4,0,8,48,2.13,2.36,-0.39,Moderate
11,0,7.7,66,50,167,17,38.3,4,11,1,9,57,5.13,-6.2,-0.46,Moderate
9,4,6.9,73,49,82,60,46.7,2,12,0,12,34,0.78,-2.38,0.91,Low
15,13,6.9,97,50,91,50,47.4,1,2,0,12,63,2.08,0.6,0.53,Moderate
3,8,5.2,75,45,77,35,44.0,2,12,0,3,34,0.73,-5.04,2.09,Low
11,18,7.6,96,37,85,43,48.6,2,11,0,13,133,0.72,3.07,0.1,High
1,2,8.9,60,46,128,31,53.3,1,5,0,13,30,3.65,4.47,-1.0,Low
2,3,5.9,69,49,75,138,43.5,1,5,0,4,45,-0.2,-2.55,0.36,Low
5,5,7.5,66,42,41,20,35.5,5,5,1,10,11,-0.24,-5.21,-0.96,Low
19,5,5.8,81,34,108,180,41.5,1,12,0,4,106,1.92,-0.92,1.7,High
2,1,7.7,86,40,45,105,48.3,3,6,3,8,135,1.95,-5.79,-1.0,Low
17,4,6.2,82,31,21,29,49.2,4,11,2,4,28,0.38,-2.57,2.07,High
1,8,6.6,83,36,157,84,50.4,3,4,4,3,180,4.37,-1.13,-0.34,Moderate
6,8,6.0,69,61,61,55,52.3,7,18,2,13,150,1.35,2.26,2.78,High
4,0,8.0,77,44,47,146,56.4,2,19,2,6,59,-0.21,4.25,1.53,Moderate
4,7,7.2,98,37,87,13,35.0,3,21,1,5,16,2.04,-2.71,1.5,Moderate
3,5,5.1,75,61,26,66,45.1,3,5,2,6,90,-0.95,1.11,3.54,Low
4,11,7.1,87,45,105,101,52.2,4,7,0,1,133,2.13,6.56,1.32,High
15,13,7.1,68,45,61,93,50.4,1,5,1,7,70,0.67,1.76,-0.21,High
3,5,7.1,67,18,59,9,48.6,4,5,3,4,13,1.76,-1.84,1.0,Moderate
14,7,8.1,76,32,55,18,47.4,4,11,0,7,15,0.86,0.14,-0.18,Moderate
2,6,7.0,68,42,77,61,58.2,4,13,1,1,98,1.51,4.89,2.47,High
11,2,6.1,61,44,46,82,59.8,3,13,0,7,138,-1.61,7.28,3.06,High
18,9,5.9,76,34,39,92,42.1,4,10,0,11,10,1.21,-3.13,1.92,High
14,2,7.7,60,42,90,57,47.0,1,10,3,7,67,2.65,-3.32,-0.19,Moderate
2,4,7.2,64,54,107,39,63.5,1,3,0,11,73,1.47,6.97,-0.37,Moderate
5,15,7.3,55,41,111,152,48.5,0,2,0,14,11,2.62,-2.94,1.09,Low
24,6,6.0,76,33,29,36,55.8,1,6,0,6,113,-1.1,3.18,1.56,High
8,5,6.8,80,37,78,121,55.5,3,7,1,1,72,0.88,2.28,-0.11,Moderate
3,21,8.0,79,50,57,155,61.6,1,11,0,3,102,0.64,8.26,0.54,High
12,3,7.2,79,25,59,101,46.7,3,13,2,5,10,1.71,4.63,0.73,Moderate
4,1,5.8,87,35,66,151,48.2,3,20,1,6,13,0.28,5.05,3.6,High
9,3,6.2,68,27,67,26,42.1,3,21,0,5,47,1.57,-0.8,2.57,Moderate
5,1,7.1,59,22,20,66,48.0,4,6,0,12,29,-1.36,1.03,1.95,Low
10,4,6.8,83,54,13,43,41.4,3,4,1,3,43,-0.23,-2.45,-0.51,Low
5,5,5.5,67,42,52,43,51.7,5,1,0,6,130,0.46,0.63,1.66,Moderate
2,3,7.3,83,38,29,110,42.8,5,3,2,1,170,-0.29,-2.91,-1.0,Low
21,7,6.1,62,51,15,73,45.7,3,5,1,4,21,-0.04,-3.81,1.72,Moderate
7,5,8.1,55,39,94,31,43.8,3,17,0,11,40,0.52,-3.01,-0.21,Low
12,6,5.2,87,41,48,17,49.4,6,10,0,3,41,-0.25,2.82,3.54,High
3,0,6.4,76,37,36,74,45.4,5,9,0,5,2,0.41,-3.26,2.05,Low
8,8,6.2,81,69,61,29,42.3,4,11,0,13,41,1.0,-2.72,0.63,Low
4,6,7.5,71,44,60,46,39.2,4,2,1,8,7,1.3,-4.5,-0.73,Low
6,2,6.9,86,33,43,41,41.9,3,5,1,12,14,-1.08,-5.28,-0.73,Low
2,7,6.9,81,59,37,41,40.9,3,6,1,12,53,-0.51,-0.38,-0.1,Low
2,3,6.9,73,39,19,112,44.5,3,5,0,1,67,-1.69,0.21,-1.0,Low
3,12,6.6,77,31,34,100,42.1,3,11,1,3,20,-0.11,-5.47,-0.21,Low
4,6,6.5,69,85,102,25,38.8,5,16,2,8,68,1.36,-3.81,2.37,Moderate
5,8,7.5,69,50,57,29,51.8,2,10,3,7,92,1.07,5.22,-0.23,Moderate
5,9,6.5,72,65,109,100,59.0,5,7,0,3,180,1.62,9.17,1.79,High
2,5,6.5,69,58,48,34,35.3,4,8,2,8,91,0.43,-1.64,0.41,Low
4,18,8.6,81,46,44,85,58.5,0,4,2,9,45,1.75,6.28,-1.0,Moderate
12,6,5.9,74,76,33,154,46.1,2,15,1,4,36,-1.11,-0.63,1.49,Low
9,21,6.4,73,58,16,60,48.4,2,4,2,14,29,-2.41,-0.47,-0.76,Moderate
4,2,7.7,68,46,81,31,50.7,2,6,0,20,84,1.43,1.2,-0.58,Moderate
4,4,6.5,77,17,114,44,44.7,3,5,0,2,96,2.1,-0.83,1.08,Moderate
11,11,6.8,89,42,49,12,40.2,5,4,0,8,138,0.28,-2.29,-0.38,Moderate
3,5,8.3,80,42,7,14,54.4,1,14,1,7,27,-1.33,2.85,0.39,Moderate
1,5,7.7,68,39,24,50,36.9,1,5,0,9,34,0.57,-6.13,-1.0,Low
6,15,6.1,58,43,92,88,49.9,5,3,0,11,53,2.91,2.08,1.13,Moderate
8,1,6.2,67,37,47,94,35.0,4,5,0,19,36,-0.65,-4.06,1.4,Low
6,6,7.2,76,56,180,21,44.3,4,4,2,14,54,4.64,-7.9,-1.0,Moderate
4,10,5.3,78,46,51,16,54.4,3,10,3,4,39,0.27,1.81,3.12,Moderate
5,7,5.9,77,38,75,93,52.8,2,5,0,8,24,0.88,-2.16,2.33,Moderate
14,7,7.5,83,53,29,99,41.7,3,1,0,4,61,-0.4,-3.83,-1.0,Low
4,10,8.4,55,32,83,40,40.1,2,5,2,10,171,1.93,-4.05,-1.0,Low
4,10,5.6,83,37,14,90,50.7,4,6,1,8,18,0.67,3.44,1.67,Moderate
2,5,7.9,87,31,64,36,46.0,1,7,0,4,12,-0.12,-1.4,-0.66,Low
5,6,6.1,71,38,64,16,45.5,4,17,1,17,30,1.63,-0.57,1.2,Low
6,5,7.1,98,33,80,66,58.1,4,4,0,6,66,1.74,8.4,0.85,High
4,1,6.4,76,49,17,156,42.6,5,7,2,4,80,-2.5,1.34,0.39,Low
4,10,7.5,74,28,49,48,43.0,1,8,0,17,119,-0.13,-5.4,-0.03,Low
14,5,6.8,71,57,13,91,48.8,6,10,2,7,144,-2.34,1.84,1.0,Moderate
7,5,6.2,81,35,30,18,65.1,4,11,1,2,63,-0.44,10.0,4.0,High
3,6,7.3,78,71,70,22,42.1,8,7,1,11,17,1.1,-1.02,0.21,Low
5,6,9.0,89,27,140,37,43.2,1,4,0,14,46,4.99,-2.77,-1.0,Low
11,4,8.9,83,46,31,90,51.4,3,9,1,6,110,0.52,1.53,-0.65,Moderate
9,17,7.9,60,33,8,94,56.7,3,5,0,9,40,-1.16,8.51,-0.74,Moderate
8,10,7.1,66,50,60,56,54.5,2,0,3,2,25,1.67,-1.87,-1.0,Low
7,5,7.0,84,50,122,117,49.4,5,6,1,2,14,2.34,5.91,0.52,Moderate
12,1,6.6,78,47,99,74,60.2,6,7,0,20,20,2.25,5.26,1.46,High
12,7,6.6,84,60,62,31,53.4,1,10,0,10,75,2.04,-1.5,0.39,Low
7,6,5.6,82,48,129,43,44.1,4,2,0,11,49,3.84,-3.15,0.4,Moderate
5,4,6.6,64,56,154,6,65.7,3,7,2,13,45,5.59,9.05,1.21,High
11,1,6.6,75,49,74,180,47.7,2,9,0,5,68,0.25,-2.57,1.0,Moderate
5,6,6.3,84,22,90,47,47.1,3,3,1,2,79,1.04,-2.31,0.17,Moderate
1,6,4.5,67,29,7,13,53.6,1,14,0,20,14,-1.65,5.87,4.7,High
13,5,4.7,82,51,72,58,44.6,3,5,0,6,6,1.71,1.88,2.6,High
16,5,8.1,61,46,68,93,55.4,4,8,0,6,49,-1.28,5.08,0.81,High
6,4,6.0,94,36,70,147,38.6,1,8,0,7,52,0.99,0.35,0.7,Moderate
6,3,8.1,66,55,90,22,41.4,5,2,2,6,129,2.36,-0.54,-0.69,Low
6,8,6.9,67,43,131,30,38.5,1,7,0,8,28,2.45,-6.51,-0.88,Low
5,9,8.3,81,46,94,136,43.3,3,5,0,5,25,2.7,-1.82,-1.0,Moderate
3,12,7.3,65,37,159,32,47.2,1,18,1,20,33,4.22,2.29,2.77,High
16,1,7.2,81,43,16,66,55.4,6,7,1,10,111,-0.34,7.02,-0.55,High
10,7,7.8,83,51,88,48,56.7,5,15,0,8,79,1.99,9.92,0.26,High
6,12,7.1,56,45,180,36,44.3,3,2,4,12,39,4.57,-3.96,-1.0,Moderate
5,6,7.0,75,53,63,68,42.1,2,3,1,17,72,2.1,2.53,0.03,Moderate
11,0,5.7,81,42,52,61,38.2,2,5,0,3,12,0.2,-2.83,2.24,Low
6,6,7.1,67,39,146,57,65.9,4,7,0,13,55,2.41,7.2,0.43,High
23,4,7.4,81,58,48,43,54.8,2,8,0,8,47,-0.1,5.3,-1.0,Moderate
3,5,8.2,58,27,9,180,54.5,2,4,0,1,52,-1.67,4.74,-1.0,Moderate
10,1,6.7,87,62,39,64,52.4,3,2,1,2,113,0.87,3.49,0.72,Moderate
6,0,7.5,70,54,113,63,38.2,0,10,1,11,3,3.66,-7.66,-0.34,Low
2,7,6.4,56,63,37,127,60.0,6,12,0,6,59,1.56,7.11,0.95,High
8,1,7.9,82,30,39,36,49.1,0,1,1,8,123,0.21,-1.37,-0.53,Low
2,5,7.6,74,59,35,19,46.6,4,11,0,9,33,0.27,-2.11,0.71,Low
8,12,8.1,84,41,17,116,42.7,4,5,0,8,129,-1.0,0.18,-1.0,Low
1,2,8.3,81,41,157,69,48.1,5,6,0,20,93,3.62,-0.88,-1.0,Low
1,6,8.4,84,64,43,61,57.6,0,3,1,7,151,0.91,5.13,-1.0,Moderate
1,7,7.0,77,60,2,23,55.3,5,14,1,4,84,-2.5,5.96,1.56,Low
13,1,7.2,76,40,12,28,35.0,1,13,0,3,107,-1.88,-9.54,-0.36,Low
6,14,6.0,64,36,79,103,45.5,0,4,0,2,125,2.06,-1.19,1.89,High
5,2,7.1,65,20,65,64,46.0,6,8,3,4,24,0.22,-1.29,-0.74,Moderate
9,14,6.6,55,51,143,56,46.5,4,19,0,4,5,4.15,2.84,1.72,High
8,4,6.3,78,44,59,12,38.7,3,3,3,9,7,-0.22,-9.34,0.65,Low
8,13,9.0,66,51,27,57,50.2,3,8,2,8,20,-1.42,1.92,-1.0,Moderate
9,3,7.7,68,34,180,101,49.4,2,8,1,3,5,5.99,-2.02,0.51,Moderate
6,9,7.9,72,19,26,30,55.0,3,13,0,6,40,-1.02,3.35,0.24,Moderate
4,2,7.7,70,49,82,29,49.3,0,8,4,9,70,2.13,0.48,-0.64,Low
5,4,6.7,76,31,47,41,53.4,4,8,0,13,76,0.27,1.15,1.5,Moderate
3,8,7.2,75,40,7,110,52.6,3,2,0,5,50,-2.5,3.62,-0.29,Low
3,2,7.3,62,63,75,54,55.0,6,4,0,5,28,1.4,0.57,0.02,Low
3,6,5.6,67,52,56,72,46.4,2,4,2,5,149,0.51,-2.67,1.24,Low
3,4,6.9,72,59,22,6,42.8,2,11,2,6,10,-2.5,0.44,0.23,Low
23,10,7.7,69,54,36,180,37.5,0,11,3,7,65,0.77,-3.53,-1.0,High
12,4,7.7,71,32,42,96,66.3,6,5,1,2,39,1.2,7.55,0.41,High
7,9,7.3,78,34,88,35,35.0,4,6,0,7,11,1.09,-3.22,0.4,Low
8,3,6.7,79,29,119,113,46.4,4,3,1,1,50,2.56,-0.5,0.43,Low
4,5,8.5,80,27,50,72,43.2,1,13,0,5,77,0.23,-0.97,-0.38,Low
2,11,7.1,64,64,78,93,43.9,3,13,1,3,128,-0.05,1.81,0.28,Moderate
6,1,5.0,90,38,11,71,51.1,3,4,0,5,93,-1.38,-3.38,2.73,Moderate
11,0,7.8,80,29,25,45,47.3,3,8,1,9,37,-1.18,-4.03,-0.49,Low
3,6,6.2,80,48,135,68,41.3,6,6,0,14,40,3.13,-3.21,2.16,Moderate
11,5,6.7,85,49,141,135,58.3,2,6,0,3,56,3.5,7.47,1.42,High
4,8,6.9,87,59,49,98,46.8,3,11,2,5,20,0.78,0.7,1.11,Moderate
12,12,5.6,62,49,69,81,44.4,4,11,1,2,46,2.07,-0.86,1.59,Moderate
4,4,6.4,70,52,80,109,35.0,3,4,0,6,43,1.3,-5.56,0.08,Low
4,3,6.7,91,38,49,91,56.6,4,6,1,15,90,0.36,5.6,0.8,High
7,6,7.0,77,50,78,54,43.3,5,3,0,2,36,1.12,-0.94,-0.47,Low
3,19,7.4,65,30,141,38,42.1,2,4,0,10,59,4.64,-2.72,-0.11,Moderate
6,4,8.3,83,48,65,24,42.5,6,13,1,5,165,2.17,1.45,-0.47,Moderate
12,16,6.3,84,52,67,111,58.7,3,9,4,3,113,0.35,7.07,2.23,High
8,14,7.1,89,63,10,35,44.0,3,2,0,13,70,-1.95,2.97,-1.0,Moderate
10,3,6.0,76,47,180,76,52.3,4,5,2,2,47,4.86,2.39,1.58,High
16,6,7.4,60,21,82,33,45.9,3,9,0,20,33,1.24,1.15,-0.52,Moderate
5,2,8.4,55,44,64,26,55.2,1,3,2,5,180,1.13,1.51,-1.0,Low
6,5,6.9,76,26,94,33,49.9,3,5,3,2,36,0.21,-0.04,0.81,Low
9,13,7.8,64,29,70,97,47.4,4,9,1,5,64,1.13,-4.05,0.6,Low
2,2,6.3,74,65,31,12,37.4,5,7,2,2,88,-0.32,-4.04,0.57,Low
16,4,8.3,81,50,85,20,47.6,1,7,0,20,97,0.67,0.66,-0.83,Moderate
16,9,6.5,64,52,111,92,65.7,3,2,1,9,5,2.5,6.39,2.4,High
1,2,5.9,70,54,28,60,36.5,3,3,0,5,16,-1.22,-10.0,0.44,Low
7,5,6.9,74,33,82,22,53.1,2,4,0,5,14,2.38,1.58,0.56,Moderate
8,3,7.2,76,47,85,92,53.7,2,8,0,11,49,1.21,3.97,0.9,Moderate
7,5,6.9,75,24,64,51,42.9,5,14,0,14,155,1.3,-0.46,1.12,Moderate
11,8,5.2,71,16,28,51,44.4,4,4,1,16,22,-1.31,1.09,0.27,Low
10,5,5.3,73,58,32,13,55.4,5,5,0,4,62,-0.77,0.11,2.64,Moderate
3,5,7.8,90,45,122,132,45.1,5,2,0,9,23,4.89,-4.99,-0.52,Moderate
3,8,5.4,61,63,19,71,52.0,4,13,2,16,37,-0.8,3.11,2.53,Moderate
17,1,5.9,83,39,79,47,56.4,3,9,1,6,48,1.94,3.14,3.15,High
12,8,4.9,72,28,53,115,38.5,5,3,0,6,53,-0.13,-3.53,2.23,Moderate
6,3,7.7,55,66,21,67,51.4,6,12,2,4,180,-1.94,6.81,0.13,Moderate
4,3,7.7,69,56,39,120,38.5,1,8,2,16,133,1.19,-1.02,-0.53,Low
7,14,7.4,73,30,20,102,35.1,0,3,0,19,78,-0.14,-0.9,-0.74,Moderate
14,0,6.2,69,51,15,74,35.0,4,6,0,9,14,-1.08,-9.69,2.23,Low
4,5,6.7,86,36,20,62,48.3,5,8,1,3,31,0.51,-0.34,0.73,Low
2,12,6.8,67,21,63,125,35.0,6,2,1,9,41,-0.22,-7.56,-0.21,Moderate
4,4,7.2,57,30,85,13,42.3,5,2,0,4,85,1.78,-5.28,-0.75,Low
12,4,7.8,67,55,52,35,45.5,3,3,0,8,101,0.31,-3.42,-1.0,Low
17,15,7.5,66,65,10,128,39.7,4,3,1,14,107,-2.5,-7.98,-1.0,High
11,2,6.2,74,16,64,31,49.1,0,8,1,8,42,0.18,0.31,2.6,Moderate
1,6,6.0,55,42,24,15,57.0,1,7,1,9,18,-0.96,2.78,2.38,Moderate
14,1,7.5,83,58,54,95,50.2,6,18,1,3,15,0.96,-0.45,0.86,Moderate
6,5,6.9,67,25,16,128,57.5,3,3,1,4,111,-1.44,4.28,-0.19,Moderate
4,4,7.4,92,62,116,135,54.6,3,7,1,20,135,3.63,-1.14,0.56,Moderate
5,10,6.4,69,33,106,99,40.8,5,9,1,17,12,3.09,-3.44,1.33,Moderate
6,6,5.0,84,26,7,62,38.7,3,2,0,6,180,-1.02,-6.65,0.81,Moderate
13,9,7.3,72,55,19,159,37.8,1,9,0,11,73,-2.11,-7.11,-0.49,Moderate
13,2,6.0,73,35,180,13,35.0,2,4,0,10,75,5.04,-5.54,0.12,High
5,14,8.3,64,48,121,30,62.1,1,4,0,7,87,4.04,6.6,-0.24,High
4,1,6.1,89,52,134,180,55.2,1,3,1,8,68,3.61,4.6,2.37,Moderate
13,5,6.3,80,20,83,121,43.1,5,7,0,4,109,2.54,-1.4,0.68,Moderate
6,5,8.5,73,49,52,37,45.8,6,21,0,12,13,0.82,3.42,0.4,Moderate
3,4,7.7,63,57,14,85,50.2,4,5,1,16,103,-1.27,2.76,-0.33,Low
1,1,7.0,68,54,151,21,50.8,4,9,0,8,55,4.45,-1.29,1.88,Moderate
3,6,6.3,81,25,51,24,42.1,5,2,0,7,94,-0.58,-6.09,-0.04,Low
18,2,6.9,62,12,121,103,65.9,5,1,2,14,6,2.32,3.31,0.65,High
1,1,4.6,77,56,41,49,45.1,3,9,1,7,22,0.14,1.28,4.01,Moderate
1,1,6.6,73,45,38,121,48.8,5,3,1,7,74,-0.04,0.04,1.08,Low
3,6,5.7,83,61,101,53,41.9,3,10,2,6,56,1.17,1.82,2.29,Moderate
10,3,7.4,65,52,32,23,35.0,5,14,1,10,9,-1.04,-6.41,-0.0,Low
3,10,6.1,76,36,64,61,35.0,5,5,0,20,65,0.21,-3.43,-0.42,Low
10,6,6.6,80,50,38,116,45.8,1,1,0,11,180,0.01,-4.47,1.11,Moderate
11,5,8.0,73,34,35,97,54.0,2,7,1,4,80,0.73,2.05,-0.19,Moderate
3,2,6.6,62,39,123,39,35.0,3,4,1,11,180,3.07,-5.28,-0.73,Low
1,5,7.6,88,32,47,79,70.0,1,7,2,8,6,0.28,10.0,1.04,High
14,18,7.9,83,41,112,86,51.8,4,19,0,4,30,2.36,6.37,1.53,High
12,4,6.5,82,34,131,30,50.5,5,6,1,6,180,5.02,-0.41,0.24,High
7,12,6.8,82,35,12,164,57.2,7,5,3,12,72,-1.09,2.71,1.07,High
2,7,5.6,76,28,34,51,56.0,1,11,1,11,114,-1.41,3.22,2.76,Moderate
10,8,7.0,76,34,50,93,49.7,3,5,1,7,86,0.89,0.6,-0.38,Moderate
8,5,6.9,75,45,26,59,62.4,6,1,1,15,101,-2.5,4.22,1.08,Moderate
8,12,5.7,83,52,115,44,54.7,1,2,1,6,86,3.55,1.13,0.77,High
7,3,7.0,80,54,67,24,35.0,6,5,0,20,163,1.1,-7.55,-0.86,Low
4,7,7.6,60,50,180,107,64.0,2,4,0,5,20,6.0,4.86,1.62,High
5,2,6.3,76,49,62,107,41.0,2,8,0,2,30,2.47,-1.78,-0.08,Low
3,5,7.9,61,33,4,90,57.0,2,4,1,7,142,-1.65,2.96,-0.16,Moderate
4,4,7.8,85,28,157,66,45.7,3,10,1,2,59,3.57,-1.57,-0.33,Moderate
24,10,7.0,71,36,56,44,52.3,5,20,0,13,31,1.91,7.72,1.26,High
1,5,7.9,55,67,64,57,52.1,8,3,1,11,112,1.14,4.97,-0.19,Moderate
4,13,8.0,77,40,152,35,44.9,3,1,1,17,69,3.58,-5.07,-1.0,Moderate
24,3,6.8,82,33,93,49,36.0,2,2,0,6,46,1.48,-6.43,0.3,High
9,4,7.4,88,49,62,40,54.1,3,9,0,4,142,2.53,1.26,1.36,High
5,3,8.6,65,47,74,39,53.7,2,10,1,2,76,0.66,5.55,-0.05,Moderate
5,7,6.6,76,47,169,39,50.3,3,7,0,9,34,4.21,2.78,1.37,Moderate
4,16,7.0,67,50,42,55,52.1,8,10,2,9,37,-0.67,4.86,0.67,Moderate
13,2,6.1,81,53,50,35,35.0,7,14,1,8,56,0.35,-5.85,1.0,Moderate
2,3,5.6,68,57,161,113,37.5,2,4,2,7,139,5.87,-5.24,2.28,Moderate
2,4,6.6,81,56,19,63,42.8,3,9,1,9,67,-0.67,-2.95,-0.75,Low
1,10,7.5,69,43,180,103,38.3,4,9,1,4,74,5.66,-2.45,-0.82,Moderate
6,7,7.1,65,33,41,72,44.1,3,2,1,6,127,-0.24,-3.2,0.35,Low
8,6,7.9,70,28,64,20,59.0,4,10,2,3,96,1.57,9.14,0.96,High
5,6,7.6,78,36,51,41,38.4,2,3,2,8,115,0.89,1.76,-1.0,Low
4,11,6.1,74,34,110,48,46.0,0,6,2,18,91,2.7,-4.32,0.47,Moderate
10,3,7.2,67,50,180,50,58.4,1,13,1,5,32,4.84,8.4,1.97,High
1,4,6.4,68,41,85,22,48.5,4,3,1,3,65,0.65,-3.92,1.39,Low
3,11,5.9,72,51,52,180,51.4,2,2,1,5,93,-0.47,-0.78,1.06,Moderate
7,5,5.8,63,12,110,103,49.9,3,10,0,9,23,2.92,2.64,3.14,High
9,2,7.5,67,42,44,116,45.2,3,5,1,2,40,0.09,-2.23,-1.0,Low
12,13,5.4,71,54,48,77,48.7,1,5,1,6,12,0.96,3.83,2.47,High
7,9,7.2,66,56,102,31,49.9,1,3,1,11,27,1.62,-1.53,-0.83,Low
6,4,5.6,83,48,5,117,48.7,0,3,1,7,83,-2.4,-1.35,1.6,Low
8,2,8.0,81,27,18,31,42.6,6,11,1,4,5,-2.5,-5.07,0.22,Low
5,6,7.4,68,47,134,35,44.3,3,8,2,4,24,2.29,4.23,-0.26,Moderate
8,4,6.8,89,59,84,88,68.1,2,4,0,8,172,-0.42,5.23,1.62,High
7,4,7.4,74,39,13,29,41.7,1,3,0,3,39,-1.36,-2.48,-0.71,Low
9,6,6.3,60,25,41,79,65.5,5,3,1,4,122,0.77,7.67,2.45,High
2,21,7.9,76,55,108,139,46.7,5,6,3,11,66,0.8,-1.85,-1.0,Moderate
6,5,6.3,72,35,36,48,48.8,4,3,0,13,180,-1.63,-3.67,1.17,Moderate
8,3,7.1,69,29,18,24,62.2,3,5,0,7,54,-1.02,8.03,1.16,Moderate
9,1,5.6,75,70,64,150,35.0,7,9,1,8,42,1.26,-3.09,1.12,Moderate
4,3,6.6,75,47,42,69,51.9,7,0,2,6,144,1.44,-2.25,0.94,Low
4,2,7.6,78,46,125,55,43.7,4,8,0,1,39,3.04,1.69,0.21,Low
6,5,7.5,71,25,52,157,52.2,1,4,1,6,140,0.16,2.92,-0.61,Moderate
1,6,6.1,70,37,18,180,35.0,4,10,0,6,49,-1.01,-6.57,0.51,Low
19,9,7.8,60,27,68,112,49.2,2,5,1,4,49,1.88,-1.73,-0.45,High
6,1,6.2,62,38,62,180,56.8,0,13,3,8,52,0.27,6.24,1.9,High
12,12,6.6,79,45,79,10,44.5,3,3,0,10,71,0.97,-4.65,1.13,Moderate
4,12,6.1,74,53,31,80,38.4,0,8,1,12,7,-2.07,-0.79,1.3,Low
6,16,6.3,79,44,87,50,43.3,2,12,1,7,40,0.5,-1.03,1.58,Moderate
7,1,5.6,63,39,58,92,60.2,6,6,0,6,84,0.37,8.4,1.69,High
13,14,7.4,82,48,67,50,60.8,2,21,0,16,141,0.23,8.19,3.05,High
1,4,5.2,79,49,48,48,52.7,3,10,1,2,155,-0.02,4.07,3.08,Moderate
9,3,8.1,88,34,101,99,49.0,2,2,1,13,143,1.42,-3.92,-1.0,Moderate
12,3,7.1,76,43,99,90,41.7,3,4,1,10,30,2.52,-2.51,-1.0,Moderate
4,9,6.9,75,34,21,30,53.7,2,3,2,12,33,-0.07,4.18,1.24,Moderate
3,7,8.2,68,62,124,180,48.5,4,21,0,0,51,3.5,1.41,-0.52,Moderate
7,11,8.4,75,35,13,40,45.5,4,3,1,4,180,-2.43,-2.71,-1.0,Low
8,6,6.9,81,50,176,80,47.7,3,4,1,6,68,4.87,5.02,-0.67,High
5,5,6.4,91,42,107,27,45.1,4,2,0,7,28,3.31,-0.24,0.59,Moderate
2,1,7.2,75,37,78,77,57.0,5,7,0,7,60,2.62,5.76,1.07,Moderate
1,2,7.0,74,75,84,68,50.9,6,10,0,7,92,2.66,1.71,-0.36,Low
7,3,6.1,66,61,123,33,60.1,0,3,2,8,33,3.64,4.51,1.18,High
6,2,7.1,91,38,24,14,51.9,4,12,0,8,92,-0.98,1.57,1.6,Low
2,9,5.7,89,52,64,180,43.3,6,11,1,6,50,-0.46,4.26,3.05,High
1,1,7.0,79,53,20,149,39.9,1,8,0,2,89,-0.36,-5.06,0.59,Low
2,8,6.4,72,47,20,73,50.6,5,2,1,5,16,-1.07,1.06,0.81,Low
3,3,6.4,69,29,20,6,49.8,4,3,2,2,68,-2.5,2.02,-0.25,Low
3,6,5.8,71,46,26,57,54.4,3,7,2,4,42,-0.75,-2.8,2.99,Low
5,3,6.5,71,31,89,19,49.6,5,16,3,17,33,-0.28,-0.2,2.16,Moderate
21,6,6.2,69,48,137,85,44.3,3,7,2,11,85,3.1,-0.48,0.73,High
1,4,7.2,91,52,12,24,66.1,4,1,0,3,4,-0.24,7.66,0.03,Moderate
10,2,7.3,65,36,79,21,70.0,5,6,1,20,58,2.41,7.38,0.88,High
12,9,8.0,80,45,13,78,48.1,4,12,1,15,125,-1.2,3.24,0.47,High
18,7,8.1,63,34,11,64,42.2,3,2,3,12,47,-2.04,-6.6,-1.0,Low
9,3,6.9,73,36,45,67,35.0,5,5,1,4,13,-1.08,-7.09,-1.0,Low
12,4,6.4,90,22,85,20,53.4,3,9,0,8,34,1.06,6.07,1.29,High
2,6,5.6,84,57,25,52,42.6,4,6,0,6,34,-1.14,-0.65,1.68,Low
12,6,9.0,75,37,14,11,50.1,2,3,1,4,27,-0.44,-0.01,-1.0,Moderate
4,3,9.0,73,41,37,47,35.0,2,10,1,11,48,0.09,-7.84,-1.0,Low
6,3,7.3,63,44,22,20,41.5,5,12,0,4,2,-0.45,-4.42,0.02,Low
2,1,7.8,85,32,81,37,35.9,2,6,1,2,112,-0.4,-3.65,-1.0,Low
3,9,6.9,58,51,78,13,50.8,3,14,0,2,18,0.73,1.95,0.83,Low
4,6,6.0,66,53,40,88,42.0,4,2,1,4,46,0.48,-1.52,1.72,Low
4,5,6.6,82,42,142,9,43.4,6,9,0,10,144,4.65,-2.99,2.69,Moderate
3,9,6.4,69,65,48,156,41.1,4,6,1,4,38,0.42,-6.03,0.24,Low
5,3,7.0,75,40,94,12,52.0,1,8,2,13,125,1.05,2.74,0.97,Moderate
6,13,5.9,70,51,123,122,46.7,5,9,0,9,107,2.42,-3.53,1.66,Moderate
7,5,6.8,86,62,8,64,43.7,1,9,2,8,49,-2.5,-1.59,0.5,Moderate
3,6,6.9,81,39,50,63,51.2,3,7,1,1,127,0.97,1.66,0.91,Low
18,4,6.1,64,47,44,56,45.1,5,8,0,20,180,-1.92,0.89,1.46,High
1,4,8.7,75,46,44,53,53.1,1,9,0,20,112,-0.71,-1.3,-1.0,Low
7,6,6.6,69,55,92,180,47.3,4,1,0,15,16,1.86,-1.91,0.07,Moderate
11,14,7.8,72,37,20,139,54.8,2,13,1,5,50,-0.46,1.37,2.24,High
5,2,5.9,81,36,30,26,53.6,2,19,0,14,33,0.64,5.56,2.63,Moderate
15,9,7.1,75,39,180,38,46.9,7,4,1,3,38,5.59,-1.22,0.24,High
5,1,6.4,70,33,102,41,52.5,4,4,2,10,19,4.39,5.47,1.29,High
13,4,6.8,76,64,76,27,57.1,5,8,1,10,68,0.41,2.76,1.55,High
2,3,5.4,83,42,119,101,58.5,3,11,1,3,89,3.6,4.54,3.55,High
11,2,5.9,74,26,58,47,54.4,4,6,0,14,83,-0.92,5.8,3.2,High
2,4,5.4,80,48,101,60,43.9,5,11,0,13,64,2.75,0.74,1.98,Moderate
12,9,6.9,68,44,32,180,39.8,1,3,1,11,108,-2.08,-4.03,-0.1,Moderate
17,5,7.0,79,43,72,12,56.0,5,2,0,4,150,1.43,2.72,0.78,High
12,6,7.3,92,32,29,15,47.1,6,1,2,10,65,-2.28,-2.26,-1.0,High
8,7,7.2,63,30,26,83,54.0,0,3,1,20,39,-1.36,0.03,-0.37,Moderate
11,13,7.8,99,53,38,32,50.5,3,8,1,5,23,-0.38,4.07,2.04,High
2,11,6.3,88,28,85,105,59.5,5,6,0,15,145,2.0,5.11,1.2,High
18,1,5.8,81,39,33,97,43.8,2,6,1,11,16,-0.12,-1.04,2.93,Moderate
16,9,5.8,72,28,129,151,46.6,6,7,2,6,117,3.81,-2.79,1.73,High
7,1,6.1,73,34,68,28,42.8,2,2,1,4,6,1.53,-7.43,1.85,Moderate
7,11,7.3,56,43,121,97,65.2,1,5,0,8,180,3.0,7.33,1.26,High
13,12,6.4,71,26,105,27,54.4,7,5,0,4,35,2.96,2.67,0.26,High
6,4,6.7,81,42,95,72,40.3,3,1,0,12,180,2.86,-5.4,-1.0,Moderate
5,3,8.3,69,43,61,63,37.6,3,3,1,4,33,0.95,-3.38,-1.0,Low
2,3,6.2,65,26,83,135,43.8,1,4,1,3,33,2.01,-1.85,1.39,Moderate
1,6,5.4,69,51,76,117,46.3,4,2,1,1,19,1.61,-2.91,3.18,Low
7,7,7.0,71,38,21,29,57.5,4,6,0,2,51,-1.32,2.7,0.41,Moderate
8,5,5.9,78,38,52,66,35.0,0,4,0,8,8,0.24,-5.64,1.32,Low
3,20,6.2,63,46,61,180,42.6,6,2,1,4,27,-0.14,-1.8,-1.0,Moderate
3,20,6.2,66,41,148,82,35.0,3,14,1,5,103,3.75,-3.56,1.45,High
9,7,6.4,69,45,96,107,41.7,7,3,2,6,67,2.19,-6.76,0.53,Moderate
13,12,6.4,69,51,91,167,52.0,3,15,0,5,52,0.82,2.04,1.27,High
1,8,6.7,71,56,49,62,51.0,3,3,2,12,37,1.26,5.56,0.01,Low
17,3,6.4,66,43,65,38,51.7,4,21,0,20,16,1.65,3.17,3.23,High
14,3,5.1,63,56,62,64,52.6,1,9,0,6,45,0.93,1.81,3.85,High
1,12,6.8,80,53,59,52,56.5,4,4,1,8,111,0.49,-0.58,1.07,Moderate
2,3,8.0,74,39,69,62,47.5,3,1,0,6,15,0.52,-1.89,-1.0,Low
2,1,6.2,88,43,48,73,48.4,5,10,0,1,93,0.18,-3.28,2.04,Moderate
3,4,7.6,74,36,41,96,57.1,5,6,0,13,28,-0.51,5.18,-0.27,Low
3,3,6.6,86,59,105,91,48.2,0,6,1,11,48,1.98,-2.24,0.72,Low
12,4,6.5,88,34,8,77,42.5,3,3,3,5,89,-1.7,0.29,-0.49,Low
14,6,6.3,88,55,70,59,36.7,7,2,0,6,55,-0.02,-2.08,-1.0,Moderate
11,7,6.6,77,35,14,11,36.8,3,11,1,5,180,-0.15,-2.12,-0.02,Moderate
1,1,7.8,76,68,64,21,52.0,0,7,1,10,76,0.83,1.29,-0.58,Low
6,10,5.9,69,34,39,42,35.0,1,6,0,1,34,-0.42,-9.83,1.09,Low
6,13,6.4,68,46,43,64,39.7,2,11,1,3,83,1.05,-2.38,0.73,Low
3,7,8.6,75,36,82,50,35.0,2,3,1,12,18,2.03,-7.17,-1.0,Low
8,4,6.3,66,29,85,31,52.2,5,2,0,6,42,1.41,-4.24,0.45,Moderate
6,3,7.2,73,38,167,39,58.3,2,6,1,9,12,4.55,3.99,2.25,Moderate
7,1,7.6,88,35,56,80,44.0,3,7,1,8,77,-0.43,-3.42,-0.94,Low
10,3,5.6,93,18,11,133,46.2,3,7,0,12,94,-1.34,-4.07,3.36,Moderate
1,6,7.6,64,57,35,49,58.0,4,7,1,13,25,1.14,5.89,0.4,Moderate
1,5,6.4,62,35,36,28,50.2,0,2,3,1,121,-1.86,1.8,-0.2,Low
13,6,6.7,74,45,130,64,53.4,2,5,2,10,14,3.77,-1.5,1.03,Moderate
6,6,8.7,84,45,79,31,56.2,4,8,0,3,17,0.84,4.9,0.16,Moderate
16,6,6.6,70,56,82,11,50.7,4,6,0,3,75,-0.58,-1.71,2.2,Low
13,3,7.1,79,39,13,74,44.1,5,4,1,12,58,-0.84,-3.07,-0.24,Low
9,3,6.5,55,48,5,65,45.3,2,9,0,13,180,-1.99,-0.08,0.71,Low
4,7,7.3,83,27,130,40,56.8,4,2,1,2,48,3.59,4.96,1.53,High
5,7,7.1,80,49,112,19,46.8,2,10,1,20,39,2.07,2.92,1.33,Moderate
4,21,6.1,62,40,139,38,66.3,3,4,1,6,30,5.11,8.0,2.92,High
3,1,7.4,84,43,114,15,43.3,1,2,0,1,16,2.5,-2.62,-1.0,Low
5,14,7.0,75,39,26,146,45.4,7,5,1,4,62,-1.64,-1.77,0.36,Moderate
11,10,6.2,79,38,101,42,45.0,3,5,0,6,77,2.1,-1.42,1.7,Moderate
14,9,7.6,83,43,68,47,55.2,4,9,1,6,54,0.02,5.35,1.36,High
1,6,6.8,72,30,122,38,42.2,2,7,3,3,28,2.09,1.49,0.77,Low
4,2,7.6,72,53,131,23,61.1,3,12,0,7,40,3.75,5.93,2.05,High
1,7,6.4,58,12,58,133,50.7,5,9,1,9,56,0.18,-0.93,1.27,Moderate
14,2,6.9,86,30,78,117,45.7,2,4,1,7,58,2.02,-1.88,0.19,Moderate
11,4,7.3,64,43,69,57,57.0,4,13,1,9,53,1.77,6.67,0.49,High
7,1,6.2,64,42,134,57,40.5,2,11,1,8,50,2.81,-4.06,0.46,Low
3,4,7.3,76,64,41,35,35.0,2,8,1,3,85,-0.12,-6.3,-0.68,Low
5,1,5.9,69,44,104,21,46.0,2,19,2,4,35,1.74,2.04,4.78,Moderate
19,6,6.6,69,66,25,64,50.2,2,3,1,6,62,-1.91,6.8,0.17,High
6,10,7.3,59,62,62,110,48.5,2,2,3,4,64,0.5,1.83,-0.29,Moderate
7,3,7.1,75,41,76,145,35.1,3,3,0,4,2,0.84,-6.58,-1.0,Low
1,2,7.0,65,42,61,56,46.6,4,10,1,3,133,0.93,-2.51,0.41,Low
1,13,8.8,75,39,105,31,55.0,2,6,0,6,52,2.78,0.63,-1.0,Moderate
2,6,8.3,66,48,37,123,44.8,6,13,0,6,57,0.58,-1.16,-0.86,Low
3,4,7.5,75,53,26,82,57.8,1,13,0,20,68,-1.15,9.54,1.69,Moderate
4,3,7.1,70,39,146,180,59.4,4,4,0,3,79,4.44,8.05,0.63,High
5,5,7.4,65,53,22,82,53.5,3,9,2,2,117,-1.5,7.52,0.87,Moderate
9,10,8.3,72,32,57,177,52.8,1,7,2,2,103,-0.21,6.41,-1.0,High
11,1,6.3,71,48,23,115,54.5,3,8,0,13,48,-0.71,2.67,1.17,Moderate
1,3,6.3,82,58,84,18,50.8,3,11,0,15,30,1.62,3.37,3.09,Moderate
2,5,5.7,66,29,31,96,41.9,0,2,0,2,38,-0.59,-5.25,1.53,Low
1,6,7.5,77,38,48,47,54.9,2,3,2,7,63,0.85,7.65,-0.76,High
6,16,5.6,84,38,31,101,45.4,1,6,0,6,67,-1.4,1.3,1.21,Moderate
12,2,5.8,77,70,88,126,51.7,4,2,0,9,44,0.48,1.74,2.57,Moderate
12,2,5.4,75,24,35,76,60.5,4,3,0,14,25,0.27,6.99,3.82,High
9,5,6.3,77,50,46,21,46.9,2,10,0,5,126,-0.16,2.2,1.15,Moderate
6,3,6.9,69,29,39,12,45.2,3,14,0,4,180,0.12,-3.12,0.32,Moderate
4,6,6.2,75,41,33,38,39.8,3,5,0,4,91,-1.7,-2.02,0.6,Low
7,20,7.3,86,33,34,163,43.7,9,12,0,2,13,-0.83,-1.36,0.76,Moderate
14,3,8.2,61,33,97,146,48.0,2,4,0,5,80,1.35,-5.43,-1.0,Moderate
1,2,7.6,67,45,90,84,50.3,2,5,4,11,90,2.08,4.53,-0.18,Moderate
6,12,6.5,71,80,99,180,35.0,2,10,1,3,13,2.61,-4.0,-0.86,Moderate
12,1,5.5,83,34,82,85,41.7,5,6,0,9,51,2.29,-1.93,1.92,Moderate
6,4,7.6,73,24,90,172,49.7,6,7,1,3,6,1.29,0.43,-0.19,Moderate
7,2,6.6,67,45,47,61,35.0,2,9,3,7,27,1.34,-2.8,0.35,Low
5,8,7.7,84,18,84,45,46.3,8,12,2,2,50,1.16,-1.75,0.19,Moderate
2,4,7.4,68,37,47,63,54.6,4,9,0,14,132,-0.16,3.76,2.06,Moderate
20,3,6.0,80,28,43,51,45.1,4,1,1,3,27,-0.27,-0.62,-0.36,Moderate
5,2,6.1,75,50,21,112,47.2,3,12,0,8,75,0.54,-3.69,2.74,Moderate
8,2,7.5,69,18,152,130,57.2,0,1,0,12,134,4.34,2.7,-0.99,High
1,7,7.6,65,47,153,45,43.9,2,2,1,8,110,4.36,-4.31,-1.0,Low
24,4,6.5,81,39,18,62,45.3,1,12,0,11,42,-0.26,1.21,1.56,High
5,6,8.0,78,42,180,43,44.4,3,4,0,11,130,4.41,1.66,-0.52,Moderate
5,8,6.5,78,25,131,17,52.5,2,3,2,12,110,3.5,2.01,-0.31,High
6,13,6.3,71,58,69,116,45.9,5,17,0,8,94,0.2,1.61,2.62,High
2,6,5.8,70,19,129,53,41.3,3,9,1,2,26,4.21,-4.61,0.92,Moderate
5,14,6.4,73,25,162,86,50.9,3,5,2,6,44,3.68,0.23,0.28,High
10,10,6.6,74,52,74,93,59.9,2,18,0,15,7,2.11,1.59,2.67,High
7,4,7.7,77,33,60,66,46.5,5,12,0,10,8,2.34,-0.61,0.82,Moderate
1,7,7.4,74,32,52,63,61.2,5,6,1,11,20,-0.18,2.77,0.13,Low
4,3,7.5,55,40,51,6,52.6,1,12,1,7,25,1.22,4.72,-0.35,Moderate
3,2,6.7,74,26,26,161,35.0,5,1,0,14,64,-0.43,-10.0,-0.7,Low
0,3,7.6,77,32,15,33,37.1,2,4,2,12,8,-2.09,-4.08,-0.42,Low
2,4,9.0,75,23,53,37,55.5,2,5,0,9,46,-1.09,2.03,-1.0,Moderate
6,7,7.6,71,65,53,16,41.4,4,4,0,5,62,0.19,-6.77,-0.21,Low
5,3,6.6,70,34,44,60,62.0,4,5,0,2,75,0.91,4.7,0.67,Moderate
5,3,8.5,88,43,16,24,54.8,2,14,0,10,41,-2.5,5.93,-0.08,Low
2,10,6.7,66,44,76,112,59.5,1,12,0,8,32,2.1,6.81,2.75,Moderate
3,8,5.8,80,43,10,32,51.1,8,11,1,8,27,-0.92,2.46,2.8,Moderate
6,2,7.5,65,48,111,14,51.8,5,2,0,6,54,2.71,2.06,-0.67,Low
10,1,7.3,71,42,26,135,43.2,5,8,2,20,40,-0.4,-5.37,1.64,Moderate
8,1,6.8,73,58,110,5,51.2,1,9,2,3,31,2.17,2.82,2.41,Low
8,14,6.0,63,66,54,45,45.5,3,2,0,10,34,1.47,-5.05,2.51,Moderate
7,9,8.4,60,40,110,32,36.2,4,20,0,11,89,3.64,-2.6,-0.33,Moderate
11,2,6.8,79,16,19,57,49.6,3,2,1,2,46,0.17,0.12,0.09,Moderate
10,7,6.7,77,36,44,116,42.9,4,10,1,12,180,-0.88,0.83,0.77,Moderate
3,7,5.9,76,29,19,143,46.1,3,8,1,10,66,-2.5,-2.65,2.03,Low
9,2,8.5,78,19,162,17,46.2,2,8,1,6,56,3.66,3.65,-1.0,Moderate
6,3,7.1,81,46,55,3,46.4,4,14,2,5,46,0.45,-0.29,0.33,Low
10,6,6.9,81,52,118,9,42.4,1,6,2,7,9,2.95,-5.97,-0.22,Moderate
3,8,8.3,69,38,29,36,36.7,4,1,1,6,11,-0.9,-7.35,-1.0,Low
7,3,8.0,65,50,57,74,54.9,4,2,1,20,35,1.01,3.47,-1.0,Moderate
8,3,7.6,71,62,70,112,55.9,2,5,1,14,77,0.57,5.64,-0.5,Moderate
5,1,6.8,73,56,106,9,56.8,2,6,1,4,24,2.03,8.93,0.81,Moderate
6,1,8.2,63,32,75,55,54.4,3,11,2,11,28,0.75,6.68,0.04,Moderate
10,3,6.4,55,35,13,88,55.6,3,4,2,13,56,-1.97,2.15,0.14,Low
1,4,6.5,55,43,180,66,50.7,5,1,2,5,48,6.0,-0.2,1.05,Moderate
7,1,8.0,77,45,134,74,53.2,7,15,1,9,20,4.14,2.99,0.26,High
6,6,6.5,78,54,77,141,49.6,2,8,0,8,51,1.26,1.19,2.35,Moderate
5,18,7.8,78,28,39,112,54.0,3,13,1,7,24,0.56,-0.15,0.54,Moderate
6,2,7.5,66,34,50,45,51.7,2,1,1,1,17,-1.11,-1.19,1.18,Low
2,1,5.9,73,43,92,48,43.8,4,6,2,2,12,0.83,-1.59,1.55,Low
3,7,6.4,69,59,94,32,35.0,4,6,1,7,23,1.04,-5.89,-0.23,Low
9,1,7.0,81,40,43,102,39.4,6,9,0,9,101,0.32,-5.8,0.2,Low
17,3,6.9,85,67,20,180,50.3,5,7,1,5,13,-0.52,2.04,1.07,Moderate
3,2,7.6,79,54,49,67,40.0,1,11,1,5,43,-0.23,-4.07,-1.0,Low
6,6,6.6,68,29,78,94,35.0,1,1,0,9,162,0.3,-3.0,-0.37,Low
11,4,6.3,81,12,46,29,36.3,4,2,3,19,54,-0.78,-7.88,0.53,Moderate
9,10,7.1,73,37,55,89,61.7,1,2,1,7,4,0.5,4.43,0.42,High
4,5,5.6,95,60,43,71,50.4,3,17,1,15,117,-0.24,2.67,3.73,High
4,7,9.0,76,51,100,47,51.6,5,6,0,3,24,2.54,1.03,-1.0,Low
9,21,6.5,85,33,44,110,48.4,1,6,1,1,104,0.23,-6.56,1.82,High
26,3,7.3,60,40,39,29,65.3,7,5,1,1,22,-1.8,6.53,1.86,High
5,9,4.9,66,36,26,43,47.5,3,13,1,4,56,-1.91,1.79,5.26,High
4,1,6.8,75,51,76,66,43.2,6,1,0,3,8,0.81,-7.83,0.43,Low
7,5,8.6,87,70,34,130,47.8,3,2,0,4,76,-1.3,-3.36,-1.0,Low
18,5,8.0,83,50,65,180,64.3,3,21,1,5,162,1.69,7.71,2.69,High
8,9,7.4,66,30,50,28,61.9,3,5,1,11,36,0.59,3.15,-0.65,High
4,1,7.1,73,49,58,82,56.4,2,21,1,8,59,0.66,8.72,3.31,Moderate
22,12,6.0,68,12,150,38,38.6,3,6,1,19,11,4.58,-4.18,0.5,High
8,6,6.3,75,41,180,100,58.3,1,4,2,19,51,6.0,4.16,1.27,High
3,0,9.0,76,35,61,69,53.9,3,4,1,7,159,0.55,3.33,-1.0,Moderate
3,4,6.5,70,31,13,66,54.2,2,4,0,6,34,-1.24,4.28,1.77,Low
4,4,7.1,78,50,11,71,55.9,2,21,0,2,130,-1.19,7.99,3.1,Moderate
9,6,7.3,63,16,132,77,54.1,2,14,1,4,48,2.69,4.16,2.05,High
4,5,5.9,69,42,147,59,42.2,5,3,1,4,100,3.39,-1.52,1.7,Moderate
1,1,5.8,62,34,50,22,55.7,4,15,0,6,16,0.02,4.76,1.92,Low
5,16,7.5,68,46,52,25,52.7,2,15,0,10,180,1.13,-0.69,1.38,Moderate
6,3,7.8,73,30,62,100,46.2,4,3,0,4,180,-0.88,-1.05,-1.0,Low
5,2,6.8,74,30,28,101,70.0,3,13,0,2,86,-1.58,7.87,3.26,High
9,4,6.3,77,51,9,67,48.5,4,21,0,3,43,-0.29,1.97,4.46,High
3,1,5.7,82,22,81,48,39.4,2,2,1,5,32,1.0,-6.76,0.59,Low
9,8,7.8,66,64,156,23,63.4,2,10,1,13,58,4.52,10.0,0.68,High
6,8,6.8,65,43,77,44,37.5,1,15,0,8,66,1.22,-0.97,0.84,Moderate
2,3,6.6,76,36,13,15,54.1,1,5,0,13,30,-0.45,7.35,0.72,Low
12,7,5.6,60,66,39,95,50.0,4,4,0,18,83,-0.24,-1.82,0.4,Moderate
11,14,7.5,84,31,81,79,56.0,3,11,1,14,164,1.81,-0.87,1.4,High
9,9,6.2,63,43,13,36,41.5,5,11,0,4,57,-0.98,-4.87,1.93,Low
5,1,7.3,75,39,28,121,39.9,0,16,1,11,61,0.12,-6.13,0.59,Low
6,9,7.2,65,32,19,122,40.8,3,8,0,14,64,-1.82,-4.05,-0.88,Moderate
3,11,7.0,90,27,31,54,53.0,2,4,1,7,48,0.65,2.26,0.02,Moderate
16,3,7.4,86,69,25,63,43.8,3,15,1,2,2,0.25,-0.93,0.9,Moderate
9,5,8.7,69,32,174,27,57.8,4,1,1,10,55,5.07,4.31,-1.0,High
10,14,5.5,72,39,102,18,42.9,2,4,1,6,27,1.77,-3.01,2.33,Moderate
0,2,6.5,58,42,13,72,49.8,5,7,1,8,72,-0.24,-0.96,1.38,Low
4,7,6.6,87,54,86,32,37.7,2,6,0,14,48,1.54,2.3,-0.0,Moderate
5,5,6.2,83,39,31,65,51.1,3,4,0,13,36,-0.67,2.14,1.21,Low
9,5,7.1,70,57,90,49,68.6,2,15,2,9,168,1.38,10.0,1.56,High
5,6,6.6,73,42,37,39,46.2,4,6,0,2,89,-1.06,-1.1,0.67,Low
8,7,7.1,79,64,110,90,45.8,4,1,1,7,118,2.88,-3.73,-0.25,Moderate
7,6,5.9,78,18,124,72,55.8,3,2,0,6,3,3.46,3.52,1.9,High
2,11,6.6,75,43,60,59,44.0,3,6,1,5,37,0.08,1.37,1.53,Low
12,1,8.0,84,21,3,96,35.0,0,18,0,8,8,-1.43,-3.27,0.25,Low
16,1,6.6,67,58,65,180,46.7,3,3,0,3,114,1.28,-3.05,-0.26,Moderate
8,17,8.3,68,25,180,25,62.5,3,2,1,2,66,6.0,4.98,-0.49,High
8,7,4.2,82,14,60,11,40.9,6,2,0,11,180,0.95,-4.46,2.79,Moderate
1,8,5.8,85,39,46,64,49.1,5,1,1,9,67,-0.09,-4.68,1.13,Moderate
1,2,6.9,77,63,76,79,41.2,1,11,0,5,34,0.73,0.05,-0.17,Low
4,4,6.8,68,30,133,14,51.4,5,3,0,1,21,2.56,2.6,0.32,Moderate
2,9,7.1,69,30,13,131,48.8,4,5,2,6,49,-1.84,-3.53,-0.92,Low
3,4,6.9,72,40,108,68,67.9,5,10,1,20,42,3.15,9.92,2.47,High
9,3,7.2,74,42,44,76,60.3,3,3,0,6,33,0.82,8.57,-0.35,Moderate
9,5,7.1,84,41,68,30,51.3,3,5,1,5,67,0.8,3.66,0.69,Moderate
6,3,8.8,74,33,44,83,49.5,2,2,1,2,3,0.31,2.54,-1.0,Low
4,7,6.7,60,50,37,8,49.9,5,8,0,10,51,-0.15,1.58,1.8,Moderate
4,4,8.0,75,50,32,80,45.2,1,8,0,8,18,-2.43,0.76,0.36,Low
10,13,8.3,77,37,12,40,50.7,3,5,1,14,88,-0.82,-1.34,-1.0,Moderate
8,7,8.3,76,59,157,46,48.6,5,12,0,3,105,4.85,0.31,-0.66,Moderate
10,16,5.1,81,49,61,64,37.7,5,5,0,20,13,1.06,-3.77,1.0,Moderate
2,13,7.7,77,24,81,32,54.7,5,17,1,12,19,-0.29,2.96,-0.46,High
1,2,6.0,79,41,54,46,42.4,3,8,0,11,46,0.97,-5.46,1.2,Low
1,1,6.6,65,34,84,53,60.0,2,10,0,6,44,3.1,5.91,1.73,Moderate
3,8,7.0,55,56,39,180,52.0,6,19,0,12,71,-2.07,4.05,1.84,Moderate
8,11,6.1,59,42,57,65,44.4,2,1,2,20,22,-0.26,-2.63,0.47,Low
6,11,6.4,65,34,37,164,51.8,6,2,0,2,58,-0.77,-2.72,0.03,Low
7,7,6.9,79,34,103,87,42.7,2,1,1,5,41,3.03,-0.47,-0.2,Low
3,1,6.8,73,49,96,164,50.1,2,21,0,6,21,1.69,-1.94,1.47,Moderate
11,11,5.8,77,62,180,129,48.8,3,6,0,2,26,5.16,2.15,2.22,High
9,9,8.0,72,42,36,71,59.8,2,2,1,9,34,0.07,9.55,-0.32,High
6,3,6.7,89,46,89,99,52.0,4,2,1,5,108,1.26,2.11,-0.19,Moderate
2,4,5.8,78,25,42,44,44.8,2,6,1,4,116,-1.78,3.1,2.32,Moderate
5,3,7.0,77,52,71,40,40.1,2,6,1,12,11,1.91,-3.52,0.62,Low
4,13,8.7,55,49,47,40,53.8,5,10,1,4,44,-0.13,7.53,-0.08,Moderate
3,4,6.2,69,51,85,38,45.8,3,3,0,19,87,1.63,-5.31,-0.17,Low
9,2,6.3,81,20,52,73,35.0,2,11,2,7,26,0.87,-2.34,0.07,Low
4,3,6.4,79,33,84,19,36.8,2,1,1,4,84,1.43,-8.09,-1.0,Low
7,3,4.9,67,54,31,45,39.4,4,6,0,11,29,1.06,-3.79,1.61,Low
6,6,6.8,76,53,53,48,44.4,8,4,2,9,38,0.27,-4.17,0.73,Low
3,10,7.4,69,57,22,52,41.2,4,4,1,5,59,-1.51,-3.92,-0.37,Low
5,8,6.8,80,63,141,180,41.2,4,4,4,3,112,3.44,-0.96,0.07,Moderate
4,2,7.5,74,54,64,55,46.0,8,3,1,6,33,-0.22,2.89,-0.05,Low
12,6,7.2,67,49,72,70,45.2,3,7,0,8,21,1.41,-0.76,0.54,Low
10,4,6.4,78,43,133,76,56.0,4,9,0,7,5,3.28,4.95,2.57,High
2,14,7.8,74,66,53,28,41.7,2,4,0,7,53,0.28,-8.07,-0.6,Low
2,8,5.8,71,59,20,124,40.7,5,11,0,5,23,-1.04,0.59,2.2,Low
4,3,9.0,77,41,42,158,51.7,3,6,0,6,88,1.25,-0.66,-1.0,Moderate
5,1,8.0,55,44,94,20,39.7,3,12,1,16,39,2.28,-6.49,-0.56,Low
9,4,6.8,69,45,48,45,35.0,6,3,1,3,146,-0.47,-3.17,-0.65,Moderate
4,4,6.0,69,42,180,118,56.5,0,7,1,2,11,6.0,5.08,1.23,High
11,1,8.1,75,48,81,46,52.7,5,11,1,8,108,2.64,0.49,-0.75,Moderate
12,1,6.3,66,53,53,50,38.3,2,3,1,2,104,-0.42,-2.79,0.83,Moderate
2,3,6.7,67,13,25,66,43.5,5,7,0,5,62,-1.76,1.07,-0.8,Low
13,7,6.7,66,41,109,27,51.4,1,9,2,10,62,1.66,4.85,1.55,High
12,13,7.2,64,56,41,19,47.8,5,11,0,13,69,-0.83,0.43,0.48,Moderate
3,5,6.6,76,45,6,36,54.1,1,4,0,8,52,-1.4,-3.19,2.55,Low
3,7,5.7,81,55,144,34,54.8,3,7,0,2,33,2.88,0.15,3.43,Moderate
6,9,6.3,86,36,26,76,60.9,5,19,0,6,58,-0.64,10.0,4.01,High
27,14,6.9,71,46,27,45,43.3,2,3,1,9,26,-0.33,1.09,-1.0,High
3,15,7.3,80,37,0,124,55.3,4,3,1,15,54,-0.89,4.98,-0.46,Moderate
4,8,5.7,65,39,58,50,55.7,5,3,1,6,24,0.55,3.1,2.34,High
4,12,5.7,87,53,96,16,53.0,5,5,3,6,23,3.52,6.04,1.95,High
2,8,6.6,59,44,100,49,50.7,2,12,1,15,12,3.22,2.07,0.97,Moderate
9,5,7.0,83,39,25,114,54.5,4,2,1,7,92,-2.38,5.71,-0.28,High
4,6,6.2,91,39,52,110,42.9,2,3,0,1,52,0.6,-2.16,-0.29,Low
6,6,6.7,79,56,106,50,54.4,5,11,1,5,19,1.79,6.84,2.92,High
9,3,6.4,66,56,49,56,55.9,3,21,3,5,10,0.92,9.14,3.27,High
7,1,8.0,83,63,39,5,37.5,2,21,1,17,26,-0.7,-0.56,0.3,Low
15,1,6.8,83,23,32,70,51.8,4,3,1,14,10,0.65,-1.16,1.02,Moderate
4,7,7.3,92,33,126,180,41.2,6,6,0,18,180,3.2,-1.28,-0.33,Moderate
11,7,5.9,71,66,62,124,46.4,2,4,0,14,19,1.02,-7.07,2.52,Moderate
13,7,9.0,77,40,59,53,62.9,6,3,1,11,32,1.19,1.6,-1.0,High
2,21,6.8,84,32,95,37,57.4,1,7,1,4,88,3.87,4.17,1.32,High
4,2,6.0,59,56,86,15,41.2,4,7,0,14,25,1.0,-1.0,2.67,Low
8,12,7.2,73,48,180,116,53.2,2,6,1,20,2,4.94,0.51,1.24,High
9,6,5.8,73,31,7,78,46.4,3,8,1,6,180,-0.75,2.73,1.79,Moderate
2,4,6.4,69,28,37,45,57.6,2,7,0,6,103,-0.9,6.85,1.12,Moderate
4,4,7.3,91,50,46,180,48.6,3,6,2,20,53,-0.33,0.79,1.63,Moderate
9,7,6.4,79,48,113,35,49.3,3,5,2,9,21,3.48,-1.67,2.06,Moderate
3,2,7.5,70,40,22,22,35.1,1,10,0,5,20,-1.78,-3.98,-0.43,Low
1,7,6.9,71,45,115,130,44.5,3,13,0,10,64,2.83,-2.96,1.41,Moderate
10,2,7.7,61,32,26,21,36.1,5,4,1,4,160,-0.55,-4.07,-1.0,Low
2,8,6.2,80,43,149,43,42.6,5,2,2,9,84,2.58,-1.33,1.12,Low
12,4,5.8,60,44,2,104,53.9,3,1,0,11,15,-1.07,1.09,0.62,High
10,3,7.1,80,42,132,64,48.6,1,3,2,8,56,3.45,-4.39,-0.61,Moderate
6,4,6.2,59,53,16,27,37.3,3,4,1,6,102,-1.38,-1.97,-0.53,Low
27,10,7.5,71,65,64,41,52.5,3,11,1,6,38,1.95,3.25,0.78,High
8,18,5.1,68,30,22,73,57.4,1,9,1,8,165,0.05,4.36,2.28,High
14,4,6.2,68,36,23,152,35.0,5,7,1,14,14,-2.5,-5.23,2.15,Moderate
8,7,7.5,72,36,47,27,42.5,6,7,0,1,18,0.49,-4.99,-1.0,Low
4,10,7.5,63,39,91,36,45.7,3,18,1,12,108,0.84,-2.21,0.52,Moderate
27,5,7.0,78,36,16,24,51.0,3,5,1,3,69,-1.69,1.49,-0.45,High
3,9,7.4,66,38,49,74,50.1,3,4,1,9,96,-0.53,-0.13,-0.13,Moderate
1,3,7.1,76,41,33,143,55.2,1,7,1,20,54,-0.8,3.86,0.63,Moderate
2,15,6.1,81,33,35,69,43.4,1,1,2,5,30,-0.83,-4.11,0.85,Low
0,5,7.0,69,37,168,40,58.6,2,5,1,7,30,5.96,2.83,1.62,High
11,8,6.9,70,25,91,63,47.7,4,4,2,4,164,1.3,-1.29,-0.98,Moderate
4,6,6.2,82,47,138,35,42.8,0,8,4,3,102,3.53,-3.45,1.63,Moderate
6,7,6.1,78,55,41,82,47.8,2,13,2,1,153,-0.94,3.59,1.92,High
8,10,8.5,63,69,31,61,47.3,3,8,1,10,35,-1.55,-0.25,-1.0,Moderate
5,1,7.1,71,45,126,52,41.3,2,13,1,16,93,2.72,-0.49,1.06,Moderate
2,3,7.4,68,29,107,61,41.3,2,3,1,5,23,2.85,-4.41,-0.52,Low
1,4,8.4,79,51,140,81,54.6,3,10,0,5,173,3.13,0.62,-0.56,Moderate
14,12,5.7,65,51,56,56,36.4,1,6,2,10,63,0.68,-5.89,0.78,High
5,21,7.1,62,46,35,71,43.6,3,1,1,11,81,-0.11,-4.85,-0.38,Moderate
11,11,6.6,76,55,71,66,38.9,6,3,0,7,83,0.78,-6.82,0.59,Moderate
11,21,4.6,78,44,167,25,64.0,1,3,2,10,97,4.61,4.14,1.89,High
10,10,7.1,70,54,5,10,39.2,4,18,0,4,40,-0.21,-4.14,1.15,Low
4,7,5.8,65,27,104,7,44.1,4,7,3,16,44,3.19,-0.09,2.33,Low
4,7,6.9,80,62,16,35,44.1,3,5,0,8,118,-2.03,1.0,-0.28,Low
6,3,5.5,72,62,105,30,59.5,2,4,0,6,61,1.49,7.31,3.52,High
4,3,7.0,61,38,117,46,52.9,2,14,0,3,76,3.47,3.21,1.45,Moderate
14,3,7.1,81,38,180,14,35.0,4,2,2,7,23,6.0,-8.88,-0.6,Moderate
3,2,6.3,83,62,72,29,35.0,0,5,0,7,40,-0.06,-6.31,-0.38,Low
7,3,6.8,77,32,39,85,52.3,2,14,1,10,34,-0.6,2.05,1.19,Moderate
11,6,7.4,74,26,21,180,43.7,5,20,0,8,53,-1.2,-1.62,1.81,Moderate
12,1,6.1,82,40,89,28,44.5,3,3,1,10,31,1.59,-2.81,0.73,Moderate
20,12,7.0,67,37,60,107,46.6,4,19,0,14,25,0.75,-3.69,2.29,High
7,4,5.9,72,52,180,21,50.1,3,7,0,11,28,6.0,1.99,2.37,Moderate
22,1,6.6,80,48,40,76,50.8,7,1,2,8,78,-0.11,-2.03,0.4,Moderate
9,7,7.6,71,26,92,67,56.0,4,17,0,10,49,2.13,3.18,0.35,High
10,12,6.8,75,56,77,148,40.8,3,7,0,3,80,0.29,-4.76,0.92,Moderate
1,2,6.9,63,49,37,14,51.1,5,1,1,17,52,0.15,1.48,-0.53,Low
12,1,7.0,83,63,59,44,41.3,3,4,2,2,55,0.17,-5.12,-0.02,Low
9,12,5.8,80,45,180,180,35.0,2,12,0,16,6,4.27,-3.53,0.62,High
5,19,7.3,86,51,41,91,38.4,6,3,0,20,98,0.3,-4.35,-1.0,Moderate
7,6,7.1,74,62,37,146,44.3,1,2,0,11,137,1.03,-6.4,-1.0,Low
13,4,7.8,68,43,21,163,54.7,2,7,0,8,71,-1.29,4.5,-0.09,High
15,8,6.5,62,38,120,92,53.6,2,17,0,20,15,3.08,4.81,1.52,High
1,12,5.8,77,66,14,71,52.7,4,6,0,2,72,0.11,4.82,2.95,Moderate
7,8,7.5,84,39,180,8,55.3,0,5,1,4,18,5.79,10.0,-0.61,High
6,6,8.2,86,38,101,38,51.3,1,3,2,13,5,4.38,-3.45,-0.52,Moderate
19,2,7.1,74,43,105,55,53.8,2,9,0,5,70,2.43,0.95,1.63,High
5,5,7.3,84,42,56,32,60.1,3,19,2,4,64,-0.66,6.22,2.25,Moderate
12,8,6.1,70,44,76,34,63.1,3,5,0,14,11,1.77,9.91,2.4,High
4,8,6.2,69,12,23,99,49.5,2,20,1,4,76,-1.6,2.64,3.14,Moderate
5,2,5.5,57,43,105,29,39.9,3,16,1,5,29,2.05,-0.29,2.58,Moderate
13,5,8.1,77,47,86,52,70.0,4,6,2,11,79,1.72,8.67,0.53,High
5,4,5.7,88,49,31,97,42.5,1,8,0,7,68,-0.67,-2.07,2.48,Low
4,7,6.6,83,33,80,69,52.9,4,13,1,6,75,1.8,1.15,1.42,Moderate
7,12,6.6,96,49,29,76,57.1,4,12,0,7,30,-1.76,6.38,3.19,High
8,5,6.6,64,40,66,70,37.1,4,1,1,20,99,0.73,-4.78,-0.79,Moderate
6,9,6.8,73,48,180,114,55.9,3,4,0,7,35,6.0,-0.79,0.25,Moderate
6,3,9.0,77,45,102,114,59.5,1,9,0,1,27,1.82,2.7,-1.0,Moderate
8,4,5.9,69,37,107,180,46.6,1,15,0,20,55,3.3,-1.19,3.59,High
11,9,5.7,75,46,29,12,50.0,2,13,0,10,45,-1.26,2.57,3.8,Moderate
7,2,6.6,70,17,39,122,50.1,5,16,1,10,30,1.02,4.16,3.17,High
5,6,6.3,72,12,74,53,44.0,4,5,3,3,71,0.24,-2.18,0.69,Moderate
4,2,7.6,72,32,114,23,38.5,12,5,0,7,10,2.59,-0.79,0.14,Moderate
3,3,8.0,78,22,64,42,45.7,3,9,1,2,56,0.76,1.38,-0.66,Low
8,2,7.1,106,34,43,40,41.2,3,5,1,1,51,-0.88,-2.68,-0.54,Moderate
12,1,6.2,68,24,51,78,44.3,8,5,4,6,18,0.21,0.18,1.57,Moderate
9,7,7.3,87,51,35,24,53.7,2,10,1,9,50,-1.42,-1.96,0.39,Moderate
13,2,6.7,69,35,47,27,40.6,2,7,1,1,12,0.39,-4.63,-0.5,Low
14,7,6.7,82,53,12,78,57.0,2,10,1,6,111,-1.93,9.0,2.28,High
17,14,7.3,70,32,12,111,48.8,2,12,0,3,57,-1.09,4.39,1.07,High
9,4,6.2,75,43,82,5,60.9,3,1,0,7,133,1.98,6.6,2.05,High
1,6,6.7,81,43,37,60,45.3,0,9,1,13,70,0.33,-0.83,-0.0,Low
2,1,6.6,87,21,9,114,49.4,6,2,1,10,26,-0.85,-0.52,-0.78,Low
3,1,7.2,61,49,10,56,60.5,2,7,1,10,21,-1.96,10.0,1.3,Moderate
5,7,6.9,64,33,22,93,35.0,5,9,0,7,180,-0.91,-5.04,0.9,Low
4,9,7.8,92,36,114,29,66.6,4,8,1,14,84,2.0,10.0,2.25,High
11,2,5.3,92,40,36,36,40.0,3,8,0,7,47,0.12,-2.02,2.8,Moderate
9,4,8.3,75,41,180,80,69.1,1,21,2,17,68,6.0,10.0,0.45,High
11,14,6.4,80,38,74,21,49.3,4,1,0,17,19,0.43,-1.68,-0.37,Moderate
3,6,6.4,70,34,10,43,48.7,3,8,0,3,92,-1.3,-2.46,1.42,Low
8,1,7.2,73,56,180,70,53.0,1,7,0,5,47,4.78,2.74,0.15,Moderate
3,4,6.9,55,58,109,6,52.1,1,3,0,14,29,2.0,3.37,0.29,Low
6,9,6.7,80,63,45,178,35.0,3,5,1,1,117,0.28,-10.0,-0.49,Moderate
4,3,7.2,73,37,130,26,43.6,3,9,1,4,59,4.33,-1.69,-0.41,Low
14,11,6.7,68,52,25,21,41.6,4,1,0,8,109,-1.57,-2.83,0.0,Moderate
5,0,6.2,71,66,180,16,46.8,3,5,1,12,60,4.7,-1.73,1.65,Moderate
4,0,6.8,99,44,180,109,59.3,2,2,0,3,78,6.0,5.42,1.99,High
5,5,6.5,71,41,70,31,53.4,4,19,0,7,62,1.03,5.23,3.0,Moderate
2,4,7.6,80,52,41,34,53.9,5,5,1,8,109,1.22,3.7,-0.27,Low
10,5,6.8,60,80,8,24,41.6,5,7,0,8,29,-1.56,-4.47,-0.56,Low
7,2,5.1,77,46,44,47,51.5,6,8,0,6,68,-0.25,4.08,3.49,Moderate
0,5,7.1,73,27,180,41,45.0,3,14,0,14,21,6.0,5.85,0.28,High
5,2,5.7,65,36,11,29,47.2,2,3,0,5,44,-0.55,-3.19,0.8,Low
7,2,6.5,61,39,15,52,39.1,2,1,0,13,79,-0.62,-3.67,-1.0,Low
15,2,8.2,72,42,38,160,37.2,4,11,1,7,15,-1.95,-4.06,-1.0,Moderate
6,4,7.2,63,76,13,93,37.3,3,15,4,7,18,-1.43,0.21,-0.29,Low
8,9,5.6,66,37,28,21,41.8,2,7,0,5,127,-0.22,0.53,0.93,Low
22,5,6.5,73,42,37,100,53.7,5,9,0,20,31,-1.16,-3.9,2.21,High
14,4,5.7,73,51,83,113,58.3,4,11,0,4,58,1.89,6.34,3.06,High
15,9,5.1,88,20,9,105,45.6,0,5,0,5,72,-1.44,-2.83,2.29,Moderate
4,12,6.1,68,53,59,158,41.4,1,8,1,6,156,0.74,-0.9,0.9,Moderate
9,4,7.8,64,52,31,63,46.6,1,8,2,1,164,-1.8,0.65,0.05,Low
7,9,6.5,76,51,64,46,40.8,5,8,2,5,52,0.91,-1.58,1.58,Moderate
6,1,7.7,81,42,52,164,47.5,6,3,0,3,178,-0.51,-4.53,-0.45,Low
2,4,6.1,67,34,35,57,44.2,5,5,0,5,59,-0.66,-2.59,0.71,Low
17,4,5.4,76,34,47,42,62.5,4,9,1,4,44,0.66,1.86,3.15,High
12,6,6.2,101,35,93,109,54.3,3,2,1,12,173,1.73,1.46,0.61,High
3,12,7.2,68,29,63,180,49.5,2,20,2,4,78,-0.29,-6.42,1.38,High
4,4,8.5,86,55,84,40,50.8,3,12,1,13,101,0.43,1.79,-0.04,Moderate
7,9,5.2,68,48,176,126,48.7,1,15,0,5,117,5.3,1.0,2.71,High
4,4,6.7,78,22,108,143,49.5,3,1,0,10,91,2.31,-2.46,0.18,Moderate
2,11,6.5,69,47,79,16,55.1,2,6,0,13,4,3.3,3.84,1.93,Moderate
7,2,7.0,78,55,22,173,45.6,2,5,1,13,69,-0.21,-1.76,-0.47,Low
6,4,6.9,71,54,28,44,51.7,7,3,0,4,21,-0.11,3.59,0.36,Low
15,2,7.3,66,58,79,121,54.2,6,13,3,4,90,2.38,1.63,1.38,High
12,5,6.3,99,65,41,24,47.8,3,7,2,5,92,-0.5,1.15,0.79,Moderate
19,3,8.3,83,34,66,57,35.0,4,7,0,7,75,2.55,-3.39,-1.0,Moderate
4,4,8.5,73,36,99,44,57.5,6,2,0,20,75,2.54,2.06,-1.0,Moderate
4,6,8.5,70,46,142,104,51.1,3,4,0,3,49,2.55,1.15,-0.79,Moderate
12,0,5.7,89,51,57,25,54.3,2,14,1,4,61,-0.05,4.12,4.15,High
1,4,5.9,77,63,64,68,54.1,2,7,0,4,40,0.43,0.88,2.2,Low
6,9,6.3,82,45,61,36,46.8,1,3,1,11,15,1.48,-4.33,0.46,Low
7,2,7.9,77,60,61,26,52.1,5,3,0,13,47,2.15,-1.34,-0.81,Moderate
14,7,7.0,78,29,24,73,55.1,3,21,4,10,103,-0.42,6.1,1.25,High
12,5,6.8,55,49,18,14,44.4,1,14,3,14,60,-0.27,1.82,3.12,High
1,3,6.6,76,33,143,13,47.9,4,4,3,10,120,4.16,0.95,-0.31,Moderate
7,8,6.8,63,57,61,132,54.2,2,6,1,4,138,-0.06,3.56,0.84,Moderate
7,4,8.9,71,45,133,180,50.8,2,4,1,9,92,4.51,-1.56,-1.0,Moderate
10,1,5.8,75,44,25,52,55.9,3,17,0,3,62,-1.88,9.07,3.81,High
6,14,5.5,83,65,46,24,43.3,2,8,0,6,14,0.49,-0.42,1.92,Moderate
1,5,8.8,69,54,30,90,40.4,3,10,0,6,34,-1.19,-2.45,-1.0,Low
5,3,6.5,71,21,51,21,45.6,7,20,1,2,35,-0.6,2.25,2.4,Moderate
9,3,6.8,85,51,180,89,45.7,7,4,1,2,53,6.0,-0.19,0.49,Moderate
5,5,8.0,65,41,45,80,60.0,4,5,0,2,119,-0.43,4.01,-1.0,Low
3,10,7.8,66,53,87,48,54.3,3,15,0,7,114,1.76,1.51,0.35,Moderate
3,3,5.4,83,38,25,10,42.8,3,3,1,12,78,-1.73,-5.16,0.95,Low
9,5,5.9,72,17,93,79,46.4,3,5,2,9,34,1.31,-2.95,-0.27,Moderate
2,1,8.2,75,29,35,52,38.7,3,4,0,5,29,-1.16,-4.46,-1.0,Low
6,4,6.5,70,53,40,139,54.8,4,9,0,9,55,0.16,2.86,3.18,Moderate
6,6,7.0,85,67,81,127,45.0,5,9,3,20,98,1.32,0.41,-0.86,Moderate
9,5,7.2,78,24,33,16,44.5,2,2,0,5,61,1.2,-0.25,0.19,Low
9,9,7.3,72,36,37,80,55.9,2,14,1,4,102,-0.32,3.17,3.46,High
2,6,7.6,79,38,129,18,60.3,3,8,0,2,118,3.15,2.28,0.14,Moderate
9,4,5.0,79,38,33,32,49.9,2,1,0,5,34,-1.04,5.75,0.76,Moderate
9,2,8.1,92,51,74,52,48.0,1,9,0,2,93,0.13,3.35,-0.09,Moderate
4,13,6.0,68,26,175,55,35.0,4,3,1,7,72,5.63,-3.84,1.09,High
12,6,7.7,69,34,7,19,56.1,2,5,2,5,81,-1.2,2.51,-0.29,Moderate
3,9,8.2,94,48,53,153,49.5,2,3,2,8,47,1.68,1.62,-0.9,Moderate
13,19,6.2,63,60,132,118,53.1,3,2,1,0,6,4.02,0.32,1.46,High
9,6,8.0,76,41,22,180,35.0,1,10,1,14,98,-1.52,-0.64,-1.0,Low
8,2,6.2,63,48,154,64,61.3,5,9,0,3,84,4.29,6.75,2.76,High
6,4,7.3,67,46,56,10,43.5,1,7,0,11,99,-0.88,1.59,-0.37,Low
6,1,6.4,71,39,75,83,39.1,4,4,1,6,103,1.64,-5.85,0.3,Low
6,1,8.9,84,36,180,123,38.2,7,7,1,3,25,5.73,-4.35,-1.0,Moderate
4,10,6.8,79,46,10,83,48.7,3,5,1,2,42,-1.75,-1.81,0.12,Low
2,1,6.5,65,25,19,41,51.9,0,0,1,9,55,-2.3,2.48,0.17,Low
7,5,6.4,64,57,178,74,57.7,1,7,1,3,101,4.84,2.6,-0.17,Moderate
9,9,7.5,78,58,35,95,50.5,2,10,0,7,49,-0.14,0.44,0.5,Moderate
9,6,7.3,93,42,112,100,46.2,2,2,1,1,68,2.6,0.34,-0.16,Moderate
6,3,8.0,93,63,58,101,36.7,2,6,2,6,36,1.1,-4.4,-1.0,Low
5,9,7.9,72,50,120,79,51.4,2,9,0,3,3,0.99,8.03,-0.15,Moderate
4,8,6.5,71,26,12,8,52.8,4,8,0,5,19,-1.66,1.16,0.28,Low
4,2,5.9,76,46,60,63,42.6,2,2,2,7,88,0.26,-4.35,2.0,Low
12,4,5.7,88,36,67,53,43.8,3,17,1,4,47,2.6,-1.32,3.66,High
5,15,6.5,74,50,30,71,64.0,1,5,0,3,156,-2.14,7.68,1.22,High
8,2,7.6,81,53,35,23,49.3,5,4,1,20,30,-0.04,1.79,-1.0,Low
6,13,6.7,72,66,98,180,54.8,4,11,1,2,29,2.37,5.81,1.62,High
14,5,6.3,63,44,69,142,41.6,8,1,1,16,97,1.35,-3.56,-0.22,Moderate
6,4,7.2,71,40,71,17,42.0,4,7,0,14,15,1.24,5.01,0.14,Low
13,4,6.6,91,43,180,87,45.4,2,1,0,10,63,4.23,-4.92,0.8,Moderate
6,9,7.0,71,40,66,29,46.6,6,4,1,20,36,2.55,-2.04,0.7,Moderate
4,14,6.7,71,54,180,164,50.2,6,2,0,3,59,4.49,2.06,0.12,High
4,5,5.6,85,42,71,123,51.1,3,1,0,2,116,0.49,1.0,2.4,Moderate
6,4,5.3,69,39,149,8,60.7,3,2,0,4,37,3.76,4.27,4.34,High
1,4,7.7,58,48,79,18,54.0,2,9,1,13,56,2.24,7.35,0.53,Moderate
3,3,5.8,95,40,55,28,55.1,3,4,0,4,14,-1.18,2.86,3.62,Moderate
10,5,5.5,73,44,76,41,49.3,4,6,3,1,29,1.56,2.61,2.96,Moderate
6,5,6.8,70,34,90,98,54.3,2,3,3,2,60,1.71,4.07,2.19,High
23,8,6.7,76,39,30,72,49.8,2,3,0,5,135,-0.15,4.41,-0.2,High
12,11,6.0,84,42,180,46,42.8,7,6,2,8,7,4.4,-6.95,2.45,Moderate
4,8,7.2,64,57,139,53,42.4,4,2,0,17,60,4.07,-0.31,-0.15,Moderate
6,5,6.9,75,34,20,87,47.5,4,2,0,3,99,-1.07,-0.16,-0.18,Moderate
11,6,6.1,85,62,72,107,40.0,0,1,0,7,113,1.96,-6.97,0.76,Moderate
7,1,6.4,69,30,74,11,56.2,5,2,0,13,39,2.25,2.75,1.02,Moderate
6,2,5.8,72,33,67,74,43.8,5,19,1,1,80,-0.01,2.66,2.56,Moderate
8,5,4.5,73,36,40,96,38.2,3,4,1,2,56,-0.2,-3.32,2.91,Moderate
1,7,6.8,69,52,37,68,41.7,2,10,0,2,56,-0.14,-4.7,-0.06,Low
5,13,8.3,77,44,24,47,46.5,7,10,0,1,70,-0.89,-0.25,-0.64,Moderate
11,3,8.5,68,29,83,26,35.0,0,5,1,3,109,1.73,-4.71,-1.0,Low
5,14,6.4,78,42,85,40,51.6,3,0,0,20,133,-0.09,0.49,-0.45,Moderate
5,6,6.8,78,63,20,40,57.8,1,3,3,11,29,-1.66,4.87,1.38,Moderate
3,4,7.1,79,33,66,92,53.6,4,10,2,6,180,1.36,3.21,0.4,Moderate
4,3,6.4,68,34,16,67,51.3,1,7,1,1,42,-0.34,4.74,1.8,Moderate
8,5,8.0,89,22,44,85,56.5,5,4,1,6,42,-0.4,5.17,-0.29,Moderate
7,5,7.4,68,42,65,31,35.0,3,10,0,7,67,-0.02,-3.71,-0.43,Low
12,10,7.0,80,44,84,129,35.4,3,6,1,9,58,2.0,-7.71,-1.0,Moderate
8,5,7.2,72,43,96,89,51.8,0,3,1,14,14,1.58,3.69,-0.7,Moderate
9,16,7.1,70,32,123,121,51.2,4,2,2,1,49,2.11,0.89,-0.14,High
0,1,7.5,57,53,49,150,45.3,9,6,1,13,99,-0.16,1.25,-0.8,Low
3,19,6.6,77,25,61,20,62.5,0,12,0,7,112,1.54,8.25,2.01,High
2,6,6.5,80,38,113,39,47.1,3,4,0,7,66,3.15,-2.32,0.25,Low
7,4,5.8,68,56,140,84,63.9,3,7,0,2,160,4.08,10.0,2.87,High
16,7,7.4,84,42,122,101,47.7,4,7,0,9,68,2.8,1.66,0.09,High
1,8,7.0,82,30,43,97,53.9,2,4,1,17,89,1.52,5.15,0.83,Moderate
2,3,4.2,70,37,47,29,48.7,2,6,4,20,32,0.52,1.71,3.86,Moderate
9,11,7.1,86,54,94,36,40.3,8,10,0,8,13,2.11,-5.02,-0.07,Moderate
2,6,8.2,70,50,30,36,40.4,2,7,1,12,118,-0.44,-2.83,-0.29,Low
8,12,6.2,55,28,40,54,37.1,5,0,0,4,56,-1.15,-6.38,-1.0,Low
3,10,8.3,79,54,51,85,52.5,2,3,2,4,24,0.89,2.15,-1.0,Low
4,12,5.7,79,53,83,152,46.9,3,5,3,6,46,2.14,0.21,1.58,Moderate
3,5,7.5,70,39,12,30,35.0,1,1,0,2,19,-2.04,-5.32,-0.93,Low
9,2,8.2,89,25,47,15,37.3,4,1,0,4,43,0.61,-7.87,-1.0,Low
9,5,7.1,81,49,103,106,61.5,7,12,1,16,90,2.55,3.66,2.87,High
10,9,6.6,64,36,103,27,54.5,5,6,2,9,156,0.67,-0.51,1.81,Moderate
10,8,6.6,91,34,62,73,36.4,3,6,0,18,65,0.11,-2.15,-0.12,Moderate
3,9,7.3,84,35,97,41,53.7,1,0,0,3,138,2.52,0.95,-1.0,Moderate
17,1,7.2,68,47,133,15,51.0,6,10,1,5,180,2.69,1.35,0.61,High
4,12,6.4,77,55,88,17,51.9,3,4,1,8,24,1.35,-0.87,0.04,Moderate
24,2,6.9,72,36,51,14,46.9,3,9,0,5,88,0.14,-3.24,0.13,Moderate
4,0,6.4,71,35,102,23,45.9,5,2,0,14,153,2.91,-1.04,1.1,Low
2,10,6.9,67,63,64,178,54.4,2,5,1,8,47,0.31,-1.02,1.03,Moderate
3,11,7.3,72,56,76,76,52.9,4,6,0,8,9,2.0,-0.74,1.79,Low
9,7,7.9,77,44,69,41,56.8,3,6,0,6,142,0.54,5.65,-1.0,Moderate
4,12,4.8,83,45,21,40,48.2,1,7,0,6,60,-1.14,-1.48,2.46,Low
8,1,6.7,55,53,81,142,60.9,1,1,1,3,74,1.19,2.52,1.63,Moderate
3,5,6.4,88,44,34,79,51.1,7,5,1,4,7,0.04,3.26,1.13,Moderate
2,4,6.8,90,39,71,14,36.2,1,9,0,5,48,2.73,-4.6,-0.51,Low
13,4,7.3,76,51,23,19,56.5,4,5,1,11,84,0.39,6.51,0.77,Moderate
5,18,6.5,61,45,149,115,35.3,1,6,0,7,20,4.71,-4.62,-1.0,Moderate
2,3,6.4,78,43,80,14,44.9,4,2,1,20,43,0.37,-2.88,-0.37,Low
9,6,7.3,73,44,62,112,59.0,1,2,0,2,40,-0.47,8.02,0.89,Moderate
10,3,5.7,84,36,73,17,35.0,7,7,0,2,38,1.56,-6.63,1.52,Moderate
4,3,5.9,79,32,59,13,49.9,1,11,0,5,84,0.91,-0.36,1.72,Low
6,7,8.0,62,33,10,72,45.5,4,17,0,7,11,-1.42,1.45,1.35,Low
5,4,7.7,68,47,79,25,50.9,1,21,0,2,22,2.57,1.65,-0.09,Low
8,8,6.9,76,31,102,91,43.7,1,15,0,20,145,2.39,-4.43,0.92,Moderate
4,7,4.8,71,66,99,80,45.6,6,9,0,8,14,2.5,-0.38,3.02,Moderate
6,11,8.5,70,42,28,119,57.6,3,4,0,5,17,-1.54,3.36,-1.0,Moderate
3,5,7.7,85,63,44,31,59.2,4,17,2,12,30,0.28,2.7,0.78,Moderate
7,6,5.5,72,45,110,132,59.6,4,1,0,8,87,2.55,0.94,2.2,High
3,11,6.8,72,55,84,95,36.9,3,7,2,9,55,1.2,-4.68,1.47,Low
10,5,6.8,86,25,162,109,52.0,4,4,2,20,30,5.07,-2.74,0.91,High
3,5,6.9,79,69,73,56,51.0,5,6,2,11,71,-1.38,2.49,-0.14,Moderate
5,0,5.3,84,43,129,120,41.5,1,11,3,12,27,4.34,-1.2,2.94,High
4,8,6.6,85,69,6,115,48.0,3,2,1,15,123,-1.74,0.73,-1.0,Low
10,2,5.8,87,73,68,28,35.0,3,10,0,8,93,3.33,-3.51,1.15,Moderate
8,15,6.0,55,36,13,122,50.6,3,11,0,1,55,-0.53,2.88,1.34,High
13,11,6.4,89,20,18,60,54.7,3,5,0,11,52,-1.86,5.94,1.2,High
6,2,6.4,80,43,106,91,55.7,8,3,0,8,37,1.55,-3.07,1.2,Moderate
2,9,6.1,79,49,58,73,50.1,2,6,2,6,180,-0.46,4.41,0.34,Moderate
2,16,7.5,70,36,73,47,48.4,1,9,2,5,38,1.08,-0.85,-1.0,Moderate
15,3,6.8,55,48,62,155,48.7,5,8,0,2,140,-0.95,-5.54,1.18,Moderate
5,6,6.0,90,42,86,149,42.0,1,15,0,2,50,2.27,-0.84,2.8,High
6,9,6.7,67,40,59,13,53.1,7,6,1,2,20,-0.06,3.29,1.27,Low
6,2,8.0,78,33,69,180,42.6,6,9,1,11,14,2.82,-1.76,-0.74,Low
10,2,7.3,67,24,11,110,42.8,3,4,0,9,38,-1.67,-3.24,-0.99,Moderate
11,17,6.8,70,53,25,50,45.4,2,7,0,2,62,-1.71,-2.22,0.46,Low
2,3,6.8,57,32,171,42,59.4,1,16,1,6,30,4.59,7.15,3.43,High
4,12,5.9,85,63,105,16,47.9,1,14,0,10,37,1.51,0.48,2.36,Moderate
10,2,6.7,86,56,109,94,65.8,3,12,2,6,50,2.15,7.66,2.17,High
8,7,5.0,92,40,19,31,48.4,5,4,1,2,94,-1.33,-5.02,2.18,Moderate
8,9,6.6,66,43,37,110,59.2,1,10,2,4,36,0.67,5.69,2.09,High
1,5,6.7,81,49,10,43,40.6,3,6,3,9,57,-1.06,-3.07,0.73,Low
3,6,8.2,72,62,122,82,36.2,5,8,2,13,34,1.7,-4.17,-1.0,Low
7,6,7.3,90,37,127,51,51.1,2,10,0,7,66,4.53,4.73,0.33,High
5,4,5.1,76,44,165,62,36.7,4,3,3,8,63,3.88,-2.13,1.07,High
4,5,6.8,80,34,91,36,47.3,5,20,1,12,50,2.3,3.9,2.2,Moderate
2,1,7.2,69,54,180,65,63.2,3,12,0,20,45,5.5,8.12,0.81,High
2,16,6.4,67,45,162,47,43.8,1,4,1,9,30,6.0,-5.85,-0.62,Moderate
14,6,9.0,71,35,131,69,41.7,4,9,1,6,31,2.54,-0.32,-1.0,Moderate
5,3,7.7,88,50,180,12,58.2,6,2,0,11,29,5.52,3.21,-1.0,High
4,6,7.0,63,57,35,154,56.7,2,12,1,2,43,2.04,4.74,1.3,Moderate
13,14,6.2,66,56,46,71,50.0,5,8,0,1,16,0.69,1.08,1.38,Moderate
7,21,8.3,73,33,29,58,40.5,4,5,0,9,79,-0.93,-5.27,-1.0,Moderate
11,7,6.0,76,38,74,12,48.6,1,21,1,10,55,0.88,4.73,3.16,High
7,14,5.7,70,56,53,76,46.0,3,4,0,19,116,1.77,0.54,2.49,Moderate
2,13,7.1,84,48,14,64,42.9,2,10,1,3,49,-0.9,-5.5,0.88,Low
9,9,6.9,82,31,9,24,54.9,2,1,0,12,54,-1.36,4.23,-0.65,Moderate
1,11,6.6,64,56,32,82,36.5,2,7,0,5,47,-0.05,-9.27,-0.36,Low
10,17,6.2,80,42,97,61,42.2,2,2,1,7,58,2.36,-4.6,0.7,Moderate
5,6,8.2,90,48,71,24,44.5,4,1,2,19,12,-1.2,-1.38,-1.0,Low
2,2,6.2,73,40,39,10,42.7,2,3,0,7,46,-0.14,-3.58,0.24,Low
6,14,6.1,62,27,13,50,55.6,1,12,0,5,159,-2.14,0.88,2.91,High
10,5,6.6,65,62,46,23,53.6,1,9,0,3,180,-0.07,4.07,0.89,Low
6,4,7.1,58,36,156,142,35.0,2,4,1,2,15,4.73,-4.41,-1.0,Moderate
2,2,6.5,72,57,62,18,51.4,1,8,0,7,31,1.23,4.22,2.17,Low
4,9,7.4,85,30,65,23,40.9,2,18,2,11,112,1.63,-2.92,2.04,Moderate
2,7,6.1,72,36,27,89,53.4,3,2,0,5,61,-0.62,0.5,2.77,Moderate
6,5,5.9,77,39,44,64,58.1,5,0,2,17,64,0.57,0.61,1.95,Moderate
2,4,5.4,72,46,135,92,50.5,2,11,2,3,43,3.13,2.64,2.19,Moderate
10,3,6.0,77,60,47,70,50.9,2,8,1,13,17,0.13,4.61,3.12,High
14,13,7.5,70,38,31,71,46.2,4,11,0,12,19,-0.93,3.5,-1.0,Moderate
8,5,7.5,74,32,112,84,48.4,4,5,1,8,11,0.83,1.21,0.61,Moderate
3,15,6.4,70,45,27,103,50.5,7,6,0,2,23,-0.6,-1.8,1.05,Moderate
4,4,5.5,70,34,41,115,47.8,3,6,0,19,122,-0.06,-0.78,2.07,Low
11,8,7.3,61,54,49,39,48.2,5,2,1,13,17,0.47,-1.72,-1.0,Moderate
22,21,7.4,70,56,20,92,42.2,4,7,0,4,76,-1.23,-7.87,-0.83,Moderate
6,10,6.4,67,37,30,112,42.9,3,4,0,15,144,-0.48,-3.8,0.45,Low
7,1,6.0,82,34,121,7,35.1,7,10,1,20,11,4.56,-8.49,2.63,Moderate
14,2,7.2,75,39,31,180,48.2,0,2,0,4,59,-0.23,-1.28,0.64,Moderate
12,1,5.8,83,24,49,110,54.6,3,0,0,10,55,-0.56,-0.51,1.39,Moderate
6,1,8.5,79,59,35,56,36.7,2,14,0,6,99,0.04,-6.84,-1.0,Low
11,15,7.8,77,67,83,33,53.1,0,4,0,15,22,1.09,3.5,-0.61,Moderate
10,10,6.2,77,35,54,68,42.4,4,8,1,1,50,1.3,-5.56,0.26,Low
10,8,4.9,69,58,41,102,46.0,3,18,1,18,118,-1.76,-2.29,5.22,High
7,11,5.9,72,27,21,79,44.4,4,3,1,20,45,-1.29,-1.62,-0.13,Moderate
5,2,5.1,77,46,28,15,50.4,5,4,2,7,29,0.25,-1.8,2.12,Low
16,4,5.3,81,50,86,59,43.8,0,2,1,13,85,2.14,1.41,2.5,Moderate
6,10,6.9,85,57,51,67,36.9,1,6,0,3,144,0.76,-5.39,0.44,Low
3,4,6.1,76,31,22,180,48.7,5,3,1,2,43,-0.01,1.5,0.88,Low
4,1,7.7,68,53,88,45,46.3,4,10,0,14,180,3.21,5.53,-0.53,Moderate
3,3,5.9,72,46,74,55,41.4,2,12,1,17,145,0.32,-2.5,3.02,Low
4,4,7.4,76,12,29,30,52.0,4,1,1,8,63,-1.64,-0.56,0.29,Moderate
10,7,7.8,72,46,24,65,43.7,1,3,0,8,103,-1.03,-5.36,-1.0,Low
1,3,5.7,75,37,78,75,55.3,3,10,0,13,53,0.78,7.56,3.4,High
11,4,6.4,71,30,85,66,46.3,3,9,1,4,68,1.39,-2.15,0.22,Moderate
18,4,6.9,55,39,5,108,42.5,1,8,0,10,155,0.12,-2.69,-0.19,Moderate
13,3,7.1,66,40,89,53,63.4,1,6,2,6,12,1.22,10.0,1.65,High
7,7,5.4,71,48,28,38,64.9,3,7,0,7,20,0.48,6.05,3.01,High
3,21,6.6,68,39,60,47,35.9,1,11,1,18,74,0.11,-7.36,-0.05,Moderate
6,7,6.2,68,60,33,139,56.3,5,5,1,4,63,-0.15,0.84,1.56,Moderate
6,8,7.7,94,36,10,54,70.0,3,8,0,5,49,-0.01,9.7,1.04,High
13,6,7.0,70,64,21,23,44.1,3,14,1,19,26,-0.3,-4.66,1.39,Low
8,13,7.2,73,51,75,73,49.4,2,2,0,3,27,0.89,0.72,0.04,Moderate
3,15,7.1,58,41,177,69,54.1,4,4,1,4,180,4.94,-0.1,0.3,High
8,15,8.1,94,37,80,73,35.7,1,13,1,10,7,1.97,-4.99,0.0,High
5,4,7.6,65,37,15,33,54.6,2,1,3,6,20,-1.53,4.0,0.69,Low
16,6,6.8,81,58,118,54,55.1,5,9,0,12,81,2.03,5.18,0.37,High
7,2,7.3,67,65,152,44,63.7,3,8,0,1,180,4.43,8.55,0.87,High
6,11,6.0,87,69,72,16,48.4,4,17,0,17,129,0.99,-0.29,1.44,High
7,5,8.0,76,39,120,41,53.3,6,5,2,14,21,3.8,-1.17,-0.6,High
8,5,7.4,88,34,31,77,41.7,3,1,0,9,101,-0.89,-3.0,-1.0,Low
13,4,6.9,78,61,38,121,43.3,5,8,1,3,69,-0.36,0.49,0.29,Low
11,1,8.2,75,67,102,27,49.4,1,18,0,1,38,2.31,4.43,0.44,Moderate
2,13,6.8,88,30,66,14,50.8,2,2,0,18,156,2.01,1.24,-0.16,Moderate
6,6,6.0,73,57,98,34,49.0,4,9,1,9,115,1.76,4.11,1.19,Moderate
6,7,6.8,72,46,8,88,47.4,6,5,0,6,36,-2.06,-6.25,0.11,Low
6,5,9.0,76,52,78,9,43.1,7,2,0,1,121,0.78,-1.91,-1.0,Low
2,9,7.1,72,47,29,77,50.1,1,12,2,4,35,-1.05,4.88,1.31,Moderate
2,15,6.7,68,42,49,42,47.1,1,12,0,4,61,-0.96,1.72,1.32,Moderate
3,1,6.5,62,25,61,22,45.7,1,9,0,7,41,0.46,-4.08,0.82,Low
4,6,7.0,71,32,89,135,47.2,2,1,2,3,180,0.72,-4.81,-1.0,Moderate
5,1,7.2,73,18,31,70,57.5,4,14,0,15,19,-1.24,3.73,1.25,High
2,4,7.6,69,46,127,43,44.6,2,3,1,1,64,4.03,-4.05,-0.29,Low
4,2,7.6,83,35,44,10,70.0,2,8,0,13,61,-1.18,9.26,1.11,High
5,11,7.0,62,45,8,38,55.8,3,3,2,20,37,-1.74,3.39,0.58,Moderate
6,9,6.7,84,21,33,18,40.3,5,2,2,6,138,-0.84,-4.2,-0.47,Low
4,13,8.0,64,36,17,180,43.9,1,6,0,7,154,-0.26,1.19,0.06,Moderate
12,8,5.9,55,29,16,38,41.1,5,13,0,7,91,-0.85,-0.43,1.08,Moderate
9,3,7.3,78,31,41,22,45.6,2,2,0,14,65,-0.4,-6.87,-1.0,Low
5,11,8.7,81,49,51,99,48.0,6,9,0,15,32,-0.05,0.93,-1.0,Low
2,5,7.0,65,45,66,14,50.7,2,3,1,3,129,1.88,-3.33,-1.0,Low
3,12,8.3,78,47,26,48,48.0,2,1,0,11,107,-0.35,-0.9,-0.72,Low
4,5,7.0,81,44,31,180,41.4,3,5,0,18,103,-0.7,-0.89,-1.0,Low
9,7,5.3,69,62,180,39,48.7,6,4,4,4,15,4.75,-0.37,1.38,High
7,5,5.9,66,31,115,81,44.7,9,2,1,6,37,3.95,-3.72,0.53,Moderate
3,7,8.0,86,33,71,93,52.7,4,1,0,5,61,1.5,0.36,-0.96,Moderate
12,6,6.4,72,69,36,101,54.8,5,4,0,7,70,-1.13,4.5,0.73,Moderate
6,2,6.3,68,56,28,62,49.9,3,17,3,1,137,-0.68,5.09,2.73,Moderate
4,7,6.6,91,67,68,43,50.1,0,6,0,7,22,1.3,-0.06,2.53,Low
3,13,6.9,74,27,70,26,47.5,6,6,1,5,56,-0.01,-0.7,1.14,Moderate
5,5,6.4,65,38,71,28,56.6,6,11,0,3,117,1.09,4.82,1.1,Moderate
27,10,7.4,83,38,77,109,47.7,3,21,1,6,55,1.19,1.28,0.86,High
14,3,6.3,69,46,64,22,52.2,3,3,1,7,94,0.91,6.45,0.76,High
12,16,5.8,80,41,71,51,40.8,0,15,0,4,41,1.85,-1.73,3.38,High
15,3,7.7,72,72,29,39,39.2,6,3,0,6,29,-0.68,-7.68,-1.0,Low
14,9,5.0,80,41,48,22,36.1,4,19,1,6,57,0.43,-9.31,4.06,High
3,9,7.2,83,44,18,15,45.3,4,7,2,6,5,-1.18,-4.37,-1.0,Low
15,7,5.7,78,35,17,62,56.2,2,3,1,6,93,0.82,2.8,2.3,High
8,5,7.6,64,42,72,5,68.1,4,3,1,4,154,0.93,4.45,-1.0,High
4,9,6.2,75,53,87,46,56.1,3,5,0,4,63,1.86,-0.23,1.67,Moderate
6,3,7.8,81,35,76,19,37.6,2,6,1,6,61,0.61,-5.27,-1.0,Low
7,8,6.1,76,33,46,72,56.8,2,11,3,9,180,-0.07,4.53,2.74,High
7,9,7.0,70,48,135,54,49.5,3,7,1,5,69,3.53,0.0,1.11,Moderate
6,2,7.3,65,35,36,23,60.9,1,8,1,10,58,-1.06,6.32,1.89,Low
4,12,6.6,75,48,53,26,40.3,2,0,1,4,104,0.59,-6.33,0.41,Low
5,10,7.8,73,58,23,26,55.6,2,3,0,8,117,0.14,8.07,-0.63,Low
4,3,8.0,86,47,23,64,49.1,1,2,1,10,27,-0.89,-0.99,-1.0,Low
4,0,6.2,77,39,26,91,52.7,6,7,0,18,8,-1.13,4.19,1.87,Moderate
6,8,7.1,65,32,44,101,38.8,5,2,1,11,69,-0.12,-5.37,-1.0,Low
14,1,5.4,86,82,30,24,51.8,5,4,0,5,90,-1.46,4.67,1.88,High
5,7,7.8,63,51,39,30,50.0,4,4,2,6,21,-1.14,0.04,-1.0,Low
6,6,5.5,73,42,100,49,35.0,7,8,0,3,180,2.03,-7.79,2.63,Moderate
1,8,5.1,78,48,31,28,36.8,5,1,2,18,79,-0.17,-9.06,2.17,Low
3,7,7.3,68,69,36,88,42.6,6,9,1,10,138,-0.55,0.57,0.87,Moderate
9,1,6.8,64,54,58,54,52.3,0,4,1,3,23,1.47,1.47,-0.0,Low
2,8,7.4,72,38,81,44,49.6,2,6,2,11,12,1.49,-3.44,0.57,Low
6,3,7.4,79,61,157,80,41.7,1,7,0,1,13,3.78,-2.6,0.29,Moderate
5,4,6.7,67,38,34,134,35.0,4,10,1,19,83,-0.51,-3.65,0.32,Low
3,11,6.7,76,41,61,49,44.8,3,10,1,16,180,-0.78,0.24,1.49,Moderate
10,6,5.7,74,52,100,38,52.3,5,4,0,10,128,1.77,5.42,2.31,High
8,6,6.1,72,49,72,91,43.8,4,10,0,2,46,0.04,-4.72,1.49,Low
17,2,7.7,77,29,106,81,57.1,4,4,0,16,25,1.4,2.19,-0.61,High
9,8,6.6,73,48,83,61,36.2,3,12,1,4,9,1.03,-0.1,0.84,Moderate
3,11,7.0,75,39,30,104,35.6,4,4,1,10,33,-1.07,-8.08,-0.54,Moderate
10,7,7.2,82,53,12,35,44.0,3,2,1,20,35,-1.25,-0.51,-0.2,Low
2,7,6.8,76,40,6,44,70.0,1,9,1,5,108,-2.14,7.28,1.65,High
2,6,9.0,77,43,65,40,43.7,4,6,1,2,22,1.08,-5.32,-1.0,Low
1,3,7.5,74,64,71,150,44.3,4,3,0,5,68,1.18,-4.46,-1.0,Low
11,3,5.9,63,46,28,46,52.3,1,10,1,11,56,-2.5,1.57,1.7,Moderate
8,3,5.6,75,50,146,71,68.6,3,8,1,2,18,4.04,10.0,3.18,High
5,2,7.9,85,15,92,46,41.6,2,11,2,5,87,0.74,-3.09,-0.05,Low
3,0,5.5,74,59,180,74,47.4,4,11,1,6,44,5.55,-6.37,2.24,Moderate
11,2,6.5,57,46,79,90,42.6,1,10,1,5,58,1.3,0.32,0.3,Low
12,6,6.3,84,65,80,21,44.2,6,5,0,8,145,1.35,-0.1,0.48,Moderate
3,2,6.7,73,40,3,50,50.6,3,7,1,3,84,-1.64,-1.42,0.49,Low
2,5,7.6,76,54,107,77,57.6,0,5,3,10,72,1.76,2.52,-1.0,Moderate
9,2,6.5,81,54,51,59,46.9,1,5,0,6,84,-0.25,-3.82,1.41,Low
19,6,5.7,76,25,55,79,45.1,8,1,0,4,51,-1.21,-0.93,1.97,Moderate
8,6,4.9,55,45,86,8,53.6,4,2,1,4,12,0.69,0.82,2.15,Moderate
7,8,7.0,72,47,64,59,49.7,2,3,1,10,88,1.36,2.55,0.39,Moderate
11,4,6.3,73,53,25,73,56.1,3,2,2,5,31,-1.34,3.0,0.63,Low
5,2,4.5,68,37,52,105,69.9,1,7,0,4,97,1.68,10.0,5.16,High
4,12,7.4,69,31,129,32,51.9,2,6,1,7,29,2.34,1.42,-1.0,Moderate
14,18,6.9,92,44,52,79,45.7,0,3,2,3,142,-0.28,-3.75,-0.55,High
7,3,6.1,81,47,71,45,44.8,5,9,1,9,180,0.27,4.2,3.25,Moderate
9,8,6.5,82,52,3,162,57.2,1,7,1,3,35,-2.15,6.41,2.96,High
3,8,8.2,76,50,63,56,56.0,3,4,4,4,114,-0.22,-0.75,-0.87,Moderate
2,2,7.4,57,61,38,180,35.0,2,11,1,20,17,-0.04,-2.9,0.96,Low
3,19,6.5,76,39,20,59,40.9,5,7,1,8,27,-0.82,-2.53,0.67,Low
2,8,5.6,68,39,33,32,49.6,1,7,0,6,8,0.05,-0.38,2.62,Low
8,4,7.3,63,49,158,131,40.6,3,5,0,7,106,4.0,-0.11,-0.75,Moderate
8,8,5.9,69,51,82,53,39.5,8,4,2,6,30,2.78,-7.06,1.21,Moderate
3,9,8.1,84,42,21,62,49.9,7,4,0,4,34,-1.27,2.36,-0.67,Low
15,9,8.0,55,29,40,8,42.8,3,2,2,11,103,-0.45,-8.01,-1.0,Moderate
7,14,5.7,83,51,86,50,47.5,2,3,1,7,76,2.33,1.86,1.12,Moderate
5,2,6.5,68,21,49,31,37.3,1,6,0,1,32,-0.6,-5.78,-0.61,Low
6,5,7.0,78,31,19,27,38.9,10,4,2,11,44,-2.5,-5.99,-0.09,Moderate
4,16,6.5,68,36,102,172,48.2,2,6,2,7,15,2.44,2.97,1.0,Moderate
8,2,6.4,79,40,138,46,46.6,4,6,0,6,85,3.27,0.22,0.68,Moderate
4,9,5.9,87,40,96,157,47.2,6,5,0,5,4,2.4,-2.13,0.86,Moderate
1,3,6.7,78,47,36,47,56.6,3,16,1,6,44,-0.2,6.78,4.22,Moderate
2,3,6.9,66,46,67,149,45.8,1,1,3,9,27,0.71,-6.3,-1.0,Low
11,4,6.7,82,46,27,93,53.0,3,9,0,2,28,-1.44,1.18,1.48,Low
5,11,6.6,68,48,12,144,56.5,3,1,0,9,72,-2.39,2.02,0.81,Moderate
3,2,6.4,77,50,28,79,49.7,4,3,0,9,43,1.08,1.87,0.18,Low
2,3,6.6,77,46,49,55,41.6,2,3,2,9,14,0.53,-1.89,1.74,Low
3,4,7.2,66,24,67,37,43.9,3,7,1,3,74,0.57,-1.0,-0.19,Low
11,12,6.6,69,30,114,13,55.1,4,2,1,12,26,2.59,3.23,-0.72,High
5,3,6.2,91,37,30,102,45.0,2,8,2,2,17,-1.03,-0.8,1.19,Low
5,11,6.4,67,52,102,64,54.6,2,6,0,16,105,1.87,1.34,1.41,Moderate
2,6,7.4,67,21,47,68,61.6,4,18,2,2,89,0.72,8.89,2.39,High
4,4,7.4,64,58,100,25,57.0,1,13,1,16,121,2.12,5.21,1.66,High
5,1,8.2,71,35,25,79,45.6,2,2,0,7,48,-0.79,-4.15,-1.0,Low
2,4,5.3,84,46,47,18,37.2,4,7,1,4,112,0.27,-5.85,1.47,Low
14,2,5.2,76,57,133,27,36.5,3,8,0,13,10,3.37,-4.39,3.03,Moderate
10,11,5.5,89,42,15,92,53.3,3,9,0,14,79,-1.71,1.95,2.52,High
11,1,5.9,80,36,104,32,50.2,4,21,0,10,148,2.54,3.08,4.12,High
27,2,7.2,59,49,110,42,43.5,4,11,1,7,27,3.56,-3.13,-0.14,High
2,9,7.3,59,50,41,51,53.7,4,6,1,4,29,-0.09,3.57,0.09,Moderate
26,12,6.5,81,25,9,44,61.5,3,1,0,3,49,-2.04,1.35,-0.17,High
3,1,6.4,79,12,148,73,46.0,1,8,0,6,41,2.91,0.33,0.27,Low
13,14,7.2,85,23,6,14,35.9,3,9,2,15,40,-1.18,-5.12,0.07,Moderate
1,4,6.1,81,58,20,113,51.2,3,4,1,4,138,-0.98,0.58,0.06,Low
4,5,5.7,88,28,180,84,56.0,2,5,0,5,154,5.67,4.19,1.44,High
5,6,8.1,74,33,35,121,58.8,1,7,0,11,130,0.62,7.08,0.95,Moderate
8,6,7.6,67,62,35,140,49.7,5,7,0,11,13,0.29,2.51,0.49,Moderate
3,9,7.4,81,52,34,29,53.8,2,5,1,4,128,-0.63,4.14,0.38,Moderate
16,3,7.5,90,58,117,47,52.6,4,2,0,4,8,2.92,2.45,0.71,High
10,9,8.6,72,49,111,118,70.0,5,6,0,12,152,2.85,10.0,-0.63,High
4,3,4.2,62,52,68,43,38.4,3,7,2,17,31,1.47,-4.57,3.33,Moderate
1,21,5.6,64,34,147,31,35.7,4,2,0,3,85,4.15,-6.97,1.11,High
3,13,7.2,75,32,63,61,58.4,1,5,2,14,26,0.66,5.86,1.74,High
5,3,8.6,77,23,63,113,49.4,3,8,1,20,47,-0.2,1.24,-1.0,Moderate
6,10,6.4,74,40,101,81,64.2,1,8,2,7,20,1.16,9.6,2.74,High
1,4,8.7,82,51,139,92,42.1,5,9,3,1,95,2.94,-4.93,-1.0,Moderate
2,7,6.2,65,30,8,111,45.0,4,10,0,5,108,-2.27,-1.06,2.14,Low
5,8,5.9,61,28,169,133,49.7,6,3,1,11,11,5.54,0.41,2.28,High
6,11,6.8,77,44,77,79,53.3,3,6,2,7,7,0.5,9.06,1.52,High
7,3,6.1,79,45,41,112,52.9,3,4,1,9,38,-0.43,0.56,1.77,Low
9,1,7.3,73,33,35,65,52.6,2,0,0,8,39,-0.48,-0.48,-1.0,Low
10,18,6.1,74,47,69,82,41.3,3,3,1,6,46,-0.21,-4.08,-0.17,Moderate
5,2,5.4,72,44,42,93,47.8,1,12,3,6,41,0.11,2.63,1.74,Low
5,15,7.0,79,58,13,6,54.7,6,6,1,12,25,-0.85,-0.06,0.86,Moderate
8,19,6.7,84,30,35,129,43.0,4,15,0,6,139,-0.93,-2.43,2.0,High
8,1,6.3,82,43,26,21,44.7,4,1,0,9,48,-1.02,-5.71,0.93,Low
4,2,5.0,71,37,50,118,57.9,3,12,0,8,44,0.67,5.71,3.55,High
3,4,7.0,59,29,131,32,35.0,7,6,1,20,61,4.0,-8.6,-0.64,Moderate
5,4,7.1,74,38,26,14,65.0,3,7,0,10,12,0.34,6.89,2.46,Moderate
2,17,6.4,76,41,101,112,46.6,3,5,2,8,131,2.46,-0.14,1.59,Moderate
7,6,5.7,79,28,48,28,44.7,2,1,1,5,15,0.69,3.8,2.31,Moderate
5,7,7.7,63,55,41,46,49.4,0,4,1,2,52,-0.22,-1.34,0.73,Low
8,2,7.8,64,23,78,45,35.0,2,3,0,7,121,0.71,-8.01,-1.0,Low
7,1,6.0,55,52,61,159,39.8,5,1,0,5,41,0.99,-1.49,-0.48,Low
2,3,7.7,67,48,55,100,48.2,5,8,1,9,34,0.24,0.47,0.26,Low
6,5,7.9,81,60,9,11,41.7,3,10,0,13,19,0.02,0.89,-1.0,Low
18,3,7.0,63,28,62,83,43.0,0,4,0,11,12,-0.56,-0.95,-0.16,Moderate
7,1,7.1,78,58,47,22,46.1,10,5,0,7,8,-0.6,-0.97,1.46,Low
8,9,4.2,77,29,169,55,40.2,5,2,1,11,87,5.34,-4.76,3.21,High
10,3,6.4,89,57,70,44,49.8,6,3,1,5,33,2.05,-0.14,0.11,Moderate
8,1,8.2,82,23,30,178,45.8,2,9,2,3,80,-0.75,-4.62,-1.0,Low
20,9,8.8,81,41,84,15,40.6,3,4,1,10,43,1.72,-0.13,-1.0,High
7,3,6.2,81,24,110,36,57.7,3,4,1,14,107,2.96,5.06,1.29,High
3,4,6.9,89,29,44,77,56.4,0,1,0,7,51,0.02,1.08,0.44,Moderate
11,4,7.2,86,35,17,103,57.0,2,6,1,4,53,-2.5,2.12,1.47,Moderate
16,3,4.8,75,42,33,25,41.2,1,6,1,6,101,0.14,-3.45,3.56,Moderate
10,1,5.4,66,52,28,142,44.7,2,10,2,3,58,-0.32,1.37,4.63,Moderate
3,2,7.0,73,37,64,30,44.9,2,6,2,8,11,1.94,1.99,-1.0,Low
2,17,6.9,78,18,35,56,46.9,4,7,0,17,111,0.49,0.63,1.03,Moderate
5,6,5.4,72,38,59,30,62.2,3,5,0,12,29,0.37,5.29,0.15,Moderate
9,3,7.1,65,43,63,71,56.1,1,4,1,5,58,-0.07,2.3,1.02,Moderate
11,5,7.1,76,41,23,132,59.3,7,5,2,13,179,0.63,9.08,1.08,High
1,4,6.8,68,43,180,41,45.3,3,4,0,4,18,5.91,1.63,0.78,Low
10,19,7.5,82,46,106,44,44.5,4,2,1,18,27,2.79,-0.94,-1.0,High
7,9,6.7,84,43,60,76,63.7,3,5,0,11,180,-1.18,4.91,1.21,Moderate
4,11,7.5,87,66,33,30,46.6,2,4,1,3,26,-0.34,-0.96,-0.07,Low
3,9,8.2,67,73,149,63,36.2,0,12,1,2,169,3.36,-1.79,-1.0,Moderate
9,11,6.2,78,23,55,39,45.1,3,3,2,5,56,0.44,0.4,0.66,Moderate
11,9,5.3,76,44,66,77,46.5,2,2,1,10,6,0.0,-6.22,1.66,Moderate
1,5,6.9,72,42,41,42,37.7,1,6,1,8,62,0.29,-4.66,0.01,Low
0,4,5.8,65,31,78,66,53.4,3,11,2,5,180,0.8,8.56,3.54,High
15,7,6.4,70,26,96,116,60.5,3,5,0,14,23,1.64,6.01,2.54,High
6,15,5.9,68,35,64,55,50.3,10,5,0,2,85,0.39,-4.42,3.29,High
7,15,7.5,69,52,53,49,47.9,1,11,1,8,111,-0.16,1.34,1.26,Moderate
5,9,7.1,76,36,101,62,47.9,0,4,0,3,71,2.37,-5.8,-0.92,Low
8,1,6.8,81,38,23,15,53.6,4,11,2,9,65,-0.53,7.74,0.85,Moderate
2,5,7.4,79,47,17,12,55.2,5,7,2,1,173,-1.99,5.14,1.05,Moderate
18,1,6.5,72,47,164,53,48.0,5,6,1,20,37,4.87,-1.65,1.06,High
6,4,6.4,70,57,106,97,35.0,2,14,1,11,157,2.52,-3.01,1.89,Moderate
4,4,6.4,71,52,108,36,64.8,2,21,2,20,125,3.75,10.0,2.89,High
4,12,6.3,83,22,79,86,35.0,3,10,0,6,63,0.41,-4.95,0.16,Moderate
5,4,7.1,80,62,51,82,50.5,1,1,3,4,180,-0.65,0.13,0.37,Moderate
4,6,9.0,72,36,33,103,42.6,4,5,1,2,66,0.35,-0.26,-1.0,Low
10,5,7.7,89,38,2,28,41.6,1,8,3,7,23,1.07,-4.47,-1.0,Low
11,10,7.5,58,37,31,104,47.4,1,5,0,12,128,0.67,-3.29,1.45,Moderate
3,2,7.0,82,18,180,97,36.7,2,9,3,7,41,4.87,-5.76,0.47,Moderate
11,7,6.9,77,49,115,69,35.7,3,2,0,11,39,2.97,-4.09,-0.96,Moderate
1,5,6.5,68,27,180,63,40.9,4,4,0,9,64,5.12,-5.43,0.16,Low
4,3,7.9,72,63,56,75,37.6,0,3,0,3,29,1.2,-10.0,-0.08,Low
5,8,7.9,69,39,143,135,36.9,5,6,0,5,34,4.05,1.42,-1.0,Moderate
5,3,6.9,72,54,38,47,55.7,3,3,1,9,92,-1.27,4.11,0.63,Moderate
2,5,5.5,64,36,125,44,35.0,4,6,0,5,14,3.06,-4.86,1.55,Low
4,6,7.1,85,55,44,144,35.0,3,4,1,3,180,0.06,-5.68,-1.0,Low
2,7,5.6,80,28,156,63,41.9,4,15,0,4,12,4.82,-5.26,4.46,Moderate
12,7,7.2,55,56,46,39,35.0,5,5,2,4,35,0.23,-4.93,-0.17,Low
3,3,5.8,67,53,3,26,48.0,5,5,0,10,9,-2.0,3.89,1.17,Low
8,3,7.7,72,28,142,54,50.7,1,8,1,11,15,4.78,3.94,-0.46,Moderate
4,11,7.3,62,43,136,16,47.1,1,9,1,8,29,4.12,1.08,1.63,Moderate
11,4,5.2,90,42,130,23,46.9,4,2,0,8,54,4.47,-0.91,2.46,High
0,6,6.2,68,48,38,89,56.8,7,4,1,3,22,-0.8,3.26,2.19,Moderate
6,1,6.7,89,48,12,112,47.9,1,3,1,2,10,-0.66,-2.98,-0.51,Low
2,4,6.4,83,20,79,66,48.0,2,2,0,20,103,2.08,-0.2,1.39,Moderate
14,6,8.0,75,30,73,25,52.7,5,2,1,7,62,2.25,2.37,0.66,High
0,5,6.9,88,57,37,180,46.0,2,7,0,8,59,-0.53,3.63,-0.1,Low
7,6,6.2,90,28,41,160,36.7,2,2,0,9,16,-0.66,-4.67,-0.74,Low
12,9,6.8,62,31,73,73,55.6,1,14,0,3,180,1.43,5.94,0.86,High
5,9,5.7,76,36,18,33,53.3,1,3,0,6,146,-1.86,3.02,0.77,Moderate
4,3,6.3,77,42,47,16,55.6,4,1,0,6,88,0.72,7.62,1.29,Low
13,5,7.1,60,41,91,23,43.4,3,4,1,5,152,0.31,-4.84,0.26,Moderate
12,3,6.6,64,32,77,31,41.4,1,2,0,10,16,0.67,0.38,0.24,Low
2,6,6.7,65,35,59,64,53.9,4,6,1,7,53,0.73,4.87,-0.27,Moderate
9,3,7.2,73,39,34,46,56.1,4,9,1,0,56,-0.17,3.16,0.64,Moderate
5,0,8.3,85,44,68,58,66.9,4,9,1,6,90,1.59,10.0,1.05,High
1,1,6.5,73,45,64,111,38.8,5,3,0,2,35,0.68,-7.13,0.59,Low
1,8,6.7,76,55,169,109,50.2,3,2,1,11,9,5.19,3.26,-0.31,Moderate
12,6,8.1,75,53,64,24,50.1,3,12,2,16,14,0.61,2.44,-0.45,Moderate
5,4,9.0,58,63,91,18,48.9,2,11,0,6,98,0.98,7.01,-1.0,Low
10,14,6.1,72,53,111,13,50.3,4,5,0,13,15,1.84,0.38,1.68,Moderate
11,4,7.0,82,58,67,127,51.0,6,4,0,4,40,0.76,4.72,-0.3,Moderate
2,10,6.3,83,35,41,71,64.7,5,5,1,15,79,0.96,3.13,2.11,High
7,8,7.8,72,40,45,31,49.8,3,7,0,6,159,-0.0,2.4,-0.48,Moderate
8,6,6.6,85,42,121,73,46.9,3,9,1,5,53,2.62,1.94,1.27,Moderate
9,9,5.7,75,57,30,44,54.5,4,16,2,4,45,-0.93,1.75,4.89,High
11,1,5.5,61,46,60,49,64.3,5,16,0,12,41,0.75,9.42,4.47,High
2,4,7.0,82,34,83,31,41.6,3,3,0,9,26,2.79,-7.01,-0.35,Low
6,4,6.6,71,34,79,124,61.3,2,2,0,9,59,0.51,8.21,0.24,Moderate
3,8,6.2,83,34,41,58,47.8,2,4,1,12,43,-1.69,0.63,0.21,Low
8,6,7.6,70,57,49,85,41.0,2,4,1,2,64,0.71,-5.61,-0.91,Low
13,0,6.2,75,42,42,25,48.7,3,10,0,7,94,0.29,-4.36,2.63,Moderate
6,5,6.9,95,34,68,115,35.0,3,11,0,2,32,-0.85,-5.53,0.19,Low
5,5,7.9,67,40,39,57,50.4,5,1,0,13,28,0.48,0.09,-0.32,Low
6,9,7.0,60,50,32,16,54.3,3,17,0,3,110,0.14,5.71,1.96,Moderate
13,2,6.8,64,59,34,53,46.9,4,6,0,2,178,-1.18,0.3,-0.96,Low
1,4,5.3,72,55,136,55,53.5,3,5,2,1,48,4.65,1.4,2.13,Moderate
6,11,7.9,75,41,62,46,35.0,4,12,2,2,17,1.28,-4.02,0.15,Low
9,5,8.4,68,40,180,90,52.3,2,4,1,7,11,4.24,2.62,-1.0,Moderate
7,3,5.8,58,56,44,180,59.5,1,4,1,3,177,0.35,5.66,2.25,High
4,13,6.5,73,18,100,130,42.0,4,2,0,8,21,2.48,-4.28,-0.38,Low
6,2,5.9,68,25,49,73,40.7,4,4,1,5,46,-0.1,-6.75,0.54,Low
7,10,7.1,68,48,26,69,43.7,5,7,0,11,107,-1.75,-3.28,-0.64,Low
6,1,6.8,73,59,128,120,47.4,2,1,0,8,15,3.99,3.13,-1.0,Moderate
13,2,7.4,72,37,155,36,46.2,3,8,0,6,56,4.19,-0.4,0.43,Moderate
8,8,6.0,87,26,85,56,38.4,5,7,1,5,114,2.59,-5.73,3.61,High
2,7,6.2,76,55,61,87,44.5,4,4,1,3,91,0.97,-3.02,-0.02,Low
6,4,7.0,87,51,180,40,47.6,1,9,1,2,60,5.37,-3.04,1.13,Moderate
4,6,6.7,85,32,131,22,45.9,3,3,0,3,124,5.16,-1.54,1.15,Moderate
12,9,8.2,68,23,74,179,37.6,1,2,2,8,52,1.12,-4.42,-1.0,Moderate
5,5,6.5,65,52,56,45,38.4,3,3,1,7,4,0.73,-8.03,0.6,Low
10,1,7.2,70,59,49,63,45.7,0,5,1,4,104,-0.48,-1.69,0.72,Low
3,4,7.0,71,27,18,83,35.0,3,0,1,12,107,-1.39,-5.98,-0.49,Low
4,7,7.2,71,55,128,39,48.9,4,10,2,3,153,3.0,0.46,0.93,Moderate
18,5,7.0,71,41,32,87,65.6,3,9,1,6,95,-0.77,3.47,2.98,High
8,2,6.6,75,49,80,39,43.4,3,9,0,6,35,0.47,-0.37,1.34,Low
5,8,6.5,61,46,20,79,42.3,4,6,0,6,57,-1.49,-3.37,-0.1,Low
1,1,8.3,67,44,103,96,40.5,5,2,1,1,17,3.76,-2.76,-1.0,Low
6,6,7.7,76,37,40,113,56.3,5,3,0,5,10,-0.46,4.85,0.0,Moderate
12,8,6.7,67,42,45,48,44.0,2,8,0,9,35,-1.07,-0.07,-0.33,Low
3,3,7.0,77,29,104,123,49.9,2,21,1,11,131,3.16,5.54,3.54,High
1,2,6.3,58,57,73,56,36.4,5,4,0,6,78,1.43,-1.45,-1.0,Low
4,5,6.5,69,53,54,45,58.8,4,6,1,6,21,1.18,8.97,2.02,Moderate
7,5,7.3,86,41,39,101,53.4,2,15,2,20,148,-1.05,1.65,2.03,High
7,8,7.2,71,28,53,37,39.5,1,6,0,6,24,2.63,-2.99,-0.24,Low
2,4,6.8,76,49,40,180,54.8,6,4,0,13,104,-0.53,5.4,-0.91,Moderate
9,10,6.4,70,41,69,31,38.0,3,7,1,7,79,2.05,-6.53,0.41,Moderate
5,6,6.2,73,28,32,46,50.8,2,5,3,10,70,-1.65,0.62,0.14,Moderate
7,4,5.5,77,44,1,33,56.5,5,21,2,9,20,-0.92,9.28,2.93,High
4,4,7.1,63,59,38,91,39.8,1,4,2,4,7,1.06,-1.87,-1.0,Low
8,9,7.3,71,44,37,29,55.5,4,1,0,9,38,-0.76,-2.13,-0.01,Low
5,3,7.9,87,64,35,35,48.5,2,6,0,3,111,0.01,1.49,-1.0,Low
6,1,6.0,64,35,66,113,51.7,3,7,4,15,50,2.25,-1.09,2.09,Moderate
7,1,7.0,87,41,112,71,39.5,3,0,2,4,44,3.44,-5.12,-0.44,Low
9,3,7.7,88,28,83,78,41.2,4,4,0,20,33,1.97,-4.36,0.14,Moderate
9,3,7.0,67,40,160,51,43.5,3,7,2,4,155,4.49,1.66,0.76,Moderate
3,15,6.4,75,31,15,180,63.2,7,3,1,11,23,-1.04,5.86,1.84,High
1,14,6.1,73,45,19,54,40.3,3,7,1,6,130,-0.88,-3.39,0.42,Low
4,18,5.5,60,33,62,68,66.1,6,3,2,8,174,0.25,6.42,3.43,High
2,4,7.5,61,37,128,78,61.3,3,2,1,7,86,3.51,1.9,-0.2,Moderate
7,11,7.7,84,51,13,180,51.3,4,3,0,4,57,-0.07,0.16,-1.0,Moderate
5,4,6.7,84,47,106,150,51.7,4,9,1,7,72,3.86,2.34,0.32,High
4,5,4.7,80,49,95,36,53.9,3,6,0,5,123,1.82,5.7,3.81,High
5,5,6.5,80,51,70,3,40.0,5,16,0,10,36,0.66,-0.94,3.19,Moderate
14,6,6.5,76,45,27,123,42.0,5,5,1,9,125,-0.12,-4.31,1.42,Moderate
5,11,7.3,74,45,32,180,51.2,0,12,0,5,51,-1.15,0.78,-0.81,Moderate
12,2,6.4,73,23,40,154,52.3,1,2,1,3,38,0.52,-3.27,0.5,Moderate
7,14,6.9,72,42,20,49,66.3,0,13,0,9,26,-1.15,9.6,1.35,High
8,6,8.1,89,39,180,79,44.2,2,10,1,5,49,4.47,-3.72,0.2,Moderate
4,5,8.5,60,52,52,10,55.6,1,7,1,5,16,0.8,2.92,-0.69,Low
5,6,8.4,79,62,8,180,53.8,4,5,1,3,20,-1.36,-0.4,-0.83,Moderate
17,2,5.4,71,44,60,101,52.6,2,13,1,1,55,0.69,2.31,3.3,High
4,1,6.7,72,59,57,38,50.6,3,2,0,15,180,0.99,4.87,-0.16,Moderate
9,1,7.4,61,24,15,52,48.0,4,8,1,9,1,-1.3,6.89,0.79,Low
5,2,7.2,69,50,43,47,41.4,1,5,0,14,37,-0.63,-2.32,0.73,Low
3,4,6.6,72,62,68,93,57.1,4,6,0,10,60,1.59,0.58,2.31,Moderate
6,1,6.3,82,27,78,102,47.4,6,14,2,4,25,0.7,-2.06,1.69,Moderate
12,2,7.3,76,52,17,82,48.1,3,5,1,4,63,-1.62,-2.01,0.93,Moderate
4,2,9.0,86,13,61,17,47.4,3,9,0,17,91,0.36,4.61,-1.0,Moderate
7,13,7.5,75,48,23,136,38.4,1,6,0,7,180,-0.56,-2.77,-1.0,Low
14,4,8.2,71,24,38,22,43.1,3,4,1,10,68,-0.56,-1.51,0.57,Moderate
6,5,8.1,79,43,50,180,49.7,1,6,3,11,49,1.3,2.03,-0.02,Low
12,3,8.0,65,30,125,180,56.4,2,10,2,14,106,3.55,3.48,0.8,High
7,4,6.5,73,48,26,100,43.6,1,12,0,6,50,-1.23,3.75,1.3,Moderate
5,2,6.4,84,49,67,26,41.6,4,3,0,7,22,1.35,-5.1,0.41,Low
4,5,5.8,68,12,73,57,35.0,1,5,0,3,26,0.69,-7.02,1.08,Low
6,1,6.0,78,28,35,180,44.5,2,10,2,8,20,-1.09,-2.9,0.89,Low
4,4,7.1,71,45,168,71,38.6,6,6,1,19,16,4.3,-4.15,0.48,Moderate
9,3,6.8,75,32,102,20,42.8,5,17,1,1,61,3.19,-2.49,1.1,Moderate
6,11,4.7,70,62,122,11,53.4,4,13,0,9,26,4.39,6.75,4.64,High
8,2,7.0,55,50,59,56,46.0,3,14,0,18,12,-0.47,3.51,2.22,Moderate
6,6,8.0,70,46,104,97,47.7,2,3,0,11,60,2.83,2.61,-1.0,Low
3,3,7.1,67,17,37,109,52.9,9,8,0,3,7,-0.27,1.09,0.75,Moderate
7,1,5.9,76,48,86,78,54.5,0,6,1,7,51,1.31,1.26,1.69,Low
3,9,7.8,60,48,73,49,63.1,2,5,3,6,85,0.25,10.0,-1.0,High
11,2,7.1,62,51,51,60,49.7,4,4,0,13,95,0.51,1.25,-1.0,Moderate
5,9,4.5,76,70,25,91,42.7,3,16,0,18,54,-0.65,1.2,3.15,Moderate
11,11,9.0,79,54,17,38,56.0,3,16,0,16,127,-2.35,0.48,0.82,High
5,14,5.4,85,21,56,69,35.0,8,2,1,0,80,0.86,-5.82,0.45,Moderate
7,17,6.3,73,59,98,29,47.3,2,10,2,9,48,3.16,1.0,0.45,High
8,7,7.7,73,35,105,30,55.8,1,3,2,1,76,1.05,2.36,-1.0,Moderate
10,1,6.5,68,26,17,47,42.1,3,9,2,3,62,0.36,-3.95,-0.3,Low
5,7,6.8,70,32,22,164,49.7,4,4,1,5,35,-0.91,4.46,1.83,Moderate
6,1,6.9,85,71,106,87,57.3,3,9,1,6,143,2.24,6.73,1.11,High
18,3,6.9,84,22,109,69,42.6,3,4,1,15,118,3.73,-1.2,-1.0,High
2,8,4.9,88,53,10,132,54.8,3,14,0,9,112,-0.6,5.57,3.92,High
9,7,7.9,73,44,147,114,59.4,2,8,0,5,132,5.09,8.81,0.19,High
5,1,7.4,74,58,121,58,40.5,7,0,1,2,15,3.93,-1.97,-1.0,Moderate
11,3,7.4,73,50,75,88,60.8,6,2,1,5,5,1.24,0.42,-0.58,High
11,4,8.1,64,62,50,180,56.8,2,5,2,5,47,-0.96,4.36,0.84,Moderate
14,8,7.2,79,53,60,78,58.9,5,7,0,14,118,1.14,4.24,1.25,High
7,1,7.1,67,39,69,76,47.2,4,13,1,7,128,0.27,4.02,0.08,Low
3,2,7.3,66,32,46,89,47.2,5,2,0,3,180,-0.5,0.2,-1.0,Low
4,3,7.7,85,44,61,49,54.3,0,2,1,6,30,-0.07,1.45,-0.9,Low
9,4,8.3,86,22,8,54,37.4,0,8,0,20,5,-1.12,-5.98,-0.91,Moderate
2,5,6.1,69,45,56,31,48.4,2,4,0,2,64,1.98,2.32,2.24,Low
5,11,6.7,82,54,53,20,52.9,4,5,1,9,175,0.28,3.01,1.07,Moderate
15,2,7.1,66,69,34,74,60.8,1,5,0,6,110,0.29,0.68,0.32,Moderate
11,17,7.6,67,64,77,41,41.8,2,10,2,9,91,2.11,-5.89,0.18,High
4,6,6.7,65,20,45,75,52.6,5,2,2,13,31,0.5,-0.31,-0.05,Moderate
10,15,6.6,96,45,77,74,47.1,1,3,1,10,47,1.33,-1.37,1.41,Moderate
6,11,6.4,76,37,8,67,46.5,5,3,1,4,18,-1.31,4.54,0.81,Moderate
5,1,7.7,65,42,21,46,53.0,5,9,1,13,32,-0.69,3.64,-0.84,Low
23,2,6.7,71,47,45,64,62.1,5,7,2,5,13,-0.15,5.26,3.64,High
4,4,6.5,55,44,110,51,51.3,3,4,1,7,90,3.79,5.18,1.23,Moderate
3,5,7.5,62,54,147,46,48.4,4,8,0,7,44,3.27,-3.27,-1.0,Low
9,3,9.0,70,53,180,27,56.8,5,4,3,3,35,5.46,2.67,-1.0,Moderate
2,4,7.9,71,47,60,73,58.0,8,7,0,0,39,0.06,7.12,0.88,Moderate
5,11,5.1,82,52,102,138,50.3,3,10,3,10,100,2.11,1.44,2.44,High
6,2,7.0,84,42,19,97,35.0,4,6,0,9,15,-2.5,-4.88,-1.0,Low
11,5,9.0,71,44,79,66,40.7,1,1,1,12,180,1.29,-6.97,-1.0,Moderate
3,7,8.8,69,49,33,15,44.6,3,9,0,4,96,-0.31,-2.84,-1.0,Low
2,5,4.5,77,46,94,21,35.0,3,1,0,3,15,2.22,-7.06,-0.04,Low
7,6,7.1,73,47,134,40,40.1,1,1,1,5,67,3.96,-6.76,-1.0,Low
7,5,7.1,72,45,65,76,35.0,4,3,0,12,55,0.25,-7.5,-0.54,Low
16,5,6.4,74,54,20,111,53.1,5,2,0,5,60,-0.59,-1.83,2.61,Moderate
14,2,5.1,79,35,180,102,35.0,1,6,1,5,31,4.63,-6.91,0.97,High
10,6,6.6,89,45,180,35,49.8,1,12,3,7,9,6.0,7.48,1.85,High
7,5,8.0,65,19,31,143,52.1,0,2,0,15,29,-0.67,-0.98,-1.0,Moderate
7,1,6.4,80,35,59,89,58.8,2,5,2,14,68,-0.41,4.11,3.18,Moderate
10,2,7.6,78,26,8,17,40.3,4,7,0,3,90,-2.38,-6.61,-1.0,Low
10,4,7.3,78,72,39,8,35.0,3,6,0,5,36,-0.81,-3.94,-0.94,Low
16,3,8.2,72,44,64,54,48.1,4,10,0,20,52,0.48,-1.68,-0.26,Moderate
10,12,6.2,70,49,98,180,58.7,2,5,1,6,97,-0.89,6.67,0.21,High
7,8,5.7,61,38,34,48,35.0,4,6,0,5,24,-0.43,-4.74,2.19,Moderate
2,2,5.9,72,39,90,78,38.4,2,4,0,1,84,2.35,-4.67,0.9,Low
7,1,5.8,74,23,75,22,48.1,7,5,0,5,118,0.26,-0.93,1.86,Moderate
7,8,7.7,81,31,34,131,61.0,4,9,0,8,20,-0.85,9.27,-0.87,High
3,12,7.2,75,36,51,21,56.2,5,9,0,4,80,0.62,8.38,0.82,High
7,5,7.8,65,60,31,70,37.8,4,15,0,6,95,-0.17,-2.84,-0.98,Low
13,3,7.2,65,29,117,137,49.9,1,7,0,4,66,1.82,1.63,0.36,Moderate
11,6,5.7,68,48,89,96,52.3,1,4,2,11,37,2.91,2.11,0.73,High
12,5,6.1,73,33,57,37,40.1,3,3,0,4,31,0.89,-2.75,-0.51,Low
2,3,6.6,82,42,51,26,70.0,4,2,1,8,4,-0.73,10.0,1.76,Moderate
3,8,7.1,69,46,39,51,40.7,5,5,0,6,28,-0.51,-2.98,0.21,Low
5,15,6.5,70,39,28,180,52.7,3,8,0,5,90,-0.28,3.82,2.29,Moderate
5,4,6.8,81,66,33,135,55.2,4,11,1,5,17,-0.4,1.64,0.58,Moderate
3,3,7.9,78,28,30,103,39.5,1,1,1,1,11,-0.56,-6.15,-1.0,Low
0,4,5.6,69,25,163,67,48.8,1,3,2,5,28,4.26,0.13,0.39,Moderate
6,7,6.5,78,59,67,43,54.7,2,3,0,5,95,0.87,2.03,0.32,Moderate
2,10,6.9,87,56,49,94,53.2,2,2,1,4,78,0.15,7.48,-0.14,Moderate
3,4,5.7,69,52,12,55,35.0,5,4,1,3,32,-0.64,-6.91,1.42,Low
5,13,6.4,73,25,85,50,42.4,2,6,1,13,148,1.82,-1.58,1.18,High
2,6,6.2,63,38,175,50,43.9,4,1,2,2,4,5.71,-3.04,-0.44,Low
2,2,6.8,87,58,130,101,51.1,2,8,1,6,98,3.74,4.69,0.4,High
2,8,6.2,65,48,9,124,40.9,1,7,1,12,139,-0.3,-3.48,2.2,Low
12,2,7.3,66,35,25,40,36.7,4,8,2,12,21,-2.5,-4.74,-1.0,Low
7,10,6.7,76,41,56,46,53.2,1,1,1,7,180,-0.33,1.65,0.99,Moderate
3,5,8.2,61,41,133,17,54.6,0,7,0,5,27,2.21,-0.58,-0.9,Low
4,2,4.8,87,62,19,36,54.1,5,3,1,5,47,-1.43,2.6,3.46,Moderate
1,5,6.6,71,47,65,23,55.8,3,7,0,3,76,1.77,6.93,0.03,Moderate
4,4,6.8,58,35,53,46,49.3,4,11,1,20,54,0.46,4.59,2.89,Moderate
4,10,5.6,79,30,9,45,59.8,5,18,1,3,10,0.23,9.11,2.93,High
4,15,8.0,74,53,58,25,52.9,2,1,0,8,13,1.11,-0.27,-1.0,Low
18,9,6.0,72,48,94,78,58.0,2,6,0,8,180,3.05,2.05,1.07,High
0,1,8.8,60,48,71,124,50.2,5,1,1,4,17,2.77,1.84,-1.0,Low
9,5,6.0,57,51,49,12,44.9,1,5,0,7,16,-0.13,-6.06,1.73,Low
9,13,7.2,92,38,39,64,65.4,4,8,2,10,96,0.44,10.0,0.67,High
3,3,7.4,85,37,57,77,52.4,0,3,2,18,43,0.36,4.27,0.12,Low
7,4,7.2,75,56,3,118,48.7,3,7,0,9,35,-2.5,4.64,1.24,Low
4,4,7.1,67,33,36,131,35.2,1,4,2,6,133,-0.67,-10.0,0.03,Low
7,3,6.9,75,62,132,12,46.4,1,5,1,7,38,3.96,0.6,-0.19,Low
11,5,6.9,74,37,60,99,40.3,7,18,0,7,105,0.72,1.03,0.16,Moderate
7,13,7.0,58,44,32,67,49.6,2,3,0,1,32,-0.09,0.12,-1.0,Low
3,17,6.2,62,41,93,23,35.7,0,9,2,18,42,1.19,-4.58,1.63,Low
2,14,6.9,76,53,50,59,51.5,1,12,0,9,75,-0.63,0.79,1.45,Moderate
4,3,9.0,72,30,73,40,48.4,4,2,3,15,51,2.54,-3.28,-1.0,Low
3,11,6.5,67,43,136,53,46.8,4,13,1,4,41,3.83,-0.45,1.35,Moderate
2,7,6.7,77,52,108,36,54.5,1,5,0,3,36,3.02,-1.82,0.77,Moderate
5,1,6.6,65,34,34,75,44.4,3,1,1,5,58,0.64,-6.09,-0.92,Low
2,4,6.2,101,40,53,84,46.9,2,14,2,6,63,-1.0,4.36,1.29,Moderate
13,1,7.0,75,23,28,11,43.7,4,3,1,4,46,-1.21,0.8,-1.0,Low
8,11,6.1,64,53,36,96,65.7,5,6,1,2,20,-1.07,10.0,1.21,High
6,8,7.5,81,28,79,41,50.7,2,6,1,10,68,1.46,-2.05,0.09,Moderate
4,1,7.3,72,39,21,180,59.6,1,8,3,6,42,0.45,2.14,0.64,Moderate
13,5,6.6,83,41,90,7,49.9,7,2,0,8,95,2.16,0.29,0.06,Low
5,2,4.8,75,34,40,83,51.5,0,3,0,9,70,0.05,10.0,2.75,Moderate
3,6,6.4,83,43,6,102,40.0,3,7,1,7,31,-2.5,-3.75,-0.15,Low
3,2,5.0,72,25,42,39,51.8,9,19,1,7,70,0.41,2.14,5.76,High
10,7,6.7,62,17,101,71,49.1,4,6,0,20,67,2.61,0.0,1.97,High
3,2,7.3,78,54,83,3,54.1,1,5,1,12,18,2.68,6.57,0.86,Moderate
17,4,5.5,83,56,22,12,59.6,3,3,1,2,57,-0.67,3.65,2.52,High
2,4,6.5,90,60,102,69,44.4,6,4,2,2,155,2.56,-2.26,-0.05,Low
8,2,7.2,76,33,45,85,35.0,2,4,1,11,52,0.19,-5.52,-1.0,Low
5,5,7.3,86,41,139,95,43.9,3,4,2,9,156,3.78,-2.12,-0.23,Moderate
3,3,5.4,75,50,107,121,52.6,3,8,3,8,30,1.17,1.02,3.62,Moderate
12,4,6.6,73,36,71,24,70.0,3,13,0,6,35,1.59,10.0,2.29,High
7,5,5.9,74,45,113,29,46.8,7,9,1,6,61,2.39,1.01,1.08,Moderate
8,7,7.6,87,50,74,96,52.7,3,5,1,8,24,0.86,3.06,0.59,Moderate
4,5,6.3,78,67,23,58,48.9,2,6,2,14,62,-0.28,4.0,2.6,Low
8,3,7.5,70,61,109,61,45.1,2,4,0,2,19,3.37,-4.7,-1.0,Low
19,9,7.7,61,17,36,27,47.2,4,3,0,13,114,-0.07,-3.03,-0.25,High
16,2,6.7,78,55,160,59,58.4,4,0,0,6,84,5.25,2.48,1.23,High
12,13,4.9,59,47,117,26,51.0,0,19,0,1,180,3.64,3.49,5.06,High
1,4,7.3,73,46,22,30,55.7,1,6,1,20,19,1.22,1.93,0.04,Low
3,5,7.3,64,51,85,53,59.2,3,4,0,5,48,2.37,0.91,0.45,Moderate
9,7,6.4,59,48,66,59,44.1,3,1,2,4,15,-0.4,-3.78,0.8,Low
5,14,6.6,77,43,95,150,35.0,5,1,0,6,43,2.51,-3.81,-0.48,Moderate
1,2,7.0,72,41,57,20,54.6,2,17,0,7,100,0.73,4.59,0.27,Moderate
14,1,7.5,77,50,80,62,52.0,6,12,0,10,68,0.24,5.85,1.52,Moderate
6,10,6.2,74,49,23,111,55.3,4,2,0,2,108,-0.59,2.1,1.08,Moderate
12,7,8.0,62,40,30,50,45.2,1,4,0,3,71,-0.92,-0.84,-1.0,Low
12,6,7.7,75,31,123,61,35.0,5,6,1,11,10,2.52,-6.39,-0.87,Moderate
2,3,5.9,86,47,37,73,48.4,3,9,0,5,67,0.15,-2.11,1.93,Low
7,2,6.4,66,59,27,130,39.8,5,6,0,18,23,-0.1,-7.7,0.51,Low
6,4,5.6,84,52,106,67,46.9,3,9,1,12,119,1.17,3.32,1.7,Moderate
11,2,6.2,84,26,106,12,36.6,6,8,0,10,42,3.8,-5.01,3.17,High
10,4,7.1,85,33,76,123,48.7,6,8,0,8,109,1.18,0.69,0.83,Moderate
1,3,6.3,69,49,171,55,48.4,2,5,0,3,38,5.51,-1.39,-0.37,Low
11,7,6.7,61,42,77,69,58.3,1,6,1,3,102,-0.21,6.63,2.11,High
5,5,6.8,65,51,26,25,59.6,2,9,0,7,75,-0.32,8.49,0.78,Moderate
3,6,8.5,57,47,20,139,44.9,1,1,1,5,45,-0.18,-1.56,-1.0,Low
4,6,6.5,78,45,118,37,41.2,4,10,3,4,37,3.73,0.55,0.66,Moderate
10,8,7.2,89,45,16,12,57.5,7,2,0,16,137,-1.05,5.31,0.71,High
2,5,7.3,99,42,137,35,68.5,1,2,2,18,63,3.23,1.59,0.51,High
11,7,6.1,79,60,27,52,37.1,2,6,1,7,22,-0.69,-7.6,1.49,Low
12,15,5.3,75,52,88,61,46.3,1,4,2,10,34,0.28,-0.51,2.5,Moderate
3,3,5.9,65,52,30,25,48.9,2,10,2,4,3,-0.97,4.03,2.74,Low
3,5,6.2,82,49,86,98,47.6,2,9,0,6,22,2.8,6.96,1.3,Moderate
2,6,6.2,66,44,57,27,46.4,3,3,1,4,108,0.07,-0.18,2.26,Low
6,2,4.3,78,42,83,53,44.1,2,4,0,8,119,0.48,-1.7,2.47,Moderate
17,4,5.4,78,44,33,25,52.3,5,4,2,2,124,0.61,0.4,2.55,High
5,4,7.3,86,43,56,51,41.4,2,6,1,20,130,-1.0,-2.43,-0.79,Low
5,4,5.5,75,34,43,162,49.2,3,11,1,4,17,-1.34,3.1,2.27,Moderate
5,3,6.9,76,32,23,111,47.8,2,6,0,4,91,-1.5,1.37,-0.46,Low
4,5,7.0,80,46,19,141,42.0,4,6,0,5,48,0.89,-2.58,-0.37,Low
8,6,5.4,74,47,88,53,43.1,4,11,0,4,154,1.41,-1.19,1.96,Moderate
12,5,6.9,76,52,41,93,52.8,1,10,0,17,25,0.15,2.99,0.4,Moderate
4,3,6.0,60,47,41,36,49.8,4,2,2,9,59,0.14,-0.98,1.35,Low
10,2,5.9,74,27,46,117,45.9,2,10,1,8,180,0.09,0.36,2.66,Low
8,5,7.2,76,36,53,170,35.0,3,6,1,9,64,0.15,-6.75,-0.39,Moderate
4,2,5.5,65,22,180,30,55.3,2,10,0,7,29,4.4,1.85,2.5,High
10,3,8.0,75,47,74,170,44.2,3,8,1,7,39,-0.77,-3.06,-0.51,Low
6,6,7.0,64,31,54,33,36.1,3,3,0,2,62,0.17,-6.36,-0.27,Low
7,9,7.1,96,43,19,104,46.9,2,4,0,2,117,-1.97,-3.4,1.69,Moderate
7,12,7.3,82,32,11,23,43.0,3,7,0,3,43,-1.56,-3.03,-0.33,Low
10,12,7.2,75,27,53,35,63.9,3,1,0,12,23,-1.06,8.61,0.95,High
7,3,7.4,76,34,93,114,41.1,3,3,0,9,171,-0.42,-5.38,-1.0,Moderate
3,2,7.0,72,52,50,32,40.2,3,3,0,5,61,0.65,-2.53,-1.0,Low
9,4,7.7,73,42,7,86,66.8,4,7,0,5,5,-2.5,10.0,0.26,High
15,6,6.3,70,48,102,47,41.4,6,21,0,9,66,3.27,-4.53,2.13,High
4,12,5.4,55,25,34,41,57.8,4,4,1,1,173,-1.18,7.72,2.88,High
3,6,6.2,69,46,23,40,51.4,3,5,2,20,36,-1.61,1.39,0.46,Low
2,6,8.6,69,43,80,81,52.1,3,6,0,4,23,0.24,-0.02,-1.0,Low
8,5,7.1,89,47,120,67,48.2,3,15,0,15,11,3.69,2.59,1.16,High
7,8,5.3,88,48,180,37,52.8,3,8,1,7,180,5.04,4.03,3.34,High
2,3,6.8,70,25,36,25,48.9,0,5,0,4,37,-0.95,1.37,0.16,Low
4,4,7.8,85,28,65,54,57.2,3,15,2,1,63,0.74,0.76,2.84,High
10,11,7.3,73,38,44,165,52.3,1,2,1,8,85,-0.81,-1.56,-0.68,Moderate
19,11,8.3,67,61,70,137,48.1,2,9,0,9,44,0.96,-1.44,-0.45,Moderate
5,5,6.0,81,44,34,122,60.4,1,3,1,8,90,-0.46,4.23,2.12,Moderate
2,5,5.3,65,43,154,17,38.2,2,8,0,7,27,5.02,-4.07,1.73,Moderate
10,4,5.2,57,39,115,75,42.5,4,15,1,6,16,2.49,0.45,3.51,High
0,9,6.7,83,17,22,68,56.7,6,5,0,5,9,-1.51,7.46,0.7,Moderate
1,2,5.5,75,72,132,22,38.0,2,5,0,9,33,4.11,-5.34,0.31,Low
7,11,6.5,64,25,116,118,48.8,3,3,0,3,30,2.46,-3.89,2.58,Moderate
6,9,5.3,80,50,35,170,49.3,2,11,2,14,29,-0.94,2.35,2.78,Moderate
9,6,6.7,64,45,114,46,40.4,7,18,2,11,42,2.82,4.17,1.06,High
11,13,6.6,83,40,170,22,55.1,2,2,1,20,70,5.2,2.87,-0.13,High
3,2,6.6,66,33,34,180,52.7,1,7,1,12,78,-0.3,-1.78,1.11,Moderate
2,18,7.2,77,62,32,37,56.2,3,17,1,3,34,-1.46,6.98,0.79,High
6,4,6.9,79,60,112,108,43.6,1,3,0,7,25,3.07,-5.44,-0.07,Low
5,6,7.4,72,44,51,102,53.5,0,5,0,4,84,-0.53,6.37,-0.26,Low
7,2,6.5,82,32,32,73,48.1,6,21,0,7,13,-2.0,4.36,2.01,Moderate
4,9,8.2,78,33,177,108,58.7,4,1,1,3,180,4.72,-0.24,-1.0,High
3,4,7.4,82,39,34,11,43.1,4,1,2,3,180,-0.05,-0.23,-1.0,Low
3,5,8.4,82,52,25,41,38.6,4,5,1,8,60,-0.55,-4.71,-1.0,Low
8,4,6.0,86,46,11,55,58.4,5,5,1,6,15,-2.5,3.18,0.99,Moderate
3,11,6.0,66,47,23,180,53.2,3,1,4,2,43,0.51,-3.24,1.81,Moderate
8,10,4.9,71,64,113,180,45.8,5,2,0,2,53,4.03,-2.41,2.36,High
9,2,5.0,83,36,134,15,53.0,6,7,0,20,40,3.87,2.55,3.41,High
7,4,7.4,82,38,104,40,45.0,4,6,2,20,68,2.28,-5.6,-0.5,Low
2,8,6.4,88,68,85,27,42.1,1,4,2,3,96,0.96,-1.03,-0.26,Low
5,8,8.0,66,34,12,59,35.2,3,4,0,5,73,-2.32,-5.57,-1.0,Low
11,1,7.7,64,46,29,29,43.7,2,2,0,4,88,-1.7,-2.03,-1.0,Low
12,8,7.3,71,31,82,53,48.1,5,1,1,4,180,1.07,1.05,-0.56,Moderate
17,8,7.4,69,34,115,24,46.9,1,6,3,11,57,2.46,0.27,-0.85,High
3,6,6.3,77,42,105,68,49.7,3,3,0,11,75,2.43,3.47,-0.19,Low
3,9,7.5,75,53,2,50,43.4,4,2,0,14,7,-0.92,-5.43,0.32,Low
15,5,6.9,61,46,69,127,42.2,2,8,0,20,51,0.64,-2.5,0.14,Moderate
2,6,6.4,59,32,14,116,35.0,0,9,0,15,55,-1.46,-8.12,0.6,Low
9,3,6.4,81,28,37,55,52.2,4,5,1,5,53,1.69,3.48,0.74,High
3,11,8.4,87,53,107,180,47.8,1,4,0,9,41,2.4,1.58,-1.0,Moderate
6,5,6.7,74,64,180,73,49.2,2,3,0,7,76,4.76,1.94,-0.98,Moderate
4,6,6.6,83,24,52,19,64.0,5,9,0,8,28,0.37,3.99,1.17,Moderate
10,6,7.6,73,63,56,32,53.5,4,10,1,9,51,0.65,1.31,-0.17,Moderate
5,8,5.5,69,42,58,24,49.0,4,1,0,12,69,0.9,-2.35,2.37,Moderate
3,3,6.5,67,39,61,68,50.8,4,16,1,1,128,0.44,10.0,1.12,High
11,8,7.3,74,29,67,115,55.3,1,21,0,12,34,0.93,4.98,0.95,High
8,7,4.6,77,42,41,28,47.0,4,7,2,6,50,0.62,-3.7,3.11,Moderate
1,14,5.9,66,49,47,114,55.9,2,13,2,3,87,-0.82,2.81,2.67,High
5,4,5.8,83,51,46,82,36.2,2,4,0,20,36,1.38,-8.71,0.63,Low
3,1,7.9,63,27,47,68,49.8,3,4,1,20,139,-0.41,5.99,-1.0,Moderate
11,2,7.5,55,48,22,74,57.7,6,6,1,6,35,-0.86,2.36,-0.56,Moderate
8,3,6.1,75,57,52,32,41.3,4,6,1,4,8,-0.52,-6.26,2.6,Low
5,4,6.2,89,58,93,19,39.3,3,7,1,4,42,0.7,-2.6,1.01,Low
3,3,5.9,81,32,54,27,59.5,1,5,0,6,14,-1.05,10.0,1.17,Moderate
1,2,6.4,80,57,63,40,44.5,7,4,0,13,60,0.94,-4.48,1.13,Low
8,2,6.7,89,34,75,93,37.8,6,10,2,0,38,2.0,-1.92,0.08,Moderate
9,3,6.6,81,52,144,70,45.2,5,21,0,20,48,4.36,3.27,3.22,High
5,0,7.0,73,47,10,13,60.8,1,4,0,6,4,-1.49,5.89,2.21,Low
3,8,6.6,70,15,20,68,50.5,4,7,0,16,68,-1.35,-1.26,1.56,Low
6,5,5.8,62,28,40,23,45.6,5,2,1,2,43,-0.49,-0.45,0.44,Low
7,9,5.8,72,36,59,120,51.1,1,5,2,4,4,0.97,-0.59,2.05,Moderate
15,6,5.8,59,31,96,86,40.1,6,3,2,1,29,2.71,-3.03,0.17,Moderate
2,3,7.2,66,33,33,31,43.0,1,2,2,9,19,-0.75,-6.88,-0.55,Low
17,5,6.7,88,45,97,94,61.3,2,6,1,3,57,1.47,5.28,1.38,High
8,2,6.4,72,53,106,38,60.1,4,8,2,7,64,0.72,7.41,1.84,Moderate
5,15,7.2,93,54,27,26,59.3,0,5,0,4,27,-1.09,4.96,0.79,Moderate
20,21,6.9,86,48,48,52,46.2,4,3,0,8,47,-0.49,-0.91,0.07,High
8,13,5.7,70,44,130,180,54.8,1,12,1,3,106,2.74,6.6,2.9,High
3,19,7.3,85,53,115,139,48.3,2,2,0,5,7,2.68,-3.02,-0.54,Moderate
4,2,6.0,75,31,129,96,40.9,4,14,1,2,61,2.99,-1.46,3.21,Moderate
3,2,7.3,73,41,142,109,60.3,1,15,2,3,80,2.55,10.0,2.75,High
11,0,7.2,74,31,56,84,51.8,4,1,0,3,66,-0.29,1.66,0.03,Low
12,7,6.9,66,37,35,54,66.2,7,8,1,11,108,-0.65,5.01,3.14,High
8,5,6.5,87,68,132,18,50.3,3,13,0,9,64,3.97,4.56,2.58,High
6,8,6.9,75,31,86,37,39.4,4,3,0,12,100,0.72,-5.6,0.83,Moderate
6,2,6.4,68,64,105,173,45.7,3,8,3,6,92,3.24,1.93,2.19,High
5,9,6.9,71,42,92,66,45.1,3,4,0,1,16,1.36,-3.25,0.54,Moderate
12,4,8.2,77,44,91,86,40.9,3,3,0,13,180,2.65,-8.07,-1.0,Moderate
5,7,6.4,69,46,37,40,42.5,3,12,3,4,19,-1.23,-1.43,1.45,Moderate
4,7,7.2,69,60,66,61,50.5,1,11,1,20,48,-0.57,1.88,1.27,Moderate
4,5,6.5,79,49,100,52,51.6,3,3,0,3,41,0.88,1.06,2.37,Low
1,1,5.3,69,38,28,74,52.6,6,5,4,9,21,-1.13,0.54,1.63,Moderate
5,11,5.4,72,41,60,173,49.3,4,6,0,7,160,1.3,1.08,2.8,High
9,5,6.0,80,48,44,30,56.1,5,5,1,3,108,1.93,3.18,2.1,High
5,6,7.0,79,12,37,29,49.5,6,1,0,8,85,0.04,0.99,-1.0,Moderate
5,8,8.3,85,31,95,27,46.4,1,5,0,9,19,2.12,-0.71,-1.0,Moderate
2,5,6.5,60,64,32,86,45.7,2,3,2,11,15,-1.41,-3.79,1.17,Low
6,6,7.8,66,38,43,100,45.0,3,1,1,9,31,1.73,-1.64,-0.84,Low
11,11,7.0,68,55,51,35,57.6,2,6,3,4,37,1.94,4.91,-0.02,High
19,2,7.7,76,53,60,44,56.8,6,2,0,6,62,-0.04,3.61,-0.0,Moderate
2,8,7.0,72,52,72,96,54.5,4,20,0,20,144,1.1,4.11,2.49,High
2,9,6.1,74,51,150,37,41.2,2,13,2,9,118,3.9,1.05,2.85,Moderate
5,6,7.0,86,40,11,19,53.8,3,12,0,14,93,-1.63,5.79,1.6,Moderate
6,20,6.0,83,23,31,29,42.3,5,13,0,4,34,-1.05,-0.28,0.74,Moderate
6,1,7.7,70,56,83,41,55.2,0,1,0,5,57,0.12,0.74,-0.68,Low
3,3,4.7,77,51,115,70,61.7,4,4,0,5,21,2.06,7.77,4.4,High
5,4,7.1,66,33,180,88,58.1,2,1,1,12,115,5.07,5.97,1.51,High
7,16,6.6,80,32,35,120,50.9,3,7,0,12,38,-2.05,2.12,0.51,High
12,9,8.4,55,19,7,22,45.4,3,7,0,5,43,-2.04,-4.59,-1.0,Moderate
9,3,5.5,83,50,99,29,44.1,1,5,0,6,37,3.4,-1.75,2.92,Moderate
12,3,6.0,76,43,48,131,59.6,3,11,0,5,47,-0.15,8.57,2.97,High
3,6,6.8,79,50,76,48,49.4,4,1,2,5,94,-0.07,-0.6,0.24,Low
8,3,7.0,67,51,73,142,50.9,6,7,1,6,82,1.51,-0.51,0.93,Moderate
14,4,7.1,73,53,62,56,48.3,5,10,2,10,108,1.69,-0.49,0.14,Moderate
13,1,7.8,78,34,157,17,53.2,8,10,1,11,25,4.97,6.38,1.07,High
5,3,7.1,82,42,35,17,38.8,1,6,0,20,61,-0.77,-0.68,-0.45,Low
4,0,5.8,75,61,131,44,48.3,1,9,1,9,4,3.08,0.01,1.49,Moderate
1,6,6.4,66,47,21,64,35.0,2,4,1,3,117,-1.38,-5.26,-0.17,Low
6,11,7.3,81,52,62,148,58.3,3,1,2,6,29,-0.63,4.98,0.97,Moderate
7,7,7.9,77,52,97,46,38.4,3,3,0,4,29,2.44,-5.59,-1.0,Low
19,6,8.0,91,42,180,25,46.3,5,5,0,20,113,4.89,-2.54,-1.0,High
3,7,6.8,62,64,33,48,52.2,2,3,1,4,31,0.62,-2.45,0.88,Low
10,1,6.2,64,49,37,28,57.8,3,14,0,11,49,-1.26,6.09,3.57,Moderate
6,1,8.2,71,64,12,50,57.5,3,21,1,7,180,-2.19,4.94,1.29,High
3,9,6.9,75,47,66,30,39.5,4,21,0,11,17,-1.21,-0.73,1.94,Low
5,3,5.7,61,50,51,101,53.1,0,16,1,10,81,-0.01,2.74,2.53,Moderate
14,7,8.7,91,53,80,107,47.7,2,10,0,11,54,1.65,-1.1,-1.0,Moderate
19,5,9.0,73,46,164,107,35.0,3,11,2,2,63,6.0,-2.85,-1.0,High
11,12,7.5,65,46,55,50,47.9,3,5,0,10,33,-0.06,-0.83,-1.0,Moderate
5,9,6.7,72,32,9,55,46.5,3,4,0,10,60,-0.3,-1.16,-0.79,Low
14,9,7.0,77,38,61,26,59.5,3,20,0,3,56,0.38,7.45,2.18,High
6,2,6.8,71,28,67,135,53.2,5,5,0,15,43,-1.08,1.57,1.76,Moderate
11,6,6.5,80,40,160,82,50.9,2,5,0,5,36,3.75,1.3,2.26,High
5,1,7.5,69,29,43,52,37.8,3,8,4,5,50,-0.8,0.15,-0.16,Low
2,2,8.8,70,56,143,61,46.1,3,9,1,3,60,3.13,0.44,-1.0,Low
8,1,4.5,76,35,88,47,54.7,4,4,1,9,37,2.97,2.56,4.28,High
2,6,6.5,70,39,180,131,46.3,1,5,0,16,91,5.99,2.19,1.16,Moderate
6,9,6.9,64,58,62,56,48.4,4,8,1,4,43,0.41,2.17,-0.28,Low
10,1,5.5,74,36,10,55,40.8,1,2,0,3,84,-0.61,-4.67,2.25,Moderate
8,3,6.1,84,32,86,52,54.7,6,21,0,16,67,1.07,4.89,3.93,High
4,6,6.4,77,57,51,54,44.1,1,2,0,1,10,-0.61,3.13,1.27,Low
5,3,6.3,71,40,35,109,35.0,5,11,0,3,128,-0.88,-9.83,0.34,Low
5,9,7.0,76,29,37,18,56.6,2,4,1,19,125,0.51,7.36,0.02,High
1,3,8.2,85,60,82,70,49.7,1,15,0,20,165,1.53,2.24,0.24,Moderate
7,2,5.1,73,58,129,69,47.2,1,12,2,10,35,4.67,0.01,2.38,High
8,4,6.3,65,46,87,14,36.2,3,7,0,6,112,2.02,-6.17,1.2,Moderate
6,2,7.6,63,43,42,54,37.9,0,1,2,2,32,1.27,-4.55,-1.0,Low
3,3,6.0,65,47,44,68,56.6,8,4,1,4,28,0.45,6.6,1.03,Moderate
3,4,5.6,81,38,5,147,44.6,0,3,0,11,101,-2.2,-6.65,1.85,Low
16,4,8.7,67,32,14,90,48.0,3,10,0,4,76,-2.11,-0.99,-0.03,Moderate
11,9,7.4,79,42,13,49,53.0,4,2,2,6,72,-0.99,-0.95,-1.0,Moderate
2,14,6.8,85,41,14,59,35.0,2,2,0,17,71,-2.35,-1.67,-0.3,Low
5,2,6.2,75,69,180,110,59.9,4,3,1,9,35,4.74,6.24,1.68,High
8,4,6.7,76,73,65,55,54.9,4,5,0,2,21,1.68,1.21,1.21,Moderate
9,3,7.4,59,35,103,66,48.3,5,10,0,7,100,2.45,0.22,-0.09,Moderate
13,6,5.0,82,39,107,110,38.5,3,1,0,5,23,2.04,-7.96,0.71,Moderate
4,7,8.0,78,40,130,180,43.3,4,11,2,2,92,4.3,1.01,-1.0,Moderate
1,8,6.5,75,32,34,25,48.6,4,7,0,15,64,-0.17,-2.12,0.1,Low
10,5,7.1,80,44,61,39,44.9,1,2,4,13,121,1.05,-3.31,-0.41,Low
13,5,6.3,102,30,133,28,63.7,2,8,0,3,67,4.51,10.0,2.84,High
4,15,7.0,70,35,160,22,45.1,4,4,1,9,60,6.0,2.14,-1.0,Moderate
8,7,5.8,72,41,94,153,46.2,2,4,0,3,12,1.85,-4.53,1.48,Low
4,4,7.6,70,36,16,74,46.7,4,9,1,6,35,-0.88,-0.69,-0.19,Low
4,6,8.2,68,47,143,169,41.2,5,8,0,4,161,4.18,-0.16,-1.0,Moderate
4,4,7.3,72,45,80,32,43.6,6,10,2,5,59,1.22,0.84,-0.58,Low
6,3,6.2,75,39,12,53,52.8,4,11,1,3,26,-1.45,2.72,1.8,Moderate
2,1,8.7,93,26,140,117,44.5,4,6,2,5,121,3.72,1.65,-1.0,Moderate
18,3,6.0,62,56,133,111,48.0,2,5,2,20,75,4.05,0.4,1.79,High
5,4,5.0,74,56,68,153,52.3,2,11,2,3,145,0.38,7.66,2.97,High
5,19,6.6,65,55,44,180,40.6,1,5,0,4,88,-0.33,-4.14,0.08,Moderate
6,6,4.2,69,64,29,40,41.7,4,4,1,10,44,-1.23,-2.25,4.2,Moderate
4,2,7.4,78,36,71,56,55.2,5,2,0,5,180,-0.64,4.39,-0.8,Moderate
4,8,5.7,69,30,70,66,38.9,4,5,1,4,65,1.81,-3.21,1.63,Low
14,7,7.2,68,46,42,67,57.4,2,2,2,20,78,0.48,1.4,0.55,High
9,5,5.9,76,62,169,6,59.8,2,13,1,8,180,5.72,4.01,2.51,High
2,4,4.2,83,52,100,47,49.7,4,10,0,5,59,2.31,-0.87,5.83,Moderate
7,12,6.8,55,67,4,17,43.6,4,4,0,9,43,-2.5,2.01,1.14,Low
4,6,5.8,61,34,107,25,42.0,2,3,1,4,55,2.63,-5.13,-0.11,Low
3,12,6.5,72,67,40,79,52.6,4,10,0,13,52,-0.14,-2.39,1.52,Moderate
2,5,7.9,70,25,7,64,68.0,5,4,0,18,35,-1.58,10.0,-1.0,High
1,20,7.5,77,30,27,28,48.1,1,10,0,11,67,0.06,0.64,2.53,Moderate
4,1,8.1,64,58,49,45,38.5,3,10,0,1,19,-0.38,0.06,-0.77,Low
9,4,7.7,70,37,180,167,59.3,4,3,0,6,43,5.45,2.62,-0.93,High
2,1,7.1,66,40,39,43,53.5,4,13,0,5,103,-0.27,3.66,2.85,Moderate
11,8,8.2,72,44,93,14,47.2,4,9,0,3,105,1.34,-2.15,0.03,Moderate
13,9,6.4,84,28,179,47,59.9,6,0,2,3,77,4.81,4.01,-0.19,High
4,3,6.2,85,26,83,87,57.4,3,17,0,7,2,0.95,5.02,2.81,High
5,10,6.5,76,64,77,35,38.6,0,2,0,3,47,0.42,-7.28,0.95,Low
4,3,5.3,87,60,22,67,48.0,2,5,1,6,45,-1.62,0.9,1.86,Low
12,3,7.9,72,17,37,44,45.4,6,11,0,2,124,-0.56,-1.15,-0.33,Low
10,9,6.8,77,73,37,144,55.1,2,1,2,9,61,0.36,0.66,0.78,Moderate
7,2,5.5,60,35,53,71,46.9,2,9,1,16,39,-0.43,-7.4,3.12,Moderate
9,1,7.8,88,80,21,69,39.1,2,2,0,8,80,-0.24,-7.77,-0.7,Moderate
8,5,4.5,66,48,19,120,37.0,4,9,3,18,77,-0.12,-4.77,3.28,High
10,3,7.2,85,55,90,43,51.7,4,4,0,11,126,3.34,0.23,-0.57,Moderate
15,1,8.0,79,51,62,107,38.8,4,4,1,1,116,2.54,-3.59,-1.0,Low
6,2,6.7,85,43,80,17,55.3,1,16,1,5,162,0.98,3.5,3.17,High
8,3,6.3,84,39,27,36,49.1,0,21,2,1,126,-1.02,3.19,3.7,High
5,1,7.5,67,54,70,168,42.3,6,4,0,9,25,0.99,-3.42,-1.0,Low
13,9,7.0,88,42,73,28,39.9,9,9,1,8,3,1.88,-7.23,-0.07,Moderate
9,3,5.6,72,53,47,36,52.5,1,3,0,20,103,0.16,-1.9,2.02,Moderate
4,3,7.6,86,56,99,56,36.9,4,2,2,2,37,2.22,1.57,-1.0,Low
11,2,6.7,84,28,47,53,48.8,6,8,1,4,27,-1.45,1.19,-0.3,Moderate
10,16,6.6,58,39,82,78,54.5,4,2,0,14,30,2.4,-0.23,1.5,Moderate
2,14,7.3,70,14,164,65,54.6,7,5,1,4,95,4.88,0.46,0.11,High
1,9,6.4,73,43,73,63,55.7,3,6,1,14,31,0.49,1.61,1.43,Moderate
5,6,8.0,79,38,46,21,50.6,2,10,0,15,168,-0.14,1.3,0.4,Low
7,12,7.8,78,36,147,147,54.5,1,6,1,17,33,5.22,4.38,-1.0,High
5,10,7.6,83,35,54,178,38.6,1,1,0,1,131,-0.46,-7.23,-1.0,Low
10,16,7.5,73,36,35,75,54.5,2,6,0,5,89,-1.49,2.5,0.76,Moderate
3,11,5.9,71,49,126,43,48.1,6,6,1,7,31,4.2,4.18,3.27,High
12,5,6.6,72,39,42,154,50.0,4,3,0,11,134,-1.97,-1.84,1.1,Moderate
6,3,7.1,55,15,73,51,63.2,2,5,2,6,70,0.91,7.66,0.07,High
3,3,8.3,84,73,40,104,60.1,2,2,0,14,27,-1.01,4.77,-1.0,Moderate
4,3,8.2,63,60,34,46,49.7,1,3,3,1,20,-1.4,0.31,-1.0,Low
1,2,5.4,73,44,68,57,41.2,4,3,0,8,16,-0.5,-3.89,2.11,Low
5,8,7.4,83,38,85,86,39.5,3,8,1,2,70,2.39,-3.2,-1.0,Moderate
7,1,7.3,69,44,81,77,64.6,3,4,1,4,33,-0.14,4.49,1.38,Moderate
8,11,6.2,73,44,87,136,47.7,1,5,0,7,16,1.45,-0.39,1.23,Moderate
8,2,6.6,88,44,5,113,36.9,2,4,2,8,125,-0.1,-0.42,-0.58,Moderate
8,7,6.9,83,45,47,18,52.0,3,4,1,4,31,0.95,1.13,0.78,Moderate
20,6,7.0,88,45,68,32,35.0,2,3,1,7,20,-0.27,-6.46,-1.0,Moderate
27,1,6.6,87,16,91,53,43.2,2,7,2,7,94,0.85,-5.44,2.37,High
2,3,7.3,76,31,50,46,49.3,2,7,0,5,9,0.89,4.12,0.06,Low
3,18,5.9,70,26,105,44,51.7,1,2,1,3,163,4.03,-1.17,0.5,High
27,3,6.6,68,41,71,107,36.6,2,4,1,5,103,1.95,-2.78,0.25,Moderate
11,7,7.5,76,47,53,138,49.9,3,11,0,16,26,-0.04,9.67,-1.0,High
3,6,6.1,80,41,14,13,48.7,1,7,1,8,88,-0.01,-2.67,3.17,Low
6,1,6.6,60,66,103,44,55.2,3,2,1,2,78,3.05,8.16,1.35,Moderate
17,2,6.1,68,47,45,12,35.0,2,21,2,5,22,-1.77,-4.59,1.78,Moderate
9,4,6.8,66,33,32,5,42.0,4,8,1,3,21,0.85,-1.87,-0.27,Low
15,9,8.0,80,40,42,32,41.4,5,2,0,3,18,-0.51,-5.54,-1.0,Moderate
2,3,8.1,77,40,74,78,52.5,1,8,0,8,14,0.42,2.46,-0.49,Low
11,1,6.5,83,47,30,12,41.0,4,4,2,6,141,-0.21,-1.84,0.11,Low
13,1,7.2,73,52,68,96,49.6,4,18,0,1,43,0.45,-1.42,1.77,Moderate
8,5,6.6,68,38,84,55,36.9,5,5,2,2,43,2.27,-3.55,0.21,Moderate
8,5,6.8,75,39,38,39,39.5,3,1,0,14,49,-0.36,-4.59,-1.0,Low
3,4,7.2,85,23,61,28,56.9,6,8,0,2,24,1.76,2.58,-0.09,Moderate
10,2,6.7,83,33,79,64,48.1,5,3,0,4,19,0.77,3.13,-0.66,Moderate
2,9,6.3,95,37,33,25,48.0,3,4,1,3,92,-0.89,-2.68,0.96,Low
5,6,6.3,74,43,7,141,54.8,2,5,0,11,11,-0.25,6.01,0.7,Low
4,6,7.1,87,29,13,92,55.2,1,8,1,12,3,-1.17,-0.6,0.29,Low
2,0,7.3,85,22,55,86,35.0,3,11,1,4,43,-0.03,-8.37,-0.5,Low
4,4,6.5,60,65,47,61,57.0,5,1,1,5,84,-2.01,6.18,2.09,Moderate
12,2,7.5,78,62,30,33,52.0,3,5,0,10,91,-1.18,6.09,0.91,Moderate
5,0,9.0,68,18,8,90,36.9,5,13,2,4,103,-2.5,-3.34,-1.0,Low
5,7,7.4,78,53,8,97,52.5,1,4,4,5,26,0.18,2.38,0.51,Low
5,4,7.7,86,62,11,129,37.0,5,7,1,8,34,-1.26,-1.32,-1.0,Low
10,2,5.9,73,50,44,10,41.3,3,7,1,5,31,-0.12,-4.82,0.44,Low
3,12,6.6,82,37,95,76,50.3,3,3,2,5,12,3.75,-3.42,1.59,High
12,2,7.3,72,25,35,61,67.4,4,11,2,4,30,-0.21,10.0,2.36,High
10,4,6.8,77,61,39,31,55.1,5,8,3,1,3,-2.18,5.02,1.25,Moderate
6,6,7.0,62,35,52,38,55.0,3,7,0,10,109,-0.35,3.26,1.24,Moderate
4,5,7.4,55,64,27,27,45.6,5,2,0,10,86,0.4,-4.38,-0.94,Low
10,12,6.8,74,34,84,151,51.7,4,13,0,8,36,0.97,0.39,-0.02,High
18,8,4.2,84,37,60,55,37.7,1,4,1,10,34,-0.08,-6.14,4.39,High
11,3,7.4,80,54,131,43,42.6,2,5,0,11,127,3.32,-2.34,-0.74,Moderate
4,7,5.3,87,41,37,61,48.7,4,7,0,6,65,-1.06,1.68,3.46,Moderate
8,8,6.2,65,51,35,41,54.5,3,2,1,17,57,-0.24,7.88,-0.16,Moderate
6,11,7.8,92,43,8,22,62.4,2,2,2,4,51,-1.0,5.96,-1.0,High
3,13,7.5,91,36,99,82,59.9,8,8,0,6,13,1.8,10.0,0.2,High
3,9,5.3,74,67,39,71,41.3,3,1,1,6,155,0.55,-1.07,1.34,Low
12,6,5.6,73,53,29,32,45.7,6,12,0,20,56,-0.25,-1.36,1.28,Moderate
3,15,5.5,84,60,37,23,48.5,1,2,1,7,102,0.0,-4.6,1.87,Moderate
9,4,7.0,78,34,82,39,41.7,3,9,0,8,27,0.96,2.47,0.34,Low
8,11,6.2,83,28,106,60,48.9,3,5,2,6,36,0.73,-2.86,2.15,Moderate
2,3,7.6,77,36,68,34,39.8,3,3,3,3,88,1.23,-4.96,-1.0,Low
11,8,5.9,60,52,42,103,35.0,5,4,1,3,96,0.73,-2.86,0.72,Moderate
6,8,6.6,69,54,41,33,47.7,2,5,0,19,76,-1.07,-2.88,1.37,Low
6,13,6.3,69,66,67,136,62.6,2,1,1,7,36,0.77,6.21,0.98,High
8,3,5.5,56,27,67,77,48.6,4,9,2,5,15,-0.61,4.4,2.61,Moderate
2,9,6.5,61,35,180,102,57.3,3,1,0,3,29,5.43,2.9,0.48,Moderate
10,2,7.6,62,23,32,14,47.6,0,8,0,10,88,-1.41,-0.81,-1.0,Moderate
2,2,6.8,69,40,35,11,47.4,2,2,0,4,69,-1.06,-2.7,-1.0,Low
7,1,5.8,72,57,58,10,49.5,5,9,0,6,77,0.45,-2.81,1.67,Moderate
2,1,8.1,76,37,136,48,44.8,2,3,0,8,97,4.51,-3.81,-0.17,Low
7,3,9.0,81,43,59,14,51.7,1,11,0,17,61,0.74,-0.67,-1.0,Low
4,5,5.2,78,50,62,105,52.3,1,3,0,12,38,0.72,1.7,3.27,Moderate
4,5,5.4,70,24,97,96,67.4,5,5,0,2,152,1.62,10.0,3.23,High
3,5,6.1,75,46,33,15,43.4,3,7,0,3,11,-1.52,-0.21,0.74,Low
22,7,7.8,94,38,30,19,40.9,1,5,2,7,158,-0.84,-4.95,-1.0,Moderate
10,2,5.5,82,33,92,27,35.0,2,4,3,12,124,0.8,-9.18,1.43,Moderate
11,6,6.8,82,47,25,180,52.2,6,3,0,11,23,-1.77,3.29,-0.05,Moderate
11,0,8.4,85,33,86,22,58.0,1,4,2,6,178,1.97,4.12,-1.0,Moderate
3,5,6.1,71,49,61,77,58.1,5,7,1,12,27,0.27,7.35,1.32,Moderate
3,7,6.8,62,38,96,49,53.4,1,16,0,5,109,1.93,4.64,1.66,High
2,4,6.3,55,52,80,35,43.2,2,13,2,1,69,0.39,-1.19,2.32,Low
11,1,7.9,75,59,29,105,45.3,1,12,0,1,39,-1.1,-0.73,-0.85,Low
10,10,6.3,73,31,84,41,50.7,2,2,0,6,102,1.97,2.62,2.03,High
15,10,6.2,83,42,34,166,39.8,5,12,0,7,6,0.37,-6.26,1.98,Moderate
5,1,6.6,79,35,25,35,49.7,4,2,0,8,21,-2.3,-0.34,0.14,Low
19,18,6.2,81,56,29,156,46.2,1,4,0,15,81,-0.87,-5.72,2.19,High
4,5,7.2,55,57,21,42,46.1,4,2,1,7,76,-0.41,0.9,-0.86,Low
11,11,6.9,72,66,180,29,45.9,7,4,0,13,118,6.0,-4.61,0.2,High
8,5,5.1,74,51,111,150,48.9,1,5,1,20,61,5.21,-1.17,2.64,High
5,2,8.5,84,49,78,122,44.2,3,6,1,6,23,1.5,-2.29,-1.0,Low
17,2,6.5,67,48,108,64,49.9,2,3,0,17,63,1.07,2.25,0.91,Moderate
6,5,6.1,80,54,84,33,45.6,0,6,0,3,54,0.81,-0.79,1.49,Low
2,10,8.5,79,45,26,22,53.7,3,7,2,9,4,-1.41,3.18,-0.8,Low
0,6,7.0,71,53,71,27,51.3,2,5,0,2,60,1.4,0.82,-0.63,Low
19,8,5.4,81,12,84,20,42.1,2,2,1,20,77,1.6,-5.82,1.01,High
12,9,7.2,66,37,84,69,56.6,4,20,1,8,23,2.41,5.07,0.49,High
2,9,6.8,80,35,16,76,56.4,6,3,2,6,39,-1.24,1.05,0.42,Moderate
7,4,7.6,58,35,43,80,49.7,5,2,0,20,119,-0.67,0.32,-1.0,Moderate
3,2,6.2,70,52,38,103,49.2,4,5,2,8,143,0.24,1.71,1.15,Low
4,5,8.4,77,37,42,29,47.1,5,8,0,1,19,-0.75,0.41,-0.98,Low
14,9,6.9,87,63,28,107,51.7,3,4,1,7,83,-0.26,2.45,1.29,Moderate
11,13,6.8,80,27,58,46,57.1,4,6,2,4,11,-0.26,2.23,-0.38,Moderate
3,5,6.7,61,59,35,81,35.0,3,8,0,7,41,-0.03,-10.0,-0.78,Low
5,6,6.0,69,36,127,177,38.9,3,3,1,3,44,2.82,-8.04,0.67,Moderate
9,5,6.6,69,50,70,55,38.3,4,4,1,8,25,1.35,-1.97,-0.18,Moderate
7,11,7.6,67,30,43,41,54.0,4,10,0,5,124,1.57,2.3,0.68,High
6,2,7.2,68,41,32,97,39.2,3,2,2,9,22,-1.73,-4.89,-0.56,Low
1,3,7.7,81,42,62,31,51.7,10,6,0,12,75,0.96,4.62,0.11,Moderate
6,6,8.6,84,46,36,80,49.8,2,6,0,6,66,0.1,3.74,-1.0,Low
21,3,7.2,56,42,41,52,44.7,2,14,1,0,170,-1.12,3.55,1.52,High
2,6,6.7,68,42,29,43,47.5,5,5,1,6,80,-0.58,-1.28,1.48,Low
0,4,7.2,86,33,54,60,46.8,3,4,0,12,106,1.1,-0.18,-0.22,Low
6,3,6.1,72,35,91,140,56.7,2,2,0,1,92,3.23,6.63,1.21,High
10,3,6.3,84,66,48,34,50.9,0,9,0,5,36,0.58,-0.43,0.35,Low
5,8,8.5,86,51,38,66,35.0,2,4,1,5,3,-0.46,-7.3,-1.0,Low
9,9,7.3,67,38,82,139,44.0,5,2,0,6,180,2.5,-2.29,-0.59,High
18,7,5.6,72,36,30,20,37.7,5,6,0,8,75,-0.8,-7.45,0.95,Moderate
4,11,7.2,70,51,62,85,37.7,1,4,1,18,22,0.39,-4.91,-0.34,Low
11,5,7.0,83,19,26,180,35.9,0,9,3,13,180,0.4,-8.56,0.17,High
25,5,8.8,78,39,13,82,43.4,4,7,0,11,2,-1.55,-6.83,-1.0,Moderate
8,5,7.0,67,23,63,18,45.5,2,5,0,15,33,1.42,-0.17,0.42,Moderate
7,3,6.8,66,22,19,15,38.9,2,6,0,10,13,-0.82,-2.57,-0.21,Low
8,5,6.8,81,12,138,29,56.1,3,13,2,8,95,3.31,1.13,2.53,High
11,10,6.0,64,55,112,68,48.0,1,2,0,1,46,2.81,0.41,1.73,Moderate
4,16,6.6,70,38,151,115,49.8,2,21,1,0,31,2.91,7.51,1.36,High
6,7,6.3,99,48,17,176,48.0,4,10,0,4,172,0.16,0.42,1.83,High
10,16,4.9,90,32,35,59,51.2,3,8,2,4,11,-2.24,0.75,2.62,High
12,10,6.2,75,51,50,67,53.8,3,1,0,10,37,0.4,3.3,0.83,Moderate
4,4,6.2,76,64,180,65,69.0,5,6,0,9,161,5.4,10.0,2.97,High
5,1,7.2,74,46,129,66,42.3,5,1,1,1,70,3.5,-7.98,-0.54,Low
6,5,8.1,71,43,32,40,46.5,1,3,0,14,118,0.51,-1.78,-1.0,Low
5,1,6.2,64,35,47,38,59.4,6,14,0,16,49,-0.04,10.0,2.53,High
3,5,6.5,78,12,64,80,51.8,5,10,1,6,5,1.84,2.58,1.35,Moderate
1,13,7.8,69,25,39,44,41.8,3,2,3,20,49,0.53,-1.38,-1.0,Low
10,19,4.6,73,45,12,57,64.7,3,5,1,10,77,-2.36,8.76,4.43,High
8,4,6.5,63,34,43,105,47.2,4,4,0,7,56,0.26,0.2,0.5,Low
9,3,8.6,80,42,4,180,45.3,4,4,0,17,29,-2.18,-3.23,-1.0,Low
9,16,6.6,71,46,92,114,39.6,4,17,0,4,65,2.14,-5.07,3.22,High
3,3,7.5,75,41,50,31,45.4,6,6,1,17,27,-0.02,-5.38,1.34,Low
4,2,7.6,80,54,82,63,35.3,4,2,1,11,47,2.45,-10.0,-1.0,Low
6,4,6.1,77,25,93,39,56.5,6,1,0,3,156,2.24,5.15,-0.37,High
8,8,7.2,74,24,115,180,41.2,1,5,0,4,76,2.77,-4.86,-0.15,Moderate
11,3,6.9,78,50,78,26,61.9,0,4,1,12,39,1.45,9.37,0.74,High
4,1,6.7,75,38,180,69,62.5,5,4,0,11,58,5.23,5.01,0.3,High
8,1,7.7,75,51,55,37,46.0,5,5,0,7,180,0.37,-2.12,-0.24,Moderate
16,3,5.9,69,28,87,34,48.5,4,1,2,16,18,0.61,-1.16,1.1,Moderate
6,4,6.9,57,29,180,32,50.6,5,5,0,11,46,5.36,-2.55,0.51,Moderate
22,1,6.3,76,38,140,40,39.0,6,11,0,4,31,4.02,-1.82,1.33,Moderate
13,11,6.2,88,38,58,93,53.1,2,3,0,5,92,-0.34,2.11,2.01,High
5,4,5.9,60,54,27,32,42.8,4,4,0,6,102,-0.89,-5.86,1.99,Low
7,10,6.9,55,41,62,127,44.1,5,3,0,3,18,0.75,3.29,0.48,Low
6,9,5.8,66,61,39,13,49.0,0,9,1,3,13,-1.3,0.83,2.08,Low
4,1,8.4,73,45,60,39,57.0,4,8,0,5,53,0.8,3.58,-1.0,Low
7,6,7.8,66,46,63,102,66.4,4,15,2,12,103,0.71,8.13,1.35,High
13,7,6.7,56,47,30,63,57.6,4,9,1,15,15,-0.39,6.93,2.12,High
3,11,6.9,67,35,78,40,40.8,6,10,1,20,110,1.68,-3.81,0.25,Moderate
6,1,7.9,85,46,71,115,45.8,7,8,2,20,50,0.29,-1.12,-0.61,Moderate
5,0,6.5,72,40,36,107,47.9,1,6,0,14,46,0.09,-2.45,1.51,Low
2,12,8.1,65,40,158,122,48.6,2,5,1,3,76,4.0,-1.13,-1.0,Low
8,15,5.9,74,41,49,29,50.7,1,9,0,3,24,-0.32,-2.31,0.61,Moderate
3,16,6.7,55,47,50,180,42.5,1,6,1,3,61,1.28,1.4,1.29,Moderate
5,5,7.5,69,47,11,180,55.0,2,13,1,5,38,-1.1,2.09,0.25,Moderate
10,2,6.6,80,40,67,61,49.8,4,21,2,3,107,0.95,2.95,2.36,Moderate
4,2,5.6,75,51,156,93,56.0,3,10,0,11,180,4.18,7.24,3.13,High
4,7,5.4,71,32,43,136,52.1,0,20,0,5,9,1.76,5.66,5.08,High
4,11,7.5,89,42,63,111,52.5,3,10,0,6,52,0.61,2.47,1.2,Moderate
6,8,7.3,71,26,35,26,46.1,4,6,0,1,75,-0.78,-2.06,-0.41,Low
8,1,6.2,57,24,180,130,55.8,4,2,0,20,48,6.0,5.13,1.25,High
4,1,5.9,56,31,33,65,38.0,3,10,0,2,110,1.26,-3.45,0.49,Low
1,3,6.7,75,31,29,66,45.6,3,1,2,12,29,-1.16,-0.56,-0.85,Low
8,2,6.8,74,44,23,88,52.6,1,11,1,6,73,0.51,7.64,0.31,High
2,4,6.2,72,46,71,50,50.3,0,3,3,3,4,1.41,-0.34,2.71,Low
13,2,5.8,76,51,180,56,46.0,3,3,3,19,43,4.75,0.57,1.43,High
3,3,6.0,70,25,64,91,44.3,2,8,0,15,32,1.05,-2.93,0.38,Low
2,10,6.4,92,45,56,88,43.2,2,3,0,12,43,0.13,-4.52,0.33,Low
3,2,7.7,87,42,43,165,52.9,5,1,0,4,50,1.67,0.97,-1.0,Moderate
6,9,7.5,68,32,92,32,45.1,5,6,0,4,84,2.01,0.75,0.05,Low
11,6,5.6,80,36,28,46,42.6,4,10,0,9,25,-0.5,-7.16,1.13,Moderate
3,10,6.5,72,69,26,46,56.3,1,3,1,9,64,-0.53,6.31,2.53,Moderate
3,4,6.7,85,27,173,121,44.3,4,7,1,20,8,5.6,1.4,0.52,Moderate
3,11,6.7,65,34,13,100,35.0,6,10,0,7,180,-1.33,-4.31,1.11,Moderate
5,2,7.4,79,43,34,29,48.6,6,2,0,3,22,-0.49,-1.65,0.6,Low
11,4,5.8,71,24,30,74,41.5,4,7,2,8,53,0.32,-8.53,2.72,Moderate
10,2,7.8,86,21,44,93,49.4,0,1,0,4,61,0.16,-0.96,-1.0,Low
13,6,7.0,66,51,180,110,35.0,1,2,2,9,89,4.16,-1.76,-1.0,Moderate
6,8,7.7,59,44,20,52,55.3,2,4,1,3,96,-1.89,3.17,-0.78,Low
16,4,8.0,78,59,121,17,54.3,6,4,2,14,24,1.89,4.24,0.12,High
1,11,6.8,67,47,106,76,41.0,6,5,0,1,48,2.82,-3.82,0.46,Low
11,7,6.3,71,48,65,104,49.0,0,3,1,14,95,1.63,4.13,-1.0,Moderate
9,4,6.8,86,55,51,109,40.2,4,3,1,9,54,0.35,-5.7,-0.69,Low
13,9,7.0,74,47,52,45,35.3,4,6,0,20,51,0.74,-3.0,-1.0,Moderate
3,3,6.1,69,54,70,134,46.3,7,6,2,14,37,1.23,-3.95,0.65,Low
1,9,5.2,77,36,173,2,45.3,2,9,0,13,14,6.0,-1.83,1.33,Moderate
14,9,6.6,68,51,56,65,46.5,1,2,2,5,94,1.45,-2.92,0.64,Moderate
2,1,7.4,81,23,152,13,62.6,4,1,0,4,117,3.41,2.19,0.4,High
1,3,7.4,69,60,91,92,38.9,2,9,1,6,37,1.86,-2.52,-0.43,Low
9,3,6.6,84,20,9,42,49.6,2,7,0,12,7,-1.31,2.01,1.11,Moderate
3,8,5.1,79,63,91,105,44.5,1,3,1,6,66,1.49,2.67,1.86,Moderate
1,9,5.6,67,56,24,37,39.6,2,4,1,14,48,-1.56,-9.12,1.1,Low
2,3,7.4,69,42,13,180,45.0,3,1,1,6,93,-1.4,-2.79,0.32,Low
4,2,6.6,74,47,33,57,38.2,1,6,3,1,39,0.92,-9.28,0.67,Low
10,0,7.5,78,70,7,6,47.7,1,8,1,5,148,0.25,6.31,-0.76,Low
8,4,5.6,73,48,136,60,68.1,2,10,1,1,22,2.93,10.0,3.76,High
6,6,7.4,87,31,144,44,54.8,1,16,1,7,57,3.55,6.63,0.52,High
7,13,8.4,76,33,90,179,56.0,3,8,0,6,61,1.12,1.97,-1.0,High
3,7,7.3,75,47,40,26,43.3,4,5,2,12,79,0.65,-4.9,-0.35,Low
2,8,7.0,82,16,31,62,59.9,2,5,1,3,17,-0.39,0.18,0.98,Moderate
12,3,7.6,83,24,42,104,45.4,2,11,1,4,34,-1.51,-0.21,0.44,Moderate
4,9,7.5,71,34,62,147,46.7,3,5,0,10,74,0.52,-0.92,-1.0,Low
5,3,5.7,68,17,18,46,51.9,0,14,1,6,64,-1.96,2.18,3.51,Moderate
7,4,6.8,81,35,46,25,47.0,3,3,0,3,27,0.07,-4.93,-1.0,Low
4,4,6.1,63,46,25,76,56.4,3,5,0,2,146,0.62,3.59,1.5,Moderate
1,7,7.7,68,40,155,83,53.9,4,4,0,5,35,4.47,0.74,-0.96,Moderate
11,8,8.3,63,51,155,60,49.3,2,17,0,4,79,4.35,3.12,1.14,Moderate
9,4,6.8,70,48,15,77,60.4,1,5,3,7,28,-0.81,2.92,2.06,High
4,2,8.3,87,58,79,118,46.2,6,10,0,11,101,0.06,0.99,-0.73,Moderate
8,2,6.6,66,62,150,137,62.6,2,10,1,20,102,2.98,7.09,0.47,High
14,7,6.9,78,40,118,146,61.4,7,8,0,10,12,2.91,3.45,0.25,High
4,5,7.5,74,59,74,73,48.7,2,2,0,8,75,0.3,1.34,-0.71,Low
1,1,6.2,69,22,41,56,49.1,2,3,1,2,28,-1.34,2.39,1.03,Low
13,5,7.9,71,72,72,135,35.0,4,4,1,11,79,1.62,-0.57,-1.0,Low
7,2,8.1,83,58,35,11,35.0,5,1,1,1,180,-0.21,-8.07,-1.0,Low
4,6,6.2,82,45,108,50,42.1,2,4,1,5,77,2.09,-2.4,-0.58,Low
7,7,7.4,67,46,78,39,36.6,4,12,1,17,19,2.27,-5.91,-0.62,Moderate
4,7,5.6,63,46,78,75,51.3,4,5,2,1,127,0.63,0.46,1.57,Moderate
4,19,7.7,75,67,180,109,57.2,2,8,0,7,73,6.0,4.31,0.73,High
7,7,6.9,94,46,149,30,35.5,1,11,0,13,105,4.01,-5.91,0.32,Moderate
7,5,6.0,72,45,171,57,66.0,4,2,1,9,46,5.27,8.14,0.93,High
10,4,7.6,70,41,61,45,46.1,4,5,0,9,106,-0.51,-3.95,-0.32,Moderate
12,5,5.0,66,26,122,176,35.0,3,12,2,16,106,4.44,-6.18,2.76,High
9,6,7.3,60,22,10,23,64.1,2,7,1,15,30,-1.5,6.42,1.22,High
4,9,6.3,75,36,53,45,59.6,2,4,2,2,64,-0.07,3.51,1.23,Moderate
10,12,6.6,80,52,60,107,41.3,5,8,0,4,42,1.31,-6.3,0.38,Moderate
9,7,7.3,70,73,37,73,48.5,4,11,0,3,25,0.78,-1.31,0.55,Low
15,17,7.5,76,51,20,96,57.5,1,10,3,3,106,-0.94,1.38,0.79,High
2,5,5.5,82,62,92,91,56.7,3,3,4,7,72,1.92,3.24,2.39,High
2,21,5.9,64,57,98,121,49.2,1,12,0,7,81,1.95,1.07,2.78,High
1,9,6.4,69,50,21,56,54.1,2,3,1,2,50,-0.85,2.72,1.72,Low
21,8,7.4,68,22,115,91,45.6,3,8,0,2,22,1.04,4.51,-0.5,High
12,5,6.2,72,26,133,96,35.0,2,12,0,13,158,3.3,-2.84,1.22,High
17,6,7.3,72,35,100,96,46.9,2,2,1,18,52,1.28,-1.77,-0.85,Moderate
5,3,5.6,68,50,97,54,56.1,2,11,0,6,180,3.64,3.97,3.31,High
20,2,6.6,62,49,107,41,35.0,2,3,1,7,132,1.96,-8.42,-0.54,Moderate
2,3,7.2,56,36,180,56,56.3,3,0,1,5,39,4.5,5.89,0.26,High
10,6,4.7,75,53,53,78,35.0,3,7,1,2,69,0.65,-7.71,1.83,Moderate
8,3,8.1,68,37,153,55,43.1,4,7,2,18,20,4.64,-1.66,-1.0,Moderate
3,2,6.4,66,32,36,25,56.9,4,8,2,6,69,0.69,-0.17,2.42,Moderate
14,3,6.3,61,36,81,38,45.6,3,9,1,11,16,1.85,1.59,1.42,Moderate
8,6,6.5,72,20,41,21,52.7,6,6,0,6,31,0.54,4.69,0.87,Moderate
7,3,6.6,69,37,19,27,53.1,3,2,2,8,180,-1.23,1.49,1.1,Moderate
2,18,6.9,58,39,22,53,45.2,3,3,1,2,95,0.62,-0.06,-0.3,Low
8,2,6.8,76,55,180,13,47.5,3,8,0,4,21,6.0,-0.22,0.57,Moderate
9,8,7.0,80,25,24,40,41.5,2,11,1,10,113,-0.85,0.08,0.38,Low
16,1,6.3,60,42,69,65,57.6,3,3,1,15,180,0.27,3.48,2.33,Moderate
2,2,5.7,55,56,119,45,62.2,1,9,2,5,38,2.55,6.15,4.68,Moderate
2,16,6.3,71,36,46,21,44.5,4,12,2,5,140,-0.64,-1.38,1.75,Moderate
5,7,6.4,81,34,113,61,35.0,5,10,1,1,80,4.3,-6.62,0.59,Moderate
3,21,6.7,82,45,6,62,51.3,3,13,2,10,11,-1.27,1.91,1.3,Moderate
6,5,7.0,67,42,84,50,48.3,3,13,1,5,44,2.9,4.78,0.4,Low
1,5,9.0,61,47,34,97,40.8,4,5,0,4,78,-0.74,-3.11,-1.0,Low
1,13,8.3,62,34,14,99,52.4,0,4,1,2,91,-0.6,0.98,-1.0,Low
8,3,4.7,70,58,47,24,49.4,6,7,1,6,7,0.13,1.87,2.8,Moderate
5,3,6.6,63,18,27,6,42.4,3,8,1,6,60,-1.22,0.31,-0.04,Low
11,8,7.9,77,56,14,72,61.8,4,3,0,3,38,-1.89,3.92,-0.1,Moderate
11,2,6.8,74,49,21,49,42.0,1,6,1,7,47,-2.15,-4.37,-0.68,Low
11,7,8.3,73,54,174,74,59.3,2,3,0,2,177,4.63,1.61,-1.0,High
4,3,5.9,62,43,55,34,39.6,1,18,1,11,56,0.45,-2.1,2.41,Low
3,1,7.8,64,48,150,64,49.4,4,6,0,4,70,3.69,0.28,-1.0,Low
2,1,7.7,72,29,24,44,48.9,5,2,2,12,11,-0.86,-2.26,1.12,Low
4,1,5.8,61,37,26,40,41.1,3,13,4,14,152,-0.14,0.02,1.17,Moderate
7,2,7.0,83,69,63,16,51.8,6,6,0,11,107,1.23,-1.0,-0.14,Low
5,13,6.5,71,64,113,100,43.6,3,9,2,10,74,3.1,-1.04,2.12,Moderate
7,4,6.7,75,59,168,38,42.8,3,7,0,6,26,4.99,0.22,-0.67,Low
2,3,7.5,73,39,55,29,38.9,3,7,1,10,46,0.63,-10.0,-0.93,Low
9,6,6.9,87,61,173,116,56.0,4,7,0,6,36,5.31,5.84,0.29,High
10,2,6.1,60,46,34,29,48.2,6,3,0,5,134,-0.36,3.39,0.9,Low
7,4,5.8,69,32,41,129,49.5,0,10,2,5,95,-0.97,3.21,2.43,Moderate
5,5,6.5,85,31,113,26,39.9,1,11,0,20,46,2.07,-1.46,1.6,Moderate
10,6,7.0,74,55,39,31,40.5,1,18,1,9,35,-1.16,-2.91,1.55,Moderate
3,7,7.7,74,55,180,105,57.5,3,8,3,14,18,4.83,5.35,0.99,High
2,17,6.7,77,48,79,11,41.2,5,7,0,4,52,2.79,-3.33,0.31,Low
2,1,6.7,96,61,96,36,54.1,2,10,2,0,29,2.48,3.84,1.73,Moderate
7,12,5.7,84,55,118,119,37.1,2,5,0,12,27,3.12,-7.12,1.44,High
2,6,7.8,80,69,131,134,63.5,2,4,0,12,40,2.65,4.76,-0.18,Moderate
6,5,6.1,82,38,113,88,39.5,3,3,0,13,23,1.16,-4.01,1.23,Moderate
14,8,6.2,77,42,58,62,42.1,4,5,0,2,107,0.72,-3.58,-0.08,Low
19,5,7.7,68,49,47,43,44.4,2,10,0,4,39,0.31,-0.5,1.34,High
9,4,5.1,65,49,85,62,46.6,3,12,0,12,133,3.11,1.9,2.58,Moderate
8,3,6.0,79,38,61,30,35.0,4,14,0,6,63,1.24,-5.23,1.48,Moderate
4,8,6.3,90,58,124,45,53.9,4,1,0,8,21,3.06,4.57,0.46,Moderate
7,5,5.3,90,37,82,151,40.4,0,6,1,1,28,0.75,-2.45,2.14,Moderate
8,7,6.7,68,26,32,105,63.8,2,10,3,14,68,-1.59,5.6,0.63,High
9,13,5.9,79,63,50,24,52.1,3,6,2,5,15,0.36,-0.43,1.7,Moderate
9,2,5.6,83,25,60,78,52.4,6,8,0,20,12,1.2,1.18,2.1,High
5,8,7.2,84,53,127,73,39.5,3,7,0,4,23,3.17,-1.31,-0.56,Moderate
2,8,8.4,73,66,63,135,56.1,7,5,2,11,148,1.72,6.68,-1.0,High
3,2,6.6,71,54,67,7,57.9,2,7,3,4,48,1.3,5.86,0.14,Low
12,11,9.0,74,43,45,92,47.5,2,2,1,11,30,-0.37,-1.89,-1.0,Moderate
6,6,9.0,81,58,68,53,44.6,3,3,0,13,118,1.78,-1.2,-1.0,Low
1,2,6.0,72,30,46,33,58.1,3,3,1,20,109,-0.8,6.31,1.82,Moderate
10,2,7.2,67,48,46,38,39.7,2,3,3,6,63,0.72,-5.15,-0.8,Low
1,3,6.8,70,43,110,180,54.1,3,3,1,7,9,2.25,3.44,1.28,Moderate
1,2,5.7,86,35,37,13,44.0,0,1,1,20,79,-1.41,-5.84,0.97,Low
4,5,6.9,74,21,20,71,56.6,7,12,0,7,40,-1.36,5.59,2.15,Moderate
5,5,6.7,55,48,150,54,42.9,2,2,0,17,51,3.55,-4.83,-1.0,Moderate
2,10,6.6,74,37,23,32,58.3,3,6,0,20,103,-1.11,5.79,1.6,Moderate
14,2,7.0,72,20,66,63,48.1,4,5,0,2,40,0.88,-2.96,-0.88,Low
1,3,6.9,56,15,176,100,54.4,4,14,0,16,80,3.72,1.59,2.29,High
19,2,7.9,69,60,15,64,47.4,5,13,1,3,180,-1.28,-3.28,-0.45,Moderate
16,4,7.8,66,56,52,40,37.4,3,6,1,6,7,0.63,-9.95,-0.93,Moderate
1,10,8.2,72,37,67,166,47.0,4,7,0,11,37,0.43,4.38,-1.0,Moderate
5,8,4.8,79,41,66,42,64.6,3,5,1,10,37,-0.46,8.1,3.08,High
8,3,7.2,85,40,10,68,51.3,4,9,0,20,91,-1.26,2.31,0.34,Moderate
1,4,5.7,69,53,44,8,42.4,6,3,1,18,39,0.34,-1.5,0.69,Low
4,6,6.0,66,57,59,137,54.5,0,2,2,14,33,1.64,1.26,1.08,Moderate
12,6,7.8,68,30,15,22,53.6,4,7,1,5,107,-1.12,0.31,0.35,Moderate
8,2,6.2,61,19,128,113,46.6,2,6,0,11,26,2.76,1.4,1.59,Moderate
5,6,7.0,71,37,116,23,64.7,2,6,0,6,10,2.98,6.88,0.54,High
16,11,7.8,55,35,5,20,58.6,3,8,0,12,35,-1.14,7.84,-0.37,High
10,7,6.7,72,46,12,71,51.2,3,6,0,4,22,-0.04,3.31,0.21,Low
7,14,6.1,69,52,147,53,51.7,3,3,1,4,146,4.64,5.43,0.26,High
13,1,6.8,84,34,144,35,52.7,2,3,0,4,58,4.88,2.84,1.43,High
10,2,6.2,70,42,57,156,52.8,6,5,0,6,177,0.9,1.29,2.09,High
1,3,5.6,75,39,106,121,35.0,1,9,2,17,78,2.98,-7.78,1.42,Moderate
2,12,6.8,62,33,95,26,54.6,3,10,2,4,89,2.02,3.62,2.56,Moderate
1,5,5.2,88,70,71,114,45.6,9,2,0,4,39,1.52,-0.46,0.77,Low
21,4,7.3,74,27,68,20,50.2,2,4,1,8,64,0.77,4.34,0.14,High
12,3,6.6,67,40,57,102,49.6,2,15,1,4,83,-0.04,1.16,2.77,Moderate
18,17,6.3,93,56,92,30,50.1,1,6,0,2,69,1.26,1.25,1.58,High
4,7,8.1,74,37,44,30,60.4,4,18,2,2,92,0.94,8.09,0.31,High
18,6,6.8,71,36,36,38,56.3,5,8,0,12,77,0.59,3.31,1.36,High
6,5,5.3,65,16,24,14,43.7,1,12,0,12,46,-1.48,0.97,3.12,Moderate
3,12,7.8,76,41,56,48,50.1,0,2,1,17,24,1.17,3.69,-1.0,Moderate
6,4,6.9,77,52,103,180,40.7,4,2,0,19,46,2.03,-2.98,-0.41,Low
6,3,5.9,83,26,180,149,56.3,6,15,0,4,14,5.12,4.5,3.95,High
2,7,6.2,82,28,89,16,40.7,6,5,0,3,61,2.93,-2.33,0.73,Moderate
3,9,7.5,67,39,39,13,45.6,8,2,1,7,130,0.33,-2.63,-1.0,Moderate
2,1,6.4,85,34,134,66,55.6,6,8,1,4,100,3.86,0.24,2.39,Moderate
4,3,7.1,65,65,83,87,66.8,1,2,0,13,98,1.98,8.43,1.5,High
7,2,6.3,75,42,143,41,37.6,2,4,0,3,139,3.73,-8.11,0.24,Low
2,9,8.7,70,59,12,50,44.7,1,20,2,5,180,-0.05,2.81,-1.0,Low
2,3,5.5,80,63,86,89,42.8,4,16,1,20,33,0.01,-1.6,1.35,Low
7,5,7.3,67,51,31,169,35.0,0,1,0,5,41,0.1,-2.25,-1.0,Low
12,6,6.1,80,57,33,10,54.9,7,13,1,4,27,-1.41,4.06,2.01,Moderate
5,5,7.4,71,54,23,38,52.3,4,4,0,20,180,-0.37,2.27,-0.2,Moderate
7,5,8.0,65,58,36,25,48.5,3,11,0,8,10,-0.54,1.12,-0.3,Low
6,3,7.2,55,50,46,31,56.8,4,4,0,4,28,-0.77,6.8,1.57,Moderate
3,5,7.7,71,39,110,12,41.6,4,12,0,6,44,1.8,-4.43,0.23,Moderate
8,1,4.4,91,24,97,149,35.0,6,2,1,2,36,2.35,-10.0,1.67,Moderate
4,8,7.8,78,39,73,62,50.5,4,4,0,4,72,1.91,-0.9,-1.0,Moderate
6,9,6.5,55,53,21,42,43.6,1,7,3,8,55,-1.88,1.16,1.61,Low
11,1,6.7,73,49,102,21,52.8,4,7,1,4,136,3.71,2.46,1.1,Moderate
4,9,7.8,89,40,12,71,48.5,2,15,1,11,41,-1.24,1.46,2.13,Moderate
5,2,6.4,87,30,121,16,36.3,2,5,0,4,29,2.5,-6.6,0.84,Low
10,3,7.9,68,62,71,26,50.4,4,2,0,4,42,0.98,-3.0,-1.0,Low
8,1,6.9,79,53,98,125,44.0,2,1,1,8,5,1.98,-0.97,-1.0,Low
8,4,7.5,82,64,23,20,59.2,3,11,0,6,70,-2.05,8.14,0.99,Moderate
21,4,6.4,75,53,81,6,42.3,4,3,0,11,42,1.11,1.32,0.4,Moderate
10,17,7.2,77,52,73,49,44.9,1,11,0,14,39,0.99,0.06,0.91,Moderate
10,3,6.2,84,35,42,24,52.1,5,4,1,4,58,0.29,3.57,1.92,Low
4,5,7.5,87,12,142,39,49.8,1,2,0,3,160,2.94,-2.72,-0.74,Moderate
3,5,6.4,82,50,74,43,59.2,3,10,1,4,23,1.0,9.86,1.69,Moderate
2,11,7.6,75,56,15,45,35.0,7,7,0,2,98,-1.03,-6.68,-1.0,Low
13,9,7.6,68,27,32,95,49.1,5,7,0,8,44,0.22,1.8,-0.2,High
6,2,7.1,68,35,39,31,51.9,1,14,1,10,77,-0.86,3.09,-0.13,Moderate
5,8,6.0,66,30,44,42,35.0,1,5,0,13,20,-1.45,-5.47,-0.04,Low
15,5,4.3,81,65,113,44,40.3,5,7,1,4,22,2.63,-0.91,4.64,High
8,9,7.2,74,69,16,97,35.0,2,14,0,3,26,-0.79,-1.85,0.18,Moderate
4,4,6.6,75,32,102,39,62.6,4,4,1,6,20,1.69,7.47,2.25,High
6,3,6.0,56,48,34,26,42.9,1,15,1,5,25,-0.36,-0.67,1.29,Moderate
15,10,9.0,90,62,71,67,48.3,2,21,2,9,20,1.21,6.05,-0.38,High
14,5,7.3,64,54,26,133,51.7,2,2,0,13,23,-1.21,1.84,0.26,Moderate
9,9,6.3,73,47,18,42,65.4,4,10,0,5,112,-2.22,8.24,2.04,High
9,6,6.3,73,25,56,46,49.9,6,2,0,20,180,0.82,-1.01,0.17,Moderate
1,5,9.0,74,36,107,21,48.6,2,21,1,10,13,1.36,4.6,-0.28,Moderate
9,2,7.6,67,39,63,86,43.1,4,14,2,4,6,0.66,2.32,1.0,Moderate
7,4,6.7,85,64,31,62,49.5,4,1,1,3,180,0.82,-0.48,-0.69,Low
9,0,5.7,76,39,23,45,45.7,1,3,0,6,33,-1.4,0.36,3.19,Low
11,3,7.3,72,55,13,112,44.3,3,12,0,7,16,-1.34,2.27,-0.01,Low
6,5,7.5,79,31,38,23,51.2,3,20,0,10,171,-0.25,5.09,1.11,Moderate
4,3,6.3,88,26,5,66,46.0,4,2,0,12,89,-0.48,-1.32,1.63,Low
5,3,6.2,60,51,26,122,57.9,2,13,0,3,20,-0.07,4.88,1.67,Low
11,2,7.9,55,56,109,15,50.1,4,1,0,4,160,3.71,1.14,-0.79,Moderate
2,16,7.7,84,63,77,22,41.3,3,17,1,12,71,2.46,-0.47,1.13,Moderate
9,4,8.0,80,41,80,6,44.7,4,4,2,9,75,0.24,-2.55,-1.0,Moderate
11,6,7.4,74,40,96,18,44.5,3,1,1,3,22,2.63,-2.0,-1.0,Low
25,1,6.6,68,59,22,45,38.4,3,5,2,6,21,-2.24,-4.17,0.05,Low
8,3,5.6,60,47,65,29,55.8,3,12,0,2,114,1.1,4.6,2.51,High
10,4,6.9,83,29,41,117,50.6,2,8,0,9,6,-0.31,0.56,1.39,Moderate
9,5,7.5,94,59,113,124,51.7,6,17,0,11,83,1.17,3.46,2.05,High
19,4,6.1,73,49,90,54,52.6,0,21,0,4,174,2.37,2.57,2.86,High
13,0,5.6,78,56,31,129,45.0,1,4,1,10,32,-0.47,0.73,1.93,Moderate
4,9,6.4,56,55,60,42,44.4,2,2,0,5,36,1.07,1.54,0.77,Low
4,5,8.3,86,41,103,49,54.2,2,6,1,8,58,2.94,1.26,-1.0,Low
3,7,4.7,57,46,67,146,48.7,5,10,1,5,13,0.44,0.37,4.53,Moderate
6,9,5.3,83,48,46,73,40.6,3,6,1,15,36,-1.33,-2.97,0.7,Moderate
2,1,7.2,60,58,14,128,42.9,4,15,2,3,117,-0.79,-0.06,1.02,Low
0,8,7.1,70,42,105,88,58.5,4,6,0,3,91,2.56,3.21,0.68,Moderate
6,3,6.3,85,61,36,180,43.0,3,3,0,8,44,-1.1,-1.61,-0.52,Low
8,2,7.1,78,21,128,6,50.8,4,3,1,7,55,2.99,-0.9,-0.73,Moderate
14,6,6.6,82,32,36,107,45.1,3,14,0,4,18,-0.85,-1.26,1.72,Moderate
11,5,5.5,67,44,180,24,42.1,3,6,0,9,43,5.98,-5.11,1.35,High
10,5,6.1,67,50,180,133,51.4,3,9,0,7,10,6.0,4.82,2.65,High
1,6,5.3,76,52,21,53,47.4,3,4,0,13,26,-0.93,-0.36,0.72,Low
5,8,6.6,75,54,104,88,44.5,3,9,1,11,53,3.13,-2.61,-0.18,Low
10,2,6.5,77,68,60,52,56.7,1,9,0,10,43,0.62,-0.82,2.26,Moderate
6,12,7.5,62,21,46,91,53.9,2,3,2,10,78,-0.45,1.01,-0.1,Moderate
18,3,6.4,79,62,50,21,45.1,5,5,0,8,97,1.47,0.37,0.45,Moderate
3,12,6.8,68,47,75,101,54.7,7,4,0,6,98,-0.92,1.57,0.83,Moderate
4,8,7.7,65,53,34,77,45.2,3,3,1,16,96,0.79,-2.31,-0.31,Moderate
11,2,7.2,72,46,80,98,37.8,0,5,0,10,66,2.09,-1.99,0.7,Low
4,3,5.8,72,33,46,144,64.8,4,2,0,2,51,0.81,3.78,0.51,Moderate
9,6,6.6,55,45,18,38,38.8,3,21,1,8,29,0.71,-0.48,0.89,Low
12,13,6.1,68,41,141,20,58.8,4,5,0,3,113,4.14,6.68,2.74,High
8,10,7.1,71,55,43,94,60.5,1,21,1,6,39,-0.05,7.88,1.5,High
3,7,8.7,80,62,180,128,48.5,4,5,1,3,53,4.63,-0.95,-0.99,High
4,1,5.6,74,55,41,8,51.3,4,9,0,3,86,-0.14,-0.2,1.37,Low
8,8,6.9,70,36,66,10,69.7,4,8,0,4,28,1.42,9.76,0.6,High
10,1,7.5,84,25,33,89,52.1,3,5,2,17,83,-0.88,-0.4,-0.95,High
10,5,7.0,73,36,127,62,41.9,4,10,0,7,23,3.01,-2.15,0.51,Moderate
8,3,6.9,83,43,56,58,43.1,4,2,2,3,52,0.87,-5.1,-1.0,Low
7,8,5.9,93,12,76,41,55.9,3,5,0,4,97,1.35,5.75,1.87,High
2,6,7.8,81,28,126,24,63.6,5,4,2,12,28,3.81,6.23,-0.29,High
9,5,8.5,65,58,11,156,39.9,3,7,0,7,122,-0.66,-0.5,-0.29,Low
4,2,6.9,86,36,59,12,35.0,5,7,2,11,71,0.02,-4.36,-0.34,Low
3,1,6.3,61,55,134,71,50.8,7,7,0,10,59,4.38,-1.27,1.13,Moderate
13,3,6.1,86,46,55,43,45.5,3,5,0,7,26,0.96,0.55,1.79,Moderate
16,2,6.2,56,45,180,180,53.7,2,9,0,3,73,5.67,3.89,1.61,High
6,6,6.8,70,37,86,54,45.1,3,3,0,1,101,0.05,-0.8,0.48,Low
7,15,5.1,75,23,76,41,43.9,7,7,1,4,37,-0.46,-4.4,3.18,High
17,3,6.5,100,61,29,13,64.0,0,3,0,4,120,-0.35,7.44,0.37,High
6,3,7.2,75,51,103,180,59.0,1,4,1,16,25,3.18,6.63,-0.58,High
4,2,7.8,85,48,180,77,47.2,4,7,0,12,180,5.72,-3.55,-1.0,Moderate
14,5,5.7,72,13,46,54,50.7,4,3,3,6,12,0.13,-2.69,1.62,High
2,3,6.2,87,34,47,57,60.6,4,5,0,9,34,0.82,10.0,1.43,High
1,5,6.5,71,36,54,124,48.9,5,3,2,11,82,1.29,1.52,0.58,Low
3,6,6.9,79,53,44,180,52.5,8,11,2,20,42,-1.1,2.84,0.9,Moderate
15,5,6.2,70,40,66,79,40.5,0,5,1,10,35,0.64,-7.07,0.34,Moderate
24,3,5.6,72,37,180,83,65.2,3,8,2,11,37,6.0,5.75,3.64,High
3,2,6.6,71,34,65,73,43.7,2,2,1,11,103,2.35,-0.11,-0.23,Low
4,9,6.0,67,27,3,36,56.1,5,5,0,12,44,-1.3,2.03,2.25,Moderate
10,2,7.9,70,21,77,66,48.3,5,15,1,9,107,3.18,2.09,0.8,Moderate
6,12,8.9,80,35,56,36,56.8,5,16,1,3,9,0.0,5.71,-0.26,Moderate
7,11,9.0,68,24,11,117,49.3,5,2,1,11,24,-2.5,0.4,-1.0,Moderate
5,7,5.5,78,46,5,28,40.5,5,10,2,7,124,-0.33,-3.23,1.32,Moderate
4,6,7.3,62,40,92,121,45.4,2,11,0,6,82,1.06,4.07,0.68,Moderate
10,7,6.5,73,38,83,46,41.4,2,7,0,10,16,2.32,-4.51,0.28,Moderate
13,3,7.5,65,59,100,41,41.0,6,8,2,5,20,2.39,-3.41,0.12,Moderate
14,13,6.8,85,29,58,52,41.6,3,4,0,4,35,0.98,-2.31,0.03,Moderate
13,2,6.2,67,61,25,29,35.0,3,7,1,12,91,-0.9,-7.26,0.54,Low
2,9,6.1,55,36,119,46,43.6,4,17,1,5,25,4.52,1.08,4.22,High
4,9,6.5,91,49,86,64,51.7,3,16,0,6,44,1.23,4.36,1.66,High
7,6,6.0,79,43,135,69,36.5,3,21,1,0,62,3.51,-5.35,1.98,Moderate
3,7,7.3,75,53,57,30,52.4,5,5,0,8,25,-0.22,4.78,0.53,Moderate
8,10,8.7,55,36,5,87,47.3,0,3,0,15,129,-2.02,-4.19,-1.0,Moderate
3,9,5.4,83,35,15,133,57.9,4,5,1,12,34,-1.08,6.78,2.21,High
1,10,7.8,66,31,103,35,39.2,4,2,2,16,68,2.52,-2.52,-1.0,Low
8,6,7.5,72,25,111,110,42.4,8,6,0,5,36,4.09,-1.95,0.16,Moderate
3,7,6.6,59,63,25,6,36.9,2,4,0,20,44,-1.36,-8.36,0.75,Low
7,10,7.6,82,54,95,30,52.7,1,12,0,1,40,1.26,4.41,0.29,Low
18,4,6.1,55,31,27,85,35.0,0,13,0,15,14,-1.88,-3.03,0.96,Moderate
8,5,6.5,71,32,66,39,37.8,3,9,1,7,37,-0.1,-2.18,-1.0,Low
5,2,9.0,75,51,57,48,53.4,4,8,0,6,77,-0.38,4.18,-1.0,Low
1,3,7.8,83,36,55,85,55.0,1,12,3,10,6,-0.08,9.61,-0.01,Moderate
4,2,6.2,79,56,92,18,42.1,2,11,0,9,58,1.66,2.21,-0.26,Low
2,6,6.9,86,33,131,180,41.7,4,11,1,4,96,2.56,-0.28,-0.05,Moderate
12,3,6.3,74,32,82,180,62.7,2,14,1,10,88,0.58,4.79,3.77,High
12,9,5.5,84,60,177,116,49.2,3,11,2,1,39,5.98,-1.48,3.17,High
0,7,7.6,77,39,84,64,43.6,5,21,0,8,67,1.22,2.28,0.41,Moderate
3,7,6.5,68,36,98,25,50.4,4,12,0,3,106,1.14,-0.04,2.35,Low
10,11,7.3,88,43,14,180,46.7,1,5,2,1,22,0.26,-0.55,-0.19,Moderate
3,3,6.2,59,38,48,50,57.6,1,10,0,4,78,2.1,2.02,1.48,Moderate
12,10,7.8,64,45,33,64,61.7,6,2,0,5,16,-0.89,1.67,-0.78,Moderate
1,2,5.7,68,34,38,53,42.3,2,1,0,2,86,0.32,-0.09,0.87,Low
5,1,8.0,72,44,180,120,39.3,1,3,0,1,7,6.0,-2.79,-1.0,Moderate
5,8,6.6,78,51,61,96,37.6,3,5,0,7,30,-0.08,-4.56,0.05,Low
7,15,6.5,71,41,146,33,43.0,9,5,1,9,47,4.11,1.01,1.47,Moderate
15,6,7.4,65,46,96,83,45.9,3,9,0,15,11,2.25,-0.1,0.64,Moderate
13,3,6.2,66,35,16,151,48.9,2,4,0,8,115,-1.87,-0.55,1.4,Moderate
4,4,7.0,81,46,63,112,57.0,5,20,2,13,87,2.14,5.41,0.8,Moderate
3,12,5.8,72,39,3,129,54.7,4,3,1,13,114,-1.53,2.37,2.6,Moderate
3,8,7.2,65,24,37,84,49.3,6,12,1,8,67,-1.38,4.96,-0.35,Moderate
6,3,6.7,82,44,28,32,52.1,2,9,1,20,16,-0.42,4.73,1.14,Moderate
7,8,6.7,67,46,175,67,40.1,0,6,3,4,132,4.54,3.9,0.73,High
3,5,5.7,79,47,102,46,58.0,3,13,1,13,10,2.05,4.68,4.06,High
11,11,7.1,83,35,80,13,49.1,2,4,0,4,38,0.64,-4.33,0.21,Moderate
9,11,6.3,72,42,51,32,56.8,5,11,0,0,49,0.53,8.38,1.27,High
8,10,5.5,86,26,22,46,66.3,2,9,1,5,104,-0.72,7.99,2.56,High
7,2,6.9,55,36,87,61,55.6,2,5,1,9,180,1.42,7.45,0.73,High
2,5,7.8,81,45,82,49,54.8,4,3,1,13,22,1.15,0.29,-0.52,Low
20,6,7.4,72,27,44,28,56.3,4,8,0,11,105,0.89,2.28,1.98,High
4,5,7.6,57,47,91,139,58.8,5,1,0,2,109,1.84,3.46,0.16,Moderate
9,0,6.2,83,50,28,52,60.8,1,16,2,5,180,0.05,10.0,1.87,High
12,5,8.5,85,40,14,37,54.0,3,7,0,4,74,-1.33,7.55,-0.62,High
10,5,6.1,78,65,129,117,39.7,6,1,2,4,37,4.14,-6.56,0.27,Moderate
5,0,6.8,90,36,151,55,48.1,4,10,0,12,32,4.96,0.94,-0.52,Moderate
6,12,8.1,78,68,21,28,69.3,5,11,1,3,33,-0.99,10.0,-0.16,High
6,1,7.6,76,27,47,34,69.1,4,21,1,13,103,-0.12,10.0,3.06,High
5,12,6.8,82,66,75,7,35.1,2,6,0,20,91,0.78,-2.29,-0.94,Moderate
2,4,6.5,74,82,87,104,52.3,2,9,0,7,10,1.19,1.47,0.71,Low
4,6,6.3,80,61,90,116,35.0,3,5,0,2,81,1.1,-10.0,0.8,Low
4,7,6.0,70,43,112,171,35.4,5,4,1,3,27,2.31,-6.89,0.85,Moderate
1,7,6.3,69,40,27,54,49.7,2,2,0,14,62,-0.12,-1.9,0.89,Low
1,4,6.2,85,30,180,39,47.1,0,4,1,20,86,5.37,-1.79,2.11,Moderate
4,8,7.7,69,47,5,40,38.8,4,3,2,5,88,-1.85,-3.8,-1.0,Low
21,11,6.8,76,46,86,42,44.0,1,4,2,8,60,1.23,-3.0,0.53,High
5,2,5.5,75,43,85,44,52.1,2,15,0,5,39,2.17,2.24,3.04,Moderate
8,1,7.1,59,46,165,59,46.1,4,4,0,5,49,6.0,1.25,0.71,Moderate
5,2,6.2,55,55,36,26,65.9,2,10,1,10,81,-0.62,8.79,2.1,High
3,8,7.2,77,32,27,62,49.0,1,3,1,11,44,-0.31,-0.53,-0.77,Moderate
4,7,6.6,85,35,95,50,39.7,4,11,1,6,97,0.93,-2.55,0.35,Moderate
1,5,6.7,64,44,21,37,39.5,2,21,0,9,7,0.3,-3.91,0.87,Low
15,12,6.5,61,32,115,38,42.0,5,8,0,2,25,2.2,-2.18,1.09,Moderate
10,2,7.9,84,50,41,24,46.4,2,14,1,5,24,-0.12,-0.36,0.71,Low
4,6,7.9,83,45,67,112,49.7,3,3,0,11,59,0.67,2.09,-0.52,Moderate
5,7,5.8,77,30,107,53,56.1,6,5,0,9,31,2.01,2.21,2.76,Moderate
2,3,5.9,64,22,79,126,52.0,4,7,1,1,90,2.54,-0.79,2.37,Moderate
11,14,7.2,78,60,26,87,49.4,2,10,0,9,17,-1.03,1.01,1.58,Moderate
19,7,7.0,70,45,17,40,51.5,3,1,1,9,65,0.26,0.71,0.22,Moderate
12,11,7.9,66,41,47,62,40.6,4,19,0,8,69,-0.72,1.1,2.07,Moderate
1,4,7.2,76,57,52,34,35.0,1,2,1,6,15,0.22,-9.62,-1.0,Low
7,2,8.2,72,31,81,37,38.6,1,11,0,3,57,2.24,-4.09,-1.0,Moderate
6,5,5.2,74,39,49,33,49.3,3,0,3,15,69,0.57,-0.46,1.56,Moderate
7,7,7.5,76,47,32,14,52.5,3,6,3,8,18,-0.17,-1.27,1.05,Low
5,2,6.6,64,46,70,36,58.1,5,17,0,6,67,1.8,6.51,2.94,High
2,9,6.7,55,40,117,23,50.0,2,9,0,16,44,4.5,2.58,1.06,Moderate
14,6,6.8,76,47,6,6,52.6,2,2,1,13,101,-2.5,-5.55,-1.0,Moderate
4,7,7.4,67,42,29,94,35.0,0,5,0,5,32,-0.54,-8.94,-1.0,Low
2,14,6.5,72,29,130,102,52.9,6,7,0,7,8,4.08,2.95,0.82,Moderate
2,21,6.8,73,45,150,37,56.6,5,16,1,1,51,4.26,3.49,2.33,High
7,15,7.5,83,57,66,34,57.9,2,3,0,4,86,0.52,5.23,-0.44,Moderate
6,7,6.9,73,49,93,77,46.1,3,6,0,2,29,2.58,-4.84,0.82,Low
6,10,7.7,81,42,49,139,42.8,2,5,0,3,21,1.27,-5.8,-1.0,Low
4,2,5.4,73,41,43,63,35.0,2,7,0,11,44,-0.31,-9.58,0.92,Low
7,7,6.4,68,35,11,45,54.3,0,1,0,7,82,-0.78,1.7,1.81,Moderate
13,8,6.0,83,28,156,89,40.3,5,12,1,9,9,4.87,-3.27,2.36,High
11,9,6.8,71,45,17,96,44.2,5,3,0,1,49,-1.59,-3.19,0.78,Low
11,12,6.8,67,51,153,132,41.3,5,3,3,5,36,5.67,-3.17,-0.18,High
9,4,6.5,78,58,93,56,50.0,2,7,3,6,133,1.71,4.0,0.79,Moderate
3,2,7.1,75,67,80,67,53.5,6,4,0,20,131,0.8,1.49,0.89,Moderate
4,14,7.2,76,38,21,122,39.5,0,0,1,2,23,-1.49,-6.0,-0.82,Low
11,3,7.0,70,47,53,48,44.6,1,5,1,7,50,-0.24,-2.14,-0.56,Low
10,0,6.8,61,66,10,180,35.0,0,11,3,6,58,-2.2,-9.98,1.73,Low
7,8,7.4,76,54,34,32,59.5,3,14,1,6,17,1.16,10.0,-0.02,High
3,6,6.8,70,61,50,10,41.3,1,8,0,3,41,1.13,-4.43,0.79,Low
17,4,5.7,80,60,114,180,55.1,4,6,2,8,82,1.84,5.11,1.85,High
10,4,6.7,84,39,31,19,58.6,3,6,0,4,180,-1.22,2.68,1.06,High
10,8,6.6,64,61,141,27,60.0,3,2,0,7,30,4.38,0.38,0.88,Moderate
1,13,4.6,90,53,6,39,39.4,3,6,1,6,35,-1.15,-10.0,2.41,Low
10,4,5.4,72,27,26,51,57.8,5,10,2,4,62,-0.02,7.52,3.08,High
8,12,6.9,63,46,87,136,35.0,3,5,2,9,47,2.21,-3.6,-0.45,Moderate
8,7,7.1,86,47,47,116,48.9,3,13,1,20,85,0.25,3.29,0.07,High
11,6,6.8,74,64,60,59,47.4,5,4,1,12,91,1.02,-1.78,1.27,Moderate
1,5,7.1,65,37,116,24,60.1,4,2,0,13,62,2.92,3.07,0.63,Moderate
6,1,6.6,61,45,40,51,50.1,4,5,0,7,42,-1.08,-3.1,1.62,Low
9,4,6.1,74,53,32,22,37.9,2,13,0,12,83,-0.47,-1.62,1.69,Moderate
7,4,7.6,75,31,69,36,41.8,2,13,1,8,51,1.08,-3.67,0.26,Moderate
7,5,6.1,86,38,22,69,45.1,6,7,1,11,60,-0.28,-1.97,0.59,Low
5,7,7.1,73,41,163,154,46.6,3,17,0,13,53,3.15,-0.63,1.48,Moderate
11,7,6.2,82,49,125,22,43.7,3,10,0,2,95,3.22,-3.79,-0.19,Low
3,11,6.9,64,72,151,64,41.4,2,9,1,12,43,4.59,-5.01,1.18,Moderate
3,0,7.1,73,41,76,47,70.0,7,5,1,9,61,1.01,6.15,1.68,High
0,16,6.2,89,46,17,91,43.0,4,9,0,9,147,-1.9,-3.46,2.06,Moderate
11,6,6.2,59,35,52,19,48.2,2,6,1,6,80,0.99,4.68,0.99,Moderate
19,11,6.0,74,57,59,74,36.6,1,2,2,8,6,0.95,-7.63,1.79,High
5,15,6.7,76,34,126,54,46.8,6,2,0,10,41,3.93,-2.54,1.66,Moderate
11,3,5.8,61,44,44,172,48.3,5,13,0,12,27,0.83,3.42,2.88,High
14,9,6.9,69,52,77,39,54.3,2,14,1,5,67,2.51,4.08,1.62,High
2,16,5.1,56,58,12,58,45.0,1,1,1,1,32,0.2,-3.95,2.23,Moderate
15,10,5.3,77,23,42,94,54.9,0,2,0,2,23,-1.53,4.97,3.24,High
3,13,7.0,75,60,67,32,43.3,5,8,2,9,180,-0.1,-3.47,0.67,Moderate
18,4,5.5,85,43,31,36,45.1,5,12,0,4,106,-0.92,-2.96,3.61,High
11,1,5.5,64,34,26,64,57.6,3,3,0,5,46,-0.55,5.31,2.57,Moderate
3,7,6.8,62,64,21,84,44.9,3,2,1,10,62,0.65,-1.08,-0.67,Low
14,3,6.5,69,32,69,59,61.0,3,13,0,9,62,1.72,8.03,2.91,High
2,9,7.9,76,47,37,65,47.2,1,2,0,8,14,-1.06,-2.62,0.43,Low
2,4,4.3,76,60,50,57,54.9,4,4,0,2,180,-0.6,7.21,4.01,High
3,16,6.8,77,19,3,49,42.2,6,12,2,4,64,-2.5,0.46,1.43,Moderate
9,4,7.4,62,39,121,114,42.3,4,2,0,15,14,2.87,-4.44,-1.0,Moderate
0,8,7.3,80,47,41,59,45.3,1,10,0,13,58,0.42,-1.45,-1.0,Low
5,6,7.6,79,33,73,90,56.6,6,2,1,4,23,0.73,7.12,0.39,Moderate
7,9,7.1,87,46,62,45,54.0,1,5,2,11,64,0.71,0.44,-0.21,Low
8,4,6.4,69,42,22,75,51.8,5,3,0,10,15,0.76,3.24,1.0,Low
13,9,7.0,80,29,69,19,51.9,5,2,1,3,49,1.35,2.61,-1.0,Moderate
5,4,6.6,81,51,79,180,35.4,6,5,0,2,160,1.71,-4.76,-0.27,Low
2,9,8.3,56,63,11,71,54.0,2,13,0,8,56,0.11,2.6,-0.46,Moderate
16,4,6.5,79,52,38,82,42.1,1,8,1,8,19,0.12,0.22,1.2,Moderate
2,13,5.4,68,14,57,109,50.3,3,2,0,4,41,1.46,3.17,3.85,High
5,6,7.0,77,52,72,41,46.5,4,7,0,13,37,0.28,4.73,0.7,Moderate
8,4,5.8,89,27,69,61,51.9,0,19,2,7,16,0.49,2.12,3.6,High
4,7,6.2,73,64,97,40,46.6,6,11,1,1,48,1.22,0.51,1.72,Moderate
2,2,6.3,88,38,50,11,42.8,5,5,1,4,12,-0.86,-0.73,1.9,Low
11,14,7.1,81,40,10,166,44.8,3,10,0,3,33,-1.15,0.6,-0.15,Moderate
6,4,7.4,73,39,151,35,44.6,1,5,1,8,26,3.47,-1.89,0.26,Low
6,5,7.9,74,31,38,38,35.0,4,8,1,14,20,0.24,-8.5,-1.0,Low
7,14,7.0,64,43,109,2,50.7,5,2,1,4,1,3.85,0.99,-0.83,Moderate
11,9,6.4,78,64,52,49,47.9,2,11,2,2,52,1.08,1.38,1.82,Moderate
14,1,7.3,81,45,75,39,50.7,1,8,0,4,120,0.69,1.89,1.12,Moderate
1,3,5.6,70,42,51,140,48.5,1,3,0,1,102,0.84,-0.58,0.48,Low
7,3,7.1,80,63,39,107,46.2,2,3,1,1,83,-0.94,-8.12,0.2,Low
5,10,9.0,72,52,55,63,35.0,2,8,0,2,48,0.34,-4.89,-0.99,Low
10,2,6.8,75,53,82,46,63.7,4,9,0,11,41,1.3,3.7,2.6,High
1,2,5.9,69,61,10,180,60.0,3,5,0,20,7,-2.18,3.58,1.85,High
4,2,7.1,77,46,38,32,64.9,2,4,1,7,92,-0.63,2.94,0.72,Moderate
8,13,6.6,80,33,62,76,36.1,3,12,0,12,60,1.8,-4.34,0.95,Moderate
7,4,7.5,79,37,136,69,40.6,1,10,0,4,141,3.92,2.4,1.68,Moderate
5,14,6.2,80,43,180,55,35.0,2,20,0,16,134,5.19,-3.84,1.37,High
8,0,5.6,55,64,152,180,61.8,5,2,1,9,161,5.36,6.88,2.09,High
18,16,6.7,75,52,37,169,52.2,4,3,2,2,32,-0.08,3.67,0.25,High
10,9,7.2,76,53,70,22,62.1,5,3,4,13,59,0.67,6.16,1.77,High
4,7,5.3,66,64,37,51,51.7,3,2,0,11,180,-0.42,1.59,1.6,Moderate
9,4,7.1,75,53,111,52,47.7,4,5,1,6,112,3.29,-1.61,0.56,Moderate
4,5,6.8,71,36,124,8,54.4,1,4,1,8,14,3.2,7.33,2.24,Moderate
2,1,6.5,75,39,180,120,60.8,4,12,0,3,153,5.55,6.43,2.12,High
1,10,6.9,65,50,56,28,52.6,3,5,0,6,178,0.24,2.68,0.46,Moderate
2,15,7.2,72,38,73,54,35.2,4,8,2,13,65,2.21,-3.83,-0.36,Moderate
4,3,7.7,85,22,101,80,36.9,5,0,2,20,27,0.87,-6.48,-1.0,Moderate
8,5,6.6,88,67,102,31,63.7,3,21,1,5,85,3.12,10.0,2.77,High
1,15,7.1,85,33,11,59,47.2,2,3,2,7,180,-0.12,-5.2,-0.91,Moderate
7,7,6.6,71,41,37,62,48.9,3,15,1,18,18,-1.12,-1.69,2.25,Moderate
7,9,6.9,75,23,74,3,67.1,4,7,1,2,17,0.96,8.1,1.03,High
2,2,7.5,75,49,140,16,47.6,3,9,0,17,180,3.16,1.2,-0.52,Low
9,1,4.9,82,54,62,73,51.5,0,20,0,6,25,0.8,3.66,4.64,High
5,5,6.0,67,31,95,51,59.1,7,7,0,8,180,2.0,2.13,2.47,High
6,11,6.7,81,26,44,24,45.0,3,8,0,8,56,-0.11,0.39,1.67,Moderate
8,6,5.2,71,40,178,142,43.6,5,9,1,4,122,6.0,-2.43,3.05,High
9,12,6.9,80,38,52,27,47.7,3,9,1,14,38,1.14,1.93,-0.43,Moderate
5,7,5.2,76,54,68,38,40.3,3,10,0,5,80,2.32,-3.96,3.23,Moderate
3,7,6.5,67,31,154,69,62.3,1,15,1,7,49,4.14,9.4,3.75,High
7,6,6.6,78,61,172,89,51.1,3,9,0,11,21,4.7,-0.41,1.65,High
14,4,8.9,60,50,94,100,39.9,4,7,3,8,106,1.04,-1.98,-1.0,Moderate
7,10,5.7,66,51,41,84,64.3,1,2,0,4,28,0.63,6.09,3.53,High
4,4,6.4,85,56,22,46,59.7,1,3,1,20,30,-0.02,8.66,0.98,Moderate
27,3,7.0,81,46,17,21,44.9,7,12,0,10,51,-1.22,0.7,0.08,High
3,4,5.4,72,38,54,30,55.1,7,3,0,9,58,0.29,0.66,2.12,Low
6,6,8.8,64,36,120,52,48.2,1,7,1,20,98,2.18,-2.09,-0.92,Low
7,8,6.8,73,50,17,180,35.0,6,21,0,2,39,-1.36,-6.18,2.19,Moderate
3,6,6.6,76,36,49,36,35.0,1,15,1,3,158,0.56,2.25,0.88,Moderate
11,4,8.4,93,56,60,153,56.7,1,2,1,10,61,-0.19,3.45,-1.0,Moderate
9,8,7.5,99,68,49,65,56.9,5,1,2,16,71,-0.93,5.54,0.24,High
4,7,5.7,95,69,24,119,54.2,1,9,1,7,47,-0.16,0.72,1.81,Moderate
7,5,6.1,75,29,44,60,57.2,3,6,1,5,89,-0.45,1.59,1.3,High
6,1,6.8,72,36,8,4,50.2,3,21,2,2,66,-1.09,0.15,2.41,Low
7,5,6.2,81,47,33,61,49.7,5,6,1,9,28,0.54,0.1,1.3,Low
6,11,7.6,82,31,22,54,41.0,2,1,1,7,7,-0.81,-6.53,-0.59,Low
10,9,6.0,74,34,10,43,41.8,2,6,1,5,35,-1.08,-1.07,1.09,Moderate
11,4,7.0,92,34,42,20,58.9,5,11,0,6,102,0.91,3.15,1.45,High
2,7,5.7,83,19,90,6,50.0,2,7,2,17,47,2.29,0.82,2.21,High
16,11,7.7,57,60,90,108,45.0,0,8,0,9,43,1.46,-4.55,-0.09,Moderate
3,4,4.9,76,39,35,180,57.5,3,9,2,4,15,0.26,2.26,4.22,Moderate
3,21,6.1,86,40,34,14,53.3,4,5,1,17,108,-0.43,-0.06,1.32,Moderate
3,5,7.5,78,36,33,20,40.1,2,14,1,14,63,-0.03,-3.46,-0.53,Low
8,2,5.5,70,31,43,61,36.4,5,11,0,15,52,-0.09,-6.95,1.68,Moderate
6,8,8.4,86,19,73,104,43.1,4,6,1,11,125,0.74,-2.29,-0.53,Moderate
2,8,6.6,67,43,31,60,45.7,2,4,0,12,103,-1.44,-2.26,-0.09,Low
2,4,6.4,73,43,89,42,57.6,1,5,0,14,19,0.66,7.04,-0.36,Low
11,1,6.8,81,61,118,13,59.6,5,5,0,4,47,4.08,6.75,1.11,High
2,5,5.4,61,34,28,163,46.2,1,7,2,5,36,-0.03,-1.43,2.56,Low
6,11,7.2,66,57,7,55,57.8,2,3,2,20,28,-1.28,2.51,0.23,Moderate
2,8,8.6,76,31,73,25,54.1,3,5,1,20,29,0.38,-2.16,-1.0,Moderate
9,5,7.4,70,37,85,59,46.6,3,12,1,4,48,1.24,-0.86,-0.73,Moderate
5,3,6.5,82,43,38,73,49.9,1,2,0,12,34,-0.68,-0.71,1.7,Low
3,12,6.8,75,48,33,126,42.5,2,8,0,19,180,-0.19,-3.02,0.86,Moderate
4,9,6.7,77,35,50,36,35.0,3,2,1,5,11,0.8,-2.37,-1.0,Low
1,10,5.1,70,48,54,32,42.9,3,9,1,7,6,1.78,1.95,2.36,Moderate
4,12,6.1,84,49,83,14,36.3,2,1,0,12,180,1.16,-2.28,0.31,Moderate
2,8,7.3,64,51,96,62,53.4,3,9,1,7,22,0.76,4.02,0.65,Moderate
4,7,5.6,75,38,29,66,37.7,1,5,1,8,12,-1.74,-3.79,0.87,Low
23,15,6.0,84,56,31,180,35.0,3,7,1,9,132,-1.41,-9.24,-0.37,High
6,10,6.8,60,39,106,180,53.2,4,4,1,3,33,2.27,3.53,-0.44,Moderate
13,3,6.4,76,47,59,16,47.2,6,19,1,5,33,0.41,4.11,3.56,Moderate
6,5,6.0,76,35,42,25,45.9,2,14,1,20,50,-0.25,0.78,1.91,Moderate
7,4,7.5,78,31,49,49,43.8,3,15,0,9,180,0.45,-0.76,0.54,Moderate
10,1,5.9,55,35,38,43,44.4,1,5,0,5,180,0.33,-1.74,0.36,Moderate
1,1,6.8,78,48,93,35,37.6,2,14,0,11,82,1.93,-5.53,1.71,Low
11,2,6.7,76,48,30,44,51.9,2,21,1,8,23,-0.64,1.31,2.68,Moderate
5,3,6.6,79,37,144,120,47.8,2,5,1,8,73,4.03,-4.21,0.32,Low
10,9,6.3,69,48,45,24,52.9,1,1,1,9,71,-1.38,-0.73,1.45,Moderate
5,6,5.1,78,36,155,48,49.4,1,5,0,8,84,4.38,-2.99,2.8,Moderate
4,9,6.5,84,45,145,46,51.6,3,6,2,4,52,4.95,0.1,0.6,Moderate
2,2,7.5,83,33,71,73,44.9,3,6,1,17,132,1.22,2.44,-0.37,Moderate
6,7,5.7,89,41,49,17,49.5,3,4,1,17,81,0.95,1.82,2.39,Moderate
3,4,6.9,73,52,22,57,49.3,2,2,2,3,16,-1.53,-3.96,-0.77,Low
10,2,5.5,75,27,30,20,54.0,3,6,1,4,78,-0.87,-2.56,2.36,Moderate
9,6,5.7,68,43,120,84,48.4,3,1,3,5,10,3.1,-0.06,2.09,Moderate
5,1,6.9,74,46,155,34,57.8,1,2,0,9,68,4.35,8.04,2.19,High
2,3,8.0,67,44,92,28,50.1,3,14,1,11,10,2.6,0.0,1.21,Moderate
5,5,6.4,72,33,27,51,50.6,4,12,0,4,35,0.53,2.42,0.83,Moderate
8,9,9.0,75,42,34,85,47.3,4,4,1,10,8,-0.29,-2.03,-1.0,Moderate
14,2,5.2,75,34,92,83,47.4,2,8,1,0,73,1.72,-3.3,4.14,High
20,5,7.3,61,50,82,72,49.3,2,8,1,1,17,0.68,3.66,-1.0,Moderate
9,8,7.8,77,42,84,42,41.9,3,5,0,8,74,2.77,-1.35,-1.0,Moderate
17,0,7.6,69,36,45,33,56.3,4,2,2,4,22,1.07,0.39,-1.0,Moderate
4,3,7.0,82,62,121,27,52.3,2,3,0,5,35,1.96,4.24,0.19,Low
4,4,8.5,83,49,12,33,46.0,4,7,2,3,25,-1.46,-1.97,-0.78,Low
8,3,7.6,79,43,43,52,43.9,1,2,1,10,61,-1.14,-3.66,-0.68,Low
4,6,6.6,58,39,26,180,48.5,3,3,0,4,27,0.78,3.3,0.76,Low
5,2,6.6,68,38,145,35,50.6,4,5,0,8,48,3.32,1.64,1.48,Low
8,5,5.2,61,42,28,62,47.4,1,4,4,2,28,-0.44,-2.19,4.11,Moderate
7,2,6.3,80,33,15,69,62.1,3,8,0,3,71,-0.43,6.31,2.96,Moderate
5,5,6.8,60,41,52,111,40.6,2,15,0,11,6,0.44,-3.9,0.66,Moderate
1,4,6.2,74,34,57,39,61.4,8,4,2,2,83,0.48,3.2,0.7,Moderate
7,21,6.2,78,52,9,74,53.0,7,1,0,3,30,-1.68,7.54,1.75,High
12,2,5.8,68,23,89,85,45.4,4,15,0,12,78,3.37,-0.69,3.06,High
3,4,6.5,74,36,2,86,53.5,4,2,0,9,112,-1.78,-0.91,1.2,Low
10,2,6.5,80,59,32,71,51.1,6,6,0,5,41,-0.7,-3.26,1.73,Low
5,5,7.6,64,53,89,117,53.5,2,21,0,7,56,1.34,7.21,0.84,Moderate
2,3,5.8,66,25,43,64,37.6,2,8,1,7,165,0.02,-6.95,2.12,Low
1,3,6.0,70,49,32,44,44.3,3,4,2,7,126,-0.47,-2.03,0.03,Low
12,5,6.3,72,37,45,37,59.3,2,21,1,10,34,-0.61,7.13,2.62,High
11,2,6.1,59,47,44,46,60.3,1,3,0,9,135,0.47,1.79,3.36,Moderate
2,10,7.3,61,53,45,95,40.9,4,2,0,15,52,1.56,-2.77,-0.4,Low
4,5,6.5,65,50,67,56,47.1,4,11,0,3,89,0.24,2.46,0.42,Low
14,10,6.9,69,60,20,39,49.5,3,21,1,3,6,-0.85,1.8,3.13,High
2,8,7.3,87,43,139,130,55.1,5,10,0,2,104,4.58,2.28,1.76,High
12,3,6.0,76,32,7,48,59.1,4,21,1,20,19,-0.3,5.62,4.26,High
17,4,5.8,74,74,23,46,41.7,2,1,0,8,98,-0.9,-5.05,0.63,Moderate
8,6,7.0,87,39,44,90,55.7,3,11,0,3,27,0.82,4.92,0.99,High
5,4,6.1,83,50,70,31,52.7,3,15,0,4,28,0.26,-0.9,2.78,Low
1,4,8.0,64,66,22,180,38.6,2,3,0,3,40,-0.42,-6.82,-0.91,Low
11,8,7.8,65,53,128,52,43.3,3,2,0,14,95,2.88,-2.27,-1.0,High
3,5,8.6,80,61,50,6,46.3,3,10,0,9,35,0.46,4.18,-1.0,Low
8,14,6.7,79,42,10,9,42.8,5,2,0,5,54,-1.6,-4.78,0.62,Low
11,11,7.8,67,46,49,53,53.4,3,5,0,6,111,-0.18,6.32,-0.48,Moderate
2,8,8.8,60,28,74,55,46.9,6,4,0,9,170,1.96,-3.21,-0.81,Low
1,5,6.4,59,54,115,84,35.0,4,2,0,14,54,1.69,-7.76,-0.34,Low
10,6,6.7,66,50,8,124,53.2,0,6,0,5,44,-0.91,2.13,1.61,Moderate
13,1,7.1,71,43,59,80,43.3,2,4,1,9,45,0.14,1.91,1.05,Low
1,10,7.0,79,52,61,10,58.5,5,5,4,4,124,1.3,6.74,0.68,Moderate
16,5,6.0,64,67,7,26,45.2,4,6,0,4,95,-2.5,-4.04,0.83,Moderate
6,2,5.3,86,30,77,45,53.3,3,8,1,11,123,0.36,3.93,2.31,High
3,4,5.6,79,37,89,180,46.0,3,5,1,8,77,1.27,-0.91,1.21,Moderate
4,4,6.7,98,35,180,9,35.0,1,21,0,4,67,6.0,-7.77,2.42,High
4,7,7.5,77,24,65,44,52.8,1,9,0,11,133,0.48,7.7,-1.0,Moderate
3,2,7.4,87,43,159,43,43.6,1,5,0,2,26,5.04,-2.26,-1.0,Low
21,10,6.7,80,52,128,56,37.6,4,17,2,3,113,2.93,-3.24,1.32,High
3,13,6.4,82,42,154,52,49.5,1,8,2,2,27,3.94,-0.97,1.0,Moderate
5,10,8.6,66,46,51,58,37.0,3,1,2,10,17,1.43,-1.59,-1.0,Low
13,4,6.3,82,43,21,51,56.8,5,3,0,8,14,0.52,4.61,0.34,Moderate
15,3,6.0,79,62,65,54,48.8,0,1,1,8,85,1.23,1.15,0.86,Moderate
9,13,4.8,66,47,19,13,56.9,4,13,2,12,111,-0.48,5.32,4.0,High
2,7,8.6,74,27,85,148,44.5,3,13,2,4,49,1.52,0.8,-1.0,Moderate
5,11,8.3,82,35,35,80,35.0,3,7,0,9,22,-0.59,-9.25,-1.0,Low
18,6,7.4,83,68,29,50,43.1,2,3,0,6,16,-0.04,-2.87,-0.92,Low
6,0,6.6,74,51,36,53,52.1,1,2,1,12,64,-0.45,2.55,1.51,Low
8,13,6.8,83,71,104,80,35.0,3,4,1,1,52,2.65,-3.91,-1.0,Moderate
4,2,5.3,70,52,112,24,47.0,2,16,0,8,70,3.86,-0.42,2.73,Moderate
3,15,6.8,69,30,113,180,40.4,2,21,1,12,19,2.48,1.21,1.5,High
6,4,5.5,81,31,66,92,67.3,6,19,1,10,57,0.77,10.0,4.85,High
6,1,7.7,64,54,37,32,54.2,0,4,2,18,44,-0.57,3.66,-1.0,Moderate
3,5,7.6,91,45,163,119,35.0,4,10,1,16,118,4.19,-6.15,0.05,Moderate
16,2,8.5,74,42,36,106,56.2,5,6,0,7,41,-0.51,-1.28,-1.0,Moderate
10,5,5.7,70,43,23,119,46.5,2,6,2,16,22,-0.5,2.27,1.5,Moderate
7,2,6.0,66,26,68,140,40.1,1,9,1,9,67,2.57,-2.7,1.7,Moderate
8,2,7.3,65,37,130,52,44.1,1,8,0,3,25,3.06,-3.37,1.33,Moderate
6,5,5.6,82,55,34,38,45.2,1,16,1,2,44,-0.28,-0.84,2.8,Moderate
9,6,6.5,75,48,81,14,53.0,4,21,2,8,69,1.76,4.33,3.7,High
8,8,8.3,65,51,53,56,42.5,0,6,2,3,72,-0.11,-4.47,-1.0,Low
5,4,7.2,64,57,50,45,40.7,6,9,1,9,128,1.0,-1.32,-1.0,Low
5,5,6.5,73,53,49,21,40.5,2,7,1,4,108,-0.29,-4.79,-0.05,Low
5,6,6.8,76,30,26,61,47.5,4,7,0,3,109,-1.98,-0.86,1.87,Low
6,9,6.7,64,59,14,57,35.0,3,4,0,5,91,-2.03,-5.89,-1.0,Low
16,5,7.8,80,28,78,56,40.7,3,16,0,4,180,2.13,2.45,-0.31,High
13,5,6.9,79,47,166,46,35.0,0,1,0,3,31,5.42,-9.91,-0.36,Moderate
6,2,7.3,74,32,53,77,49.1,4,10,1,9,144,0.54,-0.01,1.39,Low
3,5,7.0,91,44,103,45,43.4,4,9,0,9,42,3.16,0.82,0.11,Low
7,4,5.5,77,27,78,91,53.6,4,2,1,8,3,1.34,-0.11,2.6,Moderate
7,9,8.7,71,50,180,34,39.0,1,1,0,8,80,4.63,-1.85,-1.0,Moderate
7,3,6.1,65,42,27,107,44.4,4,2,2,4,55,-0.85,2.5,2.31,Low
6,9,6.6,67,69,161,39,35.0,2,3,0,5,106,5.25,-8.93,-0.75,Low
3,3,6.4,76,77,42,88,61.4,5,6,1,6,175,-0.01,9.91,2.38,Moderate
0,5,7.4,74,44,30,107,50.9,2,3,1,8,94,-0.21,2.01,-0.89,Low
1,0,6.4,85,55,61,22,56.8,1,13,0,4,50,1.12,7.96,3.17,Moderate
13,12,5.1,90,41,87,16,38.3,2,2,1,12,180,3.09,-1.83,2.18,High
5,4,5.8,72,57,42,31,51.0,3,8,0,4,70,-0.44,0.68,2.92,Low
5,3,7.0,71,13,10,36,46.4,0,8,0,5,43,0.82,0.54,0.26,Low
4,5,6.3,81,33,88,13,59.2,3,4,1,10,90,1.52,3.75,1.6,Moderate
1,6,6.8,68,27,104,84,43.3,7,12,0,5,11,1.45,-3.99,1.16,Low
3,2,4.8,76,41,130,25,60.7,2,1,0,14,36,1.73,8.46,2.09,High
2,1,6.1,62,52,89,65,41.2,4,8,0,10,53,1.37,-2.88,0.51,Low
8,10,7.6,70,38,29,40,45.9,4,10,2,7,62,-1.13,4.58,0.92,Moderate
3,7,6.1,80,54,23,51,43.7,1,1,0,7,60,-0.63,-2.96,0.8,Low
3,8,8.0,60,39,78,101,35.0,4,11,0,10,65,1.27,-2.1,-1.0,Low
4,2,6.0,65,34,91,22,47.5,2,2,1,3,87,1.57,0.68,-0.04,Low
4,3,8.1,69,52,64,89,60.5,1,18,0,5,25,0.89,10.0,0.69,High
4,2,8.1,75,26,72,153,46.6,2,8,1,1,92,1.12,0.15,-1.0,Low
7,4,6.5,81,34,94,180,43.4,2,19,0,20,53,2.32,-1.93,1.57,High
9,6,8.6,68,22,62,120,52.8,4,12,1,6,83,0.18,3.86,-0.5,Moderate
8,7,6.6,82,44,7,60,44.3,5,7,1,4,16,-1.88,-4.8,-0.2,Low
3,4,8.0,73,46,30,72,47.6,1,14,0,6,79,-0.67,-3.68,0.18,Low
3,2,6.4,55,19,81,33,55.4,2,1,0,8,79,0.98,4.32,1.5,Moderate
10,2,5.9,75,14,55,47,63.0,6,6,0,1,49,2.15,9.02,1.84,High
5,1,6.5,68,42,67,90,50.3,3,11,0,10,102,0.93,9.21,2.22,Moderate
19,7,6.9,75,45,49,35,39.0,7,14,3,2,14,-0.31,-1.68,-0.86,Moderate
3,3,6.5,86,30,51,45,36.4,2,6,0,3,82,1.68,-3.24,-0.43,Low
26,1,8.3,76,71,24,100,51.5,5,9,1,12,122,-0.91,-4.97,0.48,High
2,1,6.7,79,46,62,14,54.5,2,12,0,1,29,0.67,0.82,2.81,Low
11,5,6.7,74,41,173,7,50.0,0,4,2,3,74,6.0,-2.03,1.11,High
6,3,6.8,61,42,53,130,42.3,2,21,1,3,77,0.93,-0.54,3.1,Moderate
4,5,6.2,67,57,31,44,50.4,3,3,0,2,45,-0.94,-1.05,0.99,Low
5,11,7.5,72,53,32,68,55.2,3,2,0,1,13,-1.31,1.34,-0.36,Low
6,3,7.5,76,42,54,57,65.8,4,3,2,14,20,1.2,8.7,1.45,High
6,4,6.1,74,54,12,151,39.7,3,2,1,20,56,-2.41,-4.85,0.33,Low
3,2,7.9,69,36,151,44,54.2,4,7,1,11,14,2.69,1.46,-0.68,Low
14,4,6.5,74,45,66,48,49.5,4,10,0,5,85,1.57,1.64,3.57,Moderate
4,2,6.2,74,54,47,157,50.4,2,11,0,6,91,-0.07,2.98,2.98,Moderate
4,2,6.9,76,30,84,86,38.1,2,2,3,7,30,1.92,-4.06,-0.38,Low
8,5,5.8,78,37,81,17,44.7,3,2,1,5,117,1.81,-2.38,0.86,Moderate
3,12,7.6,77,36,67,156,48.8,8,0,0,10,23,0.56,-0.02,-1.0,Moderate
6,5,8.0,75,35,73,72,58.2,4,11,2,13,55,1.0,3.54,-0.95,Moderate
2,4,5.3,76,37,37,29,54.6,3,20,1,7,37,0.07,8.65,6.42,High
15,5,7.6,70,51,18,77,45.6,4,8,0,9,108,-1.74,-3.11,-0.96,Moderate
2,4,6.6,68,42,31,124,44.9,4,10,3,6,71,-0.24,-5.62,-0.01,Low
5,6,7.9,63,45,72,18,54.7,3,6,0,2,73,1.47,3.77,-0.52,Low
5,0,7.6,57,45,135,124,44.5,5,2,1,5,176,2.2,-4.2,-1.0,Low
21,8,7.9,71,56,46,160,39.5,1,13,0,8,43,-1.03,-1.13,0.32,High
7,2,6.4,76,48,126,60,41.1,2,6,2,3,61,3.03,-5.57,2.0,Moderate
6,12,6.5,70,41,41,88,35.9,0,4,2,6,88,0.68,-3.23,-0.65,Low
3,5,6.9,75,43,54,16,47.5,2,7,0,2,35,1.13,-0.35,1.52,Low
9,2,6.2,75,35,58,85,56.5,0,13,0,20,33,0.43,8.99,3.66,High
2,18,5.5,69,42,114,88,52.1,4,4,0,5,26,2.61,-1.6,2.2,Moderate
2,7,7.3,84,53,10,15,42.0,3,3,0,7,128,-1.18,-5.16,-0.49,Low
6,2,7.1,85,44,19,77,45.6,5,4,0,1,180,-0.86,-0.91,-0.39,Low
6,6,7.1,75,35,44,74,55.4,3,10,0,7,103,-0.05,3.4,-0.23,Moderate
2,4,5.7,81,29,109,5,57.1,1,10,4,6,41,2.89,5.1,2.93,High
3,3,7.6,75,42,31,81,50.2,0,4,1,16,105,-0.3,3.69,-0.38,Low
15,8,7.1,86,26,71,55,54.9,4,5,2,14,111,1.18,3.99,-0.62,High
8,7,7.0,75,29,67,49,35.0,7,7,0,2,141,0.08,-4.64,-1.0,Low
7,4,8.2,66,55,106,8,45.7,3,3,1,5,99,2.31,2.27,-1.0,Low
8,4,5.7,85,62,180,55,50.0,7,4,2,8,19,6.0,0.08,1.58,High
2,7,6.6,84,49,140,43,56.9,4,10,2,20,142,4.1,4.83,2.17,High
9,21,7.8,63,48,62,66,35.0,3,11,1,3,37,0.73,-9.81,0.46,Moderate
4,16,7.2,73,23,167,17,44.8,3,1,1,20,10,4.13,2.38,-0.52,High
8,8,7.8,75,33,83,150,43.0,3,5,4,10,16,2.12,-0.37,-1.0,Moderate
4,6,5.8,55,42,29,180,36.8,5,9,0,9,71,-1.49,-3.8,0.75,Low
3,5,5.2,79,44,18,137,47.9,2,10,0,1,120,-2.48,-3.93,4.65,Moderate
7,4,6.5,70,33,69,26,47.3,4,2,2,9,87,1.37,-2.02,0.54,Low
17,7,8.1,88,35,41,61,53.2,2,4,0,6,121,0.31,-0.99,-0.68,High
9,6,6.1,82,68,19,38,40.6,0,3,0,20,89,0.57,-2.47,0.99,Low
4,9,6.1,70,58,94,42,47.2,1,12,0,2,79,3.04,0.67,2.69,Low
20,3,6.9,76,16,35,101,47.3,3,2,1,4,26,-1.24,-0.12,-0.42,High
11,5,5.8,69,44,45,67,47.7,3,4,1,4,75,-0.22,0.77,1.35,Moderate
9,6,6.0,87,51,123,86,50.1,2,18,2,16,9,3.7,0.37,1.91,High
4,2,8.2,80,55,88,72,44.0,3,7,1,17,44,0.78,-6.51,-1.0,Low
13,6,8.7,71,70,57,14,49.5,2,1,1,16,148,2.73,-3.75,-1.0,Moderate
1,7,7.0,69,47,21,59,47.1,3,10,0,2,64,-0.98,-4.7,0.95,Low
6,2,8.0,60,49,32,43,39.2,2,11,0,11,49,0.55,-4.1,-1.0,Low
4,12,8.4,86,34,18,87,51.2,5,21,1,4,36,-0.21,-0.02,0.08,Low
3,3,6.7,63,51,16,8,48.2,1,19,2,5,50,-2.26,3.48,2.66,Low
3,5,8.9,76,47,162,8,41.4,1,11,1,13,47,3.2,-3.38,-0.86,Moderate
9,4,5.9,82,25,37,67,51.9,2,2,2,9,86,0.89,2.04,-0.32,Moderate
10,6,7.8,72,60,31,179,52.2,6,6,1,2,180,-1.46,3.3,1.25,Moderate
2,7,7.4,73,43,66,98,40.5,4,18,0,4,88,1.15,-1.28,1.71,Moderate
5,6,7.2,66,52,58,54,46.4,1,2,1,8,79,0.24,0.13,-1.0,Low
1,4,7.2,80,32,180,63,50.2,3,5,1,2,39,5.14,1.91,0.06,Moderate
4,9,8.3,72,34,15,34,37.3,2,7,0,5,117,-1.64,-9.42,-1.0,Low
13,11,6.2,67,47,50,116,48.7,2,7,0,6,81,0.57,-0.88,1.32,Moderate
14,1,7.1,84,54,78,13,41.5,4,18,0,0,98,0.68,-1.87,1.99,Moderate
15,2,7.6,80,65,3,125,46.1,3,6,0,3,109,-1.68,2.25,0.08,Moderate
4,18,8.5,66,52,117,33,53.7,4,18,0,3,105,2.04,2.58,-0.61,High
9,7,7.6,89,38,27,82,56.6,3,1,0,2,122,-0.2,4.3,-0.58,Moderate
9,4,6.1,75,65,120,75,55.0,3,1,0,7,75,4.3,1.37,3.56,High
13,4,6.3,82,63,85,27,56.7,4,11,0,17,34,1.22,6.33,2.82,High
7,5,6.5,87,51,130,62,54.4,1,7,0,5,49,2.43,3.05,0.42,Moderate
14,4,7.0,86,49,178,74,41.9,5,6,1,6,69,5.82,1.13,0.63,Moderate
2,11,8.0,74,37,74,82,49.3,1,2,1,5,49,1.97,-0.54,-1.0,Moderate
14,7,8.2,68,48,9,72,44.0,7,10,0,3,80,-1.84,-0.89,0.01,Moderate
5,6,7.5,68,62,67,180,50.1,2,2,1,3,144,0.79,0.22,-0.79,Moderate
3,9,6.8,74,51,180,28,41.0,1,4,2,4,58,5.98,-3.89,0.29,Moderate
9,4,7.6,55,36,12,51,54.6,5,9,1,5,115,-1.64,-0.39,0.13,Moderate
7,4,5.9,68,49,54,48,41.5,5,3,1,6,180,-0.33,-4.74,1.44,Low
10,5,4.9,65,58,55,180,50.8,2,13,0,8,69,-0.38,4.26,2.54,High
4,4,7.7,79,40,29,20,42.7,3,5,2,5,18,-2.5,-4.6,-1.0,Low
8,0,5.7,79,39,78,110,42.3,3,4,1,6,56,1.74,-6.21,-0.1,Moderate
5,1,6.7,75,32,48,91,45.3,3,4,1,4,10,-0.5,-1.81,0.83,Low
7,5,6.5,107,28,89,58,51.0,1,1,1,20,115,1.42,1.29,1.33,High
2,9,7.6,71,46,32,103,46.6,0,3,0,11,42,0.35,4.69,-0.55,Low
7,6,7.6,79,30,24,84,40.6,2,1,1,4,75,-0.3,-4.72,-1.0,Low
7,15,6.2,83,69,127,159,50.5,7,21,0,8,51,3.71,8.56,4.8,High
11,8,7.5,57,55,31,95,40.9,6,4,0,4,86,-0.14,-2.31,-1.0,Low
16,5,6.9,67,53,168,45,55.7,4,7,1,6,16,4.99,3.95,0.22,Moderate
1,6,5.8,76,54,138,41,45.3,5,9,0,2,43,3.85,0.42,1.3,Moderate
4,12,8.1,72,16,95,87,46.0,4,5,1,4,31,1.01,-1.09,-1.0,Moderate
22,9,7.5,67,55,135,28,35.0,2,3,0,14,70,3.39,-3.66,-1.0,Moderate
8,5,6.0,68,22,29,17,41.6,3,10,0,6,180,-0.08,-2.25,0.15,Moderate
8,7,8.0,78,76,145,178,46.1,5,8,0,10,41,4.93,7.15,-0.44,High
5,14,4.2,76,55,38,115,57.0,0,7,0,14,26,-1.22,3.0,4.69,High
7,2,6.6,74,32,25,111,53.4,2,8,2,18,58,-0.58,2.3,0.98,Moderate
7,11,6.1,82,37,180,32,52.6,1,2,0,4,20,4.87,2.19,1.4,Moderate
2,16,6.9,59,24,93,35,51.5,2,8,1,3,136,1.65,3.7,1.18,Moderate
11,4,7.7,86,32,42,25,35.3,8,13,1,13,47,-0.33,-4.74,0.13,Moderate
3,7,5.3,67,44,83,162,49.0,5,9,1,7,109,1.48,3.46,2.49,Moderate
8,7,7.0,76,36,90,172,38.6,1,6,0,3,47,2.13,-1.89,-0.29,Low
2,11,8.3,71,63,84,178,52.9,2,1,1,7,33,2.58,-0.34,-1.0,Moderate
4,4,4.8,72,50,29,29,51.2,3,6,2,5,40,0.54,-2.45,2.86,Low
8,5,6.6,76,45,174,56,52.1,3,5,1,10,68,4.11,-0.85,1.47,High
3,2,4.9,64,26,118,58,40.2,6,3,0,6,51,2.35,-5.61,1.63,Moderate
7,8,6.6,62,56,51,32,49.1,4,7,1,1,117,0.87,-4.04,0.35,Moderate
5,5,6.9,78,64,116,103,48.5,5,2,0,19,179,2.13,-2.34,0.08,Low
1,11,6.0,72,64,100,23,46.7,5,11,0,7,132,1.74,-1.4,1.27,Moderate
5,5,8.7,59,24,85,22,39.3,3,0,2,9,42,1.32,-5.27,-1.0,Low
4,13,7.4,68,37,73,109,46.3,2,2,2,1,21,0.84,-0.55,-0.56,Low
8,3,5.8,83,36,65,125,45.2,4,10,1,2,38,1.09,0.25,2.64,Moderate
9,5,7.5,78,54,177,107,50.2,3,2,3,10,38,5.58,2.79,0.78,High
9,12,6.6,70,33,32,91,54.4,2,3,1,7,20,0.0,4.75,-0.16,Moderate
6,9,5.7,79,38,130,24,55.3,5,7,0,17,69,2.83,2.14,3.08,High
4,3,7.6,71,51,66,21,51.9,6,9,2,2,24,0.38,9.0,-0.41,Moderate
3,8,7.7,79,42,46,131,42.8,4,3,1,15,30,-0.1,-0.63,-1.0,Low
2,1,6.0,56,48,110,141,50.5,3,14,0,4,180,1.66,4.11,3.51,Moderate
2,7,7.6,86,31,104,66,53.6,2,5,0,20,180,1.58,-0.0,-1.0,Low
19,6,5.7,75,49,40,56,50.5,2,3,0,12,58,-0.79,-4.35,1.96,Moderate
4,3,7.0,64,41,89,88,51.2,3,5,0,6,157,1.49,3.07,-0.14,Moderate
3,5,6.8,87,49,37,96,35.6,3,7,0,5,22,-1.72,-4.73,-1.0,Low
2,5,7.8,72,43,128,20,55.5,3,11,0,13,119,1.99,2.01,0.15,Moderate
2,4,6.2,79,61,23,172,48.7,6,5,0,11,14,-1.24,5.13,2.6,Moderate
9,8,6.5,84,41,48,47,42.7,3,6,0,20,78,0.98,-3.57,-1.0,Low
8,9,6.0,66,13,109,60,62.5,1,12,0,18,180,2.94,10.0,3.43,High
11,0,6.8,64,61,110,51,35.0,2,4,0,2,35,4.78,-5.02,-0.6,Low
1,10,6.5,76,43,134,42,47.0,1,8,0,3,88,3.16,5.5,2.77,Moderate
10,8,6.8,67,16,100,90,55.4,3,1,1,2,11,2.11,1.13,-0.21,High
6,3,6.6,62,48,150,62,45.9,2,7,3,5,99,4.83,-0.35,2.2,Moderate
9,4,6.5,55,60,9,60,55.8,5,14,0,8,169,-2.5,2.96,1.57,High
4,9,7.0,58,49,47,49,50.8,3,16,1,6,103,-0.58,-0.29,1.48,Moderate
8,2,7.2,83,37,66,23,52.3,5,10,0,12,23,1.21,5.22,1.32,Moderate
13,14,7.3,59,36,180,26,54.2,0,12,1,14,13,5.32,6.23,1.19,High
5,1,5.9,70,60,40,40,56.3,3,6,3,5,39,-0.92,2.01,0.56,Moderate
4,5,7.1,75,47,119,79,54.0,3,4,0,5,60,3.82,-0.82,0.29,Low
5,3,6.5,77,17,24,137,46.9,6,10,0,19,148,0.19,1.56,0.6,Moderate
3,5,6.1,71,48,81,56,49.4,5,8,2,4,41,1.03,3.05,1.46,Moderate
22,3,6.4,83,38,67,12,49.5,1,18,0,8,107,1.66,3.93,2.39,High
3,7,7.8,83,34,15,29,60.5,4,21,0,16,45,-0.79,7.01,1.69,Moderate
5,2,8.1,74,52,20,44,67.6,4,5,1,9,52,-0.87,6.82,-0.37,Moderate
6,2,7.3,77,29,40,55,44.0,5,15,1,12,97,-0.43,0.44,-0.73,Moderate
8,5,5.9,86,32,28,64,47.7,5,3,0,11,55,-0.18,-1.68,2.01,Moderate
3,3,5.2,60,52,4,19,55.1,1,9,0,5,40,-1.24,6.39,3.47,Moderate
6,0,7.2,79,32,53,62,38.9,3,3,0,8,99,1.26,-9.73,-0.56,Low
6,9,6.4,69,47,152,53,57.0,5,1,2,12,16,4.51,3.98,2.0,High
8,1,7.8,58,42,7,56,42.0,4,10,2,8,11,-1.26,-2.97,-1.0,Low
3,7,7.0,67,59,70,115,51.2,0,9,1,4,173,1.26,3.33,0.65,Moderate
7,10,6.9,76,35,59,64,39.4,3,3,1,11,50,0.68,-1.89,0.33,Low
10,17,8.1,58,50,116,140,55.9,3,3,0,11,37,3.17,2.76,-1.0,High
14,4,5.4,66,68,113,180,59.1,1,5,3,6,100,3.4,1.78,3.14,High
13,8,6.7,85,52,59,135,42.9,1,7,1,1,10,0.62,1.0,-0.19,Moderate
1,4,6.7,75,54,20,114,42.1,4,11,1,19,87,-2.5,-3.06,-0.07,Low
12,2,6.9,66,28,41,80,57.9,4,9,0,6,102,-0.12,5.48,0.89,High
2,10,5.5,74,45,122,51,47.1,2,9,2,3,62,1.74,1.51,2.61,Moderate
3,4,7.8,102,47,44,176,41.4,2,2,0,5,69,-0.92,-3.52,-1.0,Low
13,15,4.9,78,31,111,67,44.4,3,7,0,5,10,2.52,-1.85,1.52,Moderate
8,1,4.6,72,55,82,121,43.7,2,4,0,15,38,2.76,-3.11,1.65,Low
7,14,6.4,82,57,45,180,56.6,5,14,1,1,15,1.75,3.47,3.63,High
6,14,5.8,62,25,98,129,41.1,2,11,1,5,13,1.5,-9.2,0.33,Low
4,2,5.9,76,69,60,20,50.2,7,5,4,3,21,1.03,-1.74,1.08,Low
16,1,7.9,68,55,29,31,38.5,3,3,0,6,57,-0.93,-2.9,-0.46,Low
6,4,5.3,67,52,61,66,44.7,4,9,0,20,15,3.16,-1.96,3.43,Moderate
4,1,7.3,76,43,180,32,38.7,3,8,2,9,13,4.47,-3.33,-0.46,Low
13,3,4.9,74,29,55,82,50.4,3,8,0,15,21,-0.05,-0.41,1.94,Moderate
15,1,5.6,83,44,37,39,50.4,2,6,0,15,48,-0.24,2.41,3.19,Moderate
18,15,7.2,73,57,15,81,60.8,1,8,3,1,45,-2.24,9.55,-0.01,High
2,15,6.2,64,42,20,51,48.4,1,3,4,10,47,-1.26,-2.5,2.35,Moderate
12,9,7.5,70,43,26,145,50.2,3,4,3,5,71,-0.06,-6.89,-1.0,Moderate
8,4,7.1,86,30,106,13,39.1,5,7,0,6,43,2.23,-7.11,0.1,Moderate
6,7,7.8,55,50,7,87,40.4,3,10,2,2,49,-1.37,-2.13,-1.0,Low
12,2,7.0,62,33,2,67,57.5,2,4,0,8,39,-2.09,-0.89,-0.08,Low
6,1,5.6,69,51,76,24,35.0,4,10,0,5,27,1.62,-5.98,1.58,Low
9,1,7.5,60,45,44,104,35.0,2,11,0,1,15,-0.08,-4.8,-0.85,Low
1,7,6.9,70,46,41,25,51.6,6,6,0,2,135,-0.16,0.76,1.06,Low
8,6,8.3,89,46,37,175,50.9,6,5,1,9,43,-1.19,-0.12,-1.0,Moderate
12,7,5.8,67,54,14,35,48.4,4,3,2,20,82,0.18,0.63,1.93,Moderate
7,15,7.0,80,54,121,60,48.0,3,1,0,8,76,1.5,-5.82,0.28,Moderate
9,14,8.1,75,23,137,77,45.4,3,2,0,2,19,3.93,-5.55,-1.0,Moderate
16,0,7.5,83,43,147,34,43.6,2,1,0,13,71,4.35,1.72,-1.0,High
9,5,7.3,69,31,33,111,51.1,1,6,1,7,57,-1.14,-0.1,0.22,Moderate
0,21,7.6,85,68,55,85,63.8,6,10,0,10,58,1.69,9.73,0.34,High
5,9,8.2,69,36,52,29,52.5,4,6,0,5,48,0.77,3.77,-0.89,Moderate
11,7,6.9,89,46,36,20,63.5,4,7,1,15,180,0.52,6.79,2.68,High
10,3,7.8,90,37,74,43,35.0,4,8,1,11,91,0.22,-0.88,0.18,Moderate
7,0,6.6,63,74,56,5,53.3,4,6,0,7,25,-0.59,3.86,0.9,Low
12,5,6.8,82,51,116,51,51.2,6,15,0,3,6,2.66,7.13,0.89,High
11,5,7.5,65,41,94,128,60.2,4,8,1,5,76,1.64,9.58,0.6,High
8,17,6.5,62,46,35,132,38.4,6,10,2,5,41,-0.69,-5.27,0.23,Moderate
3,3,6.4,64,20,76,33,47.6,3,2,1,5,106,1.22,1.91,0.73,Low
19,4,7.5,79,40,61,78,61.9,3,1,0,3,180,1.36,7.7,-0.97,High
5,3,6.1,80,58,42,72,45.6,3,4,0,7,180,-1.62,-0.26,0.32,Low
4,3,6.7,82,42,111,40,35.0,4,2,0,20,60,2.52,-6.12,-1.0,Moderate
8,3,7.3,76,63,52,26,57.7,2,13,2,16,21,0.01,8.05,2.54,High
8,2,7.9,80,49,2,34,52.6,2,1,2,2,31,-1.49,1.56,-1.0,Low
12,2,8.3,64,32,94,72,47.0,2,1,0,20,6,0.57,-2.21,-1.0,Low
3,3,6.3,75,44,24,86,42.1,6,3,0,7,102,-1.38,-1.65,0.35,Low
13,1,6.9,84,46,52,147,58.6,0,11,0,13,64,-0.27,5.01,0.3,Moderate
9,8,7.8,61,52,14,56,45.0,3,9,1,4,21,-1.09,0.34,-1.0,Low
6,5,8.8,63,48,129,23,35.0,0,12,2,7,23,4.98,-5.17,-1.0,Moderate
7,1,6.4,79,50,13,30,54.6,0,8,0,17,167,-0.75,2.68,2.78,Low
9,12,7.1,69,49,43,38,55.8,1,8,1,10,102,-0.33,3.78,0.27,Moderate
9,3,7.1,72,37,13,65,43.3,2,9,0,6,89,-1.85,-3.9,0.2,Low
11,11,8.2,80,62,14,107,44.3,3,3,0,15,123,0.38,-0.1,-1.0,Moderate
1,3,8.0,90,51,49,145,52.3,1,3,1,15,13,0.55,2.35,-1.0,Low
7,1,6.3,71,43,30,77,45.1,1,7,0,18,72,0.52,-1.96,0.42,Low
2,12,5.5,68,47,57,16,42.0,1,8,1,4,29,0.59,-3.19,1.01,Low
6,9,5.2,79,25,102,103,52.5,7,10,1,1,51,1.63,7.71,3.59,High
2,8,6.8,77,32,57,145,43.0,1,7,0,5,37,-0.07,0.3,0.11,Low
5,10,5.6,78,32,74,113,37.2,2,1,2,1,70,1.27,-7.43,-0.32,Moderate
7,6,6.2,83,55,90,26,50.8,5,3,0,1,56,3.7,-0.57,-0.1,Moderate
12,8,7.5,77,29,67,61,46.2,6,5,0,4,155,2.67,2.18,-0.76,High
8,8,7.1,94,38,89,49,50.5,6,7,1,1,111,2.06,2.77,-0.31,High
2,3,6.0,62,28,143,19,42.0,2,13,0,11,62,3.03,-3.85,1.74,Moderate
8,4,8.2,67,63,54,25,51.4,1,2,1,5,30,-1.08,0.6,-1.0,Low
6,17,6.1,64,55,14,69,51.6,2,2,0,5,154,-1.61,-0.13,1.89,Moderate
3,6,6.6,97,52,46,26,39.9,5,12,2,6,180,-0.59,-2.48,1.34,Moderate
5,7,6.8,75,49,56,76,42.3,2,4,2,8,36,-0.29,-5.6,0.12,Low
7,7,6.3,82,36,25,64,51.4,2,8,2,2,90,-0.79,1.45,1.12,Moderate
22,3,7.4,87,43,97,55,47.8,1,7,1,4,88,2.09,-2.12,0.19,Moderate
18,5,7.1,62,54,99,62,49.3,1,2,1,12,39,0.69,-0.19,-0.05,Moderate
1,5,5.5,71,46,45,25,50.7,4,3,1,1,56,0.25,0.97,3.16,Low
9,6,6.1,74,41,28,72,58.3,5,3,1,6,13,-0.7,2.91,0.17,Moderate
6,12,7.9,88,32,25,24,57.7,3,5,0,11,5,-0.13,5.84,-1.0,Moderate
5,4,6.8,63,57,19,50,47.7,2,6,1,4,43,-1.35,-2.95,-0.16,Low
5,2,7.0,85,38,88,112,39.5,2,1,1,12,33,2.51,-1.67,-1.0,Low
5,5,7.1,75,46,127,113,46.6,2,5,0,7,121,3.08,0.4,-0.32,Low
7,7,6.6,75,67,47,180,42.7,2,1,0,9,22,-0.74,-3.92,0.1,Low
2,5,7.2,68,42,26,72,38.6,3,9,1,10,131,-0.8,-4.88,-1.0,Low
14,4,7.5,70,40,8,42,53.0,2,2,1,11,56,-2.19,-0.78,-0.59,Moderate
11,3,6.1,78,49,32,48,52.9,4,4,0,3,14,-0.62,3.64,0.98,Low
3,5,6.5,84,49,45,54,37.9,1,3,1,4,64,1.61,-7.39,-0.05,Low
12,2,6.6,69,44,99,40,46.6,2,10,0,3,180,2.53,-4.91,1.17,Moderate
3,9,5.5,73,52,109,158,39.5,4,5,2,6,39,2.05,-5.0,0.63,Moderate
15,2,8.3,83,44,37,88,42.1,5,8,2,6,16,1.21,-0.57,-1.0,Low
1,7,7.0,73,38,53,46,35.0,1,5,0,6,21,-0.35,-10.0,0.81,Low
7,1,6.8,82,32,75,66,62.5,3,15,2,5,69,0.18,7.37,3.14,High
6,9,6.3,69,33,109,40,47.0,4,6,0,10,86,2.54,-3.76,1.63,Moderate
6,4,6.0,57,53,45,91,45.0,1,1,1,7,26,-0.39,-4.73,0.43,Low
7,3,7.1,68,37,116,65,55.9,6,21,1,4,42,3.2,4.69,2.59,High
5,1,7.3,62,32,47,73,39.6,3,2,1,5,59,0.51,-3.26,-0.4,Low
8,11,7.3,62,45,39,25,48.1,2,8,2,3,86,0.38,-3.15,-1.0,Low
10,11,8.2,58,57,34,71,50.2,2,5,0,8,33,-0.05,-0.61,-0.76,Moderate
6,3,7.9,71,25,80,14,61.5,8,2,1,12,106,3.08,3.96,-0.59,High
11,15,6.4,68,52,18,17,48.4,5,2,1,1,102,-1.56,-1.81,0.91,High
3,7,6.0,81,53,105,65,52.8,1,19,1,5,75,3.41,0.9,1.59,Moderate
10,3,7.0,61,35,10,180,44.8,2,4,0,10,73,-1.29,-3.4,-1.0,Low
16,1,8.8,68,43,57,47,56.8,3,6,0,7,83,-0.71,4.35,-0.69,Moderate
9,4,6.0,74,53,44,180,53.1,3,0,0,1,46,-1.05,2.56,1.44,Moderate
3,4,5.5,88,40,24,134,38.7,4,5,1,7,25,0.13,-3.96,1.09,Low
7,7,8.6,76,27,32,82,40.1,4,14,1,4,118,0.68,-2.1,-0.78,Low
5,2,5.6,67,51,50,75,43.7,4,2,2,6,55,0.85,-2.43,1.47,Low
2,7,7.6,69,33,155,68,57.1,4,1,1,19,56,5.16,1.01,-0.58,High
14,5,7.9,76,45,13,40,40.7,1,9,3,6,102,-1.2,-0.62,-0.62,Low
9,2,7.4,79,40,78,91,46.8,3,16,0,17,42,0.86,-1.54,2.18,Moderate
4,4,7.1,71,17,29,77,37.5,3,2,0,6,64,-0.81,-2.79,-1.0,Low
12,3,7.3,84,44,7,152,50.9,3,8,0,7,54,-2.04,0.41,0.29,Moderate
5,12,7.1,62,27,180,49,52.8,4,12,0,7,139,5.98,5.49,2.25,High
6,1,6.8,79,40,121,77,50.7,4,9,0,6,102,2.64,-2.5,0.64,Moderate
4,5,5.5,62,37,15,131,46.1,3,3,0,8,39,-0.38,-1.45,2.12,Low
8,2,6.9,79,37,65,74,42.3,1,11,0,7,36,1.87,-3.34,0.43,Low
5,3,6.3,73,42,59,64,35.0,4,17,0,20,180,-0.14,-2.0,2.19,Moderate
15,10,5.0,71,54,43,40,53.3,3,7,4,7,36,0.45,2.53,3.4,High
6,6,7.1,90,45,39,158,52.6,4,21,2,1,74,0.62,6.24,2.71,High
8,8,5.2,68,58,21,65,52.9,5,8,0,13,69,-1.89,5.73,2.95,Moderate
2,10,6.8,61,56,86,28,42.6,4,2,0,3,41,1.1,-6.85,-1.0,Low
3,2,6.5,71,42,134,53,47.3,5,4,3,7,44,3.32,-1.07,-0.32,Low
7,1,6.6,78,62,49,134,52.5,5,9,0,4,28,-1.06,4.35,1.52,Moderate
26,1,7.2,65,21,83,38,51.0,1,1,0,4,87,2.24,0.23,-1.0,High
6,4,5.5,62,44,12,180,46.4,2,4,1,15,54,-0.7,3.37,1.3,Low
27,15,6.7,72,43,36,124,47.1,6,1,0,12,21,-1.14,2.44,-1.0,High
11,2,7.4,80,22,57,86,46.5,4,10,1,16,63,0.76,-0.73,0.16,Moderate
1,2,7.1,73,35,156,73,35.0,6,1,1,1,91,4.98,-3.62,-1.0,Low
8,10,5.2,85,44,79,139,47.9,5,5,2,10,38,1.37,0.75,2.91,High
7,16,7.5,80,40,12,28,47.7,1,4,0,1,43,-1.71,2.83,-1.0,Low
17,4,5.6,82,47,114,14,41.2,3,3,0,5,106,2.3,-1.23,-0.45,Moderate
6,4,6.3,60,58,108,110,56.6,1,4,0,2,115,3.91,3.47,2.6,Moderate
2,10,6.3,63,31,131,24,49.5,4,16,1,3,32,4.51,1.34,1.87,Moderate
5,5,5.6,71,33,54,99,49.7,4,2,0,15,162,0.7,-0.34,1.83,Moderate
2,6,5.5,68,38,180,17,45.9,1,9,0,2,180,4.35,-2.35,4.51,Moderate
3,5,6.6,70,38,86,95,56.8,2,2,0,8,8,2.82,5.27,0.41,Moderate
5,5,6.3,67,45,61,28,43.3,4,5,2,4,52,0.72,-0.05,2.35,Low
2,4,6.7,76,48,32,36,44.2,5,5,3,4,69,0.01,-1.0,-0.24,Low
4,7,6.8,76,32,135,90,50.1,4,7,2,18,139,4.08,-4.53,0.37,Moderate
6,2,6.5,69,43,81,51,36.5,1,5,0,7,16,3.13,-7.74,-0.17,Low
7,3,7.5,70,24,25,82,48.6,3,11,2,16,59,-0.59,3.41,0.27,Moderate
8,6,7.5,69,44,61,144,41.7,4,8,0,10,77,-0.3,0.08,-1.0,Low
1,8,6.8,67,47,99,98,47.6,6,7,0,3,82,0.41,-1.45,-0.04,Low
2,5,5.6,76,41,80,140,53.1,2,1,0,20,31,2.26,6.59,0.7,High
0,1,8.1,87,29,142,50,43.6,2,11,2,5,33,5.89,-3.43,-0.52,Low
1,17,6.5,83,53,28,180,37.6,6,5,0,12,69,-0.54,-3.38,-0.88,Low
0,13,6.3,55,64,41,4,39.8,2,1,1,3,118,0.38,-4.6,-0.8,Low
21,11,6.8,75,52,68,31,49.2,4,19,0,20,138,0.61,4.93,2.96,High
8,2,6.5,90,36,22,45,42.1,3,4,1,5,18,-1.03,-0.65,-0.06,Low
9,0,8.2,96,54,32,180,48.2,1,15,0,12,41,-1.95,2.76,-0.14,Moderate
7,3,5.2,72,53,81,28,55.0,3,10,3,18,23,0.51,1.44,2.33,High
7,12,8.8,76,65,81,81,42.9,3,4,3,4,96,3.37,-3.0,-1.0,Moderate
4,1,8.2,70,42,92,53,44.4,4,4,1,14,122,1.51,0.56,-1.0,Moderate
5,19,7.5,79,55,53,35,58.0,2,7,1,6,84,1.17,6.89,1.52,High
18,7,5.9,77,23,94,10,45.5,4,9,0,9,120,2.26,4.16,3.06,High
3,5,6.2,70,48,49,23,47.3,2,4,1,13,104,0.31,-1.23,1.08,Low
9,21,6.8,77,43,84,48,54.9,1,5,0,8,178,2.24,-0.17,1.12,High
4,10,6.4,69,58,118,104,49.1,3,2,0,3,22,3.07,-2.1,-0.74,Low
16,4,8.3,59,27,26,17,35.8,3,5,0,7,59,-0.63,-5.25,-1.0,Moderate
6,11,7.9,80,43,20,55,41.8,5,1,2,3,180,-0.7,-3.59,-1.0,Moderate
5,4,7.5,57,59,168,32,45.8,4,1,2,3,117,5.41,-2.06,0.01,Low
2,9,4.9,77,36,171,18,44.0,6,11,0,5,53,5.04,0.84,4.38,High
5,14,6.8,80,12,111,41,35.0,6,4,1,10,46,3.07,-7.56,-1.0,Moderate
1,5,5.3,64,43,9,51,35.0,1,3,1,19,10,-1.96,-8.53,1.7,Low
13,0,6.4,77,45,26,172,47.9,5,20,2,7,40,-1.64,4.71,2.5,High
12,1,5.0,79,14,69,10,45.9,2,14,2,8,39,-0.39,3.47,2.76,Moderate
4,10,6.4,61,48,76,149,54.6,5,14,2,13,26,2.29,5.95,0.94,High
7,5,7.2,83,34,26,23,48.5,4,5,0,5,96,-1.81,-0.18,0.11,Low
10,3,6.3,96,63,31,160,45.1,3,17,0,1,98,0.51,-1.93,3.38,Moderate
14,6,6.5,65,40,82,61,48.5,5,7,0,3,68,0.94,1.08,0.4,Moderate
5,15,6.4,73,20,15,20,44.2,2,4,0,11,45,-0.85,-2.33,-0.55,Low
4,2,7.5,83,56,95,94,37.0,3,9,2,5,26,2.32,-1.62,1.89,Low
8,1,5.2,75,49,138,58,36.4,5,11,0,5,5,4.91,-4.38,3.16,Moderate
7,1,6.1,73,47,19,100,52.7,0,3,1,8,35,-0.31,2.33,1.13,Low
7,7,4.6,66,61,104,111,55.2,1,14,1,16,180,2.4,2.84,4.51,High
6,7,7.7,66,49,101,63,64.1,6,1,1,1,76,2.47,4.43,1.37,High
4,2,6.8,55,40,148,68,54.4,2,5,0,3,36,2.96,1.34,2.19,Moderate
5,7,5.5,72,48,80,85,51.5,1,1,2,9,7,1.69,-2.74,2.88,Moderate
17,16,6.6,86,49,25,9,61.7,1,3,1,8,24,-0.74,6.96,1.53,High
2,7,6.1,75,42,18,20,40.9,2,9,1,9,3,-0.67,-3.02,1.07,Low
6,6,5.9,76,49,47,43,41.0,4,1,3,4,83,0.21,-4.44,0.47,Moderate
8,2,8.0,76,65,65,70,42.1,4,10,2,5,86,0.27,-1.64,-0.51,Low
6,6,7.6,91,46,10,20,42.8,6,16,0,7,9,-1.99,-1.91,0.19,Low
7,4,6.6,71,36,55,56,56.3,5,10,1,17,48,-0.07,6.6,2.2,Moderate
6,14,7.1,88,57,39,60,52.0,2,12,2,12,59,0.39,7.93,1.85,High
2,1,7.9,71,57,24,52,48.8,3,13,2,6,88,-1.53,-1.72,-0.46,Low
2,17,6.3,67,24,63,93,38.2,3,3,0,15,4,1.23,-4.69,0.83,Moderate
1,6,6.0,76,34,101,130,56.1,1,3,3,13,180,2.45,3.26,1.58,High
3,7,7.3,64,60,52,64,57.9,1,6,1,6,59,0.85,2.38,0.31,Moderate
2,7,6.4,76,37,18,34,49.0,3,9,2,1,16,-1.93,-0.98,-0.43,Low
5,4,7.1,55,51,37,82,49.2,0,5,2,7,78,-0.58,-2.97,0.45,Low
5,13,7.2,60,56,98,57,53.2,5,7,3,6,34,2.94,-0.07,0.98,Moderate
5,5,6.7,76,37,23,37,48.2,3,19,3,20,22,-0.64,1.84,0.83,Moderate
4,0,7.9,80,48,63,132,38.9,2,7,1,7,41,1.15,1.41,-0.71,Low
6,1,6.6,55,30,124,89,51.3,3,4,1,8,141,2.75,-0.78,0.27,Moderate
6,1,6.3,71,19,93,76,35.0,3,13,0,16,28,1.88,-1.64,1.48,Low
10,6,7.2,65,53,125,38,46.3,4,6,4,2,77,2.39,-0.71,-0.14,Moderate
7,9,5.3,75,45,79,64,47.1,5,3,1,9,14,1.19,0.63,1.54,Moderate
11,1,7.1,67,58,65,58,54.4,4,3,1,6,6,-0.19,-2.89,0.38,Low
5,5,6.9,75,60,37,16,43.5,2,14,1,5,69,0.98,1.11,-0.19,Low
11,3,7.7,68,49,13,35,35.0,3,4,1,9,47,-1.69,-8.73,-1.0,Low
9,16,7.2,71,49,81,168,47.7,2,4,1,11,91,2.09,1.64,-1.0,Moderate
9,1,7.7,75,38,48,80,50.1,3,7,2,14,92,0.84,1.08,0.44,Low
4,4,7.1,81,46,111,22,45.6,3,11,1,18,111,2.81,-2.1,1.35,Moderate
4,3,5.9,84,47,52,180,35.0,4,11,1,15,16,-0.06,-4.03,1.39,Low
12,8,8.1,76,41,100,53,63.7,3,5,1,7,123,0.13,6.08,-0.32,High
6,4,6.3,84,34,53,69,39.4,3,1,0,20,48,0.2,-6.06,-0.48,Low
14,12,6.5,65,55,62,25,49.9,7,6,1,8,17,1.64,0.81,0.77,High
16,3,7.9,72,41,61,156,54.1,6,2,0,13,102,1.0,-1.51,-1.0,High
2,3,6.3,86,40,38,120,40.2,4,3,0,4,84,0.48,-5.42,-1.0,Low
6,6,7.4,63,24,72,53,47.3,6,2,0,5,101,0.66,-0.9,-0.91,Moderate
10,14,6.6,73,40,97,62,54.3,3,5,0,4,33,3.31,4.71,0.66,High
3,13,6.5,69,38,104,47,39.1,3,4,1,5,22,1.54,-3.16,-0.48,Low
2,7,6.5,74,25,161,30,41.9,6,8,2,9,14,5.04,-4.73,1.24,Moderate
10,5,6.0,55,47,40,152,66.8,3,1,1,5,36,1.25,4.34,2.67,High
4,8,6.6,77,38,18,97,51.9,4,11,1,18,114,-0.42,1.67,0.84,Moderate
2,7,6.3,80,67,100,16,43.8,5,13,1,8,93,1.61,2.04,2.01,Moderate
4,4,7.1,84,40,87,14,54.6,2,2,2,10,176,1.06,6.84,0.6,High
5,2,7.0,72,48,72,73,55.7,5,7,0,7,126,1.51,9.88,0.74,High
8,3,7.1,76,37,10,48,53.1,4,3,0,9,13,-2.31,6.57,0.05,Moderate
2,14,7.6,77,49,54,56,56.4,3,7,0,15,180,0.08,1.13,0.47,Moderate
3,1,7.4,62,48,10,98,40.0,7,3,0,4,13,-1.48,-3.52,-0.52,Low
6,10,6.8,66,31,139,59,44.7,2,1,0,6,58,4.19,1.25,-0.26,Moderate
7,4,6.6,73,39,128,42,46.2,4,12,1,8,18,2.56,-0.22,1.52,Moderate
8,9,6.0,89,64,18,85,43.0,2,9,2,17,180,0.72,-1.15,3.48,Moderate
3,7,6.0,70,47,29,14,41.7,5,11,0,4,140,-1.27,-3.41,1.82,Low
4,2,8.0,64,59,85,35,49.5,1,10,2,6,95,1.31,1.15,-0.66,Low
4,3,5.7,92,44,76,74,44.5,0,5,0,3,20,1.25,3.54,1.78,Moderate
0,7,8.1,66,38,25,58,37.2,3,1,0,2,25,-1.77,-6.34,-1.0,Low
2,3,5.5,77,38,129,42,42.8,4,3,3,19,27,3.15,1.53,1.24,Moderate
4,9,5.9,74,43,35,5,35.0,3,16,0,3,51,-0.41,-1.71,1.86,Low
3,4,7.5,90,46,48,180,54.6,1,2,3,2,67,0.34,2.27,-1.0,Moderate
4,4,6.1,73,45,9,50,38.8,1,1,1,6,114,-2.5,-2.49,1.23,Low
8,3,6.1,88,35,58,53,39.1,1,18,1,3,180,0.79,-0.16,3.39,Moderate
8,1,6.6,66,41,9,6,46.9,4,4,1,3,67,-1.97,-0.18,1.11,Low
8,8,6.8,93,40,132,30,36.6,2,7,1,3,120,1.61,-1.63,-0.15,Moderate
6,10,5.8,68,39,51,7,61.9,5,1,0,1,109,1.47,7.22,3.58,High
8,1,6.9,73,28,2,12,49.7,1,2,2,8,19,-1.3,1.14,0.33,Low
1,10,7.0,68,35,21,93,41.7,4,8,0,4,17,-1.26,-3.7,0.38,Low
4,7,7.1,71,43,75,48,45.2,0,2,1,3,42,0.43,-1.81,0.44,Low
5,2,8.1,70,29,180,29,46.3,4,21,2,4,132,6.0,1.0,-0.51,High
2,4,7.9,56,34,62,24,49.8,4,6,2,8,27,-1.25,-1.93,0.83,Low
10,2,7.1,75,64,46,47,40.7,2,5,0,18,40,0.9,-1.8,-0.95,Low
8,4,5.8,80,54,105,59,44.9,3,4,1,5,71,2.85,-2.49,2.16,Moderate
7,15,5.5,60,32,29,66,37.5,1,9,0,5,45,0.53,-1.17,0.95,Moderate
5,4,6.7,87,30,58,180,54.2,2,21,1,7,19,0.56,1.59,3.95,High
15,2,7.6,85,30,93,180,46.4,2,15,1,9,42,3.25,0.5,-0.28,High
6,3,5.2,78,52,30,35,51.1,3,1,1,20,76,0.23,-2.64,1.81,Moderate
12,3,6.8,75,63,98,43,56.6,4,9,1,4,15,2.55,4.11,-0.2,Moderate
1,7,6.5,67,54,14,57,37.4,7,7,1,5,43,-1.54,-1.48,-0.79,Low
7,2,7.1,89,48,160,50,51.7,5,1,1,15,40,4.16,-1.3,-1.0,High
2,4,6.2,61,48,48,55,52.8,0,6,0,6,32,-0.32,0.12,1.21,Low
2,10,5.0,90,31,21,91,53.2,2,2,1,1,154,0.38,3.51,2.3,High
12,15,6.5,72,44,45,78,49.1,5,7,1,14,86,0.63,6.34,0.13,High
4,2,5.6,82,50,101,74,40.1,3,7,1,6,15,2.04,-5.79,2.39,Moderate
12,8,5.2,71,41,53,42,40.8,0,8,1,20,85,-1.2,-2.78,3.19,Moderate
14,1,5.6,79,54,14,42,51.2,3,2,0,8,22,-1.51,2.91,2.41,Moderate
9,8,6.6,65,67,54,63,35.0,1,4,0,6,60,0.42,-8.98,0.15,Low
4,2,7.9,73,41,115,46,50.4,2,13,0,0,127,3.65,-3.53,1.35,Moderate
6,4,7.7,69,31,24,70,51.8,3,2,1,7,55,-0.3,4.45,0.22,Moderate
6,6,6.1,72,30,106,62,56.2,3,7,1,11,71,3.02,2.44,2.89,High
3,7,8.0,80,37,82,36,41.6,6,8,0,2,35,1.09,-3.86,-1.0,Low
15,10,5.2,70,50,68,152,39.2,3,8,1,16,44,0.45,-5.73,2.51,High
1,7,6.0,58,51,20,118,58.7,2,1,1,5,115,-1.48,6.32,1.93,Moderate
7,11,7.3,74,54,21,82,60.0,2,2,2,7,42,-1.17,6.27,-0.76,Moderate
5,3,7.4,55,27,159,68,52.8,4,7,0,7,59,3.5,-1.53,0.22,Low
12,6,6.0,74,60,57,24,39.9,0,16,0,5,38,0.81,-0.8,1.73,Moderate
3,1,5.9,67,30,78,180,42.5,2,4,0,6,92,1.08,-1.93,1.53,Low
4,3,8.1,82,69,96,27,58.0,3,3,1,8,53,0.89,1.92,0.15,Low
12,2,7.2,78,39,17,11,49.9,8,1,0,17,70,-0.63,-5.44,-1.0,Low
6,4,6.8,74,49,44,89,59.6,2,6,0,20,90,-0.14,6.1,1.62,Moderate
4,1,5.9,68,46,75,65,47.1,5,3,0,8,85,1.92,-0.34,0.04,Low
10,2,7.5,69,53,131,75,43.0,1,4,1,12,21,2.89,-3.47,0.2,Low
11,2,7.8,69,53,75,122,55.7,1,3,0,4,35,0.83,2.47,-0.23,Moderate
5,3,6.0,80,40,43,59,37.9,4,1,0,5,85,1.69,-7.2,0.39,Low
13,4,6.8,90,22,74,53,48.5,4,4,1,4,19,0.52,-0.46,0.1,Moderate
12,7,6.7,86,61,9,94,52.3,3,13,0,3,60,-0.94,2.07,1.53,High
9,7,6.3,67,44,101,53,56.6,4,9,0,6,104,1.46,-1.42,3.41,Moderate
13,9,7.1,71,30,15,28,49.4,4,11,1,8,79,-2.5,2.69,1.13,High
5,10,6.7,72,33,48,37,58.0,2,5,0,10,82,-0.41,5.96,1.52,Moderate
16,7,5.8,64,42,14,76,47.8,2,10,0,10,27,0.12,-2.21,1.91,Moderate
12,3,6.3,82,35,40,98,57.7,1,3,1,7,52,-0.34,3.15,1.46,Moderate
4,9,6.8,68,63,59,43,59.1,2,4,1,9,6,1.39,9.74,2.22,High
4,5,7.1,68,54,156,100,49.7,1,2,1,7,30,4.39,-3.41,-0.39,Moderate
10,6,6.9,79,37,40,81,53.7,3,4,0,2,44,0.33,-2.01,0.05,Moderate
5,9,6.4,65,62,23,15,43.4,3,6,0,10,30,-1.27,-2.38,0.01,Low
5,1,6.6,80,64,41,180,35.0,3,13,2,20,63,-0.91,-7.28,2.43,Low
9,9,8.1,83,26,107,41,48.9,1,1,2,11,116,1.62,0.73,-0.61,Moderate
5,2,6.9,60,25,26,41,49.8,3,13,1,1,63,-1.8,2.89,0.61,Low
1,1,6.2,55,52,101,134,56.6,4,6,2,13,90,2.47,4.66,1.47,Moderate
8,4,5.6,66,47,23,102,37.6,5,5,0,1,7,0.45,-4.22,1.12,Low
7,2,7.6,81,45,27,39,36.8,6,5,0,3,32,-0.32,-8.63,-1.0,Low
7,6,7.3,73,44,53,165,48.0,0,5,0,7,59,0.06,-2.96,1.94,Moderate
10,2,7.0,84,38,55,46,48.6,3,3,0,5,19,-1.14,0.26,0.56,Low
4,2,7.1,68,34,60,35,47.1,4,12,0,14,43,0.07,0.9,0.41,Low
3,7,6.6,77,22,44,13,45.7,3,2,1,19,29,-0.42,-1.4,0.66,Low
9,1,8.1,86,50,132,159,40.1,4,16,0,6,142,3.66,1.35,-1.0,High
11,5,8.0,61,72,45,24,35.1,7,9,1,9,51,-0.03,-6.28,-1.0,Moderate
11,5,6.9,63,57,30,25,46.0,1,3,1,7,27,-0.88,0.6,0.09,Low
4,7,4.2,80,60,24,8,49.2,4,8,1,4,95,-0.66,0.44,4.14,Moderate
8,13,6.8,83,51,46,64,48.7,2,5,2,5,75,0.3,-0.75,1.04,Moderate
4,8,7.0,72,36,45,35,39.1,2,10,1,15,48,-1.91,-2.6,-0.37,Low
5,3,7.4,74,43,172,73,53.3,6,21,1,3,40,6.0,5.32,1.94,High
3,2,7.4,84,30,60,103,47.7,1,7,1,20,180,1.34,2.49,-0.42,Moderate
5,3,6.3,75,43,51,78,59.2,4,3,0,6,120,1.06,3.86,3.07,Moderate
9,20,7.5,76,40,92,60,45.3,1,9,1,7,30,0.79,-1.0,-0.07,Moderate
3,10,7.4,77,57,41,82,50.3,4,21,3,4,47,-0.69,0.89,1.85,Moderate
7,5,6.9,65,45,85,36,45.9,4,8,1,11,74,1.48,-4.18,1.14,Moderate
8,1,9.0,95,72,70,45,46.6,2,6,1,3,135,0.75,-2.75,-1.0,Low
5,2,6.0,64,39,120,87,47.8,4,9,1,2,69,3.37,-4.18,2.87,Moderate
7,3,6.1,86,34,38,46,58.5,2,12,1,14,123,-0.18,10.0,1.93,High
5,2,6.4,83,48,85,135,54.1,3,10,1,6,110,2.37,6.85,0.75,High
3,15,5.9,83,42,49,45,44.4,6,4,0,10,76,-1.16,-3.57,1.25,Low
5,6,8.0,80,32,7,102,49.0,3,21,1,4,16,-2.5,-1.22,1.46,Moderate
11,4,6.8,78,35,66,151,48.1,5,7,0,9,45,0.93,0.28,1.08,Moderate
7,12,7.2,87,53,16,152,51.1,0,12,1,18,114,-1.25,1.47,1.77,Moderate
4,14,6.1,77,56,24,74,49.7,2,8,0,4,66,-1.02,1.91,1.65,Moderate
5,7,7.8,62,49,158,74,39.5,4,3,0,2,17,5.07,-2.57,-1.0,Moderate
13,6,5.9,68,41,32,39,48.2,4,4,0,6,95,-0.28,-3.54,1.35,Moderate
8,2,7.2,87,40,30,35,51.3,1,2,0,3,180,-0.92,-0.28,1.19,Low
2,3,7.5,69,26,52,180,54.2,4,2,0,8,120,-0.3,1.55,-1.0,Moderate
18,6,6.9,63,69,53,83,55.7,2,14,0,1,10,0.1,8.96,2.36,High
1,2,5.2,86,63,75,25,47.6,5,3,0,6,57,2.55,-2.36,1.68,Low
1,7,7.5,68,39,100,57,48.8,6,21,4,2,147,2.98,4.15,1.08,High
2,1,6.4,76,27,109,105,41.1,1,10,1,11,115,1.77,-3.33,0.95,Moderate
9,5,6.0,79,48,27,57,38.0,4,10,1,20,22,-0.19,0.02,1.03,Low
3,4,7.0,80,63,32,23,43.1,6,4,1,13,35,0.3,-3.49,-1.0,Low
6,8,7.4,61,58,54,33,50.5,1,1,0,5,83,-1.23,0.92,0.04,Low
3,4,7.5,88,47,60,50,45.3,1,5,2,5,16,0.8,0.41,0.26,Low
4,4,7.8,75,33,33,48,42.4,4,5,1,1,158,-0.86,-1.68,0.25,Low
3,1,8.2,55,42,61,42,51.5,3,6,0,7,78,0.05,1.76,0.16,Low
7,11,7.8,75,50,11,26,46.8,0,3,1,1,10,-2.25,0.25,-1.0,Low
12,5,6.6,83,56,25,24,44.3,1,6,0,7,79,0.02,-4.3,0.04,Low
3,11,6.8,71,52,42,96,35.0,4,8,1,1,152,-0.09,-8.96,-1.0,Low
3,3,6.7,73,56,38,129,35.0,4,7,0,5,65,-1.29,-3.22,0.21,Low
14,5,6.9,71,59,43,96,48.3,4,3,0,1,3,-0.81,-2.71,-1.0,Low
4,2,6.7,78,54,43,57,47.1,2,9,0,20,20,-1.12,-4.17,1.68,Low
6,2,6.8,87,70,33,24,49.3,4,13,1,8,85,1.78,3.24,2.33,Moderate
6,7,7.2,85,45,36,32,51.5,3,2,1,11,92,-1.38,-0.6,0.74,Moderate
10,3,8.0,69,38,27,120,40.3,6,5,2,4,111,-0.64,-3.26,-1.0,Moderate
5,8,6.9,74,30,44,52,47.2,1,1,0,9,123,-0.64,1.79,0.79,Moderate
11,21,6.2,88,52,122,34,48.3,2,2,0,14,133,2.97,0.22,1.04,High
4,5,6.6,72,52,77,70,42.9,5,0,1,2,70,0.22,-2.35,1.24,Low
7,3,7.4,79,15,48,163,45.1,4,4,0,20,18,0.97,-1.43,-0.73,Low
5,4,6.7,78,40,14,98,45.1,3,2,0,3,33,-1.35,-7.78,0.42,Low
8,6,8.1,80,43,31,41,65.6,0,12,0,1,65,1.04,8.46,1.44,High
12,2,6.1,75,65,9,67,50.7,3,4,1,4,42,-1.53,-3.7,1.12,Moderate
6,4,6.3,62,62,19,145,40.1,1,13,1,5,103,-1.38,-1.93,2.29,Low
2,8,7.1,75,38,10,117,61.8,2,4,0,0,29,-1.52,4.33,0.95,Moderate
4,4,6.2,67,38,180,34,55.3,0,5,0,2,102,4.28,6.1,1.94,Moderate
4,9,6.8,80,66,50,67,49.0,4,1,2,4,47,0.83,0.06,-0.21,Low
3,10,8.7,84,24,11,30,44.4,4,13,4,2,70,-1.4,-1.6,-0.75,Moderate
9,11,7.5,83,38,67,87,40.7,5,5,3,5,98,1.12,-4.13,-1.0,High
3,2,6.7,69,34,23,82,49.8,4,4,1,6,87,-0.32,3.59,0.97,Low
5,7,8.4,62,57,145,31,60.3,5,11,0,17,32,3.71,2.36,-0.88,High
7,5,7.1,72,47,27,73,56.8,3,14,2,11,78,-0.95,7.21,0.82,High
8,10,6.9,88,36,34,33,61.5,2,2,0,12,31,-1.39,6.48,1.26,High
3,1,7.0,81,47,26,87,57.7,3,5,0,5,28,-1.69,-0.18,1.26,Low
1,2,7.5,76,55,27,40,45.1,2,6,1,18,63,-0.51,0.33,0.48,Low
8,3,5.9,84,37,31,65,52.4,2,7,1,9,180,0.11,-0.23,2.63,Moderate
3,2,7.8,77,35,43,17,38.1,5,2,0,4,43,0.31,-4.95,-1.0,Low
3,5,8.1,78,51,6,180,51.3,2,1,1,12,57,-1.34,4.88,-1.0,Low
6,14,5.2,77,50,75,28,39.1,3,4,1,4,20,1.11,-6.16,1.68,Moderate
4,1,7.1,80,43,93,94,37.5,2,5,1,13,16,0.97,-1.75,0.24,Low
6,3,6.8,75,20,66,17,52.9,6,1,0,1,73,2.03,3.56,0.03,Moderate
7,10,7.5,80,33,123,36,45.7,3,7,1,8,51,2.49,1.09,-1.0,Moderate
7,4,7.9,59,42,61,65,52.9,2,11,0,3,28,0.46,4.94,-1.0,Moderate
2,10,6.2,66,51,180,115,52.5,3,5,0,20,25,6.0,-0.82,1.96,High
8,8,7.3,95,20,7,17,37.3,3,8,4,14,25,-1.11,-1.11,-0.79,Moderate
9,6,7.0,70,52,34,59,59.8,5,10,1,20,54,-0.03,8.18,0.83,Moderate
14,4,6.6,62,59,137,50,45.3,2,2,0,13,52,2.51,-0.42,-0.88,Moderate
7,5,8.2,85,31,31,72,46.3,1,18,0,6,17,-0.96,2.05,0.28,Moderate
5,15,8.1,70,47,46,180,39.6,3,16,1,12,54,-0.67,-4.29,0.25,Moderate
9,8,6.0,78,39,94,87,35.0,1,5,0,13,48,2.31,-6.4,-0.79,Moderate
5,1,6.9,67,23,130,51,35.0,4,13,2,10,25,3.67,-2.9,-0.25,Moderate
8,16,7.7,84,41,110,19,48.2,3,6,0,5,93,3.65,-2.29,-0.58,Moderate
2,0,5.4,64,53,25,149,51.4,0,5,0,7,30,-2.5,-0.8,3.2,Low
3,5,7.1,76,51,19,74,48.5,6,18,1,9,43,-0.5,4.77,2.2,Moderate
5,3,7.2,71,35,92,128,51.9,2,7,0,18,53,1.0,-1.61,0.66,Moderate
8,4,9.0,55,42,33,13,48.8,1,9,0,7,44,-0.82,-6.1,-1.0,Low
3,8,7.8,71,38,100,180,46.7,6,10,1,3,43,2.12,-2.82,0.74,Moderate
10,10,7.7,67,56,31,34,48.2,3,3,1,2,58,-0.34,-0.6,-0.17,Moderate
7,5,6.9,76,39,53,48,41.9,3,5,3,5,22,0.62,1.68,0.57,Low
2,4,5.9,88,44,80,58,52.1,4,3,0,17,86,0.84,-3.82,2.03,Moderate
9,5,8.1,57,47,40,28,59.7,4,17,1,7,5,-0.61,3.85,0.08,Moderate
11,4,7.2,77,38,14,26,51.4,1,9,0,13,45,-0.82,5.2,-1.0,Moderate
6,7,8.0,69,46,180,46,52.4,6,13,1,9,180,5.35,1.69,-1.0,High
8,5,6.1,76,67,26,139,45.2,0,5,2,6,65,-0.01,0.69,0.84,Low
13,8,7.4,78,24,9,112,39.3,6,2,0,2,27,-2.5,-5.17,-1.0,Moderate
4,4,6.8,65,28,68,149,49.8,4,9,2,13,106,0.97,-1.55,0.88,Moderate
3,5,7.5,72,38,69,78,56.2,3,6,0,6,136,0.12,5.4,-1.0,Moderate
3,12,6.3,82,44,13,46,50.7,3,10,0,12,12,-2.35,2.25,1.23,Moderate
6,4,8.5,73,40,70,156,57.1,2,6,0,16,2,1.24,1.05,0.02,High
8,11,7.2,81,51,137,16,45.2,2,7,1,11,56,3.65,-2.02,-0.62,Moderate
2,1,7.9,74,41,63,149,42.3,3,1,0,8,85,0.86,-0.15,-1.0,Low
6,16,5.8,78,39,84,22,46.7,5,4,4,3,127,0.18,-3.73,1.18,Moderate
10,6,6.8,83,59,11,79,46.9,2,4,0,4,72,-0.72,0.11,0.88,Low
1,2,5.9,79,57,61,12,46.2,0,9,0,12,25,-0.02,-2.16,1.83,Low
4,4,6.2,83,52,78,39,58.1,2,2,1,4,41,0.66,4.79,1.0,Moderate
4,3,7.2,69,48,37,86,53.4,2,5,1,8,21,0.09,4.85,0.17,Low
5,2,7.1,87,60,80,23,51.0,1,3,0,9,144,1.89,0.69,0.21,Moderate
12,10,6.1,85,46,65,69,50.8,3,16,0,4,124,1.05,3.23,2.82,High
14,7,6.7,84,32,108,31,46.7,8,7,2,12,66,3.01,-3.96,1.06,Moderate
18,2,8.3,73,37,12,115,43.4,1,4,2,5,11,-1.18,-1.72,-0.78,Moderate
5,4,6.5,81,47,34,65,51.2,4,17,1,13,76,-0.45,3.4,2.87,Moderate
13,2,7.9,90,54,43,97,49.8,7,21,2,4,128,-0.13,1.74,1.28,High
10,11,6.7,83,41,9,15,52.9,4,6,2,9,82,-1.03,0.71,1.99,Moderate
1,12,7.2,73,39,24,40,51.7,4,10,2,20,17,-0.02,6.78,0.51,Moderate
7,2,6.5,68,44,72,43,49.2,2,10,2,18,38,2.01,1.97,0.87,Moderate
17,8,6.2,59,37,180,47,40.2,5,7,1,4,180,5.03,-0.99,2.21,High
4,9,6.7,63,38,75,60,54.0,2,4,1,7,156,0.72,3.88,0.22,Moderate
8,4,8.0,79,57,32,180,57.7,4,5,0,5,101,-1.31,7.26,-0.44,Moderate
24,3,5.4,85,67,51,4,36.0,2,3,0,13,35,0.18,-3.55,-0.08,High
12,3,7.6,81,44,57,23,62.9,3,11,1,9,25,0.47,9.74,1.98,High
3,3,7.0,78,38,93,12,42.9,3,6,1,9,24,1.78,0.12,-0.3,Low
3,4,6.9,79,43,63,69,36.6,6,2,3,5,80,1.24,-3.51,-0.45,Low
10,3,6.4,57,52,47,9,57.0,1,6,0,2,6,-0.65,3.9,0.46,Low
11,4,6.9,69,40,42,180,62.9,1,4,1,6,43,-0.36,9.03,1.65,High
7,7,7.8,87,21,168,98,52.3,4,9,1,12,29,5.45,1.27,-0.84,High
4,8,7.1,86,46,54,180,57.7,0,7,1,6,44,0.7,8.76,1.6,High
10,10,6.2,79,35,80,102,39.9,6,2,1,2,94,2.13,-3.99,0.37,Moderate
9,4,6.7,71,33,117,41,49.6,3,7,0,7,31,3.08,2.52,0.67,Moderate
4,5,7.2,78,48,34,35,37.0,5,15,1,6,153,-1.22,-2.89,1.14,Low
10,3,7.5,66,44,50,71,62.5,3,2,0,6,46,0.35,10.0,0.07,Moderate
11,2,7.4,63,41,180,14,50.8,2,8,3,3,53,6.0,2.76,0.06,High
4,9,7.6,74,54,70,142,40.6,2,12,0,9,73,1.01,0.68,0.31,Moderate
6,2,6.6,85,28,159,155,56.6,3,1,0,2,60,4.57,0.97,-0.58,Moderate
7,4,7.4,55,51,105,71,45.1,4,9,0,5,17,3.98,-0.1,-1.0,Low
8,4,7.4,66,63,33,67,50.2,1,21,1,18,154,-1.76,3.47,4.32,High
3,5,6.3,72,47,180,56,63.5,2,21,2,14,48,6.0,7.54,4.15,High
12,5,7.8,83,52,156,82,43.1,3,4,1,3,37,4.38,-3.12,-1.0,Moderate
2,21,6.8,80,44,17,31,55.8,4,1,1,10,102,-1.27,3.39,0.23,Moderate
1,6,6.6,80,42,61,66,66.0,6,17,1,3,43,-0.55,10.0,3.31,High
4,5,7.7,59,39,59,60,39.9,4,4,0,3,57,0.41,-1.83,-1.0,Low
9,2,6.4,77,44,152,62,47.3,1,17,4,3,120,4.72,0.68,2.7,High
6,4,6.2,66,51,48,5,39.1,3,4,1,9,88,-0.21,-8.46,1.09,Low
8,8,7.0,55,55,101,78,51.4,2,8,0,13,9,2.27,3.28,0.04,Moderate
7,7,5.3,78,59,20,95,47.2,3,21,0,17,53,-0.4,4.44,3.8,High
1,6,6.7,78,43,60,52,47.5,5,9,1,6,43,-1.09,-2.71,1.3,Low
4,19,6.7,71,48,77,117,49.4,4,21,2,9,134,1.36,-1.43,2.62,High
2,2,6.8,67,35,53,24,58.8,6,6,1,16,88,0.66,9.93,-0.19,Moderate
6,2,7.5,81,51,127,55,59.7,4,5,0,7,72,2.98,4.81,0.36,Moderate
9,7,5.3,89,25,38,109,55.8,6,4,0,11,86,-1.73,0.09,2.12,High
16,1,7.5,75,30,17,64,51.3,2,21,0,9,72,-2.5,4.15,1.83,Moderate
3,3,6.2,64,26,81,75,45.7,4,4,1,4,20,0.62,-2.22,2.05,Low
5,5,6.6,72,24,26,50,35.0,4,10,3,7,50,-2.5,-4.58,0.05,Low
9,18,7.6,75,30,129,58,56.7,5,4,0,10,17,3.76,4.95,-1.0,High
5,15,5.8,83,54,14,67,35.0,6,5,0,8,113,-0.89,-8.04,-0.04,Moderate
10,8,7.6,70,74,28,59,65.6,2,5,2,4,77,-1.3,9.16,1.05,Moderate
1,7,5.5,81,49,67,74,66.0,2,7,0,17,121,0.28,5.05,3.25,High
4,18,8.3,64,60,30,52,37.6,3,8,1,4,4,-0.45,-3.32,-1.0,Moderate
1,4,7.8,88,43,92,64,44.0,4,7,0,10,66,1.66,-1.47,-0.29,Low
12,2,6.0,60,28,180,48,57.7,1,11,0,8,170,5.75,8.08,3.58,High
1,5,6.3,60,64,17,83,38.3,1,6,1,3,49,-0.22,-7.57,1.01,Low
4,2,7.9,79,34,35,24,53.3,6,3,2,16,26,1.11,1.58,-0.26,Moderate
2,4,8.2,79,51,59,37,48.3,3,5,1,5,135,0.75,-3.11,-1.0,Low
6,5,7.0,68,16,41,63,55.4,0,6,0,7,44,-0.44,7.57,0.12,Moderate
4,6,8.7,77,32,5,126,50.6,3,17,1,2,15,-0.27,1.2,0.27,Moderate
7,2,6.3,91,46,62,154,49.4,2,2,2,6,42,-2.04,-0.27,0.13,Low
6,3,7.8,69,38,33,78,42.4,4,2,0,6,179,-1.68,-4.99,-1.0,Low
6,20,6.3,67,33,83,22,60.3,8,6,0,3,139,1.18,5.66,3.16,High
15,4,7.1,78,33,34,68,35.0,2,1,0,4,27,-2.32,-10.0,-1.0,Low
12,6,6.3,66,40,67,180,55.8,4,17,2,6,22,1.01,4.87,3.86,High
6,11,6.2,69,27,89,171,39.8,4,2,2,8,56,1.57,-5.93,0.77,High
12,3,7.3,69,50,57,90,53.7,5,3,0,3,41,-0.34,2.6,0.34,Moderate
3,1,7.0,77,50,33,12,35.0,4,18,0,18,102,0.14,-6.61,0.48,Low
4,4,8.0,72,69,71,152,58.7,2,11,0,10,15,0.37,9.08,1.77,High
1,4,5.9,77,66,4,23,39.6,4,3,1,14,118,-1.81,-5.61,1.34,Low
16,14,6.0,56,20,44,52,46.6,6,5,1,16,161,-1.09,2.75,2.38,High
18,5,5.8,80,55,175,162,44.2,5,9,2,10,84,4.39,-1.3,1.53,High
3,5,7.1,76,57,92,170,56.7,4,2,1,4,180,2.59,9.46,0.57,High
7,16,7.5,71,52,36,19,37.9,2,4,1,1,148,1.36,-6.45,-0.32,Moderate
11,9,6.4,75,52,28,40,54.2,1,11,0,20,87,-0.84,1.84,2.95,Moderate
8,4,6.1,65,36,84,104,41.6,3,4,0,7,91,1.97,-1.41,2.74,Moderate
5,9,6.4,73,44,48,95,41.5,4,7,1,5,152,-0.81,-6.56,0.64,Moderate
19,2,4.9,84,40,137,115,47.5,2,6,1,8,41,2.76,2.36,2.69,High
8,5,8.0,85,52,57,62,47.4,5,8,1,5,17,0.28,-4.0,-1.0,Low
6,4,6.9,85,67,1,28,35.5,4,13,0,9,20,-2.33,-10.0,1.22,Low
2,4,7.0,78,15,57,86,44.9,2,6,0,17,58,-0.24,-0.52,-0.04,Low
6,14,7.1,79,36,12,62,56.2,0,11,2,15,94,-1.48,7.34,2.62,Moderate
14,11,6.2,74,62,21,169,47.4,1,17,1,6,46,0.18,3.61,2.43,High
10,5,7.0,80,37,93,67,50.5,4,15,0,2,95,2.71,-0.23,0.17,Moderate
8,13,6.2,69,24,26,54,40.6,3,15,0,10,50,-0.87,0.47,2.37,High
10,5,6.5,92,24,71,32,45.1,1,1,0,15,37,-0.76,0.74,-1.0,Moderate
3,2,5.8,67,40,25,56,43.0,3,2,4,3,88,-0.85,-6.75,0.9,Low
4,3,7.5,58,51,60,13,48.7,2,8,1,1,11,1.24,5.52,0.33,Low
4,3,7.2,63,29,65,125,35.0,1,4,2,4,53,1.72,-4.91,-1.0,Low
12,12,6.1,65,12,73,136,53.4,1,4,0,19,89,0.6,-0.45,1.31,High
7,3,4.2,84,41,102,81,50.5,4,4,0,7,86,1.8,1.22,4.48,High
4,9,5.8,83,31,180,40,46.3,4,6,0,4,83,4.61,-5.06,1.41,Moderate
8,21,7.7,81,57,81,36,61.9,3,9,0,9,103,2.0,7.76,1.02,High
10,12,7.7,74,35,154,106,59.6,3,9,1,6,20,3.66,7.17,0.98,High
13,2,6.8,56,25,42,98,44.2,2,2,0,17,154,-0.39,-5.04,0.29,Moderate
5,4,8.3,64,55,7,65,52.6,1,15,4,14,58,-1.17,4.38,-1.0,Low
10,3,6.1,77,38,35,95,39.8,4,10,0,2,46,-0.87,-6.17,4.05,Moderate
6,4,6.6,61,43,123,127,35.0,3,10,0,7,125,3.55,-5.47,1.19,Moderate
3,21,5.6,70,28,47,39,55.2,7,4,1,5,38,0.74,1.4,2.45,High
3,6,5.4,83,64,86,50,66.5,2,4,0,10,92,2.11,9.28,3.55,High
20,15,8.0,71,31,50,89,43.0,1,7,1,16,106,0.55,-4.13,-1.0,Moderate
6,8,6.2,70,25,96,9,44.8,4,12,0,8,82,1.53,-0.8,3.04,Moderate
3,13,7.0,68,48,96,138,49.6,3,13,1,8,6,1.77,0.15,2.61,Moderate
5,10,6.9,68,38,52,180,44.6,1,5,2,12,113,1.46,-0.65,-0.57,Moderate
13,8,7.2,78,47,59,85,41.4,3,7,2,5,59,0.25,-6.18,-0.86,Moderate
7,5,6.3,59,34,20,36,46.8,1,13,1,16,45,-0.8,2.25,1.89,Moderate
3,2,5.5,67,48,170,11,51.4,1,1,0,10,31,4.53,0.81,1.91,Moderate
4,8,5.7,62,48,49,92,52.7,4,21,0,3,15,1.01,5.59,2.56,Moderate
9,11,7.0,80,49,13,37,49.4,2,7,3,12,36,-0.25,2.59,2.45,Moderate
8,5,6.8,83,43,88,148,53.1,3,6,1,10,43,1.02,1.52,1.29,Moderate
5,4,6.5,80,46,37,98,43.7,2,6,1,9,79,-0.52,-7.46,-0.55,Low
8,8,6.4,76,26,124,27,50.9,2,4,4,5,95,1.79,2.56,1.21,High
4,8,8.7,85,56,11,64,47.6,4,16,1,8,39,-1.06,-3.07,-0.09,Low
10,8,7.5,74,47,31,180,55.2,3,5,0,20,29,-0.58,-3.14,-0.66,Moderate
9,2,6.7,71,42,49,116,35.6,2,6,0,20,67,-0.91,-8.73,0.45,Low
2,3,7.8,56,49,4,122,42.1,4,5,0,13,166,0.23,-6.34,0.19,Low
2,4,5.7,69,58,180,20,43.9,0,3,0,7,129,5.7,-5.64,0.89,Moderate
4,4,6.0,77,35,32,76,35.9,3,8,1,12,138,-0.43,-5.99,0.92,Low
9,4,8.0,64,57,40,92,49.0,1,9,1,13,126,-0.21,-0.5,-0.31,Moderate
5,5,5.8,67,66,44,13,36.0,5,1,0,8,8,0.15,-6.26,-0.86,Low
4,4,6.7,65,35,180,55,49.8,2,5,0,5,47,5.89,1.39,-0.02,Moderate
13,1,7.4,83,44,114,29,44.2,1,4,0,5,36,3.36,-3.87,1.01,Low
4,1,6.6,80,52,52,36,47.6,1,3,4,5,180,-0.04,-1.41,0.19,Low
5,5,7.6,75,33,57,50,44.2,4,5,1,4,46,0.15,-2.9,0.64,Low
13,16,7.3,73,66,42,26,36.3,2,5,1,17,45,0.5,-4.39,-0.67,Moderate
4,9,6.6,70,38,101,102,66.6,4,10,3,9,178,1.25,10.0,2.25,High
14,1,6.2,71,37,146,73,52.9,5,13,3,3,158,5.28,1.8,3.31,High
4,1,5.8,55,56,98,96,49.6,4,7,0,19,53,2.38,-0.8,2.01,Moderate
2,6,7.0,81,32,92,57,47.2,3,19,1,3,48,2.92,1.96,0.88,Moderate
9,15,6.1,72,51,58,88,52.1,3,5,1,6,57,1.02,3.86,1.62,High
6,2,8.9,74,51,31,42,43.8,3,6,0,6,94,-0.61,-6.17,-1.0,Low
18,3,7.4,67,50,180,58,56.8,6,6,1,12,107,5.08,3.09,-0.83,High
3,7,5.0,55,48,51,44,51.8,1,5,1,17,86,0.65,2.22,1.99,Moderate
3,2,7.5,74,58,20,81,49.9,1,8,1,9,18,-1.39,-1.25,-0.38,Low
7,2,7.4,77,34,17,108,45.9,5,1,1,16,128,-1.17,-3.02,-1.0,Moderate
26,4,7.3,64,34,91,180,44.3,4,1,0,10,150,2.21,-4.3,-1.0,High
4,9,7.1,73,42,17,147,39.7,2,7,1,12,21,0.36,-6.31,0.08,Low
4,1,6.7,73,59,7,67,44.2,4,4,1,2,42,-1.78,-3.37,1.63,Low
6,10,8.8,86,40,124,39,52.3,0,18,0,20,50,2.41,2.17,-1.0,Moderate
4,2,6.4,69,49,94,45,43.3,2,6,0,9,38,2.17,-0.46,1.45,Low
21,2,6.1,80,49,12,140,45.2,1,3,2,7,109,-0.96,-0.46,0.86,Moderate
2,8,8.0,65,53,26,37,53.7,3,2,3,0,88,-0.54,1.67,-0.03,Low
3,3,6.6,79,31,5,54,50.1,2,3,0,2,57,-2.25,4.07,1.2,Low
9,5,5.7,66,50,86,60,44.6,4,6,1,7,9,1.56,-3.22,1.53,Low
18,7,7.0,73,24,20,97,47.3,1,4,1,2,128,-1.39,1.52,0.14,Moderate
1,4,8.3,68,61,168,34,44.8,4,19,2,7,120,4.39,-4.17,-0.56,Moderate
5,11,7.5,71,28,59,180,41.4,4,9,0,1,180,-0.28,-6.22,0.65,Moderate
6,7,6.3,58,24,107,102,46.2,8,3,0,5,4,3.08,-0.39,-1.0,Moderate
1,4,5.7,70,63,34,50,46.5,2,2,2,4,21,0.74,-2.12,2.28,Low
5,6,6.3,75,26,83,79,49.8,7,14,0,5,180,1.51,4.15,2.23,High
6,5,7.6,95,38,70,115,39.9,6,4,0,2,74,0.18,-5.28,-0.17,Moderate
16,0,6.0,77,67,68,51,46.4,1,5,0,3,45,0.65,-1.1,0.87,Moderate
1,7,5.7,66,48,33,39,42.0,2,5,2,9,73,-0.53,-4.94,1.51,Low
10,3,4.4,70,57,15,56,38.5,3,11,1,3,118,-1.41,1.61,3.32,Moderate
11,0,6.7,58,28,27,61,54.4,4,3,0,9,48,-0.66,4.31,0.21,Moderate
6,2,6.2,66,60,19,47,40.1,2,12,1,3,8,-0.58,-2.66,1.54,Low
6,1,8.9,83,37,129,116,44.3,5,9,0,20,59,2.21,-2.21,-1.0,Moderate
7,11,7.1,66,59,138,104,52.3,3,2,1,20,52,3.35,-1.79,-0.62,High
7,2,7.0,75,42,171,71,42.7,5,6,0,13,48,6.0,-0.03,0.02,Moderate
2,7,5.9,58,52,43,73,44.0,1,3,1,20,77,0.31,-8.17,2.49,Moderate
3,3,6.9,68,60,54,155,53.4,4,4,1,11,52,0.85,-1.23,0.02,Moderate
6,5,6.2,61,42,85,57,46.0,2,4,1,18,73,1.09,-3.25,1.67,Moderate
1,7,6.8,75,50,132,84,42.3,0,9,1,20,111,4.21,-1.72,-0.13,Moderate
8,11,7.2,78,57,13,14,53.2,7,4,0,8,152,-1.61,1.94,0.99,Moderate
14,11,6.5,59,33,50,67,59.1,4,11,0,2,50,-0.54,4.61,2.01,High
13,10,6.4,84,19,11,53,43.9,1,3,0,10,82,-1.71,-7.03,-0.18,Moderate
7,5,7.0,68,25,57,54,42.5,6,9,2,4,62,1.84,-2.37,1.37,Moderate
10,6,6.0,86,41,62,63,59.6,4,15,0,2,24,0.8,3.01,4.26,High
5,12,6.4,64,49,9,56,51.2,9,2,3,4,43,-0.27,6.15,0.88,Moderate
15,8,7.8,58,20,104,46,62.6,4,7,0,4,73,1.65,7.66,0.19,High
7,2,8.1,71,41,55,27,49.5,4,6,2,1,180,0.15,5.47,-1.0,Moderate
2,3,7.1,68,38,71,78,53.9,5,7,1,7,114,1.58,2.24,0.7,Low
7,9,5.9,60,44,135,71,52.0,3,8,0,18,95,5.01,4.19,1.38,High
2,9,5.8,78,44,59,137,54.1,3,3,2,5,180,-0.49,4.81,2.29,High
14,2,6.9,66,33,18,38,41.3,1,8,0,12,56,-1.8,-1.54,0.32,Low
7,5,8.8,79,34,85,53,44.2,5,13,1,19,113,1.34,-2.47,-1.0,Moderate
7,4,8.0,78,58,180,43,46.2,3,6,0,4,14,5.24,2.69,-1.0,Low
6,7,6.6,68,12,18,31,54.1,6,2,1,10,43,-1.42,-1.72,0.58,Moderate
13,6,5.3,76,49,63,20,54.9,3,21,3,13,62,0.99,9.63,4.95,High
14,2,7.4,85,47,43,122,43.1,2,14,2,3,105,-0.68,-3.42,0.5,Low
3,2,6.5,74,45,39,44,49.8,2,3,1,3,95,-1.85,2.51,2.74,Low
4,4,8.4,76,62,13,49,60.7,0,2,0,12,81,-1.87,0.72,-1.0,Low
20,9,7.2,72,57,22,119,44.3,5,10,2,20,45,-0.53,-0.76,-0.8,Moderate
11,18,5.7,75,29,61,32,46.7,1,1,3,7,180,-0.13,-3.21,2.27,High
3,6,5.0,78,37,14,31,52.6,1,9,0,6,82,-0.89,3.88,2.53,Low
10,7,5.9,78,31,180,128,45.4,3,8,1,7,30,5.81,-1.28,2.11,High
4,6,8.1,71,23,69,47,55.1,5,4,1,4,63,0.98,3.78,-1.0,Moderate
10,5,6.1,67,56,133,15,40.7,3,3,2,11,54,3.75,-4.67,1.87,Moderate
5,7,5.0,77,34,86,180,45.6,7,10,0,1,23,2.72,2.62,1.83,High
1,7,6.6,63,46,129,43,61.1,3,4,1,4,76,3.33,7.81,0.5,High
8,4,7.5,84,44,78,83,51.5,4,4,2,7,95,1.73,0.24,-0.03,Moderate
14,16,6.6,66,55,35,58,37.9,3,8,0,15,144,-1.11,-3.92,0.04,Moderate
4,7,5.1,73,41,51,75,64.3,4,2,0,4,20,1.35,10.0,3.52,High
2,5,6.0,98,59,13,113,69.5,4,5,1,0,41,-1.52,10.0,3.1,High
3,1,7.6,88,40,52,61,51.5,2,7,1,1,83,0.71,-2.65,-0.61,Low
9,4,7.3,83,29,27,23,44.5,3,12,2,7,47,-1.56,-2.32,-1.0,Low
6,12,6.0,77,50,41,135,52.5,2,7,2,15,16,0.6,4.94,2.25,High
11,9,6.9,84,40,65,64,47.9,2,14,2,12,130,1.17,4.35,1.54,High
6,0,7.1,69,47,30,27,53.6,3,4,0,16,48,-0.61,2.26,-0.45,Moderate
3,1,6.8,67,41,84,90,46.1,6,2,1,3,21,1.58,-3.63,-1.0,Low
2,1,7.0,65,42,38,97,61.3,6,14,1,4,59,-1.0,10.0,2.2,High
8,6,6.6,65,38,63,85,44.4,4,9,1,5,52,0.12,1.69,1.37,Moderate
5,21,6.9,74,53,164,94,36.8,4,4,0,16,36,5.81,-3.91,-0.81,High
1,5,5.6,73,50,19,35,54.6,2,10,0,11,92,-0.05,0.46,2.18,Low
11,6,8.3,70,51,115,63,59.3,1,10,0,9,42,2.86,8.7,-0.65,High
5,2,5.7,79,56,93,115,39.0,1,5,1,13,100,1.82,-4.5,1.72,Low
2,4,7.0,63,39,50,32,51.1,4,6,0,7,50,-0.94,-4.44,-0.91,Low
14,11,5.8,72,57,53,64,45.4,2,3,1,5,35,-1.32,-1.11,0.84,Moderate
11,3,8.0,75,31,91,44,70.0,3,8,2,5,14,1.95,8.55,0.98,High
2,5,7.7,83,41,175,25,43.0,5,1,0,8,49,4.88,-2.75,-1.0,Moderate
8,5,6.0,67,22,114,24,60.3,2,4,1,6,113,2.68,3.11,1.14,High
3,4,8.1,71,26,112,36,47.0,4,5,1,10,122,0.94,-1.58,-0.82,Low
17,5,5.6,75,40,38,92,43.2,3,9,0,1,180,-0.2,-2.77,2.38,High
8,4,6.8,75,30,30,3,48.3,7,8,2,11,69,-1.27,1.7,0.79,Moderate
9,4,7.3,84,51,94,59,44.4,6,5,2,5,67,1.2,-1.82,0.7,Moderate
11,1,8.1,68,32,68,34,45.4,1,8,1,20,123,-0.23,3.19,-0.65,Moderate
11,2,8.2,87,27,88,80,40.6,1,10,1,8,19,1.77,-2.55,-1.0,Moderate
2,4,7.4,81,39,180,89,44.5,3,3,2,7,48,5.99,-5.2,-0.56,Low
8,3,7.4,78,29,44,105,48.2,5,8,1,6,68,0.52,1.59,0.07,Moderate
11,5,8.2,88,53,92,180,49.2,2,4,2,6,43,1.26,-2.67,-1.0,Moderate
1,4,6.9,74,36,29,14,38.4,5,1,1,10,32,0.31,-6.31,-0.76,Low
15,3,5.7,78,44,55,140,44.0,4,11,0,15,25,1.22,1.51,2.64,High
3,21,6.2,63,45,138,43,44.6,0,9,1,13,22,3.57,0.39,1.93,Moderate
2,3,7.0,81,47,33,98,47.4,3,8,1,20,77,-1.04,4.66,-0.83,Low
4,7,7.5,71,27,54,180,45.7,5,4,1,1,81,-0.63,1.48,-0.21,Moderate
5,6,6.6,88,66,66,8,49.6,4,2,2,9,112,1.51,-2.07,-0.28,Moderate
9,10,6.1,70,55,113,84,45.5,6,6,0,19,97,1.8,-2.62,2.29,Moderate
18,17,5.4,74,27,114,47,43.4,0,1,0,7,21,3.21,-1.59,1.84,High
2,6,8.3,85,51,180,88,50.5,5,5,1,6,73,5.32,0.12,-1.0,Moderate
7,7,7.3,73,40,71,134,53.8,4,5,1,16,79,-0.2,3.24,-0.1,Moderate
6,4,7.5,64,38,44,102,60.7,3,2,0,2,147,-0.79,3.13,0.59,Moderate
2,1,8.7,78,47,69,29,40.6,4,8,1,7,3,1.0,-3.14,-1.0,Low
6,12,7.7,79,47,48,56,54.9,3,15,1,3,46,0.7,10.0,0.04,Moderate
10,1,6.6,71,37,58,79,63.0,2,4,1,2,12,-0.14,9.41,0.29,High
6,11,7.1,76,36,118,62,52.1,3,5,0,3,92,1.32,3.76,-0.25,Moderate
6,3,7.4,87,57,61,50,54.5,6,10,1,7,56,1.99,3.56,0.69,Moderate
3,9,6.5,67,43,37,23,35.0,2,3,1,8,106,-0.28,-3.43,-0.85,Low
8,6,6.9,73,65,88,168,49.5,2,11,3,2,127,2.5,-0.61,1.52,Moderate
6,7,6.6,71,42,21,89,46.1,2,2,0,10,133,-2.5,0.22,1.73,Low
8,5,6.4,82,49,130,25,57.0,2,6,0,4,42,4.59,4.99,1.7,High
6,7,7.2,80,56,48,120,41.5,3,11,1,16,52,0.29,-6.95,2.28,Moderate
12,1,7.3,58,44,12,121,37.4,2,12,0,4,105,-0.94,-0.91,0.57,Low
6,12,5.3,58,41,56,51,59.2,3,10,0,20,103,-0.06,8.08,4.2,High
6,8,6.4,72,59,49,18,55.1,1,9,2,8,49,-1.36,2.29,1.89,Moderate
15,4,6.8,64,43,68,11,64.3,2,4,1,5,123,0.72,2.96,0.79,Moderate
3,10,6.3,83,59,30,98,40.0,4,5,0,1,91,-1.65,-4.49,0.45,Low
9,3,7.1,72,49,39,146,47.7,5,12,0,2,33,-1.77,-1.35,0.84,Moderate
9,8,5.8,81,65,142,119,39.2,3,8,0,5,180,0.97,-2.97,2.04,High
12,15,5.6,57,34,104,47,44.9,4,3,2,17,121,2.94,-0.93,1.7,High
0,4,7.0,86,40,114,57,47.0,4,21,0,9,136,2.31,4.06,1.48,Moderate
7,3,4.3,71,31,50,9,45.6,5,9,0,4,180,0.39,3.5,4.11,Moderate
7,9,5.7,83,43,77,36,62.6,4,3,3,9,72,0.46,7.64,2.54,High
4,6,7.2,82,40,15,29,61.5,0,3,0,8,80,-1.05,3.58,0.46,Low
2,5,5.4,66,28,74,38,49.5,2,10,0,3,145,-0.83,0.46,3.0,Moderate
18,3,7.0,79,35,41,15,37.0,1,5,0,14,37,0.4,-4.81,-0.47,Moderate
15,2,6.3,63,68,79,45,42.9,4,1,0,0,75,2.76,-2.98,0.3,Low
6,6,6.2,69,53,31,59,41.7,6,1,0,10,55,0.12,-4.0,-0.84,Low
12,4,7.9,85,44,153,61,60.2,4,8,1,16,71,4.86,4.42,2.43,High
2,6,6.9,59,40,49,38,44.2,3,4,4,10,60,1.5,-0.68,1.45,Low
6,4,6.7,85,63,43,93,35.0,4,2,1,3,65,0.57,-10.0,-0.81,Low
10,4,6.6,56,23,110,78,38.2,3,6,1,2,54,0.86,-2.25,1.71,Moderate
10,8,8.8,78,40,155,38,35.0,4,4,1,6,128,4.21,-10.0,-1.0,Moderate
3,3,6.5,82,36,123,156,37.0,0,8,1,13,13,2.62,-2.54,0.67,Low
2,11,6.2,91,52,126,78,40.3,1,1,0,6,28,3.53,-0.11,-0.7,Moderate
23,7,8.2,70,37,57,35,35.0,3,5,0,4,13,1.56,-10.0,-1.0,Moderate
6,4,6.3,80,12,152,86,50.7,1,1,1,14,48,4.05,0.2,0.42,Moderate
9,8,6.6,63,29,93,26,57.5,7,7,0,17,113,2.13,1.27,1.44,High
11,2,6.6,77,19,65,11,35.0,2,9,1,4,147,-0.17,-8.72,0.21,Low
5,8,6.0,64,42,4,93,41.8,2,21,0,5,6,-1.22,1.12,2.96,Moderate
1,3,5.7,81,58,28,151,40.2,6,9,2,20,73,-0.46,-2.95,1.57,Low
6,3,6.0,55,53,180,66,47.5,4,21,2,6,9,6.0,-0.98,3.18,High
14,12,5.5,75,50,67,6,39.0,3,11,2,3,29,-0.23,-3.23,2.59,High
27,8,6.0,74,37,32,15,53.7,4,10,0,10,180,-0.96,0.12,2.02,High
3,4,6.5,65,42,84,90,41.9,3,15,1,20,18,1.81,-1.7,2.1,Moderate
18,1,6.9,82,60,174,46,45.8,2,13,0,2,83,4.26,3.02,0.63,Moderate
9,1,6.4,69,43,52,35,40.7,3,4,1,6,12,0.87,-0.01,0.09,Low
5,10,5.4,66,22,169,46,40.1,3,5,1,1,65,5.87,-8.12,1.88,Moderate
5,4,6.8,62,67,78,54,40.3,0,2,1,13,105,1.26,-4.09,-1.0,Low
19,5,8.4,75,50,156,83,45.6,3,9,3,8,103,5.23,0.12,-1.0,High
5,3,6.8,79,52,97,44,39.4,3,3,1,7,93,2.47,-3.83,0.55,Low
1,4,7.1,73,72,73,47,51.8,4,6,1,11,94,1.2,-1.18,0.06,Low
6,12,7.6,66,39,115,28,35.0,0,11,3,3,35,2.87,-7.23,-0.23,Moderate
7,5,6.6,82,56,52,32,38.9,2,5,2,12,136,0.68,-4.54,0.41,Low
2,0,6.4,68,41,10,180,51.0,3,9,1,17,85,-2.5,-0.48,2.04,Moderate
7,0,6.1,66,37,44,65,42.1,3,2,1,7,42,-0.49,-5.08,0.21,Low
1,21,5.8,67,52,118,46,50.4,4,4,1,1,55,4.19,-3.33,-0.38,Moderate
2,3,7.6,79,63,54,37,44.7,0,4,1,3,15,1.58,-1.95,0.05,Low
9,7,8.2,90,36,27,66,54.2,0,4,0,15,41,1.06,4.87,-1.0,Moderate
9,4,7.3,76,49,65,55,46.0,3,12,0,3,23,1.44,2.18,0.3,Low
4,8,8.6,62,23,61,25,40.5,6,11,0,7,180,-0.59,-3.06,-1.0,Moderate
2,9,6.8,74,49,49,29,51.7,2,10,0,2,93,0.2,6.5,2.58,Moderate
3,5,6.9,61,73,33,90,45.1,4,12,1,4,180,-0.61,1.27,1.72,Low
10,10,7.2,74,48,13,51,36.5,4,8,0,20,12,-2.5,3.86,-0.67,Moderate
4,2,7.1,80,35,22,40,55.3,5,15,0,16,103,-0.6,6.72,1.72,Moderate
5,4,6.1,70,49,64,180,58.0,5,6,0,18,34,0.63,6.91,2.02,High
14,8,5.8,78,41,111,180,53.2,4,3,0,11,28,1.86,5.3,1.84,High
4,6,5.7,55,46,13,127,41.4,0,10,0,15,70,-1.79,-3.43,1.17,Low
6,6,8.5,98,60,35,65,50.9,2,3,2,0,53,-0.32,-1.53,-1.0,Low
2,3,7.4,85,39,46,141,35.0,3,8,1,6,55,0.98,-4.28,-0.24,Low
16,5,7.5,70,53,93,52,58.7,4,17,0,9,135,2.16,5.55,1.89,High
9,16,5.6,85,33,27,129,60.2,4,6,1,12,142,-0.55,8.48,3.75,High
3,2,7.1,82,41,180,21,35.0,2,11,0,4,11,4.38,-8.72,0.62,Moderate
1,5,5.7,67,36,60,77,39.7,2,7,1,3,8,0.72,-1.31,1.08,Low
6,4,6.6,64,50,14,56,35.0,4,5,0,3,156,-0.57,-3.22,0.18,Low
9,3,7.7,72,46,81,132,50.4,0,4,2,4,47,1.01,1.11,-1.0,Moderate
1,3,7.8,87,37,53,60,51.6,3,7,0,5,47,0.59,1.57,-1.0,Low
1,12,6.1,81,37,51,17,40.4,4,7,0,4,91,-0.3,1.99,-0.39,Low
5,17,6.0,67,34,40,63,54.9,4,2,0,8,63,-0.54,5.68,0.6,High
10,12,8.0,71,37,10,9,43.8,3,18,0,2,56,-1.38,-0.33,-0.02,Low
10,1,6.5,68,28,65,87,58.5,5,7,0,5,151,-0.41,8.67,1.54,High
6,6,7.0,72,29,165,18,49.5,7,8,1,13,36,5.48,1.94,1.48,High
2,4,6.0,86,61,80,43,52.5,0,10,1,5,62,2.37,5.56,2.31,High
14,4,8.1,64,42,33,71,35.0,1,3,1,6,113,-0.92,-5.37,-1.0,Low
3,3,5.3,81,50,10,67,51.9,2,15,0,9,96,-0.42,8.67,3.82,Moderate
13,11,6.8,55,48,48,48,50.2,2,1,1,14,19,0.28,0.86,0.23,Moderate
5,10,8.2,59,68,149,43,56.6,5,5,2,3,73,4.71,5.65,-0.8,Moderate
4,1,5.7,68,58,59,36,47.6,4,12,1,3,6,0.13,1.57,2.79,Low
11,0,7.3,74,33,129,26,39.0,0,3,0,19,70,3.2,-2.2,-0.41,Moderate
1,4,6.0,55,30,37,147,38.6,0,5,1,8,86,-0.91,-4.48,-0.55,Low
3,5,5.8,69,36,31,41,45.6,6,4,1,4,43,0.22,-0.48,2.68,Low
4,7,7.5,74,35,71,38,51.3,4,2,0,11,93,0.92,3.0,-0.14,Moderate
11,7,6.3,64,46,42,29,46.1,2,5,3,9,68,0.99,-3.17,1.09,Moderate
13,1,6.2,70,44,89,35,35.8,4,3,2,5,41,1.14,-5.12,0.58,Low
11,1,8.5,67,53,156,63,44.6,3,16,1,20,117,5.01,-3.24,-1.0,Moderate
1,6,7.3,63,27,59,149,55.7,4,3,0,8,43,-0.76,2.11,1.01,Moderate
7,7,7.2,85,27,57,88,51.6,4,9,1,10,63,1.66,3.74,-0.17,Moderate
14,8,7.0,69,32,104,73,60.5,5,2,1,20,118,2.03,5.69,-0.36,High
7,0,6.3,78,32,93,80,40.9,3,2,1,4,66,0.59,-4.63,0.59,Low
16,4,6.2,55,45,66,27,49.0,5,6,0,13,180,1.36,-1.41,1.19,High
4,6,8.4,83,52,52,51,40.1,4,3,1,19,78,0.76,-5.57,-0.94,Low
20,14,5.3,55,56,59,107,52.2,6,11,0,1,180,0.72,2.15,3.15,High
9,8,5.9,71,44,58,46,61.9,1,15,0,3,124,-1.05,4.45,3.21,High
10,4,6.4,79,57,124,122,44.3,2,4,2,16,28,3.35,5.64,0.91,Moderate
5,2,5.8,69,45,107,132,50.6,2,15,0,12,50,2.58,4.41,2.39,Moderate
2,4,5.6,66,47,82,62,54.2,6,8,0,5,67,1.44,5.84,1.66,Moderate
9,2,7.0,74,51,157,87,54.9,4,10,0,7,13,4.51,4.65,-0.75,High
8,10,8.1,81,28,92,86,51.1,7,6,2,16,105,1.8,3.16,-0.47,High
1,7,6.3,74,39,100,13,41.4,6,7,0,13,102,2.02,-2.08,1.58,Low
8,3,5.8,66,38,24,40,43.9,2,2,0,1,81,-0.22,-1.35,1.6,Low
2,7,6.6,73,27,68,12,35.0,3,7,2,12,9,0.46,-4.47,0.7,Low
10,5,6.7,67,19,12,30,53.2,4,3,0,5,107,-1.56,2.99,0.35,Moderate
2,1,5.8,67,38,19,99,44.1,3,8,0,3,180,-1.6,-0.49,0.63,Low
7,4,5.5,92,78,14,81,47.4,4,9,1,4,48,-1.58,-2.26,2.59,Moderate
9,10,5.8,81,40,58,83,50.9,2,2,2,6,68,-0.69,3.3,0.81,Moderate
2,6,8.5,55,50,78,35,50.2,2,2,0,4,122,2.55,-1.8,-1.0,Low
7,2,7.7,75,36,88,91,56.1,5,4,1,3,86,2.06,4.52,-0.67,Moderate
1,4,5.6,73,52,81,48,58.3,4,2,0,2,72,1.38,1.56,1.73,Low
10,7,6.8,81,48,52,78,45.9,4,12,1,2,77,0.64,1.79,0.93,Moderate
13,6,7.8,72,30,143,34,67.2,2,8,1,20,69,2.85,10.0,0.11,High
10,4,7.3,89,59,87,40,55.6,2,15,0,4,29,2.01,9.91,1.49,High
2,9,5.5,82,53,35,41,47.4,3,2,0,8,50,-0.31,0.47,1.15,Low
6,5,7.5,56,45,33,72,46.3,1,6,4,3,80,-0.44,-4.4,-1.0,Low
9,6,6.6,55,61,7,51,50.3,3,4,2,19,75,-1.99,-3.73,2.02,Moderate
6,2,6.9,86,46,155,19,49.7,1,6,2,11,58,3.26,2.5,-0.37,Moderate
14,3,5.9,91,47,104,70,46.9,1,5,0,4,62,2.31,-2.06,0.23,Moderate
4,2,6.9,83,38,18,95,60.7,2,7,0,10,30,-0.76,4.36,0.57,Moderate
11,3,6.3,86,51,83,43,40.2,1,1,2,3,31,0.81,-3.01,-0.31,Moderate
1,14,7.8,64,41,24,83,63.8,0,9,0,10,76,-0.31,8.09,1.23,High
16,8,5.7,66,24,128,61,37.6,3,13,4,3,35,1.63,-3.19,2.09,High
8,12,7.4,76,29,53,121,62.1,4,2,0,12,54,1.36,6.65,-0.26,High
9,2,6.6,86,54,39,51,38.2,3,13,1,4,75,-0.01,2.24,2.65,Low
10,3,8.2,72,56,42,27,40.4,2,2,1,7,9,0.12,-5.74,-1.0,Low
12,5,7.6,81,23,38,53,35.0,7,1,0,1,52,0.17,-10.0,-1.0,Low
6,1,8.0,81,33,180,36,55.4,6,1,0,17,103,4.7,3.0,-0.41,High
2,7,4.9,78,47,83,94,40.7,3,8,0,20,50,1.81,-3.05,2.42,Moderate
10,1,8.0,74,46,180,115,56.7,5,3,0,15,53,5.0,3.15,-1.0,High
8,2,4.2,79,45,53,108,46.6,4,6,1,3,148,0.77,-1.54,3.25,Moderate
4,8,6.2,73,22,81,22,50.6,3,5,0,3,81,1.6,-2.76,2.27,Low
18,2,5.8,79,33,69,17,40.8,4,6,0,10,102,1.3,-1.95,1.35,Moderate
8,2,6.4,71,39,95,41,51.9,5,7,0,7,130,2.16,3.33,2.01,High
4,10,6.3,71,48,169,61,53.6,0,4,0,7,67,4.94,4.98,1.22,High
3,1,7.4,84,30,49,63,52.5,4,3,1,20,64,-0.22,2.44,-1.0,Moderate
7,8,7.5,73,29,61,30,38.6,4,7,2,4,65,1.65,-4.67,-0.97,Moderate
9,12,5.7,72,45,180,73,36.3,5,13,1,5,25,4.24,-2.39,1.3,High
6,5,6.2,69,53,46,59,48.4,5,14,1,5,69,0.11,-0.3,3.3,Moderate
2,2,7.1,91,62,101,66,49.1,2,1,1,7,78,3.22,1.92,-0.47,Low
3,6,7.4,84,27,89,116,63.1,2,10,1,2,89,1.73,4.35,0.74,High
11,3,6.5,91,32,25,19,39.9,3,2,1,5,48,-0.82,-1.27,-0.93,Low
2,4,6.2,75,29,90,80,39.5,5,0,0,15,52,1.65,-0.89,-0.15,Low
2,1,7.6,71,38,19,99,46.8,1,12,0,14,89,-1.76,3.31,0.71,Low
14,10,8.2,75,29,54,49,41.4,4,7,1,10,19,1.49,-2.89,-1.0,Moderate
2,4,6.4,71,41,16,72,49.9,8,9,0,6,15,-0.74,0.27,1.42,Low
6,7,7.8,81,48,10,58,36.8,2,4,1,1,17,-2.5,-6.82,-1.0,Low
5,9,6.9,83,33,110,74,46.6,1,10,1,10,66,2.95,0.88,1.16,Moderate
8,3,8.2,70,55,110,17,50.2,2,7,0,4,54,0.78,1.41,-1.0,Low
4,7,6.8,62,37,54,30,53.0,2,14,0,5,70,0.83,3.9,2.4,Moderate
14,5,7.6,66,47,110,65,36.9,4,13,1,14,18,2.48,-2.73,0.05,Moderate
11,5,5.4,77,56,27,81,44.1,3,2,2,9,142,0.7,0.44,0.17,Moderate
8,7,4.7,86,36,36,52,51.9,3,9,0,4,26,0.49,-3.08,3.79,Moderate
3,16,7.5,75,39,88,82,46.6,2,2,0,3,40,1.94,-1.78,-0.91,Low
4,17,7.3,70,37,133,83,50.7,6,3,0,13,140,4.59,5.55,-1.0,High
2,6,5.5,75,66,48,47,59.7,5,8,0,1,48,-0.13,7.31,3.53,High
12,5,6.8,61,52,61,58,35.0,4,9,0,4,145,-0.07,-0.09,-0.6,Moderate
4,8,7.1,93,41,4,45,56.2,5,11,1,13,171,-2.5,-0.06,1.58,High
5,11,6.7,67,64,28,107,53.1,1,2,0,10,142,-0.39,8.31,1.67,Moderate
4,4,6.5,68,50,80,10,40.1,4,8,1,7,180,1.03,-4.84,1.33,Low
16,15,6.5,75,43,167,8,47.8,2,8,1,4,37,4.56,-1.2,1.12,High
9,3,7.0,55,19,94,100,41.5,2,13,1,15,35,3.3,0.54,-0.04,Moderate
9,16,6.8,79,33,180,32,51.8,2,10,1,9,55,5.24,4.65,0.89,High
3,1,7.0,96,31,106,34,47.7,4,4,0,10,28,1.92,0.29,-1.0,Moderate
1,4,6.2,86,26,29,80,35.0,3,10,1,2,31,-0.16,-9.96,1.09,Low
4,8,6.5,80,21,56,92,54.0,3,1,0,9,96,0.37,2.63,0.5,Moderate
11,12,7.1,63,32,71,94,50.1,5,3,1,12,26,2.68,2.22,-0.29,Moderate
3,5,6.3,61,34,37,50,43.5,1,12,1,4,9,0.19,0.08,2.08,Low
14,1,6.1,60,37,30,141,50.0,4,7,1,4,26,0.56,-1.33,2.15,Moderate
4,6,6.3,72,45,50,32,46.2,3,5,0,10,56,0.35,-5.67,2.2,Low
15,1,7.9,75,52,101,61,42.0,5,4,0,19,17,2.52,-3.41,-0.98,Moderate
8,8,7.5,69,23,44,56,47.4,4,16,0,7,90,0.77,-1.52,0.38,Moderate
17,5,7.4,74,48,21,40,47.5,6,11,0,5,49,-0.5,1.43,-0.69,Low
6,1,7.7,70,50,34,129,39.7,4,7,2,17,12,0.04,-5.68,-1.0,Low
8,1,6.3,69,39,93,72,60.0,1,2,1,14,114,1.23,2.83,1.05,Moderate
5,2,7.8,82,41,73,88,35.6,3,2,1,4,17,2.05,-3.49,-0.88,Low
5,5,6.7,62,53,118,29,47.1,4,4,1,8,131,2.45,-0.69,-0.08,Low
3,7,6.2,66,30,77,79,42.4,3,1,0,3,54,0.72,-2.97,0.68,Low
2,1,6.1,82,24,51,180,48.2,5,5,1,11,64,1.98,2.52,1.87,High
3,4,8.6,72,28,61,180,56.3,5,8,0,4,9,0.32,6.2,-0.33,Moderate
3,9,5.2,76,48,28,180,60.3,4,8,0,9,90,0.58,1.34,3.16,Moderate
4,6,9.0,62,42,106,112,47.3,1,6,0,8,11,3.31,5.11,-1.0,Moderate
8,6,6.0,68,38,164,11,53.7,2,9,1,7,83,4.71,5.29,1.63,Moderate
3,10,5.5,69,60,180,61,45.4,3,3,0,9,161,6.0,-3.37,1.36,Moderate
3,5,7.4,68,48,35,51,56.5,3,4,0,8,21,0.25,5.6,-0.22,Moderate
7,9,7.3,62,37,28,19,41.3,2,4,1,11,14,-0.95,-2.35,-0.32,Low
19,9,6.9,69,25,180,61,41.4,1,5,0,3,85,5.56,-2.39,-0.1,High
9,8,7.0,68,55,111,95,35.5,2,2,1,1,88,1.64,-9.37,-1.0,Moderate
7,9,7.5,63,51,71,11,44.5,4,3,2,9,94,0.02,-0.17,-0.33,Low
7,8,6.0,77,56,146,62,50.0,4,1,1,6,29,3.78,0.32,1.3,Moderate
1,5,8.1,88,55,35,115,51.2,0,7,0,8,100,0.21,-0.34,-1.0,Low
2,11,7.0,74,48,84,141,45.1,2,19,0,13,36,1.35,-1.94,2.36,Moderate
4,5,6.7,73,44,75,81,62.0,8,14,0,9,17,1.46,9.16,2.93,High
12,4,4.9,75,49,36,105,47.8,3,4,0,8,24,0.59,2.39,3.77,Moderate
8,5,8.1,75,41,180,50,45.4,2,3,3,14,50,5.45,-4.44,-1.0,Moderate
3,2,7.4,72,42,88,100,50.6,2,10,0,12,42,0.58,5.96,1.31,Moderate
1,10,6.9,85,44,47,76,44.9,5,12,0,12,37,-2.11,-0.93,0.69,Low
16,4,4.8,84,64,110,30,55.3,5,6,1,3,60,1.97,1.29,2.82,High
5,9,7.0,55,64,28,45,35.8,2,5,1,7,110,-0.33,-7.0,-1.0,Low
10,2,8.4,84,44,65,50,35.0,1,14,1,3,70,1.33,-3.74,-1.0,Low
5,2,6.7,69,28,29,18,51.9,5,7,0,10,72,-0.59,-1.61,0.73,Moderate
6,9,6.7,68,24,27,86,39.5,5,2,0,9,48,-0.89,-10.0,-1.0,Low
5,5,5.8,56,24,50,107,51.6,5,2,0,8,123,1.56,-0.95,0.97,Moderate
9,7,7.2,84,43,31,97,48.7,3,8,0,10,22,-0.09,1.31,0.91,Low
11,6,8.2,72,22,125,77,40.7,2,8,0,12,41,3.39,1.56,-1.0,Moderate
5,9,7.0,93,55,32,79,46.1,1,15,2,4,52,-1.15,5.03,2.05,Moderate
2,6,6.6,62,56,46,24,37.6,3,6,0,9,27,-0.63,-3.09,1.52,Low
5,6,6.1,67,19,154,11,53.1,5,14,0,2,63,2.2,2.0,2.65,High
7,2,6.1,66,38,58,67,41.1,5,5,0,20,97,1.17,-6.05,0.91,Low
1,1,7.2,97,45,48,42,54.5,6,16,2,8,92,-0.32,6.6,1.95,High
13,2,5.8,82,37,28,90,45.7,3,4,1,1,5,-0.07,-1.6,0.06,Low
13,1,6.3,73,54,155,28,55.6,4,2,0,10,67,5.16,1.96,0.44,High
15,4,7.1,70,43,13,61,38.6,3,5,0,9,17,-1.87,-0.53,-1.0,Low
3,2,7.4,76,49,120,39,52.0,5,3,2,0,9,3.17,0.44,-0.9,Low
6,4,8.1,77,38,113,41,51.7,0,3,0,10,99,2.26,1.94,-0.21,Moderate
9,3,5.1,73,41,84,138,51.4,4,9,0,5,32,2.37,1.85,2.63,High
3,7,6.4,57,35,79,56,43.5,5,13,0,5,56,1.35,1.02,1.39,Low
13,6,6.7,66,51,156,22,54.5,2,6,0,2,62,5.32,2.18,1.97,High
14,11,7.4,76,50,8,64,43.5,1,1,0,5,24,-0.52,-5.55,-1.0,Low
8,3,5.1,88,60,29,9,42.5,3,11,0,11,117,-1.56,-1.27,4.64,Moderate
3,2,7.2,83,65,180,13,47.4,4,2,0,8,67,5.0,-1.96,-1.0,Moderate
21,1,6.1,84,25,10,58,58.6,4,0,0,7,5,-1.61,-0.52,0.5,High
7,5,7.8,55,39,55,24,43.1,6,7,3,9,79,0.62,2.1,-1.0,Low
18,7,7.5,66,33,97,82,40.2,6,10,0,11,41,1.94,-4.79,-0.65,Moderate
18,1,5.4,59,28,139,13,42.3,2,7,0,10,11,3.31,1.45,2.33,Moderate
9,2,7.1,56,57,102,43,51.7,4,3,1,3,58,1.83,2.9,-1.0,Moderate
3,7,6.3,71,53,29,76,46.6,4,3,0,20,70,-0.48,-0.35,0.2,Low
7,10,7.1,73,41,46,160,54.6,1,11,1,11,72,0.86,1.57,-0.85,High
4,7,6.0,75,34,25,147,57.2,4,6,2,4,88,-0.14,4.66,2.04,High
12,3,6.8,66,52,48,79,64.3,3,12,0,6,180,0.8,9.46,2.79,High
8,4,6.1,74,52,114,10,42.3,5,3,2,4,43,1.99,-4.76,-0.05,Low
4,3,7.6,76,25,19,43,45.1,3,0,0,12,87,-2.25,-1.25,-0.31,Low
5,5,6.3,72,56,129,57,53.4,3,2,0,3,8,3.85,0.26,1.5,Moderate
3,9,6.1,67,68,180,74,45.8,3,17,0,5,32,4.55,1.26,3.64,Moderate
13,4,8.9,75,42,180,43,51.1,7,8,3,5,47,5.75,3.7,-0.11,High
3,11,7.3,75,61,48,95,48.7,2,1,0,12,91,-0.72,-1.66,0.32,Low
9,16,6.9,84,36,180,13,59.5,2,8,0,9,7,5.3,3.7,2.6,High
2,7,4.9,66,52,22,60,43.6,5,1,0,9,69,-1.26,-2.73,2.06,Low
4,8,7.2,74,72,136,32,55.4,5,4,2,12,32,2.94,6.94,0.5,High
1,2,7.7,85,28,58,8,54.1,4,11,2,3,31,1.51,4.8,1.23,Moderate
4,7,6.0,85,55,78,67,43.6,4,1,1,12,31,1.83,-1.89,1.18,Moderate
13,0,7.6,69,65,75,135,49.1,4,6,0,10,180,0.84,0.16,-0.6,Low
2,4,6.2,62,59,180,167,35.0,4,4,0,7,76,5.12,-1.81,2.42,Moderate
15,5,6.1,76,44,31,80,44.1,1,10,1,4,10,0.21,-4.83,-0.27,Low
3,5,7.0,86,50,90,51,45.2,2,0,1,20,51,1.46,-5.59,0.16,Low
16,5,7.5,90,52,80,27,35.0,6,3,1,16,32,0.56,-10.0,-1.0,Moderate
8,1,7.3,75,44,92,60,56.1,2,5,0,6,159,1.91,4.05,1.13,Moderate
12,7,6.1,83,51,25,61,35.0,5,1,0,5,25,-0.8,-4.98,-0.73,Moderate
1,21,7.5,84,60,46,73,38.8,6,3,2,6,44,-1.03,-3.38,-1.0,Moderate
14,1,6.7,60,27,49,45,50.9,2,21,0,2,94,-1.19,3.81,3.37,High
7,4,6.5,80,12,57,63,53.5,2,15,2,6,170,0.39,2.85,1.44,High
15,11,6.9,65,39,17,66,45.6,3,2,1,7,44,-0.64,2.76,0.79,Moderate
4,2,6.6,64,45,24,34,60.1,0,3,1,4,45,-0.56,-0.23,1.73,Low
3,3,5.6,77,37,84,64,46.6,0,7,0,15,119,0.42,-0.41,0.93,Low
5,5,8.6,72,32,110,33,55.6,0,6,0,13,47,3.84,5.49,-1.0,Moderate
13,2,5.3,67,40,51,20,51.7,4,4,0,9,55,-0.45,-3.37,2.88,Moderate
5,9,6.3,75,53,81,75,36.2,5,3,0,5,168,2.27,-10.0,1.02,Moderate
6,4,6.5,78,39,151,51,47.6,6,6,0,5,43,3.83,-0.54,-0.23,Moderate
5,3,8.3,76,58,22,45,47.2,2,10,3,9,73,-1.03,-0.52,0.04,Low
2,6,8.0,82,45,20,7,54.3,3,3,1,3,2,-0.81,1.66,-1.0,Low
1,5,7.4,71,52,22,57,47.5,4,3,2,13,14,-2.5,-4.06,-1.0,Low
5,15,6.5,60,38,57,32,35.0,3,2,3,5,47,-0.07,-3.33,-0.2,Low
2,1,5.1,82,44,40,61,48.8,5,2,1,6,74,0.92,-1.16,2.73,Low
1,4,6.6,76,56,61,180,45.1,7,9,2,1,180,0.38,0.48,1.78,Low
3,3,7.4,59,33,28,108,48.9,1,2,0,20,55,-1.09,1.52,-1.0,Low
3,0,6.6,75,48,19,133,35.7,3,5,0,2,34,-1.78,-5.85,-0.28,Low
3,2,5.8,78,31,31,32,43.4,1,9,0,3,103,-0.45,-0.07,2.02,Low
0,18,6.0,69,26,34,104,51.9,3,3,0,4,127,-0.29,3.28,0.2,High
9,3,6.1,64,44,36,43,50.8,4,5,1,4,9,-1.28,0.16,1.78,Low
13,10,5.4,65,49,12,69,37.9,4,3,0,1,70,-2.16,-5.37,2.3,Moderate
1,9,6.9,71,38,21,142,46.5,6,6,1,5,38,-1.86,-1.32,0.36,Low
2,9,4.7,69,46,29,93,51.0,6,21,0,10,56,-1.0,5.98,6.22,High
3,12,5.6,87,39,123,17,55.2,5,4,1,15,48,2.64,3.64,3.16,High
7,7,7.0,73,44,21,38,51.1,3,7,2,12,13,-2.5,-0.46,0.3,Low
5,3,7.0,80,63,19,91,61.1,2,4,1,12,62,-0.77,3.93,0.84,Moderate
8,3,7.3,70,31,15,61,35.0,2,2,1,5,63,-0.92,-6.29,-1.0,Low
27,6,6.7,65,50,61,46,59.4,1,5,0,4,27,0.72,1.38,1.46,High
7,17,7.0,60,38,89,57,46.2,8,6,1,3,56,1.49,0.11,0.45,Moderate
11,5,6.9,59,54,89,63,42.7,3,4,1,17,105,1.81,-1.93,-0.82,Moderate
6,2,8.1,55,48,67,67,53.4,2,21,1,10,29,-0.61,5.11,0.99,High
9,7,7.6,73,36,94,54,54.0,4,14,0,4,180,1.52,2.8,1.16,High
4,6,6.8,67,43,33,27,51.5,5,2,0,1,91,-0.86,2.16,0.53,Low
5,3,6.7,63,46,60,77,56.0,7,2,1,1,174,1.05,2.59,0.81,Low
14,3,5.8,71,51,19,71,35.3,1,6,0,5,44,-1.32,-4.27,0.72,Low
7,2,6.0,80,60,146,37,48.7,1,5,1,2,89,3.83,0.22,2.04,Moderate
3,5,6.0,66,31,94,85,49.9,1,11,0,6,25,3.08,-0.55,2.57,Moderate
1,5,6.1,72,42,51,85,53.0,1,9,0,2,10,0.11,-0.17,2.21,Low
6,1,6.4,74,35,81,180,37.5,1,6,2,3,80,1.07,-2.62,1.15,Low
5,14,5.3,76,51,116,50,37.6,3,2,0,11,109,3.03,-9.05,0.9,Moderate
10,12,6.3,86,45,102,123,42.9,6,2,1,13,21,2.7,0.18,1.1,Moderate
5,14,8.2,67,51,40,27,48.8,3,7,1,6,68,0.22,-0.18,-0.99,Low
16,6,7.2,56,31,180,93,50.9,4,1,1,11,26,5.4,4.5,-1.0,High
6,3,5.9,81,43,50,18,48.7,0,4,1,7,115,0.77,-1.21,0.18,Low
7,1,5.3,85,41,85,38,55.5,3,3,1,7,70,1.64,5.65,2.34,Moderate
2,11,5.3,63,56,55,89,54.1,5,2,0,15,52,1.61,-3.13,1.63,Moderate
9,3,7.9,76,23,41,11,53.3,2,9,2,7,58,-0.48,2.24,-0.33,Moderate
3,2,7.0,62,60,56,53,59.1,1,4,0,15,9,0.13,9.9,0.41,Moderate
5,7,6.9,55,41,7,148,44.7,5,5,1,5,49,-2.38,0.42,-1.0,Low
2,5,6.3,94,45,64,36,41.5,3,5,1,7,44,0.54,-5.67,1.38,Low
9,9,7.4,84,59,9,43,45.9,0,6,1,13,77,-1.43,-3.37,-1.0,Moderate
7,6,5.5,78,37,80,35,46.4,4,7,2,10,160,0.68,-4.37,2.8,High
6,14,6.1,87,47,16,127,39.9,2,4,1,18,11,-1.72,-0.27,1.55,Moderate
10,2,7.5,76,34,72,51,52.3,0,4,1,5,52,2.63,1.92,-1.0,Moderate
20,2,7.0,63,32,28,172,52.9,3,3,3,8,107,-0.69,4.31,0.45,High
10,3,8.0,70,60,17,12,49.3,5,8,0,8,65,-1.12,4.51,-1.0,Moderate
13,4,5.1,66,39,28,131,53.0,7,4,3,6,126,-0.2,1.08,3.38,High
2,6,6.8,68,30,25,121,42.0,2,2,1,7,19,-1.26,-2.89,0.64,Low
4,4,6.8,59,39,59,23,47.0,4,11,2,17,68,0.21,0.23,0.33,Low
14,6,5.7,80,36,90,51,40.2,6,4,0,1,77,2.71,-0.65,2.59,High
10,5,7.0,64,38,18,147,54.3,6,3,3,12,19,-0.53,1.91,1.8,High
3,8,5.4,72,60,126,180,49.6,3,5,0,5,90,2.93,-2.21,2.56,Moderate
13,6,6.0,81,55,43,24,45.3,2,5,0,12,78,0.4,-1.96,0.82,Moderate
10,11,7.4,82,37,9,36,47.2,6,18,1,6,84,-2.09,3.74,0.43,High
11,21,5.4,76,16,27,32,43.6,6,5,1,3,53,-1.64,-1.25,0.17,Moderate
7,4,6.2,68,21,82,74,57.2,7,6,3,20,12,1.6,0.87,1.46,High
6,9,7.0,79,43,74,29,55.4,5,2,0,8,58,1.36,3.27,1.01,Moderate
8,8,8.0,55,54,56,82,35.0,7,6,0,4,81,0.94,-10.0,-1.0,Low
2,2,8.5,71,25,74,142,49.3,2,3,1,6,156,1.81,3.52,-0.86,Low
11,15,5.9,59,46,10,86,53.2,5,2,0,4,14,-2.28,0.88,1.56,Moderate
1,8,7.0,67,56,53,68,48.1,4,2,0,19,21,0.18,-4.43,-0.17,Low
4,2,6.6,66,45,20,156,45.2,5,7,0,6,30,-0.16,0.35,0.9,Low
4,5,6.6,64,35,102,14,55.9,6,10,0,6,76,1.36,6.62,1.02,Moderate
4,9,7.8,66,48,40,121,66.5,2,4,1,17,10,0.62,7.78,0.03,High
9,11,7.1,60,30,122,68,51.0,6,6,3,11,73,3.66,-0.03,-0.63,High
9,4,8.4,72,22,68,86,57.5,1,1,0,11,101,1.59,4.7,-0.25,High
3,1,8.7,55,53,70,36,70.0,1,13,1,0,82,1.55,9.15,0.1,Moderate
6,3,8.2,77,43,49,18,54.6,1,10,1,17,180,-1.97,5.6,-0.5,Moderate
5,2,7.9,74,45,64,49,41.3,4,5,0,6,167,0.95,-3.66,-1.0,Low
15,8,6.9,75,41,39,55,39.8,2,11,0,3,180,0.48,-0.9,-0.0,Moderate
4,8,6.4,80,60,25,42,41.2,3,5,2,10,151,-1.18,-0.6,1.04,Moderate
5,2,5.9,76,27,150,11,67.2,4,2,0,4,53,5.03,9.8,2.7,High
7,7,8.2,71,29,29,61,45.2,3,8,0,7,54,0.26,3.53,-0.67,Low
6,7,7.5,73,35,57,38,51.3,3,5,1,5,37,0.41,-0.38,-0.97,Low
9,1,6.8,65,65,77,86,45.6,5,2,1,6,15,1.31,1.15,-0.45,Low
3,3,6.1,57,51,48,22,49.0,3,4,2,0,15,-0.44,-1.67,0.06,Low
4,10,4.2,84,40,53,126,47.7,3,3,1,5,180,-0.66,3.0,2.09,Moderate
14,5,6.8,64,60,89,59,41.7,3,5,2,3,52,1.99,-5.92,-0.22,Moderate
4,3,7.3,73,51,36,68,50.9,2,2,1,2,62,0.44,0.94,0.12,Low
15,5,5.2,82,50,46,180,60.6,3,6,0,0,160,1.91,7.78,1.93,High
6,2,7.7,75,42,120,53,59.3,2,8,3,15,147,3.29,5.2,1.13,High
2,2,6.6,85,37,26,125,42.4,4,15,0,9,48,-2.5,1.96,1.6,Moderate
9,2,7.8,71,64,125,118,62.2,2,11,1,11,61,4.49,10.0,1.22,High
8,11,6.2,65,37,61,19,65.0,2,13,2,5,76,1.26,9.75,3.83,High
2,13,7.5,80,29,78,87,49.9,2,4,2,2,17,0.32,2.97,-1.0,Moderate
5,11,7.0,78,52,30,146,45.6,8,16,2,6,40,-0.98,-3.73,1.82,Moderate
1,8,7.5,92,39,32,171,35.0,4,8,1,6,17,-1.1,-4.57,-0.83,Low
2,3,6.5,85,27,36,32,54.2,3,5,0,6,16,-0.11,0.31,0.64,Moderate
14,2,7.4,80,29,75,11,51.7,3,5,0,19,25,-0.21,1.28,1.27,Low
2,12,6.9,68,76,63,76,46.2,1,7,0,15,44,1.87,0.13,0.2,Low
8,4,7.8,75,52,46,56,40.7,2,5,1,12,5,-1.28,-3.12,-1.0,Low
6,12,5.1,77,35,46,4,42.5,3,3,1,6,77,-0.1,-3.27,1.23,Moderate
2,7,5.9,62,54,64,72,52.0,7,6,0,8,30,2.18,4.79,2.65,Moderate
4,1,6.9,65,40,14,24,45.3,2,2,1,6,87,-0.6,-3.61,-0.38,Low
11,7,6.0,81,43,63,60,44.6,2,4,0,17,180,0.46,0.07,1.47,Moderate
23,4,6.0,67,21,13,18,49.9,4,8,1,14,77,-0.96,1.08,1.94,High
10,5,7.0,70,46,15,19,35.0,0,7,1,12,114,-1.0,-5.0,-0.38,Low
6,15,8.1,65,55,70,92,45.4,3,10,2,2,51,0.31,-1.44,-0.7,Moderate
5,6,7.8,80,27,79,30,35.0,2,3,0,4,28,1.39,-6.04,-1.0,Low
2,14,7.3,85,32,77,24,37.8,3,12,1,7,40,0.09,-5.36,2.03,Moderate
5,4,6.3,79,45,89,180,39.2,7,4,1,8,15,1.6,-8.0,1.54,Moderate
3,4,6.8,78,44,13,30,44.3,3,4,0,6,36,-2.03,-3.87,-0.05,Low
10,5,8.9,67,61,25,85,52.1,4,6,1,2,2,-0.63,2.94,-1.0,Moderate
6,2,6.7,69,33,41,75,41.8,1,4,2,1,7,1.02,-5.16,0.75,Low
3,3,7.2,71,38,48,20,42.4,2,8,1,16,31,-0.09,0.47,0.33,Low
8,2,8.5,79,61,133,49,52.6,4,7,0,11,24,3.53,2.74,-0.92,Low
3,4,5.6,69,49,50,130,39.2,4,5,0,6,47,1.89,-1.86,0.88,Low
2,2,6.6,68,51,37,65,45.2,3,1,1,11,74,-0.4,-1.63,0.56,Low
14,2,5.2,90,46,114,45,59.6,3,12,1,12,50,1.89,5.17,3.71,High
1,3,8.4,80,43,103,132,46.2,2,4,0,7,89,1.24,-1.85,-1.0,Low
8,3,8.0,80,40,118,91,43.6,6,3,0,6,59,2.74,-4.65,0.17,Moderate
22,6,7.7,88,29,68,45,54.3,5,6,2,3,51,1.25,3.44,0.14,High
17,5,8.0,62,31,6,68,35.0,4,5,0,8,9,-1.37,-8.02,-1.0,Low
4,13,8.1,77,43,49,13,35.0,4,5,0,4,86,-0.57,-5.47,-1.0,Low
7,6,6.4,79,44,153,15,35.7,5,7,0,4,63,4.16,-3.48,-0.03,Low
6,2,6.9,79,62,10,22,61.3,4,11,1,4,53,-0.12,8.63,1.92,Moderate
11,9,5.1,55,36,80,36,41.0,3,8,2,7,16,1.99,-0.58,3.78,High
12,3,7.4,64,48,61,169,45.7,1,2,1,10,11,2.0,-4.89,-1.0,Moderate
6,3,6.1,84,32,74,56,54.4,4,7,2,7,94,0.11,4.76,2.16,Moderate
4,5,5.9,70,26,104,50,50.6,4,2,0,5,44,2.95,1.32,1.88,Moderate
7,2,6.0,72,49,44,77,44.4,7,9,0,9,14,-2.15,-1.57,1.12,Low
7,8,6.8,72,31,80,20,50.3,8,9,0,13,157,1.76,1.35,-0.08,Moderate
24,4,6.3,91,30,81,33,49.2,3,5,1,4,113,1.01,3.65,0.78,High
6,7,7.2,73,36,176,143,51.3,1,3,0,11,68,5.22,0.12,0.93,High
16,4,6.0,85,34,116,88,36.2,2,2,0,0,83,3.01,-5.33,-0.35,Moderate
11,4,6.3,72,50,171,9,51.7,7,7,0,2,180,3.64,8.34,1.6,High
2,7,6.9,79,40,35,38,54.7,6,6,0,1,147,-0.95,2.49,-0.46,Low
4,2,6.3,73,58,18,24,47.3,5,3,0,10,27,-0.61,1.77,1.31,Low
7,3,6.1,86,43,60,33,46.8,4,6,1,6,154,-0.84,-0.65,2.73,Low
13,4,7.6,85,44,57,165,59.5,6,2,2,9,56,1.56,2.78,0.8,High
7,5,7.4,57,66,67,127,42.6,4,5,0,20,17,1.23,-6.71,-0.89,Low
3,2,5.7,75,44,4,88,43.4,2,3,3,18,26,-2.4,-4.61,1.79,Low
7,5,6.4,65,45,18,48,41.0,4,17,2,7,30,-0.19,-1.27,1.93,Moderate
10,8,7.2,68,45,92,43,48.5,1,4,1,3,106,1.51,-2.71,-0.77,Moderate
4,12,6.5,55,35,21,17,47.0,3,7,2,2,24,-1.03,-0.03,1.27,Low
7,11,6.7,86,58,37,41,46.0,2,5,2,7,26,-0.37,-1.27,1.09,Moderate
5,9,8.2,77,67,16,42,52.3,1,3,0,13,12,-0.97,2.87,-1.0,Low
7,2,6.5,77,56,62,160,41.5,4,8,0,8,22,1.2,-4.77,1.26,Moderate
4,5,8.8,78,36,107,21,45.5,3,11,0,7,105,1.79,-2.74,-1.0,Low
18,4,6.1,83,37,29,53,48.7,2,5,2,16,112,-0.49,-4.8,2.26,High
3,3,6.5,72,26,74,103,53.6,4,5,1,5,72,0.81,-0.97,0.78,Moderate
4,5,6.7,71,28,48,47,44.0,4,11,1,7,96,-0.89,-0.77,2.86,Moderate
11,3,7.4,94,31,130,119,42.6,0,9,0,4,21,2.47,-5.42,-0.4,Moderate
16,3,7.1,72,46,1,95,55.9,8,3,0,9,146,-1.92,0.75,0.17,Moderate
1,14,8.6,80,42,36,180,57.6,3,10,1,4,36,-0.64,4.78,-0.16,Moderate
4,4,7.5,60,39,114,54,56.5,1,3,0,2,3,1.52,2.18,0.4,Low
8,4,7.4,70,36,10,21,49.7,7,1,0,5,3,-0.97,5.67,-0.7,Low
25,10,6.6,64,44,86,69,43.8,6,5,2,4,83,1.17,-4.66,1.59,High
7,2,7.1,85,49,173,29,50.3,4,6,3,6,82,4.63,0.66,0.2,Moderate
11,1,6.8,74,12,158,80,43.1,4,4,1,5,59,5.05,0.7,0.81,High
3,1,6.7,70,35,126,165,50.2,2,12,0,8,15,3.21,1.88,1.62,Moderate
2,1,6.2,71,57,180,158,42.6,2,1,2,4,73,6.0,-1.84,0.78,Moderate
2,3,6.9,68,32,46,49,69.0,3,5,0,10,22,-1.53,7.54,0.93,High
5,1,6.4,56,39,84,26,37.4,3,1,1,4,75,0.92,-6.35,-1.0,Low
1,3,5.3,83,20,56,25,53.4,1,10,1,16,44,0.62,4.85,3.95,High
11,6,6.8,63,50,46,58,35.0,2,6,0,3,139,0.05,-9.63,-1.0,Moderate
6,9,6.4,79,42,148,72,35.0,1,14,0,8,77,2.99,-8.98,0.73,Moderate
18,5,5.6,71,33,78,37,47.6,1,6,0,9,84,1.19,2.49,1.68,High
13,12,8.3,68,42,82,55,42.8,0,4,1,9,40,1.6,2.54,-1.0,Moderate
4,8,8.0,78,55,9,16,60.2,2,6,1,14,18,-1.48,5.13,0.05,Moderate
5,2,6.7,75,47,54,71,49.2,1,2,0,8,34,0.03,0.96,-0.37,Low
10,2,5.6,83,65,144,83,53.3,1,6,1,20,180,1.9,2.46,2.41,High
8,4,5.9,84,44,75,59,35.1,4,3,3,8,34,2.08,-7.1,-0.69,Low
13,1,6.2,82,27,125,37,36.2,4,7,0,18,64,2.96,-5.32,1.48,Moderate
5,7,7.0,80,29,72,139,53.2,3,2,0,8,150,0.31,0.88,-0.21,Moderate
3,12,7.1,69,32,26,109,38.6,4,0,2,4,84,-0.17,-10.0,-1.0,Low
11,4,8.4,78,55,84,37,44.1,3,18,2,4,38,0.92,0.59,-0.26,Moderate
4,15,6.0,73,39,24,90,44.3,1,11,1,3,50,-1.85,-1.66,3.01,Moderate
9,7,7.6,76,31,99,16,50.3,4,10,0,3,64,1.64,0.31,-0.96,Moderate
5,2,6.9,72,58,65,52,39.6,6,1,0,4,18,-0.94,-7.03,-1.0,Low
2,6,8.1,92,48,15,90,49.3,5,3,2,11,64,-1.23,-2.05,-1.0,Low
7,1,6.0,72,60,71,63,40.5,3,2,1,3,91,0.94,-4.64,0.49,Low
4,4,7.5,66,64,180,17,46.6,5,1,0,1,10,5.88,-0.66,-1.0,Moderate
7,4,6.0,76,35,42,40,42.8,1,11,0,1,18,0.42,1.55,2.13,Low
2,13,7.5,80,51,104,33,60.8,4,7,0,10,117,1.38,4.34,2.02,High
10,9,7.4,77,39,15,7,51.5,5,4,1,5,117,-1.14,1.98,-0.88,Moderate
8,2,6.9,78,58,9,12,50.3,2,1,0,2,92,-1.77,-0.55,-0.56,Low
2,6,6.9,91,57,119,55,43.4,4,4,1,11,100,3.27,-0.82,-0.74,Moderate
5,5,5.7,81,25,44,83,50.2,3,2,0,8,63,-0.77,0.71,1.0,Low
5,6,7.4,93,33,41,33,44.7,2,3,1,3,144,0.38,-1.98,-1.0,Low
17,10,8.4,60,68,48,56,47.1,4,3,1,7,19,1.09,3.02,-1.0,Moderate
10,3,6.0,69,59,141,111,70.0,4,3,1,10,61,4.93,10.0,3.78,High
7,2,6.0,64,74,19,6,36.2,4,4,1,19,180,-1.44,-4.37,-0.4,Low
6,7,6.5,70,37,69,49,48.4,0,5,0,7,47,0.17,-0.74,0.7,Low
4,6,6.0,68,61,124,28,53.9,1,12,0,7,58,3.95,7.29,3.04,High
27,4,6.9,84,31,98,44,47.3,7,4,1,6,32,3.45,-0.82,-0.48,High
6,7,6.9,62,45,25,108,43.8,5,10,1,13,180,0.05,-4.52,0.49,Moderate
3,2,6.9,70,55,72,32,55.9,3,2,0,9,21,-1.01,0.78,0.85,Low
5,12,7.7,64,49,15,95,41.5,2,8,1,9,107,-0.22,-3.02,-0.75,Moderate
15,7,6.5,60,45,180,93,56.1,0,7,2,8,54,5.25,3.29,1.15,High
5,15,6.6,84,53,67,110,57.8,2,8,0,6,13,0.81,4.0,1.05,High
8,2,6.3,71,40,38,47,63.1,2,3,0,7,49,0.85,5.32,1.56,Moderate
6,2,6.2,76,41,49,56,43.7,4,8,0,13,84,0.98,-5.2,0.88,Low
11,2,7.6,68,62,58,72,37.6,3,1,0,1,66,0.27,-5.13,-1.0,Low
25,5,8.0,70,38,13,21,51.6,4,4,3,5,57,-0.73,2.12,-0.45,High
7,4,8.0,85,44,25,64,44.6,1,8,1,4,45,-0.78,-3.68,-0.18,Low
17,6,7.4,74,45,39,34,56.5,6,3,2,1,2,-0.11,5.81,0.04,High
10,6,5.6,81,43,29,68,40.5,2,15,1,8,35,-1.21,-4.02,1.72,Moderate
7,3,7.0,79,39,7,134,59.5,2,12,0,12,51,-2.09,0.59,2.9,Moderate
3,2,5.8,83,54,17,62,47.0,0,12,0,8,91,-1.78,-1.99,3.8,Low
10,12,6.6,79,61,48,31,37.2,4,7,4,12,21,1.14,-4.3,2.07,Moderate
2,13,6.8,69,48,47,32,52.5,5,5,1,4,106,0.13,0.6,1.44,Moderate
2,3,7.2,77,50,75,47,40.2,4,10,0,3,180,2.42,0.31,-0.02,Low
4,9,7.8,83,48,27,45,42.1,3,2,1,1,172,-0.03,-5.19,-0.46,Low
5,5,8.1,85,45,37,23,52.9,3,4,1,11,43,0.68,-2.92,-0.78,Low
10,8,7.7,76,60,108,90,41.2,3,14,0,11,28,1.43,-2.1,-0.16,Moderate
5,4,6.4,91,43,53,142,52.7,3,3,0,13,114,1.11,0.99,1.62,Moderate
1,8,6.2,71,56,12,117,44.7,6,15,0,13,10,-2.17,-1.22,0.2,Low
5,6,7.4,83,51,88,95,57.0,4,11,0,0,106,1.59,5.48,1.21,Moderate
2,5,7.1,81,51,32,89,57.3,3,2,1,17,6,-0.8,2.28,0.06,Low
8,2,6.9,93,57,85,89,61.3,2,1,2,20,15,0.38,3.16,-0.1,Moderate
22,8,5.5,76,47,69,75,59.4,3,3,1,2,80,0.91,3.16,2.46,High
8,4,7.5,86,39,41,23,39.0,2,5,1,16,55,0.84,-5.24,0.67,Low
6,2,7.9,71,45,128,80,64.8,6,2,2,20,60,1.93,5.04,-0.36,High
18,2,7.0,67,38,74,61,47.9,3,16,1,4,43,1.34,3.28,0.74,High
6,2,5.9,79,16,29,34,51.6,2,11,0,4,14,-1.18,7.42,1.57,Moderate
9,3,8.0,71,43,26,155,53.2,2,6,2,8,170,-1.5,1.8,-0.19,Moderate
3,4,7.1,58,44,104,96,35.8,5,1,0,9,81,2.82,-7.97,-0.8,Low
8,6,6.8,82,52,125,180,47.3,4,2,0,2,68,3.15,2.06,0.66,Moderate
12,11,6.8,81,79,180,167,60.3,3,17,0,20,46,6.0,7.39,2.03,High
3,8,7.0,81,50,29,179,47.7,6,6,1,1,48,-0.83,1.2,-1.0,Low
4,2,4.6,80,32,63,54,45.6,3,4,0,6,21,0.27,-0.89,3.87,Moderate
10,6,7.1,83,48,12,49,52.2,0,6,1,5,31,-1.6,3.25,-0.1,Moderate
5,6,8.8,84,47,96,42,47.8,3,4,0,1,180,1.18,1.69,-1.0,Low
4,3,6.8,74,21,33,74,39.8,4,6,1,1,128,-0.85,-1.45,-0.39,Low
17,13,5.9,87,30,83,130,53.4,1,4,0,4,104,1.78,3.28,1.5,High
3,4,5.6,78,38,61,35,46.7,1,1,1,4,29,-0.98,-2.67,2.04,Low
5,14,7.6,71,45,91,22,51.3,4,17,1,9,63,2.86,4.62,1.71,High
16,3,7.0,74,48,79,128,47.8,2,9,2,7,37,1.94,1.74,0.58,Moderate
10,6,6.6,73,33,47,64,50.1,7,1,1,2,81,0.54,-0.89,1.07,Moderate
6,7,5.9,69,46,32,46,46.4,1,5,1,3,23,-0.1,2.69,1.31,Low
9,5,8.4,74,44,41,63,43.5,1,15,3,6,24,1.35,1.14,-1.0,Low
20,6,7.5,72,47,43,112,54.3,3,20,0,4,52,-0.16,4.94,1.79,High
5,11,5.6,80,46,65,93,46.0,5,7,0,6,180,1.42,-3.18,1.25,Moderate
1,2,4.5,87,48,148,127,35.1,2,6,0,6,64,4.89,-6.65,0.59,Low
5,15,6.8,91,22,31,11,45.9,3,17,0,3,26,-1.2,3.06,0.9,High
10,2,6.0,61,57,46,36,35.4,4,8,0,14,43,-0.33,-5.45,1.2,Moderate
3,6,7.4,67,51,29,107,44.2,2,11,2,1,26,-1.52,-1.95,0.09,Low
8,5,6.6,65,51,88,93,57.1,4,7,0,7,98,1.49,4.44,2.06,High
3,9,6.3,82,49,4,73,37.3,1,5,0,10,163,-1.33,-1.56,-1.0,Low
27,11,7.2,58,42,73,56,66.6,3,11,0,9,37,1.54,6.39,1.64,High
8,10,7.9,74,48,65,94,36.5,2,12,0,9,75,2.08,-3.86,-1.0,Moderate
5,4,7.2,81,36,180,11,54.7,0,17,2,17,157,5.08,3.91,1.2,High
5,3,6.7,71,40,12,57,48.1,2,3,1,7,22,-2.0,-4.01,0.97,Low
15,8,6.5,79,52,64,69,53.9,2,10,0,20,115,1.22,1.51,1.69,High
4,1,7.5,83,52,68,47,45.3,4,9,0,9,51,0.03,-6.02,0.89,Low
3,10,5.7,68,35,180,41,58.4,3,3,2,20,74,5.77,4.51,1.68,High
4,2,7.3,68,37,57,52,36.3,4,19,1,18,64,-0.3,3.22,0.94,Low
3,3,6.3,70,39,126,70,47.7,3,10,1,5,64,2.43,2.38,3.02,Low
8,6,7.1,76,67,57,4,58.1,5,1,1,16,55,0.57,3.44,0.09,Moderate
7,9,7.5,80,35,29,124,40.7,2,2,0,2,145,-1.52,-5.89,-1.0,Moderate
9,4,7.6,70,63,25,149,43.4,5,7,3,10,41,-1.39,-4.02,-0.14,Low
7,1,6.8,70,27,83,129,47.1,0,4,1,6,19,2.64,-1.72,-0.81,Moderate
6,13,4.4,69,42,30,76,49.4,8,6,2,3,81,-1.06,3.87,3.96,High
5,2,6.5,75,44,11,57,60.5,1,11,1,7,27,-1.62,4.51,3.33,Moderate
7,5,6.4,66,42,19,65,35.0,5,16,1,12,54,-0.29,-6.24,1.21,Low
9,3,7.4,72,33,40,44,47.1,1,1,1,5,43,0.82,3.86,-1.0,Low
7,2,8.2,86,34,45,103,49.4,5,8,2,6,66,1.09,-1.73,-1.0,Low
4,3,7.0,60,69,90,92,56.0,3,10,2,18,27,2.48,8.57,1.68,High
8,6,5.3,76,41,71,137,50.5,2,9,0,17,26,0.29,4.95,2.52,High
9,8,7.4,77,36,29,36,44.3,1,6,1,8,39,-0.58,-4.52,-0.06,Low
27,16,5.1,73,49,42,21,51.7,5,3,2,15,20,-0.72,2.52,0.61,High
12,13,7.6,78,37,102,55,38.4,3,19,1,12,64,1.27,0.69,1.79,High
1,4,5.0,72,14,6,66,46.1,2,6,2,5,15,-2.5,1.21,3.54,Moderate
10,3,7.2,61,50,64,84,44.8,7,4,1,1,77,2.23,0.16,0.59,Low
7,11,6.7,70,41,116,76,44.9,2,1,0,1,20,2.88,-1.19,-0.2,Moderate
2,1,7.5,68,55,74,31,50.4,5,6,1,2,20,2.68,4.03,-1.0,Low
6,3,7.9,81,22,49,79,38.0,4,21,1,5,109,0.4,-3.43,2.44,Moderate
12,2,6.7,69,48,114,74,49.8,1,3,1,6,66,3.31,-2.27,-0.61,Low
1,6,7.1,71,46,49,11,48.8,4,10,1,5,43,-0.13,1.44,-0.67,Low
6,10,7.0,69,26,31,36,54.6,4,6,0,5,35,0.7,-1.68,-0.17,Moderate
3,2,6.2,68,27,172,46,52.9,2,3,0,10,180,4.71,-0.15,2.65,High
2,13,5.3,84,35,45,37,49.0,1,19,2,16,130,-0.42,4.73,5.31,High
9,9,7.9,88,62,65,94,38.7,7,11,0,4,50,-0.62,-2.74,-0.43,Moderate
5,3,7.3,70,38,112,38,56.5,5,2,1,3,113,2.23,2.45,1.37,Moderate
3,11,9.0,68,48,65,49,50.9,5,5,0,2,93,0.76,-0.77,-1.0,Moderate
1,14,6.3,65,70,49,77,52.7,4,8,1,3,53,-0.01,4.04,1.34,Moderate
7,11,7.4,73,12,134,85,51.5,1,4,0,7,81,3.47,-0.25,0.73,High
6,6,4.9,84,44,66,18,37.6,4,6,1,5,35,2.25,-7.07,1.69,Moderate
10,8,7.8,82,54,70,29,56.2,5,21,0,20,96,2.6,9.34,0.73,High
3,7,6.6,61,62,31,27,44.2,4,6,1,2,56,-0.7,-5.19,0.89,Low
1,5,8.4,79,46,51,102,46.6,2,2,0,5,74,0.12,-4.6,-1.0,Low
10,3,6.3,75,44,180,65,46.7,6,3,0,8,54,6.0,-4.01,1.24,High
10,4,7.1,80,43,97,54,45.0,4,2,0,1,148,1.66,-2.77,-1.0,Low
2,5,8.3,83,62,55,32,55.4,4,7,2,11,69,0.13,4.42,-0.13,Low
17,9,6.0,66,47,16,20,48.0,4,6,2,6,71,-1.18,-1.0,2.71,High
2,6,6.6,75,60,160,91,42.2,2,2,1,3,59,4.09,-3.05,0.35,Low
9,4,6.9,79,33,154,86,50.4,4,14,0,5,52,4.86,0.89,1.5,High
6,2,4.9,75,49,21,73,58.1,5,9,2,3,22,-1.0,3.91,4.65,High
1,5,5.6,67,49,133,50,40.0,2,6,0,8,36,4.07,-4.1,0.25,Low
2,2,7.0,69,42,167,33,63.6,3,11,2,6,153,5.32,10.0,0.91,High
4,5,7.1,78,18,35,16,66.0,5,4,1,14,33,-0.14,9.42,0.43,High
4,10,5.9,76,38,17,104,52.9,5,8,0,8,29,-0.71,3.11,3.48,Moderate
1,1,6.2,77,47,55,10,35.0,4,7,1,8,5,0.12,-3.8,0.1,Low
4,17,6.3,80,47,43,51,56.5,3,8,2,8,86,-0.22,5.95,3.51,High
3,12,7.6,84,52,2,147,55.1,3,2,1,13,26,-1.84,3.71,0.99,Moderate
11,13,7.1,62,51,180,58,45.8,4,7,1,1,95,4.88,-1.75,-0.24,High
4,6,6.2,67,40,25,10,66.6,2,3,1,3,102,-1.75,3.33,2.84,Moderate
8,1,5.5,85,50,16,175,52.4,2,5,1,7,56,-1.09,0.68,2.97,Moderate
10,1,5.4,61,18,36,97,39.9,3,2,1,12,36,-0.88,-1.95,0.56,Moderate
2,14,7.1,78,65,44,25,66.0,4,6,0,11,145,-0.02,6.26,-0.28,High
20,6,6.7,73,47,17,19,48.5,1,16,3,13,29,-1.26,-1.89,1.81,Moderate
27,6,6.4,67,35,63,48,35.0,3,6,0,20,24,0.59,-4.32,1.46,Moderate
5,16,7.4,76,65,156,80,40.0,2,6,0,14,81,3.5,-3.42,0.11,Moderate
19,14,8.4,79,50,101,15,37.1,5,5,0,8,112,2.75,-5.59,-1.0,High
7,4,8.0,66,57,50,80,47.3,2,8,0,1,151,-0.75,2.68,-1.0,Low
6,6,8.1,79,55,18,3,62.5,2,9,0,14,51,-1.75,9.56,-1.0,Moderate
4,17,7.3,60,53,19,70,61.5,1,9,0,5,44,-1.51,3.82,1.35,Moderate
11,5,6.2,85,38,60,61,47.2,4,3,0,20,35,1.87,0.8,0.16,Moderate
12,8,6.7,76,56,119,16,57.0,2,10,2,6,25,3.99,6.36,0.93,High
3,3,7.9,79,50,58,30,52.4,4,6,0,3,169,0.75,-0.01,0.29,Low
27,2,7.7,75,60,99,32,52.2,3,2,2,20,15,1.69,3.67,-1.0,High
2,6,8.0,73,56,54,26,49.6,6,1,0,6,4,0.76,-0.08,-1.0,Low
5,6,6.7,74,24,15,20,52.5,2,2,0,2,21,-0.67,4.33,0.01,Moderate
6,6,6.9,79,25,137,38,47.4,5,12,2,6,40,3.18,0.38,0.62,Moderate
11,5,7.1,65,44,180,41,39.2,4,2,0,10,95,5.58,0.03,0.36,Moderate
4,3,5.2,68,59,58,159,53.1,2,5,1,4,149,0.28,4.39,2.89,Moderate
9,21,7.9,67,32,33,11,56.3,4,6,2,1,147,-0.59,8.29,-1.0,High
2,2,7.7,77,20,39,75,41.6,3,7,1,7,59,-0.19,-5.62,-1.0,Low
7,3,6.2,78,25,127,102,48.2,5,5,1,19,38,2.33,0.04,2.24,Moderate
7,12,6.7,59,47,180,10,55.2,2,8,0,5,111,5.55,4.26,0.85,High
2,4,6.8,74,53,47,70,39.7,2,3,0,3,180,-1.96,-7.05,1.15,Low
13,16,6.0,79,31,149,87,49.1,6,2,1,7,36,3.93,0.21,0.59,High
9,5,6.4,64,53,35,133,56.9,3,3,1,8,44,-1.81,2.7,1.44,Moderate
8,1,7.2,75,22,105,73,60.2,6,6,0,12,63,2.36,2.7,0.67,High
1,9,9.0,77,16,22,105,70.0,1,9,2,9,64,-1.48,10.0,-0.7,High
9,2,5.9,77,47,98,121,36.6,3,3,1,12,104,3.01,-3.56,-0.3,Moderate
2,5,7.3,75,59,180,90,43.2,5,5,0,3,28,4.53,-1.96,-0.0,Moderate
4,5,7.6,81,63,36,133,35.0,0,3,1,5,40,-0.76,-5.97,-1.0,Low
3,4,6.8,66,26,152,68,35.0,0,3,0,1,180,4.13,-2.29,-0.03,Low
5,9,7.0,85,51,58,59,43.7,1,4,0,4,47,1.43,1.26,0.19,Low
2,3,7.1,78,55,52,43,47.8,5,10,2,6,61,-0.17,-1.01,-0.06,Low
10,15,6.7,81,34,62,43,43.5,4,8,0,5,39,1.02,1.5,0.73,Moderate
5,5,8.6,71,44,7,89,55.6,2,12,1,4,36,-1.59,6.09,1.19,Moderate
2,6,6.6,72,27,23,129,52.6,1,3,1,6,122,-2.32,4.81,0.4,Moderate
6,12,7.7,70,44,91,99,35.9,2,1,3,14,20,0.01,-2.96,-1.0,Moderate
17,9,6.3,75,43,112,51,43.0,1,10,1,6,180,3.01,-0.49,0.82,High
3,7,8.0,72,36,37,86,59.4,3,5,3,15,104,0.26,3.18,0.28,Moderate
8,2,7.2,82,42,54,152,42.5,2,3,2,19,140,0.21,-6.55,-0.48,Low
20,8,6.2,89,35,129,15,60.2,5,16,0,2,66,3.96,5.43,2.3,High
11,6,5.9,72,47,42,68,42.3,3,11,0,2,103,-0.68,-5.75,1.87,Moderate
5,2,6.3,77,49,40,97,43.7,2,7,0,4,19,0.37,-2.84,-0.25,Low
3,2,7.9,79,49,84,59,38.5,2,7,3,8,70,2.0,-1.07,-1.0,Low
5,5,6.7,70,33,23,38,41.2,4,5,2,4,67,-0.63,-2.7,-0.36,Low
11,7,7.5,78,35,75,27,43.3,10,10,0,3,72,0.5,1.04,0.65,Moderate
12,9,5.7,66,31,25,94,54.4,3,12,0,1,61,-0.73,4.65,4.6,High
3,2,6.4,66,44,25,63,45.7,1,7,1,4,11,-1.41,-7.7,1.9,Low
2,5,9.0,79,56,99,119,48.3,6,3,2,16,180,1.58,0.36,-1.0,Moderate
7,3,5.2,64,65,48,24,41.6,4,3,0,13,12,0.91,-3.47,2.0,Low
6,4,7.3,84,31,31,26,49.3,3,6,0,13,32,-1.58,-4.69,0.06,Low
6,6,7.2,83,44,30,180,42.9,5,3,1,15,95,-0.57,-3.02,-0.41,Moderate
6,4,7.1,67,42,56,99,54.2,3,5,1,14,11,0.04,4.28,0.51,Moderate
2,4,7.8,72,35,104,44,53.2,5,7,2,7,42,2.75,5.83,-1.0,Moderate
11,10,6.4,76,36,83,47,42.8,2,6,0,18,57,2.39,-2.55,0.12,Low
1,3,6.1,65,28,180,66,41.7,1,7,0,3,63,5.5,-1.23,1.15,Moderate
7,7,6.0,82,38,29,47,46.2,1,9,0,7,62,-0.73,0.29,1.0,Low
1,10,6.4,96,28,27,94,53.3,5,9,0,11,19,-1.46,1.2,1.63,Moderate
10,1,7.0,80,33,32,49,45.6,0,2,0,9,121,0.92,-5.25,0.03,Low
4,2,7.3,77,62,54,148,51.7,1,21,0,6,30,1.94,4.14,2.67,High
12,7,8.1,79,34,41,9,42.9,2,1,1,1,99,0.16,-1.99,-1.0,Low
7,9,9.0,87,40,39,104,66.6,5,8,0,11,50,-1.2,8.26,-0.33,High
6,4,5.2,66,29,100,106,49.2,1,3,1,2,36,2.73,-3.64,1.32,Moderate
12,2,6.5,59,54,44,144,39.5,3,8,1,4,16,0.13,-2.32,1.94,Moderate
3,3,4.9,61,78,107,31,48.8,3,12,0,5,46,1.57,3.58,3.93,High
5,11,5.6,87,39,31,55,42.7,4,1,0,7,38,-1.97,-3.92,0.93,Low
3,7,7.0,62,23,44,148,45.4,2,6,0,8,74,1.16,-1.62,-0.25,Low
3,2,7.1,72,41,48,114,35.0,6,1,1,3,52,1.38,-1.05,-1.0,Low
8,2,7.4,60,45,9,94,37.9,2,4,2,8,42,-1.06,-6.97,-0.55,Low
5,3,7.2,72,49,72,34,54.8,3,6,3,6,9,2.14,4.49,-0.42,Moderate
8,2,6.0,74,58,13,25,36.0,9,4,1,6,41,-0.17,-9.68,1.08,Moderate
5,3,6.2,88,69,9,65,39.9,2,4,0,13,56,-1.2,-1.39,2.0,Low
4,8,6.5,69,53,73,63,55.8,0,9,1,5,53,-0.36,0.34,2.23,Moderate
11,3,6.5,69,42,43,54,54.3,4,2,2,6,61,-0.04,4.53,2.56,Moderate
16,1,7.5,72,41,158,35,43.9,4,7,1,11,17,3.53,1.32,1.2,High
18,13,7.6,70,43,16,180,52.5,3,5,0,2,101,-0.81,3.91,0.17,High
3,8,5.3,67,62,27,21,50.6,1,1,2,3,25,-0.73,-3.16,1.75,Moderate
3,6,4.7,66,63,31,81,44.8,5,6,0,5,92,-0.34,-2.55,2.67,Low
2,3,6.6,69,32,89,64,59.3,4,15,0,3,15,2.32,6.43,1.9,High
3,1,7.1,73,19,153,54,50.7,2,6,0,2,69,5.8,-0.1,0.22,Moderate
6,15,7.0,73,51,80,85,56.7,6,14,0,5,99,1.03,3.77,2.15,High
6,10,6.3,72,26,80,59,45.4,3,4,0,1,23,1.64,-2.03,-0.07,Moderate
17,3,5.2,80,38,13,82,58.1,0,2,0,12,81,0.13,6.75,2.32,High
10,3,6.8,74,37,41,62,58.0,3,8,0,7,26,-0.61,2.79,1.17,Moderate
10,2,7.5,79,45,133,94,41.5,4,6,1,20,108,2.64,1.08,-0.86,Moderate
1,5,8.6,89,43,95,40,45.5,5,8,0,14,123,1.8,3.97,-1.0,Moderate
19,8,7.3,92,65,32,45,40.9,5,6,1,17,42,-0.47,-2.76,-1.0,Moderate
3,17,7.1,96,25,48,180,55.0,5,13,1,16,74,0.08,6.4,2.22,High
19,1,6.0,76,55,22,34,47.8,3,7,1,16,132,-0.13,0.36,0.79,Moderate
10,6,7.6,83,51,73,180,41.8,5,7,0,11,26,-0.2,-3.04,-0.1,Low
3,3,9.0,96,61,99,87,40.8,3,2,2,14,20,2.9,-4.68,-1.0,Low
10,8,6.0,75,57,123,158,40.8,4,14,1,6,44,2.8,-1.76,1.85,High
1,2,4.9,84,40,103,46,43.9,2,10,1,5,92,1.61,-4.46,1.39,Low
13,6,5.0,82,53,180,21,45.1,5,13,1,20,102,3.94,-0.64,3.29,High
4,4,5.6,77,58,125,18,55.8,4,4,0,7,57,3.77,1.49,1.51,Moderate
6,7,8.2,60,44,102,44,35.3,3,2,0,6,40,2.07,-7.18,-1.0,Low
14,4,7.2,73,42,164,96,45.4,0,11,2,20,43,4.54,1.16,1.03,High
1,4,8.0,76,37,117,57,46.2,2,7,1,18,108,2.53,6.89,-1.0,Low
6,4,7.0,68,33,128,91,44.6,4,3,0,14,132,2.8,-1.34,-1.0,Moderate
5,3,7.5,71,45,25,39,52.6,3,4,1,10,33,-0.2,1.99,-1.0,Low
3,11,7.2,72,46,59,97,46.8,4,6,0,11,157,1.82,1.38,0.12,Moderate
10,9,6.6,73,50,88,49,56.4,6,14,4,5,80,2.19,2.01,4.0,High
10,6,6.7,75,37,60,63,54.7,3,10,0,16,180,1.56,-2.23,1.91,Moderate
9,4,5.8,76,55,18,68,51.1,3,13,1,3,21,-1.55,8.05,1.9,Moderate
1,6,5.7,55,58,15,14,43.1,5,5,1,6,124,-2.5,-0.29,2.16,Low
21,12,7.9,84,39,9,141,57.7,4,3,0,9,86,-1.75,0.3,-1.0,High
8,1,6.1,71,29,55,117,49.4,4,7,0,6,117,0.83,-0.12,2.47,Moderate
4,12,8.9,97,61,180,17,49.8,4,2,0,5,43,4.73,-1.24,-1.0,Moderate
4,3,6.1,68,39,12,130,35.0,5,5,0,18,36,-1.57,-5.92,1.1,Low
8,3,6.9,88,53,129,23,35.0,4,21,0,1,19,2.13,-3.94,1.28,Moderate
6,15,5.6,75,41,65,108,55.2,5,1,1,16,60,0.14,3.83,0.47,High
7,3,8.2,74,48,65,131,43.8,8,13,0,4,19,1.63,1.85,-0.36,Low
5,2,6.4,68,41,25,86,44.8,3,7,0,18,85,-0.33,-6.79,-0.29,Low
8,10,6.5,68,42,145,125,59.0,0,7,0,16,73,3.61,6.28,2.83,High
3,15,6.9,62,41,47,10,57.1,4,7,1,5,64,0.42,1.0,1.11,Moderate
5,7,6.9,71,40,173,18,57.5,4,14,2,12,141,5.42,4.78,2.32,High
1,1,7.8,71,41,40,123,54.7,0,7,1,3,20,-0.67,2.48,-0.0,Low
2,1,7.4,78,42,34,52,35.0,3,15,1,4,24,-1.7,-3.57,-1.0,Low
12,1,6.6,55,57,76,178,54.7,4,11,0,2,80,1.4,4.56,0.81,High
5,3,6.9,103,59,119,126,49.2,4,11,1,5,38,2.54,2.75,0.49,High
0,4,6.8,68,24,69,141,52.1,2,9,0,20,35,0.49,1.73,2.01,Moderate
16,3,6.2,69,30,7,153,48.4,1,14,0,8,58,-2.13,5.13,1.79,High
3,8,6.5,70,57,168,140,48.8,4,2,0,12,12,5.76,-1.8,0.76,Moderate
2,4,7.5,66,49,60,64,60.7,4,5,0,3,115,-0.19,2.99,1.04,Moderate
10,5,8.2,77,57,15,13,37.6,1,3,2,20,7,-1.22,-2.12,-1.0,Low
10,12,5.6,81,46,180,127,46.4,3,3,0,2,95,5.08,-4.64,1.15,Moderate
11,4,5.8,79,35,57,13,53.1,1,6,0,12,77,1.38,0.04,3.92,Moderate
5,5,5.8,84,48,53,130,42.6,3,1,1,13,124,0.91,-6.28,2.13,Moderate
1,8,6.9,69,26,48,35,39.5,3,3,1,1,9,0.96,-1.4,0.48,Low
7,1,6.4,64,49,46,40,57.8,5,1,1,6,61,0.39,2.84,1.65,Moderate
9,3,7.4,96,45,54,27,51.6,2,3,0,13,121,0.48,-2.01,0.33,Low
15,2,6.5,78,43,78,65,45.2,4,0,0,20,58,0.49,-4.98,1.18,Moderate
9,4,7.1,85,25,3,97,59.4,3,21,0,11,85,-1.82,10.0,2.26,High
8,7,6.9,77,45,47,76,49.4,0,5,0,5,13,1.19,0.3,-0.29,Low
4,1,8.1,66,36,141,62,48.9,4,5,3,6,21,3.05,4.39,-1.0,Low
6,9,6.2,63,51,16,118,37.6,0,10,3,13,2,-1.35,-4.02,0.51,Moderate
2,2,7.6,71,67,87,29,41.2,4,3,2,3,139,0.95,-0.62,-1.0,Low
8,4,6.8,75,34,20,41,55.1,1,3,0,8,53,-1.36,-4.83,0.62,Low
11,3,5.5,71,28,70,77,53.0,1,9,3,7,19,0.86,-3.28,2.89,High
2,12,7.9,74,48,12,20,50.3,6,4,0,20,39,-2.39,2.65,-0.14,Moderate
17,3,6.9,76,42,180,71,53.0,2,8,1,3,180,6.0,2.87,1.05,High
7,11,6.6,80,46,18,14,46.3,2,12,1,3,35,-0.54,0.44,2.13,Low
4,1,6.3,87,49,79,113,68.1,5,9,1,9,91,-0.31,4.51,3.16,High
3,6,6.8,61,72,180,57,48.3,1,15,0,10,67,5.91,1.16,1.48,Moderate
3,3,6.3,88,28,121,26,42.8,6,2,0,9,180,1.4,-3.29,0.9,Moderate
1,4,6.6,73,30,14,87,51.8,3,6,0,8,57,-1.81,6.73,1.55,Low
2,2,6.7,65,38,38,25,58.0,4,2,2,3,180,0.79,4.21,-0.71,Moderate
3,2,6.4,77,52,35,50,58.6,3,4,0,13,52,1.43,-1.66,2.45,Moderate
10,10,6.5,80,75,51,28,47.6,3,6,2,6,6,0.91,-3.41,0.4,Low
11,3,6.5,82,55,36,63,57.4,5,7,0,2,113,0.15,7.2,2.19,Moderate
8,5,7.2,72,55,18,101,40.6,2,8,3,4,115,-1.33,-1.7,-0.89,Low
9,4,6.7,71,32,136,49,36.5,2,12,0,10,116,4.47,-1.12,0.98,Moderate
12,1,7.4,77,46,30,99,47.6,3,7,1,10,39,-1.23,-2.43,0.39,Low
14,15,7.6,80,43,70,83,53.2,3,2,1,13,3,0.85,2.66,0.01,High
4,5,8.3,73,20,31,44,43.9,6,3,0,20,77,-0.41,-10.0,-1.0,Low
2,19,6.3,76,47,64,55,46.8,3,18,0,3,121,2.0,-0.53,2.19,Moderate
8,3,6.7,71,37,53,28,59.4,2,16,1,13,44,-0.15,9.11,1.13,High
2,7,7.4,65,58,105,30,55.3,4,2,0,13,50,0.23,7.56,-0.34,Moderate
2,2,7.8,88,55,13,55,57.1,2,1,1,6,65,-2.5,5.72,0.96,Moderate
9,4,8.5,87,56,28,45,53.4,1,13,0,20,37,0.2,2.7,1.87,High
3,4,6.5,82,51,36,27,53.0,2,6,0,4,153,-0.14,-0.08,0.44,Low
10,9,7.3,73,52,54,14,37.9,2,6,0,11,5,-0.44,-3.18,-0.06,Low
3,19,6.7,72,36,25,52,63.6,2,1,0,9,71,-0.68,4.99,0.16,Moderate
2,4,6.5,69,60,145,124,64.9,2,13,2,16,98,3.83,9.18,4.38,High
5,6,6.3,71,54,31,37,64.4,3,7,0,14,148,-0.46,9.2,-0.14,Moderate
5,3,6.6,64,36,59,93,36.1,4,1,1,5,41,1.48,-8.66,0.29,Low
6,7,6.3,83,43,180,21,41.3,2,2,0,17,31,5.85,-3.1,1.45,Moderate
17,1,6.8,71,32,15,173,44.2,3,14,0,6,18,-1.89,-0.36,1.37,Moderate
2,5,7.6,68,30,49,53,59.2,2,7,0,6,74,1.08,5.96,0.7,Moderate
3,1,7.6,81,35,92,66,51.9,3,2,1,5,71,0.39,2.5,0.27,Low
14,7,5.7,77,54,16,73,35.0,3,7,1,1,29,-0.78,-5.02,1.47,Moderate
4,2,5.5,61,55,34,79,43.3,2,3,0,4,94,-0.03,-1.15,1.3,Low
8,4,7.5,67,28,39,38,46.4,3,4,0,9,90,0.51,1.14,0.56,Low
11,12,6.0,55,47,42,80,55.2,9,3,1,3,12,1.01,-3.08,1.31,Moderate
3,7,7.7,74,24,58,92,58.8,5,1,0,18,5,0.29,5.12,0.12,Moderate
11,1,5.4,79,31,49,165,54.1,1,4,1,13,25,0.42,1.53,3.36,Moderate
6,5,5.1,58,28,28,68,35.0,0,2,1,6,92,-1.62,-2.32,0.34,Low
8,11,6.0,81,43,41,78,52.2,1,9,0,3,163,-0.33,3.75,0.26,Moderate
4,2,7.1,85,18,104,46,56.2,3,2,0,10,91,1.71,1.64,-0.32,Low
2,21,7.4,77,67,18,49,42.1,3,1,0,17,56,-1.53,-5.58,-0.41,Moderate
8,10,5.6,74,26,180,33,54.1,2,8,0,8,180,4.81,5.65,4.06,High
6,4,5.4,91,62,39,63,43.4,6,13,0,12,25,0.07,2.45,1.91,High
10,1,5.6,71,69,64,61,55.0,2,12,0,6,57,1.27,3.51,3.89,High
5,5,5.7,82,31,104,107,46.2,0,7,0,2,109,2.45,-0.57,2.1,Low
4,3,7.7,83,17,120,32,57.6,7,3,0,7,95,2.92,3.47,0.16,Moderate
7,20,7.8,69,65,90,23,57.9,2,8,1,16,75,3.44,4.56,0.4,High
11,6,5.9,84,42,33,56,42.7,3,4,0,5,99,-1.75,-1.78,0.5,Low
4,12,6.5,73,32,72,47,37.0,5,11,0,12,49,1.2,-5.53,1.23,Low
12,3,7.5,87,36,18,71,42.2,3,4,0,7,74,-0.41,-3.1,-1.0,Low
14,8,6.5,68,39,28,78,41.5,3,3,2,18,27,-1.58,-3.62,0.03,Low
9,8,6.4,80,47,89,46,45.1,2,9,0,3,36,0.91,-0.19,0.67,Low
13,1,7.6,86,33,16,129,35.8,3,12,1,7,73,-1.0,-0.32,-1.0,Moderate
18,9,8.2,67,27,49,111,43.5,6,3,3,8,38,0.91,-5.89,-1.0,Moderate
7,3,7.5,86,46,54,54,51.2,3,13,0,20,52,1.64,7.49,2.09,High
3,5,8.0,78,28,22,71,51.8,0,8,0,15,23,-1.59,5.7,-1.0,Low
3,6,6.9,72,37,35,37,39.0,1,4,4,9,39,-0.96,-2.35,-0.54,Low
22,14,8.1,75,40,180,58,46.8,3,8,3,11,19,6.0,-1.41,-0.59,High
7,5,7.6,81,56,31,49,45.0,1,10,0,8,62,-0.57,-3.2,-0.73,Low
6,7,6.3,90,55,61,92,45.7,6,7,0,9,47,0.88,0.73,0.53,Moderate
1,10,6.1,73,41,47,22,54.1,5,3,0,1,64,0.61,-2.57,0.68,Low
1,10,7.1,67,51,69,90,44.5,4,4,1,5,61,0.25,1.94,-1.0,Low
14,2,6.9,76,32,35,87,43.9,1,6,0,14,34,-0.22,-2.81,0.01,Low
5,2,6.4,78,31,104,92,60.1,1,12,1,13,83,2.25,5.23,1.22,High
3,11,7.8,70,61,44,59,39.0,2,8,3,7,67,-0.6,-0.6,-0.48,Low
4,7,5.6,70,55,161,17,44.6,3,4,0,4,62,5.24,-4.75,0.49,Low
27,15,7.3,75,46,89,99,48.6,2,9,1,8,36,2.75,0.78,-0.38,High
10,6,6.8,63,45,37,59,42.6,6,5,0,6,56,-1.14,-0.77,-0.42,Moderate
15,4,7.3,75,37,40,84,63.4,5,0,1,4,7,-0.49,6.11,0.97,High
27,4,7.1,69,53,88,25,58.7,4,14,1,7,24,1.23,7.77,1.3,High
1,13,6.2,69,55,78,167,48.9,4,14,1,2,48,1.78,3.93,1.98,High
8,6,5.8,65,46,28,14,44.7,4,17,0,9,96,1.03,0.51,4.22,Moderate
9,7,7.6,64,41,33,26,58.7,1,4,2,3,24,0.08,7.72,0.89,Moderate
1,7,5.8,65,41,62,80,55.1,4,7,1,3,44,1.11,3.84,1.82,Moderate
2,10,7.2,61,44,61,137,62.4,2,7,0,16,108,0.49,2.9,2.12,High
13,1,7.7,68,44,152,146,55.2,7,4,2,14,89,6.0,-0.03,0.87,High
11,5,6.8,71,41,110,76,43.9,3,3,1,5,67,5.25,-0.15,-0.46,Moderate
8,9,7.0,70,31,90,58,44.3,6,9,1,6,180,2.05,3.96,-0.1,Moderate
7,12,6.6,75,48,5,27,43.8,5,7,3,1,120,-2.5,-6.69,0.78,Moderate
9,12,7.4,74,52,83,13,59.1,1,0,0,2,64,1.56,2.14,-1.0,Moderate
9,1,7.6,85,39,39,15,51.4,3,4,1,2,103,-1.17,4.17,-1.0,Moderate
3,7,5.1,67,57,67,24,61.8,3,11,1,8,110,1.26,2.98,3.01,High
3,6,5.8,64,55,20,47,47.8,2,3,1,4,68,-0.07,-5.9,2.56,Low
4,9,6.7,60,43,97,152,48.1,5,4,1,7,143,2.1,-0.73,1.28,Moderate
1,13,6.7,78,57,17,180,55.6,3,4,0,5,64,-1.78,7.88,0.24,Moderate
2,3,6.2,62,33,12,107,46.6,1,5,0,15,146,-0.03,0.69,0.81,Low
12,4,6.0,79,57,169,29,47.3,2,1,0,7,16,5.2,-4.07,0.72,Moderate
7,15,5.4,94,42,28,158,48.9,3,19,0,6,180,-2.02,1.76,4.47,High
16,1,6.7,74,42,31,68,46.8,6,13,1,3,29,-0.15,-2.47,1.16,Moderate
3,1,6.1,67,51,9,107,43.4,0,1,0,4,151,-1.31,-4.65,0.42,Low
1,15,5.0,85,56,123,76,47.2,1,5,0,14,180,2.82,-2.38,2.77,Moderate
11,2,7.6,91,37,116,21,36.9,2,9,0,3,34,3.38,-3.38,-0.92,Moderate
8,6,6.5,70,47,156,86,35.0,4,12,1,5,49,5.08,-3.56,1.35,High
2,14,6.2,90,44,57,66,44.6,2,6,1,11,15,0.41,-5.96,-0.53,Moderate
8,1,7.8,86,51,71,106,43.5,3,9,0,4,55,1.21,-1.35,-0.33,Low
3,4,5.3,74,22,53,98,42.3,0,5,2,8,62,0.38,-5.06,2.16,Moderate
14,3,7.3,64,47,174,54,46.7,0,16,0,7,96,4.73,0.99,1.91,Moderate
1,2,8.0,90,38,41,37,42.9,1,6,0,10,70,-0.42,-5.42,-1.0,Low
5,7,6.3,76,69,25,11,40.1,6,14,1,13,24,-0.74,-2.49,2.52,Moderate
18,12,5.3,64,19,11,87,47.1,3,21,1,15,180,-1.27,1.25,4.03,High
7,5,5.5,66,54,30,68,46.2,3,6,1,13,65,-0.96,-2.58,1.56,Low
18,5,7.0,80,44,38,44,49.3,7,11,1,9,86,0.44,1.1,0.64,Moderate
5,1,7.6,72,40,7,37,43.5,3,2,1,2,31,-1.62,-6.29,-1.0,Low
8,6,6.2,81,61,51,64,39.0,4,2,1,10,180,-0.64,-6.21,1.34,Moderate
19,1,7.3,74,28,92,83,40.4,6,4,0,18,1,2.51,-3.23,-1.0,Moderate
7,20,9.0,65,60,99,65,40.7,3,15,0,19,80,3.27,1.36,-1.0,High
5,18,6.8,69,49,40,5,48.6,3,9,0,16,54,-0.55,4.9,1.66,High
4,6,5.6,62,39,99,21,53.3,5,9,0,14,32,3.07,5.21,3.23,Moderate
1,8,6.8,85,51,64,72,43.7,3,8,1,5,19,2.27,-5.23,0.29,Low
2,3,6.3,70,40,69,68,58.8,2,6,1,6,34,0.49,3.37,1.55,Moderate
12,11,6.0,73,41,26,42,49.1,3,11,0,20,59,-1.8,-2.32,2.82,Moderate
5,4,7.6,85,54,14,17,35.0,1,11,0,7,82,-0.5,-5.31,-0.59,Low
5,10,7.3,72,66,180,18,56.6,4,10,0,10,50,6.0,5.36,2.33,High
11,13,5.3,85,57,128,56,52.7,3,10,1,4,26,3.07,3.04,2.15,High
2,2,6.4,80,59,41,95,51.6,5,10,1,4,35,1.01,2.15,2.09,Low
4,7,6.8,82,33,39,31,38.4,3,11,1,6,67,0.56,-2.24,1.45,Low
2,3,6.2,73,69,48,85,40.7,1,1,4,1,49,0.34,-6.18,-0.21,Low
7,6,6.4,80,28,76,43,49.4,4,9,0,3,118,1.68,2.24,2.21,Moderate
10,6,6.8,81,68,23,57,49.0,5,2,0,8,59,0.08,-6.12,0.09,Moderate
5,2,8.9,77,50,101,29,44.5,0,3,2,7,43,3.48,-4.09,-1.0,Low
9,6,7.3,77,23,39,73,46.7,3,4,0,12,31,-0.69,-5.73,-0.98,Moderate
3,3,7.9,64,44,21,52,58.1,7,1,3,4,80,-1.03,7.53,-0.23,Moderate
18,3,6.7,69,51,64,41,48.7,4,2,0,14,44,0.13,-2.17,0.62,Moderate
3,2,7.3,74,54,31,152,35.0,3,5,2,20,68,-1.46,-3.8,-0.96,Low
6,2,7.6,59,41,61,10,44.2,6,10,0,20,168,1.35,1.55,-0.59,Low
5,1,7.0,89,48,110,41,54.0,7,2,3,5,150,2.17,4.73,-1.0,Moderate
7,4,6.9,88,53,45,73,48.0,2,3,1,9,31,-1.39,-3.81,-0.52,Low
4,3,7.4,77,24,36,127,56.6,4,4,0,6,10,0.64,2.61,-0.92,Moderate
1,5,6.6,74,38,38,15,35.0,4,3,0,12,57,0.24,-10.0,1.94,Low
1,3,4.6,77,26,107,180,42.2,3,4,1,4,10,2.15,-0.68,4.3,Moderate
2,2,6.3,76,28,117,180,51.4,2,2,0,2,87,4.06,1.76,1.84,Moderate
4,5,6.4,76,44,56,180,41.4,2,1,1,7,48,-0.07,-3.47,-1.0,Low
7,5,7.2,70,28,46,28,42.8,1,9,1,15,35,-1.22,-1.15,0.54,Low
9,4,7.4,63,28,86,38,38.1,6,8,1,4,45,1.0,-1.99,-1.0,Moderate
2,4,7.1,58,55,180,52,44.4,2,12,2,2,43,4.77,1.95,-1.0,Low
11,8,7.1,85,58,86,65,43.0,6,4,0,4,177,1.07,-4.52,-0.54,Moderate
8,7,7.2,69,23,54,140,44.1,5,10,1,5,118,0.89,-0.34,1.5,Moderate
8,1,6.4,60,35,65,68,47.8,2,4,1,2,47,-0.26,-0.52,0.7,Low
14,12,6.6,72,34,22,154,58.0,1,10,0,10,52,-2.46,1.82,1.05,High
6,2,7.3,74,36,54,47,51.9,6,2,0,14,28,-0.55,1.63,-1.0,Low
2,4,6.7,71,58,85,97,36.6,1,2,0,20,27,-0.31,-8.21,-1.0,Low
6,0,6.1,88,49,40,67,46.9,2,2,1,11,36,0.68,1.48,0.36,Low
3,7,6.7,74,43,24,113,51.0,4,5,1,9,174,-0.94,2.41,-0.65,Moderate
5,6,8.0,58,53,38,59,35.0,4,5,1,5,54,-1.1,-6.09,-0.79,Low
5,7,8.1,73,27,63,64,48.5,3,7,0,5,81,-0.07,-0.61,-1.0,Low
19,3,5.8,70,40,116,61,51.9,6,9,0,1,180,2.77,4.77,2.88,High
10,5,6.1,80,25,110,24,40.2,4,2,1,7,37,2.31,-2.41,-0.53,Moderate
5,6,6.5,74,44,28,71,43.8,2,1,1,3,28,-1.3,-3.52,-0.86,Low
4,3,7.6,66,43,39,28,52.9,5,3,4,5,75,0.07,-0.99,0.41,Moderate
7,11,7.5,68,54,20,15,48.4,1,7,1,12,100,-1.57,3.52,0.16,Moderate
8,2,7.4,83,57,101,7,51.2,3,4,3,10,28,1.52,2.73,0.37,Low
4,13,7.5,81,46,90,47,39.6,6,9,0,4,82,1.71,-0.57,-1.0,Low
5,7,4.8,70,40,61,97,51.1,4,6,1,6,180,0.79,1.28,3.28,Moderate
4,4,8.0,75,33,31,47,61.6,2,14,1,4,65,-0.07,10.0,-0.18,High
1,11,7.4,82,44,58,49,47.9,5,11,0,9,51,1.49,5.11,0.56,Moderate
8,3,6.2,71,48,86,133,35.0,7,6,1,6,94,0.49,-8.89,-1.0,Low
8,9,6.3,79,44,26,168,49.0,2,15,2,7,38,-0.49,-2.63,2.43,Moderate
4,4,7.6,74,49,76,70,52.3,4,12,2,10,147,1.32,0.67,1.36,Moderate
7,2,7.2,70,15,97,143,47.0,1,4,1,12,75,1.61,0.26,-0.36,Moderate
15,7,7.3,82,39,30,38,35.0,4,12,0,20,160,-0.26,-8.03,1.25,Moderate
3,2,6.7,60,57,141,142,50.6,6,13,0,4,53,4.17,8.11,1.45,High
4,5,6.5,76,26,47,34,67.6,2,16,0,4,58,-0.1,9.4,4.34,High
3,2,7.4,65,48,24,102,38.0,4,2,0,11,82,0.94,-6.45,-0.7,Low
7,4,6.8,69,33,48,66,35.0,2,6,0,8,37,-1.21,-10.0,-0.79,Low
4,6,6.1,73,25,18,67,58.4,4,3,1,8,57,-0.89,2.0,4.07,Moderate
9,3,5.1,67,35,143,128,40.8,3,19,0,5,21,3.57,-1.99,4.54,High
8,9,5.9,82,52,27,65,36.6,1,3,0,7,103,-0.86,-4.03,-0.7,Low
22,5,6.9,72,40,168,42,45.6,4,20,0,6,68,6.0,1.29,0.22,High
2,3,8.4,72,38,27,159,36.2,1,5,1,11,26,-1.13,-10.0,-1.0,Low
2,4,6.0,74,51,39,180,39.6,4,2,2,13,121,-0.08,-9.61,1.36,Low
6,7,6.3,61,43,57,24,50.9,3,7,0,5,14,2.03,0.37,1.85,Moderate
19,10,5.5,77,39,144,159,49.3,3,5,0,8,16,4.0,0.96,1.33,High
9,8,6.2,80,59,43,108,70.0,3,16,0,9,36,-0.42,8.05,3.61,High
12,8,7.9,81,46,84,85,41.3,3,3,1,11,27,1.24,-6.91,-1.0,Low
4,5,5.7,73,48,136,96,45.7,5,5,2,4,76,2.82,1.44,1.75,Moderate
8,2,7.4,87,32,130,45,40.3,7,3,1,10,180,2.37,-6.08,-0.6,Moderate
8,4,5.1,77,48,30,39,40.0,4,10,2,20,62,-0.2,-1.98,3.32,Moderate
11,1,6.3,94,43,100,14,61.4,2,7,4,4,97,2.03,9.05,2.49,High
3,11,5.9,81,29,126,24,44.0,3,10,4,15,104,4.35,-1.67,1.19,High
5,5,6.0,70,47,69,53,51.7,1,7,1,4,146,2.04,2.24,1.3,Moderate
1,1,6.5,66,44,51,49,35.0,6,16,1,9,140,0.94,-2.56,2.28,Moderate
3,2,6.9,90,47,39,52,51.5,3,3,1,4,83,0.17,1.13,0.47,Low
16,11,6.5,78,42,23,46,57.4,2,9,0,5,23,-0.77,6.16,1.44,High
7,5,6.9,70,51,136,151,44.7,5,1,0,3,88,2.83,-2.48,-0.09,Moderate
8,5,8.2,65,34,65,56,52.7,3,1,0,1,125,1.21,1.0,-1.0,Moderate
16,2,6.5,90,40,10,180,44.9,2,3,0,5,64,-2.5,-6.68,-0.8,Low
6,4,6.9,72,46,112,38,55.5,3,7,0,10,89,2.84,3.91,1.23,Moderate
5,3,6.5,64,18,86,42,37.7,2,1,0,0,18,2.08,-2.89,-1.0,Low
3,4,8.1,70,51,106,50,43.3,3,9,2,18,80,3.28,-3.24,-1.0,Moderate
8,3,5.8,55,40,180,14,37.3,5,1,0,10,29,6.0,-8.67,-0.23,Low
8,6,6.9,76,35,122,70,53.2,2,7,1,7,80,2.44,0.16,0.84,High
20,10,7.9,59,45,25,8,40.9,5,5,0,1,26,-1.15,-2.54,-0.49,Moderate
6,4,6.6,77,36,30,95,42.1,3,6,1,3,180,0.19,-4.31,0.47,Moderate
3,2,6.1,62,56,77,13,52.4,3,6,0,1,123,1.69,0.83,1.2,Low
11,5,6.4,70,40,9,17,48.4,3,2,3,7,180,-1.85,0.5,1.4,Moderate
11,4,6.5,75,31,69,66,64.0,3,2,1,8,45,0.08,7.07,2.07,High
3,14,7.4,82,26,113,40,54.5,5,13,1,13,20,2.22,3.5,-0.01,High
8,4,7.2,79,37,34,32,35.9,7,5,0,6,20,-0.92,-6.71,-0.43,Low
17,4,6.1,88,63,8,99,41.1,0,12,1,11,19,-1.59,-4.66,2.46,Moderate
18,4,7.4,80,31,47,33,55.5,0,3,1,7,139,0.3,0.33,-1.0,High
8,4,5.3,82,27,158,72,58.6,1,10,1,11,110,4.2,7.74,3.69,High
16,10,8.1,63,36,41,28,53.3,3,17,0,6,81,0.88,6.89,1.69,High
5,8,7.5,75,45,121,42,56.8,4,8,2,2,39,1.97,4.95,0.51,Moderate
9,21,6.3,75,49,80,7,59.4,1,3,0,14,77,1.94,4.44,2.26,High
5,2,7.1,82,43,36,25,46.7,4,3,1,18,63,-0.18,-0.38,-0.51,Low
13,2,8.8,69,19,60,30,38.5,4,5,2,13,4,1.79,-4.47,-1.0,Low
1,2,5.7,83,41,99,72,42.9,5,11,1,20,19,2.49,-0.84,2.19,Moderate
7,4,7.4,62,58,60,45,43.6,6,8,2,3,13,0.29,-1.81,0.01,Low
3,7,6.1,85,53,50,44,47.4,1,10,2,5,57,-0.09,2.55,1.78,Moderate
1,2,7.8,81,47,59,71,42.0,6,9,0,3,7,-0.94,-2.14,-0.47,Low
12,8,7.7,59,34,63,180,53.8,2,3,0,2,165,0.88,0.35,1.08,High
10,7,6.7,80,52,71,30,54.8,5,0,0,10,50,1.21,-0.27,0.9,Moderate
11,2,6.2,57,50,126,28,49.6,2,12,3,10,24,2.33,2.53,2.07,Moderate
5,10,7.5,87,46,18,93,49.6,2,3,0,10,177,-0.99,1.1,-0.12,Moderate
16,3,7.3,74,44,37,50,45.0,4,13,0,6,7,0.06,-2.92,0.37,Moderate
4,2,6.5,72,40,17,31,55.4,2,2,1,13,81,-0.98,5.16,2.11,Low
10,8,8.0,70,45,131,68,54.4,2,8,4,13,45,2.7,6.54,-0.75,High
12,8,7.1,85,36,56,23,56.4,3,13,0,6,49,-0.45,3.97,1.41,High
8,13,7.1,66,53,59,132,51.8,1,6,1,6,84,0.85,5.88,0.83,Moderate
12,3,6.9,65,51,26,32,61.1,6,6,1,11,70,0.35,8.3,1.37,High
3,1,5.8,82,45,53,28,57.5,5,4,1,1,16,0.32,2.39,4.73,Low
10,2,6.8,76,37,68,9,52.8,5,10,0,7,58,-0.78,-0.16,1.02,Moderate
10,11,6.9,70,56,75,33,46.2,3,1,2,5,64,0.42,-4.24,-1.0,Moderate
15,2,6.5,71,29,16,40,58.2,4,4,0,14,105,-0.9,4.82,1.62,High
6,7,7.0,72,23,14,152,62.0,1,5,0,5,102,-1.41,5.72,1.13,High
3,9,5.9,77,45,47,81,37.6,9,8,2,4,94,0.05,-2.68,0.19,Moderate
8,10,7.9,75,37,24,162,35.0,5,4,0,9,24,-1.15,-3.9,-1.0,Low
12,5,7.9,67,14,11,156,40.7,4,11,1,9,114,-0.93,2.14,-0.38,Moderate
6,12,7.6,73,44,14,30,52.0,2,2,1,4,84,-1.9,-1.54,0.7,Low
20,7,7.0,75,23,74,81,57.7,6,21,1,6,34,1.3,9.93,1.34,High
5,4,5.7,81,23,17,34,53.1,4,5,1,0,41,-1.97,6.34,3.08,Moderate
1,4,7.3,76,33,23,83,58.7,3,3,1,13,32,-0.82,7.0,-0.7,Moderate
13,5,6.9,79,44,60,118,35.1,3,4,0,20,25,0.44,-3.34,-1.0,Moderate
5,3,7.5,68,45,22,60,35.0,1,8,0,4,115,0.1,-3.48,0.21,Low
4,1,5.7,70,35,44,130,47.0,4,7,2,4,51,-0.99,2.61,2.83,Low
8,2,7.6,67,37,103,45,35.3,3,10,0,2,42,1.97,-1.56,-1.0,Low
10,4,6.6,56,33,76,38,59.2,2,6,1,7,79,2.81,5.81,2.14,High
9,4,7.8,75,41,109,51,48.6,7,3,0,7,24,3.0,1.15,-0.97,Low
7,13,8.6,86,59,116,43,47.8,3,5,0,4,45,3.95,1.15,-1.0,Moderate
5,5,7.7,85,36,10,31,46.6,2,10,0,2,53,0.51,-0.65,0.28,Low
10,1,7.6,86,33,101,7,52.8,4,5,0,20,77,1.77,1.08,-0.6,Low
3,13,7.1,82,54,73,36,49.9,2,16,1,9,23,1.65,3.86,0.59,Moderate
0,6,5.0,70,36,10,66,49.4,4,15,1,5,31,-1.89,0.03,3.57,Moderate
5,0,7.4,81,43,50,120,35.6,2,4,0,7,22,0.16,-5.78,0.42,Low
2,5,6.7,75,53,37,67,46.0,2,2,0,4,124,-0.85,1.2,-0.58,Low
8,2,6.9,76,32,88,51,46.9,1,9,2,5,38,0.62,-2.65,0.1,Moderate
5,3,7.2,87,44,95,56,45.6,4,1,0,4,45,2.49,-1.05,-1.0,Low
10,2,8.2,80,39,10,14,60.5,4,10,0,10,35,0.02,5.72,-0.05,Moderate
1,2,7.9,67,46,9,52,40.2,4,3,0,9,50,-1.68,-2.85,-1.0,Low
6,3,7.0,77,25,95,33,62.2,4,3,0,12,54,2.49,5.58,0.09,Moderate
2,9,6.4,59,35,41,56,41.9,6,8,0,9,37,0.82,-4.63,1.22,Low
2,6,7.4,58,51,47,51,46.5,3,8,0,8,54,-1.1,1.12,-0.85,Low
7,2,5.4,75,39,14,37,55.2,2,2,1,4,33,-2.24,-2.27,1.65,Moderate
16,1,7.4,99,39,111,11,48.2,4,2,1,20,66,2.85,2.3,-0.95,High
7,1,8.1,67,20,21,107,47.2,5,9,0,9,141,-1.67,-1.78,-1.0,Low
9,9,8.7,76,48,74,54,47.2,4,6,2,7,21,0.29,0.4,-1.0,Low
5,7,7.3,72,46,37,41,49.1,4,3,1,8,76,-0.57,-2.45,-0.33,Low
3,2,8.8,68,36,121,73,56.0,4,0,1,1,44,1.65,3.08,-1.0,Low
7,3,7.1,71,39,92,132,66.7,1,4,0,6,73,1.4,9.64,0.35,High
3,4,7.6,69,55,114,44,35.0,3,8,1,4,36,2.36,-3.8,-0.96,Moderate
17,14,7.1,75,39,180,125,45.7,2,2,2,8,10,3.82,-1.76,-1.0,High
4,13,6.2,72,53,34,178,59.3,2,13,0,7,30,-0.31,8.68,4.27,High
5,3,6.6,83,35,12,17,36.5,3,13,1,7,76,-0.87,-2.24,0.31,Low
2,2,5.1,82,36,52,85,52.2,6,7,2,14,11,0.13,1.65,3.39,Moderate
22,7,6.1,83,46,114,162,43.6,7,4,1,1,19,2.02,-3.34,1.25,High
4,5,6.2,76,47,58,141,56.7,4,1,0,4,180,-0.75,4.04,1.4,High
12,2,6.5,85,51,153,180,45.7,2,7,0,10,148,3.14,-3.5,0.62,Moderate
8,10,8.2,81,60,103,53,45.4,2,3,2,12,70,1.03,-0.73,-0.79,Low
4,1,7.7,73,32,59,89,45.8,2,5,3,6,25,1.69,-2.44,0.32,Low
6,3,6.6,85,38,61,50,58.0,2,6,0,6,37,-0.87,6.66,2.47,Moderate
7,3,6.1,81,52,35,154,42.1,3,7,0,3,9,-0.07,-1.51,0.63,Low
20,14,5.7,68,62,32,109,47.5,9,8,1,9,78,-0.08,-2.97,2.01,High
1,6,7.9,68,54,10,58,52.0,3,13,1,20,81,-1.15,2.92,0.24,Low
5,5,6.7,82,59,79,72,38.0,5,9,0,9,96,1.33,-6.25,0.28,Low
2,8,7.4,77,37,22,118,56.7,0,2,1,14,43,0.75,3.01,-0.71,Moderate
4,2,5.9,85,55,170,68,39.4,2,7,2,11,51,4.49,-4.27,0.75,Moderate
6,18,6.8,78,61,140,108,51.7,1,8,1,6,11,3.12,5.72,1.45,High
11,4,7.6,80,38,60,27,47.5,3,0,1,1,76,-0.89,-1.59,-1.0,Low
5,10,6.2,83,45,30,35,57.7,3,5,3,11,67,-0.83,2.92,2.94,Moderate
4,4,7.3,82,32,110,157,67.5,7,7,2,9,35,3.23,8.13,1.69,High
3,5,7.0,74,51,22,65,48.0,1,6,1,8,11,-0.66,2.17,0.85,Low
9,15,6.1,72,19,72,110,52.0,3,1,0,7,75,2.28,-2.43,0.7,High
2,3,8.1,68,70,48,23,58.7,1,9,2,7,65,1.31,4.3,1.37,Low
9,2,6.2,63,36,163,88,35.0,4,2,0,7,180,5.6,-6.51,0.44,Moderate
11,2,7.3,74,64,54,180,42.4,2,4,1,1,20,-0.27,-1.66,-0.84,Low
3,6,8.7,73,28,76,34,53.5,4,8,3,7,45,2.4,0.4,-1.0,Moderate
3,13,6.1,83,31,180,19,54.0,4,2,0,5,111,3.74,4.25,1.74,High
1,6,7.6,74,40,78,132,35.0,3,7,1,9,23,0.24,-5.12,-1.0,Low
10,21,6.1,67,55,50,82,43.3,3,4,1,6,8,-0.23,-1.05,-0.0,Moderate
5,1,6.4,85,49,23,103,47.5,1,2,1,12,77,-2.26,0.5,1.69,Low
6,4,6.7,56,27,75,176,42.5,4,10,2,6,28,1.03,-5.67,1.62,Moderate
2,2,6.1,85,49,51,56,51.6,5,21,0,5,16,-0.11,3.48,3.09,Moderate
12,5,7.4,62,55,74,87,48.7,1,8,0,10,63,0.18,-0.05,0.35,Low
2,8,6.7,67,41,87,127,42.0,5,5,2,8,69,2.5,-0.65,-0.54,Low
5,16,7.1,72,64,125,43,40.7,1,8,1,7,36,3.2,-5.68,-0.5,Moderate
5,9,7.5,79,58,28,151,57.2,1,8,1,7,76,-2.5,3.8,-0.47,Moderate
7,7,6.9,76,49,114,48,57.1,3,4,2,3,124,2.03,3.8,0.64,Moderate
7,8,6.7,76,35,67,41,45.6,2,7,1,1,180,0.4,2.78,1.05,Moderate
2,6,7.0,72,41,45,103,57.5,1,4,0,20,84,1.09,1.72,0.92,Moderate
7,12,6.9,71,36,62,75,50.3,2,12,0,3,147,0.46,0.58,0.51,Moderate
6,4,6.3,67,35,38,58,57.2,1,8,1,4,38,-0.25,4.57,1.84,Moderate
4,6,7.3,85,30,124,17,52.2,5,5,1,4,120,2.6,0.87,-0.14,Moderate
6,2,6.4,87,59,63,75,39.6,2,21,0,3,112,2.87,-0.31,3.74,Moderate
12,3,7.1,79,31,116,84,60.1,5,3,2,5,19,1.73,4.61,-0.26,High
3,3,6.0,71,53,132,103,53.3,2,4,0,5,54,3.25,-1.82,0.72,Low
6,5,5.5,68,51,38,36,61.3,2,1,0,12,48,0.56,5.66,1.48,High
6,13,7.2,87,72,102,99,60.4,3,5,0,4,36,2.99,5.52,-0.18,High
12,8,7.8,70,36,57,91,51.7,3,4,1,4,130,0.44,-0.65,-0.13,Moderate
3,10,7.3,56,42,16,106,57.7,4,9,0,6,66,-1.4,6.57,1.27,Moderate
5,1,5.7,72,43,60,32,48.8,1,0,0,2,48,1.18,0.63,1.23,Low
16,13,6.7,97,40,116,173,37.8,2,10,0,10,55,3.78,-1.31,-0.61,High
7,2,8.1,92,42,102,22,48.0,0,10,3,4,19,2.48,4.3,-1.0,Low
8,6,5.8,63,12,64,10,38.6,4,4,3,6,19,1.36,-3.2,0.65,Moderate
4,3,7.6,79,43,62,53,52.9,1,3,0,1,56,-0.52,1.2,-1.0,Low
8,10,6.7,74,43,29,49,36.2,2,13,0,6,36,-0.34,-1.85,0.56,Low
11,4,5.1,86,65,29,161,43.2,3,0,0,9,56,0.04,-4.46,2.01,High
5,5,6.5,61,27,30,45,39.4,1,8,1,3,44,-0.73,-6.91,0.92,Low
3,2,7.8,84,42,180,25,40.1,5,2,0,8,17,5.73,-6.04,-1.0,Low
17,8,7.2,78,47,82,44,54.8,1,13,0,4,148,0.65,5.04,2.16,High
7,3,6.1,83,49,6,30,49.8,4,12,1,4,25,-1.79,1.3,1.69,Low
8,2,7.5,88,41,63,39,59.2,5,8,2,10,8,0.06,6.81,-0.4,Moderate
5,6,7.2,80,36,94,35,49.3,5,8,0,9,21,0.49,2.35,-1.0,Low
10,5,6.6,85,35,83,60,41.9,6,3,0,3,32,3.15,-10.0,-0.46,Low
2,3,7.9,66,62,8,43,42.6,3,6,1,19,88,-2.41,-1.52,-0.65,Low
10,5,7.6,61,54,32,73,52.7,4,9,1,2,30,-0.4,1.69,-0.66,Moderate
22,0,6.8,70,52,138,134,51.9,3,8,0,8,51,3.07,1.72,0.99,High
1,4,6.1,75,47,64,49,54.6,1,9,0,4,24,0.51,3.06,2.73,Moderate
6,7,6.2,82,48,53,39,39.3,3,5,0,4,29,-0.36,-4.36,0.7,Low
5,1,7.0,69,44,25,73,35.0,2,2,2,10,62,-0.13,-5.05,-0.97,Low
5,4,7.2,74,60,138,137,57.8,2,4,1,5,100,4.05,1.69,1.38,High
4,8,6.2,70,34,80,82,49.1,2,5,1,18,47,2.73,7.13,1.22,Moderate
2,3,5.7,84,26,78,4,40.0,3,9,1,8,180,0.65,-3.69,2.27,Moderate
15,1,5.0,80,33,7,36,50.9,3,6,1,4,25,-1.77,0.91,2.68,Moderate
21,10,7.7,75,37,167,34,47.3,4,8,2,4,108,4.93,0.55,0.88,High
14,5,6.7,77,41,38,79,52.5,2,20,0,14,34,-0.91,2.22,4.57,High
7,11,8.3,71,53,27,105,49.7,6,10,0,6,180,-0.98,6.0,-0.9,Moderate
4,4,6.6,78,65,45,75,48.2,7,15,1,9,90,0.07,-2.71,-0.29,Moderate
10,9,5.8,69,53,77,60,35.0,5,2,1,6,40,1.53,-0.67,-0.15,Moderate
9,13,5.7,75,56,39,162,36.2,3,18,1,12,46,0.7,-4.51,2.1,Moderate
9,6,6.4,79,32,107,54,55.8,3,2,0,3,16,3.17,1.34,-0.41,Moderate
4,7,5.7,94,33,107,38,38.2,3,5,2,8,41,3.16,-2.06,2.45,Moderate
7,1,4.9,70,55,88,52,38.8,5,15,0,2,19,2.91,0.63,3.28,Moderate
7,2,5.6,75,24,51,133,51.5,5,3,4,8,146,0.53,-2.89,2.91,High
3,8,7.8,61,34,11,20,54.0,2,17,1,4,61,-0.61,0.35,0.09,Low
0,6,6.4,68,38,95,14,58.7,1,13,1,18,63,3.16,5.48,2.48,High
12,7,6.5,71,45,64,72,53.9,2,12,0,8,56,-0.06,5.31,1.67,High
3,2,5.9,74,44,16,81,63.8,8,6,1,7,180,-1.35,6.49,1.25,Moderate
7,3,5.7,82,51,20,116,47.6,2,10,0,3,180,-1.38,2.7,2.64,Moderate
5,12,7.7,66,67,51,32,41.8,4,15,3,14,34,-0.26,-4.33,0.73,Low
9,3,7.1,68,62,104,20,41.8,5,3,2,4,54,3.14,-2.87,-1.0,Low
6,9,5.7,75,46,91,18,55.8,4,8,1,3,35,1.54,5.46,2.52,High
9,9,6.5,83,28,180,51,54.5,2,14,1,20,40,5.96,7.69,2.85,High
9,6,6.9,62,26,69,31,55.1,2,13,0,12,4,1.3,4.45,1.33,High
4,13,7.7,74,45,82,144,52.8,4,6,1,9,68,1.8,3.88,-1.0,High
5,11,5.1,98,48,41,24,52.9,2,8,1,17,46,-1.3,1.26,3.37,High
10,7,6.5,79,49,69,16,35.0,7,6,2,19,21,-0.54,-9.44,-0.81,Moderate
4,6,5.9,77,32,33,17,52.1,5,10,0,4,25,0.22,1.74,4.35,High
2,3,7.2,61,48,12,90,45.3,3,8,0,4,54,-1.21,0.85,1.23,Low
5,12,7.5,92,24,10,128,44.3,1,2,0,5,39,-1.14,-0.57,-0.78,Low
3,6,7.9,72,41,43,44,53.6,4,9,2,7,23,1.1,1.73,0.34,Moderate
15,5,5.1,63,55,153,31,41.3,2,3,0,6,58,4.71,-5.86,0.01,Moderate
17,3,7.2,74,26,44,101,64.5,3,6,0,20,36,1.46,10.0,1.44,High
4,4,7.5,86,54,154,42,47.5,1,6,1,11,44,3.8,-1.49,-0.64,Moderate
3,8,7.4,70,49,62,82,35.1,1,8,0,14,23,0.21,-3.93,-0.76,Low
5,2,7.4,79,30,103,25,35.0,2,2,0,13,150,2.63,-5.07,-0.71,Low
16,2,6.8,70,51,30,67,42.7,5,7,1,5,56,0.59,-3.0,-0.49,Low
7,4,7.0,80,37,18,50,45.8,3,2,1,10,55,-1.59,-0.86,-0.6,Low
2,9,6.8,63,29,38,150,48.7,3,10,0,9,1,-0.44,1.79,1.64,Moderate
7,8,7.0,82,48,59,11,53.1,1,5,1,8,140,0.33,4.87,-0.18,Moderate
13,10,6.6,77,55,180,67,43.4,2,8,1,20,37,5.96,0.43,1.51,High
7,3,6.3,76,30,112,23,55.6,2,4,0,1,17,1.19,1.23,1.86,Moderate
6,7,6.6,72,51,24,149,42.7,2,11,1,9,36,-1.05,-0.42,0.58,Low
3,8,7.5,72,31,32,72,40.9,6,6,1,20,96,-0.82,-5.99,-0.53,Low
3,5,9.0,59,39,97,31,53.7,1,8,3,2,50,1.76,2.23,-1.0,Low
0,4,6.9,84,51,115,26,35.5,3,9,0,5,18,1.57,-7.49,1.3,Low
14,3,6.2,77,38,93,129,58.6,4,3,0,11,71,2.76,4.87,1.27,High
13,4,7.1,77,41,56,30,44.0,4,8,0,4,105,-0.97,-2.39,0.0,Low
9,5,5.6,88,62,27,7,49.3,2,5,0,1,143,-0.49,1.69,3.41,Moderate
4,2,7.8,58,66,59,15,35.0,4,21,1,7,67,1.39,-3.11,0.46,Low
2,13,7.0,81,19,172,45,51.5,3,21,1,1,30,6.0,7.43,2.68,High
4,3,6.7,62,53,92,65,52.0,0,6,1,9,39,1.56,-3.28,0.86,Moderate
4,2,6.6,81,66,107,101,50.6,2,4,0,4,35,1.24,-2.74,-0.08,Low
1,16,8.0,77,73,83,74,56.1,3,2,1,4,15,1.02,1.27,-0.16,Moderate
7,10,7.4,81,42,42,25,50.6,2,4,1,10,72,0.0,-1.72,0.54,Moderate
6,10,6.8,81,39,90,42,52.1,1,4,1,7,19,2.25,5.18,-1.0,Moderate
9,7,6.6,73,16,25,173,44.2,3,7,0,10,17,0.15,1.42,1.85,Moderate
10,5,8.1,85,55,136,26,52.6,4,4,0,9,58,3.37,-2.75,-1.0,Moderate
4,3,6.8,80,27,83,36,45.6,3,5,0,3,95,1.01,-0.04,1.46,Low
5,5,7.3,68,53,70,37,45.7,6,4,0,12,60,1.24,1.05,0.96,Low
13,5,6.0,78,30,48,43,62.4,3,9,0,1,6,0.25,3.57,2.06,High
3,3,7.7,83,40,109,68,59.1,1,4,1,4,58,3.74,3.03,0.84,Moderate
5,8,4.9,87,46,40,80,39.7,5,3,1,9,13,-0.08,-8.3,2.7,Moderate
5,8,6.6,89,44,150,42,61.0,3,5,1,9,148,3.95,1.73,2.13,High
12,4,6.3,68,56,24,180,43.9,4,0,0,12,36,-2.32,-0.6,0.94,Moderate
1,3,8.0,64,69,70,68,54.0,3,3,0,3,72,0.74,3.05,-1.0,Low
4,21,7.0,60,48,9,155,43.0,4,10,2,6,59,-0.56,-2.55,0.13,Moderate
9,6,7.1,55,50,91,121,52.3,5,11,1,3,26,2.64,5.16,0.08,High
10,6,6.9,73,35,28,48,50.4,4,6,3,9,115,-0.21,-0.01,-1.0,Moderate
7,5,7.9,90,40,91,33,35.0,1,2,0,20,100,2.39,-7.71,-1.0,Low
6,1,7.4,75,49,90,57,35.0,1,9,1,12,106,3.12,-5.01,-1.0,Low
9,4,5.7,87,41,180,35,52.3,3,15,0,2,22,6.0,2.83,2.32,High
13,7,6.6,88,35,32,21,37.4,4,7,2,7,46,-2.14,-5.15,-0.6,Moderate
9,4,7.2,86,59,82,22,47.9,2,5,0,6,34,1.79,-2.43,0.18,Low
18,6,6.5,71,43,85,40,52.1,4,9,0,15,81,2.24,1.02,1.75,High
9,6,7.7,72,54,99,35,43.3,3,5,1,4,73,2.03,-6.12,-0.3,Low
7,6,6.0,69,47,40,123,56.7,4,7,1,5,139,0.56,4.17,2.21,High
6,7,7.0,84,22,147,42,35.0,3,3,1,11,7,3.77,-1.39,-0.8,Moderate
4,4,7.8,61,47,29,24,48.4,0,12,2,6,35,-0.27,0.14,-0.11,Low
1,9,8.3,76,45,50,154,53.3,6,4,1,4,18,-0.27,3.77,-1.0,Moderate
4,6,7.0,62,26,92,114,35.0,6,5,0,6,35,2.85,-5.21,-1.0,Low
9,1,6.0,68,43,14,134,53.1,3,4,1,9,18,-0.0,4.53,2.84,Moderate
8,1,6.4,81,36,35,86,52.5,4,15,0,9,113,-0.34,6.12,2.34,High
9,8,6.8,73,37,25,110,43.3,4,3,1,7,30,-2.5,-2.76,-0.9,Moderate
3,4,7.1,77,67,84,38,45.7,4,3,2,2,44,2.03,-1.85,-1.0,Low
4,3,6.1,75,50,54,51,43.8,2,15,0,7,32,2.75,-1.81,1.89,Low
11,4,6.1,69,65,132,72,45.9,3,1,1,4,32,2.91,0.43,0.53,Low
8,6,7.5,77,40,29,15,48.5,4,12,0,20,59,-1.16,5.12,-0.16,Moderate
8,21,7.8,74,62,65,44,42.4,4,6,0,1,81,-0.5,-3.95,-1.0,Moderate
7,2,7.5,96,55,9,132,51.1,1,3,1,4,130,-0.01,1.23,-0.89,Low
13,6,8.3,82,43,91,41,63.7,4,7,0,3,59,1.5,7.33,-0.39,High
8,3,6.5,65,25,25,44,35.0,3,4,1,8,117,-0.49,-7.62,-1.0,Low
1,20,8.9,77,21,142,92,50.6,2,7,2,7,24,3.62,1.31,-0.86,Moderate
2,16,6.3,65,27,167,109,55.7,4,3,2,5,57,4.42,5.43,0.96,High
16,7,7.2,72,45,100,13,43.3,2,10,0,5,86,1.94,-0.81,-0.53,Low
13,0,7.2,70,27,39,26,42.5,4,4,1,20,39,-0.48,-3.76,-1.0,Low
1,10,7.6,64,34,88,99,49.5,2,1,0,11,118,1.54,0.89,-0.1,Low
9,10,6.0,71,42,146,116,41.9,4,7,1,20,77,4.19,3.21,0.68,High
2,6,6.2,76,50,153,41,49.4,2,9,0,10,61,4.49,-0.47,1.44,Low
4,4,7.0,79,41,55,20,47.9,3,10,2,12,50,-0.84,-6.07,1.27,Low
2,15,7.9,85,42,25,45,35.0,2,1,0,1,57,-1.92,-4.33,-1.0,Low
9,8,6.3,86,61,83,21,49.3,0,2,2,2,17,1.16,-4.12,-0.77,Moderate
4,5,7.7,85,51,67,58,53.5,1,5,0,9,33,0.17,2.44,-0.04,Low
3,14,8.5,85,25,76,66,53.2,2,9,0,5,35,-0.13,1.66,-1.0,Moderate
7,3,5.6,68,46,15,72,54.8,4,5,1,4,143,-1.61,7.36,2.5,High
10,6,6.3,64,31,45,84,42.9,1,3,1,5,180,-0.04,-1.91,-0.6,Low
11,5,6.2,79,43,4,29,47.2,0,4,2,1,98,-2.15,-1.72,0.43,Low
8,2,6.2,62,69,34,46,52.9,4,5,0,19,85,1.42,5.41,2.53,Moderate
6,7,9.0,71,41,165,110,37.8,1,15,0,7,39,3.44,-3.87,-1.0,Low
3,12,6.3,64,24,8,47,48.7,5,11,0,20,21,-1.77,-0.92,2.26,Moderate
4,4,7.1,68,22,122,51,44.7,6,4,3,13,161,3.27,0.94,-0.22,Moderate
0,5,6.1,80,42,65,98,48.3,3,12,1,4,8,-0.21,3.41,2.45,Moderate
8,5,6.3,94,52,122,140,56.2,2,4,1,3,46,1.94,0.23,0.77,Moderate
6,1,6.2,71,49,17,73,54.5,6,11,0,13,119,-1.13,3.96,1.99,High
6,15,7.0,74,30,95,79,56.3,7,7,1,12,77,2.09,5.22,1.0,High
13,4,7.9,56,40,20,133,59.9,4,10,0,20,133,0.56,9.98,0.74,High
7,7,7.8,74,20,113,52,44.3,2,5,0,20,180,3.5,-3.33,-1.0,High
2,4,6.0,72,57,80,56,41.7,2,7,1,7,80,0.67,-1.62,-0.04,Low
7,1,5.8,73,44,55,73,54.5,6,18,0,12,35,-0.56,1.65,2.87,High
6,5,8.4,66,53,128,101,45.2,3,5,1,10,59,4.35,-1.07,-1.0,Moderate
5,6,5.5,75,39,103,76,43.3,3,7,1,6,19,1.98,-5.84,-0.09,Low
10,14,5.6,72,34,15,180,50.1,5,16,1,9,123,-2.02,2.42,4.37,High
4,11,6.0,81,57,106,12,44.0,0,8,1,17,87,2.18,2.06,1.03,Moderate
12,8,6.9,67,36,51,100,35.0,3,7,1,3,100,-0.95,-5.29,-0.53,Moderate
8,14,7.1,63,49,23,31,52.5,2,1,1,9,180,-1.34,-0.7,-0.04,Moderate
19,4,6.0,85,31,124,65,62.7,5,13,1,3,10,1.19,3.86,2.7,High
9,6,7.4,71,27,65,41,46.0,1,10,0,9,92,1.16,-0.95,-0.1,Moderate
5,4,9.0,77,49,36,34,52.8,2,4,1,13,33,-0.9,3.5,-1.0,Low
5,9,5.8,85,47,60,76,49.5,1,4,1,10,15,0.22,2.12,1.72,Moderate
12,5,6.4,64,44,165,64,39.9,3,6,1,12,37,5.82,-5.39,0.9,Moderate
14,5,6.3,75,36,64,35,43.3,3,4,1,14,59,1.87,-0.47,1.9,Moderate
3,5,6.7,77,49,63,99,46.1,4,2,0,0,56,0.87,-4.03,-0.43,Low
5,8,7.9,78,39,28,32,44.7,2,4,1,6,49,-0.9,-1.66,-0.78,Low
9,11,5.7,91,40,97,44,46.3,4,4,1,8,27,2.37,-3.65,1.25,High
3,6,8.0,89,32,160,96,45.7,2,1,0,2,67,4.23,-1.76,-0.72,Low
27,4,5.9,90,32,57,109,43.2,3,3,2,6,180,0.35,-4.45,1.43,High
3,1,7.3,56,48,62,33,37.6,0,8,0,20,46,1.34,-3.93,-0.12,Low
9,1,5.8,62,35,50,68,37.0,3,11,2,4,53,0.75,-5.31,2.79,Moderate
9,7,8.2,76,32,31,105,44.7,3,11,0,2,44,-0.81,-4.46,-1.0,Low
10,3,8.7,69,43,180,70,40.9,3,1,0,3,180,5.84,-6.16,-1.0,High
6,9,7.4,72,48,80,109,43.2,5,2,1,3,110,1.26,-5.4,-1.0,Moderate
3,7,7.7,87,58,19,159,48.6,2,5,0,4,46,-0.77,0.36,0.06,Low
5,3,6.5,82,56,50,31,50.8,4,5,0,3,132,-0.53,4.72,1.66,Moderate
3,8,8.3,65,37,37,56,43.9,8,11,1,5,102,-1.01,0.53,-0.27,Low
16,8,7.9,83,41,81,38,46.7,4,2,0,4,27,2.83,-2.56,-0.42,Moderate
15,11,7.1,55,43,180,16,40.7,1,3,0,3,29,4.81,-7.69,-0.21,Moderate
2,4,7.3,78,57,180,60,45.0,1,2,0,14,31,5.17,-5.75,-0.84,Low
5,4,5.8,72,55,57,180,48.2,5,6,2,4,92,1.48,0.84,1.48,Moderate
6,2,8.0,55,66,111,65,49.7,4,1,3,19,52,2.72,0.61,-0.64,Moderate
5,3,5.3,79,50,48,4,51.6,2,8,3,20,48,0.17,4.07,2.56,High
5,2,8.2,64,56,56,110,49.1,3,6,0,3,23,1.02,5.12,-1.0,Low
2,15,8.4,72,38,19,29,35.0,4,2,1,9,8,-1.15,-8.4,-1.0,Low
4,5,6.5,76,26,19,109,52.3,5,16,1,14,29,-2.5,4.83,3.65,High
12,5,7.3,65,51,52,100,59.0,2,4,1,8,92,0.54,3.15,0.02,Moderate
3,1,8.1,73,53,120,180,41.8,3,8,0,5,51,2.74,-1.88,-1.0,Low
6,2,7.8,68,45,82,87,50.1,1,7,1,10,86,0.74,5.16,0.61,Low
5,14,5.1,77,55,20,118,49.9,5,21,1,2,70,-2.5,-0.12,5.1,High
5,6,5.5,81,34,49,46,47.5,5,2,1,10,28,-0.07,-2.31,1.49,Low
6,5,6.1,68,43,69,76,47.6,2,7,0,6,60,0.85,-1.88,0.13,Moderate
7,5,7.8,69,45,58,71,52.6,7,5,2,6,22,0.11,-1.21,-1.0,Low
7,12,7.3,65,62,65,19,46.2,5,2,0,6,39,0.13,-3.93,-1.0,Low
8,3,6.5,70,50,37,87,46.4,5,3,1,8,45,-0.77,-0.04,1.19,Moderate
16,6,7.0,83,27,129,13,54.5,3,11,1,9,65,3.85,2.51,0.96,High
6,9,6.0,84,49,124,34,51.6,4,1,1,16,45,3.71,2.36,0.1,Moderate
12,6,8.2,74,24,93,90,37.9,5,10,0,8,28,3.25,-7.48,-1.0,High
5,0,6.9,64,37,114,107,47.1,6,7,1,2,8,2.22,-0.55,0.57,Moderate
5,8,4.9,76,42,131,78,49.8,5,16,2,11,88,3.44,1.37,2.94,High
15,11,6.7,64,37,33,67,44.2,3,8,1,6,84,-0.19,-0.2,0.46,Moderate
7,10,7.7,79,44,162,49,35.0,1,1,1,1,39,4.2,-8.19,-1.0,Moderate
2,4,5.4,83,28,49,38,35.6,2,10,0,10,159,0.37,-4.46,0.76,Low
10,4,6.8,71,43,30,43,39.1,2,10,1,7,45,-0.93,-5.72,1.95,Moderate
10,3,7.6,72,49,32,97,51.0,1,4,0,15,72,-0.08,3.54,0.89,Moderate
6,4,7.5,87,43,51,143,38.6,2,18,0,2,152,-0.19,-2.73,-0.35,Low
8,4,5.7,58,51,100,170,42.0,2,3,1,9,124,2.81,-1.0,0.84,Moderate
8,7,8.0,63,36,109,71,52.4,4,14,0,1,17,3.2,2.99,-0.74,Moderate
7,4,7.4,84,59,92,176,43.6,3,9,0,9,102,1.91,0.05,-0.45,Moderate
2,4,6.2,92,49,124,8,50.3,4,2,2,11,180,4.15,1.65,-0.69,High
0,6,7.0,61,47,112,46,35.0,4,8,1,8,42,1.91,-4.1,-0.9,Low
12,13,5.9,68,48,18,51,58.4,3,8,0,15,65,0.04,10.0,3.08,High
4,1,6.6,68,32,86,24,47.4,1,2,1,4,78,1.78,-3.05,-0.43,Low
3,1,6.0,85,39,108,68,55.8,5,7,0,2,180,1.22,1.5,1.69,Moderate
1,4,5.4,84,38,40,104,41.5,3,5,1,4,55,0.1,-5.12,0.78,Low
13,7,5.6,67,41,64,40,38.8,7,1,1,19,112,1.43,-2.51,0.2,Moderate
8,5,6.7,64,51,31,19,52.0,6,5,1,14,103,0.42,-2.32,1.5,Moderate
3,7,7.9,76,41,127,141,54.1,3,6,1,3,133,3.28,1.7,0.7,Moderate
5,11,7.8,96,74,30,87,48.9,3,21,1,5,160,0.77,3.13,0.27,High
7,1,7.1,76,44,59,44,47.3,2,7,1,15,54,1.61,4.07,1.04,Moderate
1,1,8.3,92,39,109,44,58.4,2,7,0,11,29,1.53,5.8,0.87,High
4,2,5.9,87,67,23,46,47.4,2,3,0,7,59,-0.05,-0.36,1.05,Low
2,6,7.5,88,59,134,41,56.3,1,1,0,9,32,3.05,2.27,-0.89,Moderate
4,13,7.6,74,36,45,115,50.9,1,2,2,6,95,-0.05,2.41,-1.0,Moderate
0,3,6.3,55,38,19,24,54.6,4,6,1,4,7,-1.43,1.77,1.57,Low
3,6,6.5,63,36,48,31,57.6,3,4,1,10,25,0.76,3.46,1.59,Low
21,18,6.5,73,64,18,95,35.0,1,6,1,6,60,-0.84,-6.9,0.76,High
4,4,6.5,86,39,14,102,41.3,3,3,0,6,65,-1.59,-5.0,-0.09,Low
7,3,7.5,57,40,69,92,51.3,1,19,0,4,34,2.42,2.28,1.04,Moderate
9,5,7.9,66,39,87,79,43.8,3,11,0,5,101,2.15,-3.15,0.82,Moderate
8,2,6.5,69,24,42,97,48.3,3,4,2,20,92,-1.09,3.92,-0.52,Moderate
8,11,5.3,72,53,152,83,42.5,6,5,1,11,24,3.93,-4.78,3.15,High
9,6,6.0,75,41,93,91,56.0,3,9,3,8,59,0.62,2.48,2.43,High
1,9,7.7,62,46,69,21,55.7,4,2,0,5,27,0.67,-0.19,-0.52,Low
8,5,6.2,82,66,92,23,45.1,0,2,0,15,63,2.63,-0.28,0.53,Low
7,4,6.8,62,27,47,119,49.3,3,11,0,20,36,1.05,2.36,0.62,Moderate
2,9,8.3,63,26,139,99,51.6,3,4,0,11,41,3.23,1.15,-1.0,Moderate
3,1,6.9,77,43,50,141,39.6,1,14,0,11,155,0.65,1.77,0.82,Low
1,7,6.7,67,31,35,72,56.8,1,4,2,9,34,0.94,1.1,0.36,Low
3,12,7.7,78,42,53,2,50.9,6,2,1,9,70,-0.85,3.45,-1.0,Low
4,11,6.4,78,40,20,141,50.4,3,9,2,15,79,0.56,1.09,2.49,Moderate
3,3,4.8,90,44,70,63,51.3,2,1,0,15,127,0.62,-1.92,2.24,Moderate
2,0,6.4,81,38,38,116,56.6,5,12,1,20,39,-0.53,0.25,2.78,Moderate
11,9,5.7,75,48,110,57,43.5,4,5,0,4,63,1.86,0.31,1.71,Moderate
8,7,5.9,91,40,65,75,41.2,1,2,3,3,49,0.25,-3.48,1.09,Low
9,8,7.1,78,51,33,69,51.7,4,4,0,3,48,-0.53,0.64,0.1,Low
6,7,6.3,64,61,38,58,61.8,5,7,1,11,22,-0.56,5.97,2.76,High
8,5,7.3,69,48,73,27,38.5,3,4,1,19,85,-0.02,-7.4,-0.96,Low
8,2,7.6,88,54,37,84,41.4,4,21,0,7,143,-0.25,-0.27,0.91,Moderate
7,9,7.3,77,52,55,61,46.9,2,15,1,5,108,0.1,-2.04,1.85,Moderate
9,1,7.9,71,46,78,165,44.2,3,6,0,6,8,2.71,-0.87,-0.8,Moderate
25,1,6.7,85,40,53,64,49.0,5,2,0,19,25,-0.0,0.98,1.13,High
6,3,8.0,65,47,109,123,55.6,2,21,1,7,76,1.62,6.27,1.87,High
1,9,6.6,79,41,51,67,44.6,4,5,0,5,83,-2.0,-2.97,1.51,Low
4,4,8.6,61,54,67,35,55.8,1,6,1,7,36,0.63,2.17,-1.0,Low
12,3,7.0,73,38,126,36,50.0,3,14,0,3,21,3.69,2.14,1.37,High
1,8,5.3,56,30,79,47,45.8,4,8,1,20,73,1.03,1.33,1.71,Moderate
7,3,7.0,73,32,82,12,43.2,3,2,1,20,90,0.54,-1.68,-1.0,Low
3,12,6.1,68,41,35,121,36.7,3,3,2,5,65,-1.04,-5.71,1.14,Moderate
12,5,7.7,87,59,22,152,39.8,5,3,3,4,48,-1.13,0.96,-1.0,Moderate
15,15,6.4,60,35,78,164,46.2,6,15,0,13,29,0.59,-0.25,2.02,High
2,4,7.1,67,44,26,27,50.7,6,8,2,5,124,0.79,0.94,0.68,Low
9,11,6.7,75,34,35,156,50.0,3,1,1,2,78,0.5,-2.37,1.46,Moderate
7,1,6.0,66,51,92,90,47.2,4,10,1,5,100,2.65,-4.23,4.05,High
25,3,4.2,62,39,4,13,55.0,4,1,1,20,66,-1.22,0.48,3.5,High
7,5,8.4,83,51,81,83,42.4,2,19,2,4,104,1.66,2.94,0.76,Moderate
2,9,6.4,82,58,62,67,43.8,4,20,0,11,26,-0.64,1.13,2.01,Moderate
6,8,6.7,86,33,96,143,48.4,2,9,0,2,151,3.0,3.43,2.16,Moderate
4,4,6.1,71,42,23,82,53.0,2,7,2,16,70,-0.23,1.0,0.72,Low
0,4,7.9,76,35,11,83,47.6,2,3,1,20,89,-0.45,7.12,-1.0,Low
6,1,6.6,58,46,32,90,46.8,3,14,0,7,16,-0.6,1.29,1.77,Low
4,10,6.5,88,40,80,36,40.2,5,5,1,11,114,2.13,1.12,0.22,Low
3,10,7.1,70,31,64,40,52.8,2,8,3,3,12,0.59,2.54,0.84,Moderate
15,2,8.1,79,34,180,74,43.9,2,2,0,9,69,4.91,-2.4,-1.0,Moderate
11,6,5.7,85,48,35,100,55.3,3,6,2,10,94,1.33,4.49,2.85,High
6,12,7.2,79,42,26,65,48.7,1,5,1,8,126,-0.99,0.86,-1.0,Moderate
7,6,6.6,71,32,27,26,44.9,3,5,1,3,38,0.05,-2.92,1.7,Low
3,2,5.8,68,12,22,64,48.3,6,1,0,2,36,-0.81,1.43,0.55,Low
5,11,6.7,74,54,155,17,48.4,5,3,1,1,42,2.98,-1.53,-0.85,Moderate
3,4,6.7,77,30,31,156,41.4,4,10,1,2,87,-0.65,-5.65,1.06,Low
11,6,6.8,77,22,83,6,42.4,4,7,0,16,58,1.56,-3.25,-0.81,Low
11,6,7.4,72,62,40,139,47.0,1,6,1,5,84,0.97,-2.6,-0.53,Low
24,3,6.6,70,55,44,64,49.6,7,2,1,5,47,-0.94,1.34,-0.73,High
22,8,6.5,70,60,121,53,44.3,3,6,1,9,93,3.92,0.43,0.56,Moderate
8,16,7.0,75,31,26,129,67.5,1,7,0,8,14,-1.46,7.69,1.71,High
3,3,6.6,85,57,33,81,37.5,3,14,1,2,65,-0.9,-7.65,1.0,Low
3,4,5.7,83,45,100,135,35.0,4,8,1,9,47,2.74,-4.81,0.35,Moderate
1,4,7.1,82,58,14,45,39.0,3,8,1,2,52,-2.5,-1.59,0.27,Low
6,2,8.1,87,57,51,78,49.2,6,5,0,2,142,-0.24,3.03,-0.16,Moderate
9,2,7.5,56,39,45,72,67.6,4,5,1,2,35,0.41,3.76,-0.47,Moderate
2,8,5.7,67,40,37,37,39.9,0,8,2,3,74,-0.34,-2.47,0.51,Low
4,2,5.8,74,51,39,130,50.6,4,1,0,2,92,-0.67,3.94,1.66,Low
5,15,6.8,60,44,50,24,48.3,4,6,1,7,88,-0.51,2.82,0.84,Low
2,11,7.6,72,12,92,28,35.0,3,0,0,10,180,1.38,-5.39,-1.0,Moderate
23,3,6.3,83,33,18,41,39.4,5,2,2,4,16,-1.99,-2.99,0.24,Moderate
11,11,6.8,58,44,18,51,49.8,1,8,1,6,36,-0.41,-0.15,0.93,Low
5,7,6.0,69,47,62,77,49.0,2,15,0,9,39,0.72,-3.67,1.15,Low
3,5,6.7,80,42,20,28,59.3,3,12,0,15,82,-1.71,6.07,2.86,High
3,10,7.0,74,51,40,127,55.0,4,4,1,5,61,-0.49,0.99,0.92,Moderate
4,12,7.4,88,44,180,22,47.1,2,14,1,3,51,4.87,-1.24,1.06,Moderate
15,6,7.9,71,33,35,180,53.9,1,5,0,20,142,0.03,3.01,-0.44,High
12,7,8.7,84,44,109,105,41.2,1,12,0,5,38,1.06,2.59,0.54,Moderate
3,15,7.0,61,52,158,35,49.5,3,5,2,5,19,4.82,3.15,0.8,Moderate
7,4,7.5,81,37,87,68,54.0,3,2,3,6,91,3.26,-4.33,0.97,Moderate
8,3,5.7,81,24,156,64,40.0,3,1,1,4,21,3.87,-3.82,0.58,Moderate
5,5,7.1,77,48,171,38,53.8,2,4,1,2,25,4.5,1.7,-0.79,Low
17,9,8.1,72,28,48,12,50.0,3,5,2,4,30,0.2,4.24,-1.0,Moderate
2,1,7.0,78,54,48,21,42.5,1,13,0,7,95,0.11,-4.18,1.79,Low
5,3,6.4,73,49,69,180,41.9,3,1,0,6,62,2.24,-2.95,-0.72,Moderate
10,4,8.3,74,38,126,48,49.8,3,4,0,10,64,1.5,-0.13,-0.54,Low
9,12,6.2,81,42,48,143,54.7,2,11,1,7,95,0.83,0.31,2.37,High
8,4,6.8,98,19,14,71,52.2,5,1,1,2,9,-1.7,2.53,-0.87,Moderate
2,5,5.7,82,48,37,134,41.8,2,2,1,5,108,-1.19,0.57,0.32,Low
12,7,6.8,69,54,12,180,48.8,1,16,0,15,29,-1.79,2.8,3.48,High
1,4,7.5,89,44,27,60,49.2,3,3,2,16,96,-0.25,-3.12,-1.0,Low
4,3,5.5,72,27,108,157,39.5,1,11,1,1,55,2.79,-1.35,2.08,Moderate
4,3,6.0,85,34,180,73,43.7,4,6,2,8,14,6.0,-2.08,1.51,Moderate
3,7,6.9,81,48,24,53,48.9,7,5,0,10,20,-2.02,-0.11,0.0,Low
20,3,5.9,85,62,44,76,46.9,3,0,3,2,33,-1.57,-0.05,0.22,High
6,7,7.3,69,42,72,142,38.3,2,21,0,2,54,0.47,-2.52,1.66,Moderate
10,3,7.6,59,38,13,76,57.1,2,21,1,5,13,-0.95,8.78,1.8,High
4,5,6.8,55,42,61,103,54.0,5,3,2,2,41,1.75,1.05,0.95,Moderate
5,8,6.8,82,36,14,43,48.5,5,4,0,7,180,-1.66,2.32,-0.68,Low
12,9,5.8,56,36,15,27,53.6,5,5,1,6,67,-0.76,5.57,2.26,High
18,11,9.0,67,32,122,9,49.4,4,5,1,4,47,3.56,3.19,-1.0,High
2,15,6.2,81,46,23,67,35.6,2,5,0,4,16,-1.74,-0.93,0.39,Low
2,3,8.3,74,47,22,138,35.0,5,2,1,2,66,-0.5,-6.35,-0.76,Low
2,3,7.9,90,37,128,23,46.8,3,3,0,3,152,3.3,4.78,-1.0,Low
6,9,6.3,67,46,118,171,35.0,4,10,0,2,30,2.7,-5.48,1.75,Moderate
2,6,7.3,97,24,105,106,54.1,4,3,2,4,64,2.56,0.14,-0.36,High
10,21,5.5,58,56,25,45,59.7,4,17,0,2,42,-1.65,10.0,4.24,High
12,2,7.7,67,31,41,10,43.5,1,4,0,6,118,0.83,0.14,-1.0,Low
3,6,6.9,75,45,45,75,35.0,2,7,0,15,19,-0.34,-10.0,-0.69,Low
4,3,8.4,82,19,36,54,57.0,2,21,1,16,20,-2.5,4.75,1.26,High
6,9,6.7,81,58,93,55,35.4,2,4,1,8,42,2.1,-5.76,-0.96,Moderate
9,9,8.9,66,23,34,45,35.0,5,11,1,3,43,-0.5,-5.73,-1.0,Moderate
12,2,7.3,77,42,4,83,60.5,4,5,1,7,137,-0.24,4.54,0.8,High
5,9,6.7,70,65,167,62,53.3,6,5,0,5,57,4.68,-1.68,1.77,High
5,1,4.7,83,57,180,91,48.5,7,14,1,3,55,4.29,6.74,3.73,High
12,4,7.1,76,55,29,64,35.0,3,7,0,2,89,-1.25,-6.31,-0.82,Low
5,4,6.0,71,45,14,44,48.5,3,8,0,9,135,-1.74,1.01,2.55,Low
5,6,5.1,82,37,49,55,49.7,3,6,0,6,139,0.27,0.28,2.13,Moderate
7,13,6.0,87,23,74,69,58.8,4,21,0,0,90,2.0,3.64,2.89,High
4,4,5.7,71,37,123,35,59.7,0,13,1,2,82,3.06,0.27,2.74,Moderate
1,2,6.0,61,28,41,71,58.2,4,2,1,17,129,0.45,2.09,0.96,Moderate
19,7,6.6,80,50,28,83,42.7,4,4,0,20,180,-0.8,-0.88,0.07,Moderate
8,2,7.7,78,49,46,61,45.2,3,4,2,3,170,0.07,-2.1,0.82,Low
11,5,6.7,55,42,87,84,49.2,1,4,2,4,51,1.82,0.9,-0.71,Moderate
15,17,8.1,75,58,32,180,47.4,3,1,2,10,36,-2.09,-3.35,-1.0,Moderate
3,19,7.3,63,32,15,180,50.7,4,9,0,6,66,-0.57,1.45,0.18,Moderate
6,9,6.3,69,44,12,69,60.5,5,6,0,11,76,-0.68,8.79,1.62,High
5,21,5.5,71,39,61,25,46.7,1,4,1,5,16,1.71,-0.04,2.52,Moderate
8,4,7.4,74,45,39,56,44.9,7,8,0,5,17,0.92,1.83,0.12,Low
7,12,5.9,78,42,83,9,52.7,0,12,3,1,25,0.66,0.41,1.41,Moderate
2,2,8.1,72,49,96,126,56.3,3,2,0,5,35,2.72,4.55,-1.0,Low
14,7,7.1,83,46,97,24,46.9,7,7,0,12,97,1.47,-2.35,-0.1,High
9,2,5.9,68,44,19,160,50.0,3,5,0,2,39,-1.67,-1.43,0.8,Low
9,6,7.3,69,32,17,53,62.6,4,0,0,5,136,-1.33,5.23,0.53,Moderate
3,5,7.9,69,59,112,88,49.5,4,5,1,8,126,3.06,-4.7,-0.72,Low
6,4,6.8,75,48,49,49,58.5,4,4,1,1,83,-0.81,7.4,1.49,Moderate
8,9,7.5,75,42,159,102,46.0,1,5,1,8,90,5.36,-3.06,-0.73,Moderate
15,9,6.8,55,31,171,22,46.4,6,6,1,15,23,6.0,-0.45,-0.09,High
10,5,5.8,63,64,22,58,44.9,2,6,0,4,97,0.5,-0.89,1.73,Low
10,1,7.0,80,26,69,52,48.6,2,3,2,9,59,0.03,-2.09,-0.12,Low
6,2,5.0,75,49,95,26,47.1,5,14,2,10,106,2.61,2.91,3.35,High
2,4,5.8,68,48,78,126,49.3,1,8,3,6,54,2.39,2.95,2.45,Moderate
2,11,6.1,73,33,180,107,50.6,1,12,0,2,129,5.57,0.75,1.44,High
5,1,6.5,68,51,180,15,42.1,1,2,1,14,50,6.0,-3.02,-0.43,Low
3,9,7.3,82,66,78,65,42.3,4,3,0,5,60,2.33,-1.16,-1.0,Low
5,3,7.7,81,72,50,74,46.8,2,5,1,2,87,0.23,-0.76,-0.58,Low
13,4,7.3,74,48,26,80,41.7,3,6,0,16,56,0.65,-3.72,-1.0,Low
12,3,7.3,80,33,26,12,45.8,2,4,1,16,154,0.03,-3.57,0.31,Moderate
10,13,6.6,76,27,70,180,58.7,6,5,2,10,180,1.47,7.19,1.51,High
2,7,7.7,75,40,51,107,43.9,5,12,1,15,8,0.73,-4.25,1.85,Moderate
6,9,7.8,69,36,68,81,54.0,4,4,0,11,73,0.12,-2.35,-0.72,Moderate
4,2,7.5,84,39,3,26,42.0,6,3,0,10,36,-2.43,-4.46,-0.44,Moderate
13,2,7.2,61,20,180,78,58.0,2,8,0,15,159,4.63,6.36,1.41,High
3,11,6.3,68,42,27,23,45.5,2,7,2,6,78,-0.59,1.68,1.34,Low
8,4,6.7,70,35,10,180,41.6,5,7,0,10,68,-2.03,1.34,0.22,Low
11,5,5.2,67,45,77,36,53.8,3,4,0,13,19,1.29,2.5,2.93,High
8,12,7.0,75,44,30,41,35.0,4,2,2,10,14,-1.92,-6.45,-1.0,Moderate
6,9,8.5,79,54,26,23,57.0,4,3,2,4,29,-0.49,2.52,-1.0,Moderate
3,8,7.8,62,50,4,30,58.8,4,2,1,4,37,-0.61,-4.02,-1.0,Low
4,9,7.6,59,53,81,160,56.4,1,13,0,13,73,2.32,8.23,0.7,High
3,9,7.6,77,60,30,180,55.9,1,7,0,13,60,0.79,5.17,0.12,Moderate
4,2,5.3,61,30,70,117,54.2,5,5,0,3,49,0.08,3.29,2.72,Moderate
2,5,6.4,71,53,62,136,57.6,4,4,2,9,22,-0.02,6.09,3.27,Moderate
4,11,5.0,72,38,127,33,56.5,4,2,1,6,142,3.76,-0.73,3.89,High
4,11,5.9,55,36,4,50,46.2,2,4,0,3,70,-0.99,-1.49,1.83,Moderate
1,2,6.9,82,30,42,32,64.7,3,3,0,3,24,-0.38,3.17,1.04,Moderate
18,7,6.5,67,43,101,61,35.0,3,21,1,20,32,3.67,-2.99,2.19,High
18,4,7.8,85,44,33,175,52.9,2,3,1,7,107,-0.21,0.5,-1.0,High
19,11,5.8,84,53,168,114,42.9,3,3,1,3,51,4.6,-6.14,2.29,High
7,3,7.4,76,42,35,86,38.3,3,21,1,3,89,-0.51,1.89,1.4,Moderate
10,10,6.8,74,42,149,77,44.4,6,11,1,9,25,4.97,1.72,1.13,High
4,5,6.4,74,45,87,130,51.2,5,10,1,6,43,1.61,2.62,2.05,Moderate
11,5,6.6,74,48,12,63,53.8,4,5,0,5,104,-0.29,3.43,0.67,Moderate
10,10,7.2,84,74,28,45,40.1,2,10,0,18,80,-2.5,-2.76,-0.53,Moderate
5,9,7.5,72,50,71,27,47.8,3,4,1,6,49,-0.4,0.29,-0.72,Low
18,3,6.7,58,47,132,30,43.2,4,15,3,17,63,5.35,-2.84,2.15,High
6,4,7.1,55,78,45,14,37.3,2,12,0,3,72,1.02,-1.96,-0.29,Low
4,7,6.5,79,48,110,108,55.0,4,1,0,7,50,3.18,0.43,0.22,Moderate
11,7,6.2,58,44,65,36,50.5,3,6,2,9,19,0.49,2.01,0.5,High
4,8,6.1,73,32,54,94,35.0,4,15,1,6,10,0.44,-4.44,2.08,Moderate
8,6,6.6,61,28,49,54,45.8,2,3,0,6,117,0.7,-1.88,0.87,Low
3,7,6.9,71,42,93,11,57.2,1,9,1,5,35,1.69,4.73,2.71,Moderate
5,2,8.1,58,17,50,48,44.4,4,9,2,15,16,0.14,0.09,-0.93,Low
15,13,7.2,62,59,26,68,48.9,5,4,1,9,136,-0.19,-2.52,-0.88,Moderate
3,15,7.5,69,36,82,75,37.6,4,2,0,2,39,1.84,-10.0,-1.0,Low
3,14,9.0,70,47,180,85,35.0,4,4,1,3,77,5.69,-8.24,-1.0,Moderate
15,1,5.9,66,37,54,43,56.5,1,6,0,3,47,0.64,4.4,1.51,Moderate
7,13,5.7,77,46,80,77,55.2,4,18,2,8,180,1.44,4.3,3.02,High
8,5,6.6,76,43,31,66,42.4,1,9,2,6,15,-1.79,-2.11,0.2,Moderate
9,1,6.5,58,45,53,43,51.8,2,4,0,2,115,0.96,1.19,0.47,Low
4,4,5.5,67,38,65,51,52.5,4,4,4,14,33,0.71,-1.56,2.84,Low
1,7,6.0,83,34,4,155,52.6,4,7,1,14,36,-2.5,-1.04,1.47,Moderate
9,7,6.8,78,35,135,136,65.8,4,6,3,12,164,3.1,6.71,0.43,High
1,1,8.0,74,20,48,153,42.9,4,12,0,7,53,0.71,-4.5,-1.0,Low
17,2,6.7,69,56,21,43,50.3,2,5,0,1,102,-0.71,-4.21,0.96,Moderate
4,9,7.1,81,53,21,102,53.8,3,7,0,18,45,-2.5,-0.67,-0.34,Moderate
5,6,6.7,59,53,32,97,56.7,2,10,0,6,19,-1.42,3.21,2.74,Moderate
18,7,6.8,69,54,100,66,35.0,2,3,1,9,13,1.63,-10.0,0.04,Moderate
16,4,6.0,80,12,75,55,52.0,5,10,0,17,75,2.21,4.94,2.36,High
4,16,7.3,67,29,30,180,43.2,2,8,1,8,52,1.54,-3.62,1.45,Moderate
2,7,7.6,68,35,26,76,35.5,2,11,0,6,15,-1.75,-7.24,0.36,Low
20,14,5.9,70,47,38,27,46.0,4,21,1,18,30,-1.18,2.45,4.03,High
4,8,7.8,101,55,173,112,40.3,5,2,1,3,15,5.92,-4.52,-0.76,High
9,6,7.7,71,54,17,129,56.2,1,2,2,4,44,-2.5,7.02,-0.6,Moderate
2,3,7.9,55,65,122,21,49.4,4,6,0,1,57,3.94,-2.79,-1.0,Low
6,3,7.1,68,40,5,180,40.2,5,10,0,10,20,-0.61,-5.28,-0.5,Low
6,1,7.5,80,45,77,14,56.7,0,5,0,4,27,1.5,4.01,0.68,Low
4,6,5.4,74,55,51,59,43.5,5,9,0,5,68,0.08,-0.27,3.37,Low
5,7,6.6,78,63,71,59,59.0,3,7,1,1,86,1.5,3.74,1.57,Moderate
4,5,6.0,77,30,89,14,46.5,4,5,2,5,5,2.25,-3.5,1.25,Low
3,5,7.4,97,23,33,97,40.9,6,2,1,9,87,-0.9,-5.67,-0.44,Moderate
12,2,6.2,77,37,53,96,53.8,3,7,1,10,11,0.39,4.6,0.24,Moderate
12,1,7.2,74,34,20,35,58.4,3,7,2,2,133,-1.28,6.27,1.76,Moderate
9,2,6.7,70,53,180,74,53.3,2,17,0,10,13,4.89,6.46,1.55,Moderate
12,17,6.6,74,55,84,67,41.4,5,7,1,4,20,2.0,0.85,-0.7,Moderate
22,0,6.4,77,31,71,165,40.5,3,2,1,8,108,1.8,-6.41,-0.88,Moderate
4,12,5.9,67,49,180,31,52.1,4,1,1,6,23,4.8,0.6,1.35,High
3,12,6.2,66,54,63,72,46.4,7,8,2,8,53,0.74,2.48,0.95,Moderate
7,7,7.3,76,44,139,54,53.6,7,4,2,2,30,3.83,1.72,0.68,Moderate
5,17,8.4,76,53,168,58,48.6,1,15,2,6,106,5.53,4.64,-1.0,High
5,8,7.0,83,72,18,65,70.0,3,5,1,7,73,-0.96,10.0,2.55,High
11,2,6.3,71,33,8,41,53.4,2,2,4,11,64,-2.5,0.25,0.37,Moderate
5,6,5.7,77,26,106,96,35.0,1,7,0,4,64,1.51,-4.97,0.76,Moderate
2,2,6.2,56,75,32,19,39.8,4,8,0,5,52,0.02,-7.17,0.86,Low
3,2,7.8,73,30,25,180,56.8,8,5,0,9,53,-1.72,5.77,-0.01,High
5,10,6.1,68,50,58,35,58.2,6,5,2,3,56,0.77,4.16,1.72,Moderate
13,11,6.2,73,38,88,42,47.6,5,21,1,20,30,3.26,3.14,4.19,High
12,12,7.0,77,47,51,110,51.6,1,7,0,5,131,0.54,2.12,1.22,Moderate
2,11,6.6,74,60,48,45,36.2,4,1,1,7,166,1.06,-6.53,-0.78,Moderate
27,3,5.5,82,53,58,62,42.8,2,5,0,11,180,-0.15,-6.68,1.12,High
1,3,6.4,79,38,67,58,62.4,4,21,1,14,63,1.09,9.06,2.86,High
9,13,7.7,70,60,59,22,50.6,5,4,1,7,37,1.19,2.65,0.13,Moderate
4,1,5.8,75,47,38,21,50.7,3,16,2,20,54,-0.59,4.35,3.58,Moderate
4,2,5.5,86,50,20,48,35.0,2,5,1,6,24,-1.73,0.85,1.63,Low
14,1,7.6,74,46,71,70,41.8,1,10,0,4,53,2.6,2.0,-1.0,Moderate
7,3,7.5,79,48,29,126,47.7,1,17,2,9,56,0.46,4.47,1.93,Moderate
16,1,7.2,62,50,52,34,45.7,2,9,0,7,103,0.05,-2.6,0.88,Low
10,1,8.0,82,58,40,94,46.9,4,5,0,4,86,-1.37,-3.06,-1.0,Low
7,2,7.9,75,54,12,16,38.7,2,2,0,11,180,-1.72,-5.87,-0.99,Low
1,6,7.5,74,51,39,128,53.6,2,6,2,9,41,0.43,5.21,0.68,Low
4,2,5.3,84,34,105,100,43.7,3,6,0,3,51,2.49,-3.36,1.94,Low
6,11,7.4,70,51,13,42,41.9,3,5,0,1,87,0.21,-2.39,-0.63,Low
10,10,6.9,79,40,180,37,56.0,2,21,1,1,42,6.0,9.29,2.73,High
4,6,6.2,65,25,107,58,50.5,4,6,0,4,29,2.51,1.35,1.64,Moderate
6,2,6.7,80,54,29,180,51.0,4,7,1,3,67,-0.79,5.68,0.55,Moderate
5,3,6.3,63,36,30,20,38.1,4,4,0,20,65,-1.2,-1.63,0.31,Low
4,4,5.6,58,31,48,125,61.3,2,6,1,3,89,0.15,6.13,3.28,High
14,2,5.2,69,58,85,26,44.3,2,0,2,20,168,0.19,1.11,1.12,High
12,1,5.7,72,32,71,82,54.2,4,10,0,9,88,-0.25,2.38,3.5,High
10,2,6.7,80,59,48,69,50.1,5,12,0,2,180,0.08,-6.34,1.16,Moderate
12,1,7.6,79,51,75,21,51.9,4,8,1,14,15,0.94,2.15,-0.9,Moderate
7,6,7.4,73,21,74,32,51.5,0,2,1,4,24,0.15,-1.05,-1.0,Low
3,9,6.5,55,64,114,49,48.5,3,1,1,4,33,4.12,0.17,-1.0,Moderate
1,8,6.3,70,36,140,171,58.5,4,2,2,8,42,4.68,5.67,1.58,High
15,13,7.6,68,48,114,48,47.6,3,8,0,2,48,2.97,-4.39,-0.35,Moderate
6,12,6.4,75,44,54,105,49.3,2,18,2,14,81,1.39,2.63,1.68,High
18,3,7.7,63,36,135,31,49.8,5,6,0,4,64,4.81,2.3,-0.65,Moderate
6,4,7.7,84,53,88,49,61.1,1,8,2,7,159,2.88,0.0,1.31,Moderate
6,3,8.2,75,24,86,30,61.4,5,6,0,3,26,2.0,4.09,-0.47,Moderate
3,11,6.2,77,38,102,64,55.3,5,6,3,12,52,1.68,3.14,0.66,High
7,6,5.9,76,58,21,180,63.8,3,2,2,3,112,-1.33,8.93,2.81,High
7,8,8.3,71,50,23,76,52.4,0,6,1,6,47,-0.54,5.37,-1.0,Low
3,1,5.4,59,55,36,80,52.0,3,9,4,8,180,1.1,3.23,3.0,Moderate
12,2,5.7,58,20,26,19,46.5,2,21,1,3,180,-0.16,2.97,4.06,High
5,6,6.4,76,40,85,129,41.8,6,3,0,8,9,2.71,-3.68,0.96,Moderate
10,2,6.3,83,54,18,87,50.0,3,0,0,2,34,0.39,-0.77,1.21,Low
4,10,5.6,74,39,86,100,48.3,4,11,1,5,78,2.54,3.29,2.42,High
1,10,5.8,66,35,123,23,40.8,2,10,0,6,82,3.56,-5.32,1.13,Moderate
18,3,7.6,71,51,21,26,41.1,2,4,2,5,81,-0.61,-4.23,-0.55,Low
6,7,7.2,76,27,147,37,43.8,4,8,0,16,34,3.03,-0.66,0.55,Moderate
2,14,7.4,73,21,72,180,47.3,7,10,0,3,11,0.12,-1.84,-0.43,Moderate
2,1,8.2,79,52,98,163,36.9,3,17,0,17,18,2.09,-5.16,-1.0,Low
16,9,6.5,64,38,48,122,41.6,3,3,1,4,74,-0.12,-3.62,1.16,Moderate
8,1,6.9,55,50,38,128,61.9,2,4,1,5,22,-0.13,8.91,0.57,Moderate
8,4,5.1,75,37,26,57,43.6,3,4,1,4,38,-0.43,-7.46,1.61,Low
11,4,6.1,57,57,27,20,35.2,6,8,0,11,57,0.94,-3.18,0.72,Low
4,1,7.2,78,43,84,20,56.5,2,2,0,12,124,1.66,0.6,-0.22,Moderate
3,4,7.3,80,32,120,85,56.3,3,8,0,20,8,4.33,4.0,0.29,Moderate
5,3,6.9,80,42,86,95,58.5,1,3,1,1,88,2.21,2.2,0.33,Moderate
3,5,8.4,64,62,84,11,46.2,1,17,1,8,84,1.86,1.17,-1.0,Moderate
5,3,6.4,55,48,56,62,60.7,5,2,1,9,70,-0.24,3.62,1.2,Moderate
7,4,5.7,75,43,51,54,35.0,4,4,0,12,34,1.88,-3.23,-0.02,Low
13,2,6.4,78,34,137,165,53.9,4,3,0,5,68,3.99,-0.97,2.26,High
5,15,6.2,61,54,49,131,44.2,4,5,1,2,60,2.3,-1.36,1.12,Moderate
11,4,6.8,65,43,25,37,38.7,1,6,0,12,130,-0.67,-5.33,-0.28,Low
5,4,8.4,67,45,27,92,45.8,1,3,0,11,24,-1.09,-1.12,-1.0,Low
10,6,6.9,71,70,18,109,56.0,3,13,0,1,64,-0.12,5.39,0.75,High
2,9,6.8,64,39,67,93,55.0,1,2,0,3,82,0.25,-2.87,0.44,Low
10,4,6.2,87,46,21,43,39.9,5,0,0,1,154,-1.31,0.87,0.03,Moderate
16,6,7.3,77,35,77,85,69.1,2,10,0,5,53,0.67,10.0,2.63,High
12,1,7.5,71,40,40,24,44.7,3,11,0,17,91,-1.7,-1.65,0.32,Moderate
3,5,6.4,76,26,159,30,49.7,2,13,2,4,34,5.69,4.24,1.82,High
2,6,6.0,69,63,116,119,54.8,1,1,0,4,175,2.78,1.01,2.35,Moderate
15,4,6.9,84,54,49,89,37.5,3,7,0,3,55,0.17,-1.12,0.38,Low
1,4,7.1,82,28,37,73,46.6,3,14,0,1,56,-0.11,-4.28,0.77,Low
6,8,7.9,68,51,69,120,49.7,3,3,1,1,116,0.66,0.79,-1.0,Moderate
7,7,7.2,83,36,39,95,57.9,3,9,1,4,23,-0.08,0.25,0.37,Moderate
6,7,6.6,70,41,24,56,56.8,3,2,1,20,61,-2.06,3.44,1.84,Moderate
18,7,7.5,89,30,6,19,37.7,7,5,0,3,36,-0.35,-3.81,-0.92,Moderate
8,6,5.2,60,36,53,104,53.5,4,3,2,15,9,0.55,-2.4,3.72,High
10,14,5.3,62,36,33,41,49.5,1,12,0,4,48,-1.61,2.71,1.92,Moderate
7,7,8.4,65,41,8,78,44.0,5,7,2,10,118,-0.6,-1.03,-0.1,Low
7,7,8.8,55,53,105,23,35.0,4,10,0,7,169,2.87,-3.36,-1.0,Low
3,4,6.0,83,42,154,45,47.3,1,5,0,4,112,4.78,3.04,2.53,High
16,11,5.6,72,42,50,28,56.6,7,13,0,20,65,-0.23,4.3,3.63,High
21,3,6.0,67,44,21,34,41.5,3,5,0,3,41,-1.9,-1.29,1.86,Low
6,2,6.9,74,48,180,26,48.0,8,2,0,15,58,6.0,1.01,1.25,Moderate
1,6,7.2,87,45,54,44,47.6,5,3,1,10,72,1.41,-3.1,-0.67,Low
17,9,6.6,82,17,88,142,63.8,3,7,0,3,17,1.94,6.31,2.03,High
14,10,6.9,87,56,45,40,40.3,2,7,0,13,62,0.71,-1.45,-0.09,Moderate
7,2,8.1,79,34,180,43,53.6,6,1,0,20,2,6.0,1.71,-1.0,High
2,5,7.7,75,30,147,65,46.0,2,3,3,18,51,4.39,-5.05,-1.0,Moderate
14,11,6.6,69,48,180,4,48.4,3,5,0,3,60,6.0,-1.25,0.27,Moderate
13,6,6.9,69,37,166,30,66.8,2,7,2,5,12,6.0,6.37,2.33,High
8,9,5.4,76,43,19,98,61.3,1,20,2,2,58,0.33,10.0,4.11,High
9,1,6.8,74,49,20,126,48.0,3,16,1,10,28,-1.15,1.91,1.9,High
6,14,6.5,64,65,14,26,46.6,3,1,2,5,180,-0.48,-0.05,-0.89,Moderate
5,3,5.5,83,56,60,30,44.4,5,3,1,4,50,-0.54,-4.73,1.53,Moderate
5,8,6.8,77,21,21,91,35.0,2,8,1,6,15,-2.07,-5.06,2.21,Low
8,5,6.5,78,37,170,21,46.2,1,3,0,4,151,5.11,2.91,-0.61,Moderate
8,4,7.9,85,29,54,95,55.2,3,8,1,18,55,1.09,4.71,-0.18,High
1,10,5.9,75,30,9,167,35.0,3,1,2,4,40,-0.64,-4.02,-0.09,Low
4,4,5.7,84,46,48,39,47.2,5,1,2,5,48,0.57,1.94,0.48,Low
6,8,4.7,75,57,129,42,42.9,4,3,0,2,101,2.5,-3.13,3.73,Moderate
7,2,7.0,72,23,68,104,35.0,5,19,2,12,66,-0.63,0.66,1.26,Moderate
12,3,6.0,88,51,126,146,54.3,3,11,1,2,108,4.65,0.42,3.57,High
2,7,6.4,86,49,14,76,53.1,3,2,1,14,53,-1.03,6.73,0.71,Moderate
5,3,8.3,59,71,65,112,44.1,3,2,0,16,81,1.05,-1.29,-1.0,Low
2,5,7.6,85,47,105,40,55.4,3,1,2,14,22,2.89,0.15,-0.34,Moderate
6,8,6.0,79,58,36,11,56.8,5,6,4,10,135,-0.01,1.26,1.46,High
12,16,6.8,71,68,90,24,42.6,6,3,1,7,69,1.51,-4.09,-1.0,Moderate
8,2,6.8,82,45,77,77,42.1,2,2,0,5,40,1.22,-3.92,1.19,Low
3,4,7.0,86,23,64,25,46.6,2,7,0,4,180,1.64,4.73,0.96,Moderate
9,3,7.4,77,43,31,59,48.5,4,1,0,4,44,0.76,-1.8,0.44,Low
3,5,6.5,74,37,40,111,43.2,2,6,0,3,16,-1.93,-1.13,0.23,Low
14,11,8.5,89,60,69,129,43.7,3,3,3,7,93,1.41,-4.03,-1.0,High
5,4,9.0,74,47,63,180,39.7,2,2,1,20,95,0.18,-4.61,-1.0,Low
2,13,7.0,83,39,38,22,48.9,2,13,0,5,57,-2.19,0.42,0.53,Low
2,14,7.7,79,52,70,83,47.9,4,8,0,12,134,0.19,-0.09,-0.12,Moderate
2,4,6.2,89,54,50,130,59.9,2,7,1,3,16,0.15,2.68,1.23,Moderate
4,5,6.0,70,49,39,178,42.0,1,8,0,5,49,-0.11,-3.49,1.46,Low
1,9,6.8,81,52,93,47,47.1,5,5,0,11,11,2.68,1.15,1.0,Low
3,3,5.7,73,52,16,56,49.9,6,11,1,6,54,-1.22,2.4,1.48,Low
1,5,4.5,55,39,20,74,66.1,3,7,2,2,83,-0.66,4.4,3.25,Moderate
1,7,6.7,87,43,129,19,60.4,2,2,1,4,86,2.98,1.13,1.08,Moderate
2,7,6.0,77,26,13,142,53.6,2,6,0,4,180,-0.83,4.25,1.49,Moderate
6,2,7.6,81,35,13,115,59.7,1,15,0,6,155,-1.34,8.93,0.92,High
9,11,5.4,84,48,58,97,46.7,5,8,2,2,80,-0.08,-0.69,2.89,High
18,6,5.5,70,29,54,141,56.7,7,4,2,13,30,0.46,1.53,2.66,High
3,3,7.3,80,39,74,59,49.6,2,2,0,20,51,2.21,-0.36,0.2,Low
17,1,6.9,83,39,14,27,43.7,5,6,1,9,142,-1.06,-0.34,-0.03,Low
17,1,7.0,83,39,8,164,42.5,2,1,0,4,32,-2.5,-4.46,-1.0,Moderate
13,10,8.0,58,54,101,135,51.3,0,10,0,7,80,3.44,4.27,-0.18,High
6,4,8.0,85,43,159,69,53.8,2,5,1,12,119,4.27,-4.17,-1.0,Moderate
3,3,6.9,64,55,124,98,58.6,2,12,0,3,63,2.14,10.0,0.07,Moderate
11,0,8.5,72,24,71,56,52.6,5,7,2,8,37,0.81,3.55,-1.0,Moderate
10,4,7.5,82,55,68,180,42.5,4,15,1,17,38,1.35,-0.99,2.18,Moderate
10,2,6.9,67,40,20,78,38.8,3,1,0,7,5,-1.94,-9.43,-1.0,Low
6,8,7.5,70,67,40,46,61.6,2,4,2,4,6,0.55,5.51,-0.57,Moderate
6,1,6.2,73,54,9,126,49.3,3,13,0,13,95,-2.5,5.55,1.41,Moderate
12,4,7.0,78,37,79,47,36.3,3,7,1,9,57,2.36,-6.95,-0.74,Low
15,5,8.1,69,51,15,39,36.8,1,2,1,5,180,-1.11,-6.25,-0.15,Moderate
5,14,6.4,81,48,20,79,54.0,3,10,0,2,48,-1.8,8.2,3.29,High
6,5,5.2,75,58,20,16,55.5,3,21,2,7,30,-0.61,8.7,4.27,High
10,1,7.1,79,28,57,180,38.7,2,4,3,7,121,0.36,0.23,-0.96,Moderate
9,9,7.8,82,56,58,105,42.1,4,13,0,13,38,0.57,0.1,0.11,Moderate
4,9,7.1,75,39,76,72,47.9,11,4,1,5,21,0.12,-1.2,-0.31,Low
22,2,6.2,69,41,33,180,46.6,3,3,2,20,7,-0.16,-2.64,0.69,High
4,3,8.4,77,57,39,58,50.7,5,4,1,8,46,0.86,-1.79,-1.0,Low
5,9,7.0,90,58,61,43,45.2,3,5,3,4,5,-1.76,-1.33,1.34,Moderate
3,3,4.7,80,57,90,47,48.6,3,11,1,11,80,2.48,3.6,5.22,High
2,2,6.5,73,53,19,38,35.5,2,6,1,3,122,-0.81,-6.67,0.77,Low
17,10,7.8,78,23,115,180,54.6,4,11,1,5,59,0.78,7.11,0.37,High
3,1,7.5,72,47,63,51,51.5,2,7,1,8,39,0.28,1.87,-1.0,Low
12,6,5.5,70,44,40,119,40.0,3,5,1,5,62,1.05,-3.74,1.5,Moderate
3,2,7.2,82,47,16,28,35.0,6,5,0,13,80,0.11,-4.03,-1.0,Low
2,4,8.7,82,55,50,180,55.7,2,11,1,1,112,0.88,3.69,-1.0,Moderate
6,15,7.0,57,30,57,79,46.6,4,5,0,10,57,1.21,-2.39,-0.67,Moderate
2,2,6.1,86,33,27,59,50.8,3,3,0,11,118,-0.84,1.96,1.36,Moderate
11,4,6.9,66,20,92,14,41.1,1,3,0,4,51,1.97,-3.59,0.02,Low
1,1,7.1,92,23,77,19,45.9,2,5,2,10,85,0.76,-3.76,-1.0,Low
6,3,8.1,91,49,41,68,39.6,3,2,0,4,73,-0.13,-5.35,-1.0,Low
5,4,5.8,80,36,78,58,53.6,3,15,2,3,105,2.45,4.05,2.92,High
3,7,5.5,71,35,55,61,52.3,4,4,0,7,154,-0.8,0.46,2.05,Moderate
1,2,7.9,68,43,42,39,49.5,1,3,2,11,73,0.78,0.35,-1.0,Low
18,3,5.6,90,44,49,32,45.5,2,7,1,1,88,1.03,1.25,2.27,High
4,10,5.2,79,53,77,30,51.5,2,0,0,7,16,2.97,-2.33,2.53,Moderate
6,8,7.0,95,25,38,168,49.3,3,13,1,5,180,-1.85,-0.56,-1.0,High
9,2,6.6,72,27,31,129,45.2,2,0,1,6,21,-0.7,-3.42,-1.0,Low
7,3,6.3,65,47,106,121,35.0,2,1,0,16,47,2.22,-6.12,-1.0,Low
13,5,7.8,76,32,50,114,39.6,1,2,0,1,180,0.44,-3.33,-1.0,Moderate
6,12,6.9,73,55,74,66,51.1,3,4,0,9,153,0.45,-1.73,0.03,Moderate
2,10,6.0,94,41,49,60,40.9,4,4,1,2,180,-0.64,-3.44,-0.99,Moderate
3,10,8.4,89,31,52,17,50.6,3,9,1,2,43,0.82,-3.1,-1.0,Moderate
23,7,6.2,68,26,151,132,46.8,1,12,2,3,73,5.88,0.41,1.92,High
4,3,7.5,83,50,105,180,50.8,4,2,1,4,18,2.78,0.64,-0.88,Moderate
1,3,7.1,62,30,15,64,44.1,3,7,0,3,50,-1.61,-1.81,2.26,Low
2,7,8.2,69,53,39,47,54.5,7,1,0,10,53,0.01,0.02,-1.0,Low
3,1,7.4,74,58,123,18,54.7,5,7,1,5,137,3.89,3.4,0.23,Moderate
5,4,5.9,77,35,96,119,44.5,4,6,0,8,112,1.98,-0.75,0.32,Low
9,6,6.3,70,65,180,118,64.6,5,8,0,6,53,4.36,7.14,2.4,High
6,5,7.6,74,42,70,69,46.2,0,13,3,17,77,-0.3,-1.18,-0.29,Moderate
3,8,6.4,71,38,22,33,53.2,8,6,2,6,50,-1.14,-0.49,1.14,Moderate
10,3,6.6,71,39,27,35,43.4,5,14,2,5,12,-0.29,-1.73,2.03,Moderate
13,4,6.5,76,42,18,180,48.3,4,11,1,11,19,-1.01,1.59,1.87,Moderate
5,8,6.1,74,55,22,110,42.9,3,4,0,5,58,-1.1,-2.39,0.51,Low
3,6,7.1,65,42,36,33,35.5,2,7,1,20,92,-0.44,-0.54,-0.34,Low
5,5,6.7,70,19,30,68,56.3,4,10,0,10,41,-0.79,5.99,1.74,Moderate
10,7,5.9,82,53,121,67,56.7,4,16,0,6,45,4.05,10.0,3.32,High
9,3,7.7,64,59,83,82,46.3,3,7,2,3,75,1.02,6.2,-1.0,High
10,3,7.3,60,34,150,28,42.1,1,2,1,11,0,5.7,-3.31,-0.7,Low
1,3,5.7,56,12,9,150,48.7,4,5,2,18,45,-2.07,3.17,1.84,Moderate
13,10,6.5,81,35,18,51,56.7,4,4,0,3,56,-1.41,-0.91,1.71,Moderate
7,10,6.1,73,49,7,51,45.9,3,10,2,2,34,-2.07,-0.98,1.99,Moderate
6,3,7.4,67,51,24,21,52.2,4,6,1,4,61,-0.45,-1.32,1.3,Low
12,2,7.8,72,66,17,33,42.3,3,1,0,13,24,-2.21,-2.02,-1.0,Low
4,8,6.3,72,36,20,25,53.9,4,3,0,7,57,-2.34,2.35,1.49,Moderate
8,4,6.6,71,25,45,156,58.5,2,1,4,19,75,0.44,5.43,-0.6,High
9,8,8.6,67,30,68,63,59.5,1,4,1,12,32,0.28,1.38,-0.91,Moderate
8,2,7.2,71,52,65,56,35.0,5,6,0,7,56,0.73,-5.72,0.84,Low
10,2,7.9,83,44,180,57,36.6,1,4,1,3,58,5.15,-7.18,-0.99,Moderate
14,1,7.6,71,34,119,9,35.0,4,15,1,2,56,3.58,-2.47,0.03,Moderate
21,4,6.5,78,43,77,97,43.5,3,14,1,20,65,0.98,0.1,2.63,High
7,1,7.1,68,19,76,96,60.1,4,8,2,14,14,0.81,5.05,0.39,High
8,6,7.4,77,34,12,21,59.9,4,15,0,11,162,-1.57,3.39,1.85,High
6,2,6.9,78,39,83,77,48.1,3,16,0,11,12,2.51,0.5,3.29,Moderate
5,3,5.9,65,54,37,70,35.0,5,2,1,6,37,-0.99,-7.18,1.56,Low
5,6,5.5,75,41,84,55,46.1,6,2,4,1,153,3.15,-3.42,1.83,Moderate
5,11,6.5,66,28,31,61,37.4,4,3,2,7,41,-2.06,-2.62,-0.22,Low
12,2,5.9,78,12,50,32,50.0,3,2,0,5,56,0.64,-2.18,1.28,Low
9,5,5.8,75,44,49,76,36.9,2,7,3,14,53,-0.69,-5.86,0.87,Moderate
13,3,7.2,96,35,60,99,67.4,3,20,3,2,40,0.81,8.62,2.67,High
10,7,6.7,87,46,55,18,47.1,3,4,0,20,50,0.21,-3.9,-0.3,Moderate
0,8,5.0,79,52,14,75,47.9,3,5,0,9,54,0.8,-2.33,3.83,Low
5,5,7.8,78,42,61,20,58.1,4,11,0,8,45,0.13,4.64,-1.0,Moderate
14,8,5.8,91,68,42,22,57.9,7,6,1,9,25,-0.4,4.14,1.34,High
3,1,6.6,70,53,75,37,45.1,2,14,0,3,111,0.74,7.15,1.47,Moderate
11,10,7.4,74,40,60,83,35.7,2,15,0,7,97,1.41,-3.36,0.18,Moderate
4,3,5.4,77,42,17,180,40.7,5,2,2,9,36,-1.65,-8.63,0.7,Low
4,13,6.6,81,42,123,90,54.1,1,10,1,18,82,3.51,1.85,2.34,High
2,21,7.5,64,32,83,117,35.4,3,7,0,6,92,0.93,-5.82,-0.09,Moderate
11,8,7.2,63,32,59,80,35.0,3,8,0,7,77,0.31,-3.18,-0.15,Moderate
6,5,5.6,75,32,31,25,45.7,3,3,1,6,51,0.06,-0.86,1.97,Moderate
8,7,7.0,89,51,39,90,45.0,2,7,2,8,45,-0.2,1.98,0.11,Moderate
8,4,7.1,64,23,48,33,52.4,5,3,1,2,35,0.46,1.85,0.52,Moderate
15,10,7.8,78,44,54,23,47.3,4,9,1,3,77,-0.89,-0.1,-0.35,Moderate
2,13,6.3,69,25,46,38,42.6,4,1,2,14,53,0.11,2.26,0.05,Moderate
6,2,5.5,79,39,20,44,35.0,6,8,4,11,43,-1.58,-7.94,1.33,Low
6,2,5.9,80,57,147,19,45.8,2,10,1,2,44,4.87,2.85,2.7,Moderate
4,8,6.2,69,64,180,52,37.6,1,7,4,15,68,4.62,-4.39,1.28,Moderate
6,3,7.7,79,42,51,84,56.9,2,9,0,16,16,0.85,1.96,-0.32,Moderate
5,7,6.0,63,62,70,44,46.0,3,9,2,8,116,0.55,2.87,0.86,Moderate
12,10,5.9,67,28,18,90,49.9,3,1,1,6,92,0.49,-1.93,0.88,High
8,12,7.6,78,24,180,141,56.5,3,0,0,6,97,4.9,-1.36,-1.0,Moderate
7,5,4.9,81,30,70,44,37.8,3,15,1,1,16,1.04,-9.46,2.68,Moderate
1,3,6.1,62,29,64,114,46.9,0,10,0,19,180,1.2,4.26,0.41,Moderate
4,7,5.9,93,60,31,15,46.0,1,3,0,7,96,0.7,-1.23,2.21,Moderate
3,10,6.6,72,44,34,61,44.9,1,6,1,3,9,-0.78,-2.28,-0.44,Low
1,3,8.6,62,44,60,96,47.3,3,12,1,6,136,-0.17,-0.51,-0.68,Low
8,2,5.5,76,46,21,20,43.8,2,14,1,20,20,-0.93,1.61,3.89,Moderate
4,5,7.6,90,27,88,34,36.2,2,19,0,16,138,1.52,-4.0,0.23,Moderate
4,1,6.4,66,31,56,60,37.5,5,5,3,14,19,0.6,-1.72,1.22,Low
6,3,6.8,88,34,42,83,35.8,2,1,0,20,174,-0.68,-5.26,0.79,Low
12,5,8.1,55,42,50,78,45.2,3,13,1,6,74,1.24,-1.77,-1.0,Low
18,2,6.8,64,26,44,52,47.0,2,4,1,6,27,0.23,-0.39,1.83,Moderate
2,4,7.4,78,54,79,45,39.8,3,10,0,10,149,0.86,-5.11,0.19,Low
13,6,6.4,65,59,39,153,51.1,1,4,0,5,102,-0.84,0.73,0.79,Moderate
13,7,7.6,74,41,34,36,43.2,2,8,1,3,14,-0.26,0.94,1.2,Moderate
2,5,7.2,79,60,36,20,54.8,5,13,0,6,65,0.09,3.64,0.63,Low
8,10,7.9,68,51,51,17,42.2,7,6,0,6,43,1.22,-2.81,-0.96,Low
12,1,8.0,78,34,30,127,53.3,2,7,0,16,151,0.19,3.5,-0.46,Moderate
3,3,5.2,60,25,69,13,53.3,0,2,3,9,30,-0.76,0.38,2.91,Low
6,5,7.5,76,49,133,30,62.6,1,21,0,5,149,3.05,9.28,3.32,High
4,3,7.5,55,44,14,36,57.5,6,15,1,5,92,-1.52,7.79,2.34,Moderate
2,3,6.3,72,52,180,12,58.6,6,5,0,12,74,5.39,7.09,1.79,High
2,8,8.2,89,47,50,31,62.7,2,1,0,20,10,-0.35,3.96,-1.0,Moderate
4,7,7.5,90,31,38,70,46.8,5,14,1,3,11,-0.69,1.09,1.75,Moderate
4,5,7.3,81,38,64,81,42.4,2,12,0,10,36,0.55,-2.18,-0.32,Low
3,4,5.6,85,42,46,55,35.3,3,4,3,20,25,0.05,-6.86,0.26,Low
13,6,6.4,65,44,50,105,56.6,3,5,3,2,41,0.09,3.73,1.54,High
6,9,6.1,57,43,37,98,58.6,1,7,2,5,165,0.97,3.6,1.36,Moderate
8,3,7.2,67,37,110,19,35.0,2,1,0,3,180,1.7,-8.84,-1.0,Low
3,7,6.8,74,37,25,86,45.3,6,13,2,10,45,0.29,-2.45,0.29,Moderate
3,6,6.7,92,45,92,180,47.5,7,21,1,2,98,1.14,-2.95,2.51,Moderate
15,2,7.3,76,39,54,53,58.5,5,14,0,6,115,0.32,8.55,0.87,High
0,2,6.3,66,42,46,58,44.1,0,21,1,7,145,-0.07,-2.38,3.52,Moderate
4,15,8.6,64,46,14,82,60.7,1,4,3,18,70,-2.5,7.16,-0.87,High
1,7,7.1,64,34,43,45,37.1,3,4,1,5,102,-1.11,-2.07,-0.7,Low
10,18,5.5,59,40,51,161,39.1,3,8,0,5,122,0.86,-5.07,2.19,High
10,2,7.6,71,32,20,119,46.0,3,5,1,2,24,-0.98,1.16,0.99,Low
1,2,6.6,57,40,48,112,42.5,1,6,0,5,153,0.02,1.14,1.43,Low
3,3,7.6,73,53,25,31,50.0,2,9,0,3,161,-0.42,-3.43,-1.0,Low
8,1,8.1,66,45,96,23,46.0,5,6,2,15,80,1.8,0.84,-1.0,Low
8,16,8.9,73,58,67,18,44.8,4,9,0,13,54,1.97,-2.03,-1.0,Moderate
21,15,6.1,79,54,71,68,66.0,2,4,1,15,43,0.63,10.0,3.45,High
5,2,5.6,64,35,29,61,35.0,2,5,1,5,3,-0.99,-3.74,1.86,Low
2,4,5.7,79,42,31,54,53.7,1,7,2,13,99,-0.84,3.87,1.74,Low
5,5,6.0,76,58,46,33,65.9,6,6,2,5,40,1.24,6.89,1.97,High
13,9,7.3,93,44,31,16,45.2,2,4,1,8,28,-1.18,1.76,0.24,Low
3,0,6.5,76,50,95,42,50.8,4,2,0,7,125,2.33,1.19,-0.65,Moderate
2,5,6.4,76,45,32,118,50.9,5,6,0,3,34,-0.19,0.88,1.42,Low
3,1,5.9,83,55,74,162,46.2,1,7,1,4,119,1.17,1.55,1.01,Low
11,7,6.5,81,43,18,162,47.0,4,1,0,1,59,-2.5,0.08,0.9,Moderate
9,16,7.2,68,19,93,80,47.2,2,1,1,3,21,2.4,-1.39,-0.33,Moderate
5,4,6.1,55,43,124,13,51.6,2,21,0,1,57,3.66,5.13,4.07,High
15,9,6.9,85,44,98,52,43.7,5,3,0,8,57,1.86,-4.06,0.17,Moderate
4,4,7.3,80,40,9,52,48.6,5,1,0,4,180,-2.3,-1.6,-0.37,Low
10,6,6.6,67,41,70,71,41.9,4,4,1,20,22,1.71,-0.87,0.49,Moderate
7,13,6.1,83,28,46,76,49.2,2,1,2,2,39,0.68,-6.41,0.21,Moderate
4,2,4.8,62,40,47,40,35.0,3,14,1,6,51,0.03,-9.68,4.45,Moderate
11,6,6.8,95,43,52,48,61.9,4,4,0,3,43,0.34,1.97,-0.19,Moderate
2,6,7.5,77,46,26,17,49.0,3,13,1,19,45,-0.4,4.1,2.19,Moderate
3,4,7.7,84,45,31,110,46.2,4,9,1,5,78,-1.91,-0.34,0.83,Low
12,9,5.7,72,56,52,18,70.0,8,4,1,6,101,-0.45,5.39,3.38,High
7,1,5.9,73,43,13,58,40.9,1,13,0,3,25,-1.64,-3.21,2.55,Low
22,2,7.2,60,39,96,16,45.6,3,3,1,4,30,2.01,-2.71,-1.0,Moderate
21,8,7.1,75,29,37,133,50.9,4,15,0,1,58,-0.88,2.8,1.89,High
11,1,7.4,71,32,53,122,56.1,1,5,1,9,31,-0.84,-0.86,0.14,Moderate
5,16,7.3,73,55,81,92,55.6,1,2,0,6,48,1.05,-0.11,0.27,Moderate
8,5,6.7,86,46,66,43,41.0,3,4,2,8,41,2.85,0.36,0.38,Moderate
8,8,6.5,61,58,14,102,48.6,8,7,2,3,48,-1.34,3.73,2.44,Moderate
5,7,6.1,55,56,15,28,40.5,2,1,1,1,103,-2.1,-6.93,-0.87,Low
16,7,7.3,75,32,47,35,46.0,3,4,0,2,126,0.92,-2.83,-0.37,Moderate
16,9,6.8,93,27,11,73,60.0,2,7,1,6,98,-0.86,2.65,0.77,High
9,7,6.3,57,15,33,14,60.1,6,5,1,4,40,0.56,5.09,0.47,High
4,8,7.2,72,33,49,66,53.2,4,14,0,10,59,-0.02,0.86,1.17,Low
15,4,7.6,67,21,18,31,38.1,5,14,2,13,38,-1.33,-1.43,0.73,Moderate
4,8,5.6,79,48,91,90,55.8,1,10,0,7,47,3.17,7.43,3.92,High
6,2,7.2,80,53,52,60,51.0,4,1,1,5,18,0.26,1.95,-1.0,Low
17,10,7.4,87,41,7,45,38.7,7,2,4,14,24,-0.91,-2.6,0.09,Moderate
3,5,5.3,89,44,35,15,35.0,2,6,1,4,36,-0.51,-5.25,0.86,Low
8,3,7.3,57,41,117,49,54.0,3,2,2,15,46,2.52,5.97,0.92,High
3,3,6.6,76,37,64,47,42.5,2,1,0,7,24,-0.28,-3.01,0.66,Low
6,14,7.4,63,41,67,73,45.9,2,8,1,6,54,0.59,1.25,0.28,Low
1,8,5.7,61,45,42,30,41.1,7,3,0,3,6,-1.08,-3.92,-0.04,Low
11,5,7.2,88,65,154,25,35.4,5,10,0,8,69,5.3,-1.14,0.03,High
16,4,5.9,72,50,144,74,37.7,5,6,2,14,98,3.74,-2.01,0.5,High
10,6,7.2,71,39,40,29,55.5,2,2,2,5,59,0.13,-0.45,0.24,Moderate
9,5,7.7,86,51,54,95,44.4,4,8,0,15,109,1.43,0.31,-0.5,Moderate
4,8,6.9,72,40,40,9,60.8,3,6,0,3,22,0.59,7.24,0.54,Moderate
6,10,6.5,90,42,27,58,52.5,2,2,3,2,50,1.58,4.01,0.93,Moderate
7,15,6.6,55,54,1,18,40.3,0,2,1,10,36,-2.5,0.68,-0.85,Low
8,3,6.5,76,42,32,119,36.7,2,5,1,6,48,-0.71,-2.17,0.7,Low
5,7,6.5,62,54,100,37,41.0,3,7,1,1,68,1.74,-4.87,-0.04,Low
12,1,7.0,75,44,138,36,44.0,5,8,2,3,133,2.91,-3.1,0.49,Moderate
1,4,5.7,60,64,107,29,64.0,3,8,1,5,58,1.96,6.4,1.91,High
2,10,6.6,73,54,169,132,53.6,4,4,1,15,97,5.73,3.71,2.89,High
5,5,5.4,81,43,52,41,41.7,2,1,1,1,92,0.62,-4.52,0.97,Low
3,7,7.5,56,46,61,110,54.5,1,14,1,17,64,1.16,5.21,2.74,High
10,2,7.1,73,25,26,151,38.7,4,5,0,11,51,0.21,-2.73,1.19,Low
2,4,7.2,78,37,79,180,54.0,2,5,1,3,112,1.04,-1.86,0.82,Moderate
7,5,6.4,76,39,152,7,46.9,3,13,2,7,48,3.61,2.02,3.08,High
14,2,7.4,79,21,37,55,43.5,5,9,2,20,43,-0.93,-3.03,1.64,Moderate
6,12,7.1,73,39,180,72,58.6,4,7,2,13,89,5.67,2.56,0.94,High
4,5,7.4,64,48,11,23,50.9,2,2,0,11,76,-2.5,-2.15,-0.76,Low
5,9,8.3,74,46,75,48,58.9,1,13,2,3,138,1.38,6.14,-0.11,Moderate
3,2,6.3,77,40,72,104,42.8,6,5,1,3,156,0.5,-8.09,-1.0,Low
3,2,7.4,72,42,65,66,42.8,6,7,2,7,72,2.4,-4.42,-0.26,Low
3,2,6.5,91,24,41,42,54.8,1,3,1,7,45,-0.32,3.15,1.51,Moderate
2,9,7.5,78,42,94,132,36.0,2,6,1,6,83,2.35,-8.36,-1.0,Low
7,8,6.0,80,31,9,37,35.0,7,4,1,0,63,-2.46,-6.15,2.07,Low
14,3,4.6,66,49,78,5,46.3,3,4,2,11,42,2.51,-4.42,2.55,Moderate
12,6,6.4,81,52,60,71,44.1,1,6,0,3,16,0.35,-4.23,-0.76,Moderate
8,1,7.3,64,44,118,76,60.4,7,4,1,2,94,2.87,2.26,-0.7,Moderate
1,8,5.4,73,40,155,81,57.6,1,7,1,5,14,4.28,5.6,2.9,High
6,3,7.8,79,49,119,40,61.0,3,2,0,11,163,4.67,9.67,-1.0,High
7,2,7.1,75,39,176,29,41.4,3,10,0,20,29,5.71,-4.1,0.58,Moderate
5,8,6.0,64,40,86,25,45.3,2,6,0,16,9,2.58,0.05,1.09,Moderate
12,13,7.6,94,32,81,13,38.6,3,11,0,4,23,3.57,-2.48,-0.89,High
3,8,6.3,70,43,84,97,45.5,6,3,0,4,104,0.6,0.55,0.92,Low
9,5,6.2,79,40,86,56,60.8,4,1,0,16,38,0.55,2.03,1.99,Moderate
7,9,6.4,77,63,67,20,48.6,6,18,1,7,42,0.88,4.17,3.23,Moderate
3,3,6.5,59,51,78,86,47.0,2,5,0,12,72,1.12,-1.23,0.25,Low
6,1,7.7,86,36,71,39,40.2,6,2,0,13,45,1.4,-5.38,-0.55,Low
6,3,7.8,62,41,137,31,42.3,4,11,2,2,71,5.12,2.11,-0.78,Moderate
8,4,7.6,84,34,45,103,48.9,1,6,0,2,35,0.37,-1.5,-0.85,Low
7,3,7.4,65,49,114,40,49.2,5,13,0,3,57,3.24,0.63,-0.39,Low
12,20,7.8,81,46,134,100,52.3,2,2,0,7,42,2.64,1.83,-1.0,High
16,10,7.3,68,64,15,18,58.7,5,5,0,8,14,-1.41,3.11,0.2,High
8,2,8.1,66,63,68,49,43.3,0,5,0,6,88,-0.02,-3.37,-1.0,Low
10,5,5.6,82,41,49,58,48.3,5,4,0,2,15,-0.05,-2.53,1.16,Moderate
5,16,6.2,65,32,31,75,54.1,3,6,2,3,125,0.07,0.53,2.77,Moderate
4,4,6.8,69,31,39,106,59.2,3,9,2,10,6,-0.99,2.8,1.71,Moderate
7,1,6.9,79,37,47,23,68.7,5,1,3,13,6,0.57,10.0,1.33,High
5,4,6.5,82,30,141,12,52.2,4,6,0,7,177,3.88,0.23,1.78,Moderate
4,5,6.8,72,26,123,23,39.6,4,2,0,17,8,3.51,-0.14,0.46,Low
2,1,6.0,81,55,26,20,45.4,3,8,1,5,20,-1.06,1.75,0.81,Low
14,8,8.2,78,52,50,80,57.6,3,1,0,7,5,0.65,2.38,-1.0,High
8,9,8.3,62,54,37,77,43.8,4,10,1,7,136,-1.16,-1.22,-0.55,Moderate
14,5,6.6,69,42,82,79,48.5,1,8,1,20,75,2.47,0.21,1.26,Moderate
3,3,8.8,82,47,52,43,49.9,3,5,1,13,136,1.02,1.25,-0.82,Low
2,11,5.7,68,38,80,125,55.5,1,4,0,20,180,0.01,3.31,3.21,Moderate
4,9,7.6,73,36,84,44,56.5,3,14,0,12,12,2.24,7.09,1.49,Moderate
18,3,6.9,63,24,179,41,51.5,7,5,1,13,66,5.08,0.26,-0.36,High
8,6,6.4,79,30,160,75,56.5,5,12,1,7,68,4.26,2.09,0.95,High
5,5,6.3,62,55,16,66,57.2,1,7,0,2,19,-2.44,3.57,0.54,Low
8,7,7.2,80,43,125,22,43.6,2,5,0,13,11,3.09,-0.84,0.84,Moderate
8,4,7.5,85,44,15,49,51.9,3,3,0,8,31,-0.35,0.09,-0.88,Low
14,4,6.7,80,37,154,111,44.8,4,14,0,8,86,4.1,1.79,3.33,High
8,2,5.6,86,40,27,29,43.1,3,2,0,2,65,-1.02,-2.48,1.7,Low
20,2,7.1,71,38,53,79,56.7,4,11,1,20,105,0.39,2.46,1.24,High
5,5,5.7,76,31,32,76,57.1,3,5,1,7,57,-0.45,-0.05,3.65,Low
5,6,4.9,75,48,114,115,52.5,4,8,0,1,73,3.2,9.25,3.37,High
8,1,8.9,67,55,26,40,35.0,5,7,0,4,62,-1.57,-3.35,-1.0,Low
21,6,6.6,66,57,32,30,42.3,5,19,1,11,8,-2.03,-6.54,0.85,Moderate
1,14,6.5,62,37,42,26,51.5,5,10,1,10,135,-0.35,-2.3,1.34,Moderate
6,5,5.9,82,33,19,47,55.3,3,3,2,3,15,-1.69,3.21,0.66,Moderate
14,4,6.2,81,38,4,39,45.8,1,2,0,7,74,-1.5,-7.63,1.95,Low
5,2,6.9,77,51,102,78,35.0,6,14,2,8,65,1.6,-5.89,1.57,Moderate
5,8,7.5,74,57,30,55,49.5,6,13,0,11,107,-0.83,-2.55,0.16,Moderate
7,2,7.3,78,42,48,43,55.4,5,9,0,10,71,-1.28,4.55,0.2,Moderate
9,3,7.6,81,48,31,77,38.2,5,1,3,3,24,-1.47,-7.21,-1.0,Low
3,9,6.5,77,50,142,78,53.7,10,5,1,12,44,4.79,2.53,2.13,Moderate
1,14,6.0,59,36,72,72,43.2,4,2,1,8,43,1.77,-2.45,0.37,Moderate
3,11,6.1,74,27,9,19,45.6,2,6,0,20,44,-1.5,0.47,0.18,Low
2,11,7.1,64,26,155,95,44.9,3,2,4,3,43,5.02,-4.6,-1.0,Moderate
4,3,7.1,62,46,37,91,45.3,4,11,1,7,98,0.93,-0.4,0.51,Moderate
3,11,7.4,65,42,78,61,43.9,4,5,0,6,74,0.84,-4.37,-0.74,Low
7,12,7.9,84,51,79,68,39.0,1,12,1,20,62,0.29,-5.96,-0.74,Moderate
6,3,6.4,69,27,18,79,51.6,1,4,0,9,92,-0.93,2.23,0.36,Low
2,4,5.6,86,36,107,50,49.0,3,5,1,5,14,1.92,-1.96,2.57,Moderate
4,9,7.7,76,49,60,94,35.7,3,19,4,13,51,1.43,-3.45,0.31,Moderate
11,5,6.0,69,40,152,75,50.2,3,3,0,4,120,4.65,-2.13,0.39,Moderate
1,16,6.2,55,28,100,16,51.3,6,9,0,9,21,1.37,-1.14,2.25,Moderate
4,12,7.2,73,38,28,49,48.7,2,5,2,3,7,-1.3,-0.54,-0.03,Low
9,6,6.3,70,24,38,79,54.4,2,10,0,18,23,-0.55,2.8,3.19,Moderate
3,4,6.9,63,43,14,40,35.6,5,6,0,2,177,-2.11,-6.42,-0.45,Low
7,9,6.4,75,46,180,36,59.6,1,5,0,20,66,4.78,7.95,0.17,High
9,10,7.8,77,58,49,68,36.9,3,8,1,4,59,1.21,-7.99,-0.16,Moderate
5,2,6.3,77,40,37,56,35.0,1,13,0,1,5,0.39,-5.79,1.42,Low
16,3,7.0,80,54,80,5,35.0,3,10,2,20,72,1.14,-9.54,-0.76,Moderate
4,8,7.9,59,47,41,64,46.5,4,15,1,3,32,-0.4,0.4,0.92,Low
1,10,5.5,66,57,43,47,43.2,3,5,2,20,152,-0.93,-3.59,1.82,Low
5,10,6.6,69,64,82,57,61.2,6,2,0,6,106,1.52,8.76,0.72,High
3,6,6.7,70,42,19,67,47.0,3,10,2,2,88,-0.84,-0.12,1.52,Low
17,10,6.9,68,34,18,57,47.1,1,6,4,9,126,-1.79,-2.26,0.19,High
9,3,6.9,88,43,180,105,53.8,3,5,0,3,59,6.0,5.18,0.56,High
2,2,6.7,78,54,62,8,49.1,2,13,0,3,180,0.8,3.48,1.55,Low
12,6,6.6,58,39,143,78,57.9,7,3,1,5,69,3.17,0.4,2.18,Moderate
13,3,6.9,91,56,123,43,35.0,1,6,0,17,114,3.58,-3.45,-0.02,High
3,9,5.8,77,44,39,69,53.5,5,5,1,1,49,-0.81,0.35,3.32,Moderate
14,2,5.7,71,55,59,34,42.9,5,14,1,6,55,-0.82,1.75,2.07,Moderate
3,2,6.8,81,34,97,58,54.4,1,8,1,5,93,1.75,2.16,0.13,Moderate
6,7,6.0,70,53,71,104,35.0,1,3,1,17,62,0.8,-6.14,-0.55,Low
6,5,7.4,74,32,43,68,51.7,2,1,1,2,130,0.59,-0.69,-0.14,Low
22,2,8.6,69,41,85,36,53.2,3,7,3,2,48,1.41,6.74,-1.0,High
10,1,5.7,63,42,159,65,47.4,3,4,0,11,95,4.1,-1.05,0.68,Moderate
4,3,7.7,57,62,110,144,44.9,5,5,1,3,180,2.79,-4.67,-1.0,Moderate
2,4,6.8,87,40,50,58,42.0,2,8,0,11,70,0.93,-3.36,0.89,Low
12,1,6.2,81,39,90,108,48.0,4,16,1,6,108,1.85,2.52,2.32,High
4,7,7.7,78,19,49,36,60.1,1,10,0,10,119,0.43,5.38,0.12,Moderate
12,6,7.7,59,42,139,117,51.9,7,4,1,6,79,3.4,4.53,-0.46,High
7,9,7.6,85,29,40,180,53.9,2,7,1,6,180,-0.49,0.42,-0.72,Moderate
4,5,6.9,78,62,106,180,36.2,2,13,2,8,49,2.64,-7.25,0.0,Moderate
5,7,5.9,75,45,93,53,66.6,0,5,1,4,180,2.69,9.32,2.65,High
1,1,7.6,61,43,152,66,56.4,5,3,2,15,27,4.24,5.94,-0.73,High
4,14,5.7,64,42,122,44,42.4,4,7,0,0,61,3.89,-3.03,1.03,Moderate
1,7,6.9,80,60,34,102,54.6,5,16,0,4,21,-0.22,10.0,2.45,Moderate
10,4,6.9,57,33,150,13,40.8,1,6,0,3,21,3.61,-2.56,-0.46,Low
18,1,5.7,80,30,75,50,66.5,3,10,1,3,92,1.46,10.0,3.03,High
7,0,6.9,63,28,44,26,50.9,7,15,1,2,17,-1.01,4.9,-0.09,Moderate
8,10,7.2,55,54,114,5,35.0,2,4,1,6,110,3.69,-2.58,-0.71,Moderate
2,12,5.6,56,46,52,32,44.9,3,5,1,5,141,0.53,-0.23,0.98,Low
1,19,6.0,74,23,43,61,52.7,5,11,1,3,69,1.19,4.28,2.29,High
2,9,7.6,66,57,67,67,41.8,5,0,1,13,164,0.28,-3.65,-0.17,Moderate
3,8,6.5,68,29,180,51,51.4,2,5,1,8,20,5.99,4.09,0.8,High
10,3,7.0,68,40,130,67,40.4,4,8,1,1,94,3.44,-1.31,-0.59,Moderate
3,21,6.0,70,23,180,17,55.0,8,9,2,20,5,6.0,4.39,1.15,High
8,3,6.1,80,41,62,97,45.0,3,4,0,6,55,0.66,-1.52,0.62,Low
5,2,7.4,60,47,49,58,46.1,1,10,1,6,41,0.77,1.18,-1.0,Low
4,13,6.4,72,33,100,87,51.1,6,5,1,1,43,1.8,1.13,0.33,Moderate
1,12,6.4,89,56,3,18,48.8,1,9,0,4,2,-2.11,-1.41,1.05,Low
4,6,6.6,72,51,33,125,53.2,1,8,0,7,104,0.55,5.01,1.04,Moderate
5,7,7.5,69,41,30,33,35.0,5,9,1,5,57,-1.27,-6.62,-0.15,Low
6,8,5.9,78,70,31,24,55.4,1,9,0,4,24,-1.27,5.68,1.35,Moderate
7,0,6.8,72,57,72,85,62.6,2,6,2,5,128,1.09,5.89,0.96,Moderate
9,5,5.7,62,37,9,113,44.2,1,4,0,5,74,-0.72,0.7,1.96,Moderate
15,4,8.0,70,34,41,163,62.0,4,15,0,3,107,-1.45,6.8,0.59,High
10,3,5.7,86,31,22,62,55.7,5,7,0,10,35,0.33,7.25,0.66,Moderate
23,8,6.6,68,46,20,116,39.7,4,6,4,6,25,-0.15,0.05,0.31,High
8,1,6.6,78,51,55,40,35.0,4,4,1,5,56,-0.18,-6.9,0.7,Low
7,1,6.4,73,36,87,59,39.1,4,5,3,8,122,2.34,-2.92,0.61,Moderate
8,3,6.4,83,43,87,115,61.0,4,3,0,7,99,0.48,9.72,2.6,High
7,7,6.8,81,42,26,29,41.5,0,1,2,4,86,-1.17,-9.04,-1.0,Low
4,2,5.8,74,22,107,82,40.3,7,4,0,10,80,1.92,-6.42,0.96,Moderate
3,9,6.3,73,41,53,133,41.7,4,6,2,14,53,0.57,-1.78,-0.46,Low
10,8,7.4,79,63,61,48,37.0,4,7,0,2,48,-0.57,-5.82,-0.29,Low
12,4,6.2,59,41,14,130,35.0,3,1,3,6,28,-2.07,-9.74,-0.52,Low
10,5,7.4,67,59,49,52,47.8,2,9,0,7,123,-0.24,3.16,0.06,Low
13,6,7.7,74,60,17,63,49.9,3,5,0,6,73,-1.61,-1.52,-0.85,Moderate
10,6,8.3,73,62,82,180,41.9,4,6,2,6,172,0.42,-5.93,-1.0,Moderate
3,8,6.5,79,46,120,10,35.0,1,4,1,2,137,1.96,-2.29,-0.87,Low
6,6,7.3,55,45,131,17,36.7,7,8,0,8,14,4.49,-4.26,1.39,Moderate
3,7,7.5,68,45,104,34,56.5,5,3,0,14,94,1.19,-2.36,1.14,Moderate
5,5,5.8,59,42,91,78,45.8,4,3,2,3,45,0.85,-3.74,0.54,Moderate
3,1,6.4,79,47,62,45,47.9,4,1,1,9,29,-0.4,-4.88,0.6,Low
11,5,6.6,72,33,76,45,55.3,3,14,1,1,104,2.65,1.15,1.58,High
4,2,7.8,69,40,121,28,60.0,3,6,1,2,11,3.41,7.6,0.92,Moderate
4,4,6.0,69,53,113,30,61.3,1,10,0,15,24,2.43,7.4,2.07,Moderate
6,11,5.9,74,29,180,81,48.8,5,11,0,6,15,5.42,0.29,1.67,High
7,2,7.7,66,44,37,175,41.7,2,2,0,6,49,0.22,-6.52,-1.0,Moderate
2,10,6.8,71,29,106,92,35.0,2,4,1,4,95,2.2,-3.38,-0.2,Low
6,9,5.4,89,56,42,35,55.8,1,21,0,11,62,0.85,4.18,4.52,High
4,6,7.0,76,38,82,132,59.2,4,1,0,15,26,2.25,-0.47,0.85,Moderate
10,12,6.3,71,47,43,64,52.9,4,7,1,5,29,0.09,4.13,1.79,High
7,17,6.7,63,58,53,70,59.0,6,3,1,7,180,-0.05,2.29,0.09,Moderate
4,3,5.5,63,64,49,9,53.0,7,6,1,2,48,-0.38,0.76,2.6,Moderate
1,6,7.7,65,47,27,41,49.3,2,12,0,12,101,-2.33,2.94,-0.0,Low
4,3,5.9,67,47,53,70,45.9,2,8,0,6,35,1.48,-1.01,0.81,Low
10,5,7.9,86,50,15,69,52.0,4,14,0,8,24,-1.72,9.12,1.38,Moderate
6,14,5.9,71,36,100,55,44.8,3,8,0,1,37,2.33,-4.4,0.19,Low
6,8,7.7,82,38,180,28,54.4,5,3,1,15,23,4.93,-4.55,-0.91,High
7,1,7.4,84,49,28,25,61.4,0,9,0,1,38,0.52,7.47,0.85,Moderate
3,4,8.5,78,53,12,19,41.7,6,9,0,5,9,-1.01,-0.5,-1.0,Low
6,7,5.5,68,46,78,50,51.9,1,5,3,7,45,0.92,5.29,1.0,Moderate
1,3,6.5,77,57,98,71,55.5,4,20,1,6,170,3.0,8.53,3.28,High
3,5,7.3,74,54,153,55,43.5,2,7,1,9,77,3.72,2.11,1.24,Low
10,6,6.1,77,49,30,20,57.4,1,10,1,6,29,-0.4,7.76,1.98,High
8,6,8.2,66,15,20,84,59.9,7,8,1,6,19,-1.56,2.23,-0.64,Moderate
4,8,7.6,82,34,60,38,43.7,1,2,3,20,119,0.43,-5.6,-1.0,Moderate
4,5,6.0,85,36,98,45,45.7,5,7,0,20,127,3.48,0.84,2.02,High
7,2,7.6,77,48,77,28,50.4,2,7,1,4,9,1.38,2.54,-1.0,Low
3,5,5.5,90,41,101,18,50.1,2,12,1,13,107,2.06,0.06,3.23,Moderate
10,6,7.1,71,48,124,83,55.2,2,3,1,17,44,4.21,5.12,1.56,High
6,4,5.6,67,57,34,24,40.8,2,9,1,20,137,0.55,-1.76,3.03,Moderate
7,7,8.7,77,27,20,10,43.7,1,6,0,5,103,-1.89,-6.58,-1.0,Low
4,9,6.1,68,19,98,113,43.9,1,4,0,7,121,1.53,-3.23,1.25,Moderate
1,4,7.7,75,35,9,180,50.8,1,6,0,4,122,-2.5,1.33,-0.19,Low
10,3,6.2,67,53,80,80,38.2,4,12,0,15,19,1.85,-3.08,0.73,Low
2,8,6.7,69,44,57,40,41.2,2,8,0,3,11,1.86,-2.96,-0.21,Low
1,5,6.2,85,57,118,43,51.7,5,12,0,12,55,3.3,0.88,2.82,Moderate
11,18,5.3,93,54,86,125,48.7,8,8,0,13,14,1.72,3.01,2.78,High
5,13,8.0,80,56,100,58,39.0,4,11,1,6,56,2.56,-2.47,-0.5,Moderate
14,6,7.7,71,58,70,79,40.8,5,4,1,7,54,0.81,-2.76,-1.0,Moderate
5,1,6.8,67,40,19,26,47.6,5,7,0,5,180,0.04,-1.51,1.44,Moderate
2,7,7.0,78,56,61,115,49.0,1,4,1,16,76,0.02,-0.9,-0.19,Low
3,5,8.6,70,39,166,24,45.0,5,5,0,2,69,3.13,0.23,-1.0,Low
2,1,6.0,72,41,34,41,47.0,3,2,1,20,5,-0.4,-3.8,1.39,Low
14,2,7.7,65,65,82,123,48.4,3,4,1,18,53,2.72,-0.58,0.18,Moderate
10,5,7.5,90,60,93,114,42.8,2,18,0,3,47,2.92,5.77,2.5,High
2,8,6.8,75,59,46,36,46.8,2,6,0,15,61,-0.18,2.18,-0.48,Low
1,1,7.0,62,38,48,54,40.0,4,2,1,5,127,-0.09,-8.03,0.21,Low
1,11,7.0,72,45,8,40,60.5,2,2,1,6,103,-2.15,3.61,-1.0,Low
3,6,6.8,71,34,63,58,47.6,3,10,1,15,8,0.55,5.83,0.06,Moderate
1,1,8.0,62,45,45,41,35.2,5,4,0,6,31,-1.14,-7.72,-1.0,Low
4,3,5.4,62,67,54,71,35.0,1,6,1,16,96,0.45,-1.84,0.61,Low
10,7,6.7,64,36,137,16,48.0,0,3,0,2,17,3.1,-0.11,0.35,Moderate
4,3,5.6,82,48,84,67,60.5,3,6,3,1,5,1.83,5.93,2.28,High
6,21,5.5,70,53,9,111,48.6,3,6,3,8,37,0.11,0.6,2.17,High
3,3,6.6,72,57,62,111,57.3,1,11,2,6,44,1.58,7.78,2.33,Moderate
8,5,8.8,75,32,54,51,41.4,3,2,2,3,25,0.18,-1.98,-1.0,Low
3,9,7.8,73,22,8,60,58.0,7,4,1,10,112,-0.8,1.18,-0.69,Moderate
3,6,6.0,80,68,33,57,51.9,4,3,1,4,36,0.2,4.82,1.38,Moderate
12,1,6.9,66,32,25,79,36.7,4,3,2,6,106,-0.99,-7.94,-0.7,Low
15,3,7.4,73,48,40,135,63.4,4,7,0,20,130,-1.39,2.24,1.15,Moderate
9,7,6.5,69,64,105,155,63.1,2,5,1,4,20,0.55,8.83,0.95,Moderate
8,14,6.3,76,49,81,29,54.5,3,7,0,2,57,1.48,2.32,1.62,Moderate
1,7,7.1,74,48,16,28,44.9,4,4,0,6,78,-0.57,0.08,-1.0,Low
6,2,5.9,76,43,33,11,50.4,5,5,0,10,52,-0.8,2.85,1.79,Low
8,3,6.6,72,40,39,65,44.6,4,4,0,14,25,0.39,-3.75,0.25,Low
9,6,8.5,82,64,124,10,58.7,6,1,1,20,76,2.38,3.5,-1.0,High
3,1,7.6,64,31,42,53,41.2,3,5,1,11,39,-0.52,-1.28,-1.0,Low
2,7,6.4,72,51,97,48,44.7,5,6,1,11,43,2.25,-6.2,2.02,Moderate
5,5,6.8,73,37,9,180,54.7,5,2,3,16,15,-1.08,-0.72,1.41,Low
5,12,6.9,80,42,37,51,49.5,3,10,0,17,46,-0.76,0.57,0.3,Moderate
6,6,6.4,73,54,44,62,35.0,4,6,0,4,30,0.61,-7.86,1.61,Low
8,18,6.0,69,32,102,57,44.3,3,6,1,7,29,2.18,-0.73,1.66,Moderate
9,2,6.3,79,15,44,98,41.3,3,2,0,3,38,-0.16,-4.56,0.92,Low
6,2,6.9,95,39,157,48,41.8,3,9,2,9,67,4.75,-3.25,-0.17,High
7,0,8.0,68,56,91,89,40.8,3,7,2,6,93,0.68,-3.44,-0.48,Low
6,4,4.6,66,40,18,64,44.3,3,9,0,7,36,-1.49,-2.71,3.44,Low
3,4,6.2,75,25,77,22,35.0,5,21,1,5,69,0.87,-6.4,3.57,Moderate
3,1,7.8,68,50,151,73,57.4,2,17,1,6,21,4.53,5.51,0.1,High
4,6,6.2,71,48,71,65,45.8,1,21,1,5,180,1.56,4.38,3.77,Moderate
16,5,6.4,72,36,49,105,52.3,5,15,0,3,155,-0.63,1.54,3.87,High
4,3,6.6,55,43,18,45,47.6,3,2,1,17,35,-1.04,-0.63,0.89,Low
5,3,6.6,66,46,176,31,47.3,5,6,1,7,61,4.68,-6.26,0.81,Moderate
1,1,7.0,77,23,69,16,57.6,5,7,0,9,53,1.51,3.19,0.39,Low
11,1,7.4,72,43,102,180,57.8,4,2,1,2,38,2.53,2.17,-0.11,Moderate
20,9,7.7,74,14,55,107,48.6,2,3,0,18,133,0.57,5.3,-0.97,High
1,4,6.4,63,50,147,180,38.9,4,2,0,10,71,3.32,-4.77,0.74,Low
5,7,5.1,73,29,13,53,54.7,2,9,0,16,94,-1.84,3.06,3.03,Moderate
3,1,6.2,73,61,128,75,35.4,2,7,1,16,99,4.48,-7.9,1.32,Moderate
22,4,5.8,84,33,65,93,48.5,2,15,0,5,36,0.78,-0.8,2.05,High
4,10,8.4,71,63,100,112,50.1,1,10,0,15,135,0.94,1.1,-1.0,Low
5,1,5.4,56,57,39,39,46.4,3,7,0,11,7,-0.38,-4.65,1.33,Low
0,6,7.1,89,53,22,35,53.7,4,10,1,8,16,-0.65,5.23,1.46,Low
9,5,4.6,69,27,108,95,45.4,3,7,0,1,180,1.41,-4.46,4.41,High
6,6,6.9,64,52,58,44,45.4,6,10,2,10,26,0.66,0.06,-0.41,Moderate
7,7,7.0,80,67,67,18,46.3,2,2,0,2,13,1.1,4.02,-0.6,Low
10,7,4.2,69,47,80,121,46.1,3,11,0,7,108,0.84,1.58,3.06,High
6,6,6.0,70,50,180,5,48.8,6,3,2,10,36,4.92,4.0,0.19,Moderate
13,8,6.2,61,36,55,77,37.1,7,5,1,18,70,0.09,-4.09,0.22,Moderate
4,8,6.0,83,61,34,171,44.3,2,7,1,11,33,-0.25,-4.32,0.78,Moderate
2,2,8.1,81,39,21,174,51.1,3,5,0,8,92,-0.49,2.12,-1.0,Low
3,5,6.9,69,59,51,55,44.0,6,5,0,8,25,0.21,1.07,-0.32,Low
5,5,7.6,76,50,7,87,45.3,7,8,1,1,24,-1.69,-4.26,-0.28,Low
2,3,8.1,74,57,23,40,47.3,4,3,1,6,55,-0.68,0.74,-0.65,Low
2,6,6.4,84,56,33,79,43.8,4,2,1,4,130,-0.16,-2.97,1.19,Moderate
12,2,6.2,86,38,64,133,55.9,2,1,1,2,46,-0.06,3.86,1.36,Moderate
4,10,6.1,59,37,134,159,45.9,5,7,0,4,8,4.42,-2.42,2.85,Moderate
8,1,6.4,81,49,34,66,43.3,5,0,0,7,61,-0.54,1.59,1.28,Low
3,10,6.8,87,25,46,76,57.2,5,2,1,1,57,0.7,0.87,0.68,Moderate
5,1,6.0,66,64,117,137,37.9,4,11,2,2,49,3.0,0.86,0.93,High
10,5,7.0,76,38,119,37,40.9,5,4,1,5,102,3.51,-3.31,-0.02,Moderate
1,9,7.7,60,35,15,103,59.3,5,6,2,2,68,-1.98,8.88,-0.39,Moderate
2,6,7.0,74,62,61,12,50.1,1,13,1,9,89,0.62,2.05,0.99,Low
7,4,7.3,69,50,90,90,46.2,4,6,1,8,62,2.48,-0.82,-0.25,Moderate
6,2,7.4,57,46,66,80,40.6,2,14,2,14,30,0.22,1.07,0.54,Low
5,1,8.3,71,47,160,21,45.9,4,13,1,14,119,4.46,1.74,0.05,Moderate
26,1,8.2,71,59,109,13,51.9,3,8,0,6,37,1.65,-1.79,0.19,Moderate
4,2,7.1,86,48,57,69,44.8,3,4,0,10,19,2.89,-2.65,-0.6,Low
4,2,8.2,64,41,180,42,44.4,3,13,0,1,44,4.4,-1.11,-0.23,Moderate
5,21,6.7,74,49,33,25,44.6,2,1,0,8,34,0.51,-2.56,0.71,Moderate
4,1,5.5,91,51,88,54,48.7,4,11,1,9,67,1.4,1.2,2.41,Moderate
4,5,7.8,64,38,92,135,52.5,2,1,2,20,59,1.81,7.53,-1.0,Moderate
4,1,5.8,72,31,27,41,40.8,4,4,0,4,13,-0.43,-7.17,0.42,Low
2,7,7.3,76,31,85,72,54.4,0,5,2,12,29,3.88,1.69,-0.47,Moderate
13,2,6.6,57,43,89,147,64.8,2,2,1,14,54,0.95,10.0,1.23,High
5,5,8.0,57,50,81,51,47.2,1,7,0,3,30,1.0,4.63,-0.82,Low
4,8,4.6,71,13,80,75,43.7,4,10,0,2,145,1.83,1.22,4.34,High
2,2,7.3,80,27,122,7,40.6,3,15,2,7,180,3.33,-6.5,1.78,Moderate
7,3,7.1,90,52,69,81,51.6,5,6,0,1,39,-0.53,-1.74,-1.0,Moderate
11,10,6.8,71,46,74,54,35.0,3,3,1,8,20,1.05,-6.6,-1.0,Low
5,17,8.7,73,84,23,62,39.5,1,2,0,10,24,-0.94,-8.86,-1.0,Low
2,6,7.2,62,61,73,5,35.0,4,8,2,11,14,0.53,-7.61,-0.75,Low
2,4,5.7,75,37,167,53,48.0,3,4,0,2,180,5.05,2.2,1.18,Moderate
7,3,7.0,77,41,180,75,35.0,2,7,0,11,50,5.07,-4.77,1.36,Moderate
7,7,7.7,67,55,60,124,58.0,4,18,3,6,32,2.39,10.0,1.84,High
3,7,5.0,71,33,41,105,44.4,2,8,1,1,66,-0.41,1.76,3.56,Moderate
6,5,8.1,91,26,40,106,42.8,2,8,1,6,93,-2.35,-3.18,-1.0,Low
6,7,6.2,77,37,125,81,35.0,4,1,0,9,29,4.89,-6.37,0.43,Moderate
4,1,8.4,92,49,73,24,52.0,2,2,1,9,19,1.45,1.39,-0.78,Low
10,8,6.8,67,50,71,53,43.4,0,6,0,6,180,-0.05,-1.11,0.55,Moderate
11,4,5.5,82,46,39,24,39.0,3,16,0,9,28,2.18,-1.57,2.74,Moderate
7,10,5.5,80,30,8,17,67.9,2,15,0,7,47,-1.26,10.0,4.63,High
5,6,5.0,76,50,47,105,56.1,2,1,1,20,14,-0.77,4.86,3.41,High
12,12,5.8,86,34,120,64,37.6,4,4,1,6,22,3.13,-3.39,0.73,High
2,6,6.7,79,50,35,75,52.2,6,16,0,2,126,-0.31,3.89,2.05,Low
10,9,7.2,71,34,74,37,36.3,2,9,0,20,110,1.48,-1.0,-0.12,Moderate
4,2,5.5,89,52,81,40,60.5,1,2,1,9,24,2.59,4.45,3.46,High
3,7,6.9,76,38,100,39,51.9,6,1,1,9,64,1.9,0.88,0.28,Low
7,3,6.4,88,61,19,50,60.8,3,6,1,14,52,-0.18,5.26,1.28,High
12,1,6.5,76,45,109,104,51.4,3,10,1,3,31,1.96,0.86,2.59,Moderate
12,6,7.3,80,60,44,86,52.6,5,9,0,6,41,0.03,0.62,0.23,Moderate
15,7,7.8,85,59,38,71,42.9,6,13,1,9,3,-0.23,-4.1,-0.72,Low
13,4,6.5,75,53,104,37,42.2,5,4,0,9,26,2.77,-0.86,1.28,Moderate
4,2,5.3,73,58,11,51,50.2,5,5,1,6,98,-1.15,-1.58,2.53,Moderate
6,13,7.8,74,35,78,78,35.0,3,4,1,3,63,2.22,-6.17,-1.0,Low
6,14,6.3,82,37,45,87,35.0,2,8,0,9,110,0.51,-3.46,-0.54,Moderate
7,2,5.5,68,45,86,16,52.7,3,4,0,20,16,2.35,2.88,2.23,Moderate
14,8,7.1,75,55,43,106,57.7,3,11,0,2,70,0.15,4.61,2.75,High
9,5,7.5,80,39,34,37,46.4,4,6,0,10,79,0.67,-0.34,0.17,Low
3,3,7.9,75,44,106,45,58.6,4,3,1,4,72,3.27,2.99,0.15,Moderate
2,9,5.6,72,55,170,54,62.1,2,6,2,7,23,3.58,4.26,3.23,High
13,4,7.6,94,66,33,73,37.5,6,2,1,5,70,-0.06,-10.0,-0.94,Moderate
0,10,6.2,79,45,52,26,59.7,3,5,0,5,19,-0.63,6.07,-0.62,Low
7,9,6.9,71,52,13,48,54.5,4,10,2,2,54,-0.21,1.91,0.82,Moderate
2,3,8.0,76,38,31,97,48.2,3,10,1,3,27,-1.43,-1.76,-0.69,Low
4,2,5.7,79,35,17,103,55.4,1,4,0,15,60,-1.16,3.69,3.14,Moderate
4,7,7.2,75,41,156,41,48.2,6,1,0,11,34,4.47,-0.22,0.44,Low
13,3,6.3,69,42,26,81,46.9,4,6,0,16,32,-0.25,-2.83,1.82,Low
9,2,6.7,65,27,168,127,54.0,6,4,0,3,153,5.95,5.74,0.88,High
6,4,6.8,72,52,111,37,45.0,5,8,1,7,40,1.66,-1.32,2.06,Low
5,2,7.3,92,33,167,116,48.1,1,4,3,4,59,3.71,-1.87,-0.01,Moderate
5,5,5.8,65,46,15,69,46.8,4,12,1,2,15,-1.8,1.38,1.74,Low
5,3,6.1,68,36,146,52,41.7,4,3,2,3,49,3.89,-5.26,0.9,Low
5,3,7.9,70,44,103,20,35.0,7,3,0,5,14,2.05,-4.55,-1.0,Low
6,2,4.5,76,48,36,180,42.4,2,9,0,7,77,0.01,-0.44,4.21,Low
4,3,6.4,84,44,27,63,44.6,6,14,1,4,58,0.55,-2.43,1.94,Low
3,6,6.4,76,29,71,109,54.3,3,10,2,4,37,-0.12,6.18,2.21,Moderate
6,10,6.3,82,26,56,21,56.3,2,4,1,1,56,1.35,6.62,2.07,High
5,20,6.6,72,37,69,57,59.0,3,6,1,2,139,0.2,4.22,0.55,High
2,1,8.0,71,31,99,68,51.0,4,3,1,1,64,1.55,3.48,-1.0,Moderate
5,13,7.0,80,36,51,24,61.7,3,1,1,11,32,-0.56,1.79,1.09,High
8,1,4.9,76,46,180,71,37.2,4,9,0,6,160,6.0,-8.23,2.28,Moderate
4,14,6.3,71,63,107,34,47.0,3,15,0,12,38,3.15,3.4,3.3,High
13,6,7.2,65,42,80,56,49.2,3,10,0,8,32,1.23,2.9,2.24,Moderate
2,11,6.6,78,43,21,33,44.6,5,9,0,13,58,-1.3,-3.77,1.81,Low
4,2,5.8,91,12,67,26,35.0,3,6,2,5,8,1.4,-8.58,2.36,Moderate
10,9,7.3,89,50,93,45,52.5,0,1,1,15,53,2.17,1.99,0.28,High
13,1,7.7,70,36,90,71,51.1,5,19,0,4,17,2.05,10.0,0.97,High
8,1,7.9,83,44,15,28,44.0,1,7,0,1,11,-2.15,1.24,-1.0,Low
19,3,7.6,81,34,24,63,53.7,0,15,1,7,13,-0.64,0.26,1.21,Moderate
3,6,8.6,73,47,89,58,46.9,2,6,1,11,81,2.0,-2.83,-1.0,Low
4,7,8.4,74,69,150,78,45.5,5,14,3,10,116,4.41,2.1,-0.4,Moderate
12,11,7.1,84,52,35,20,35.0,0,4,1,2,66,0.08,-5.32,-1.0,Low
10,6,7.2,64,38,23,26,38.2,2,5,1,9,85,-0.96,-4.13,1.2,Low
15,4,6.7,76,48,18,44,46.5,1,1,0,12,88,-0.78,-4.83,1.43,Low
5,8,8.5,73,23,43,104,42.0,4,3,0,5,51,-0.69,-3.07,-1.0,Low
16,3,6.7,74,45,151,47,35.0,3,3,1,6,10,4.89,-9.11,0.73,High
7,6,7.2,91,45,60,60,48.4,5,7,2,4,85,1.2,-0.47,1.02,Moderate
1,9,6.0,78,69,21,64,51.1,4,9,2,14,39,-0.37,4.24,0.91,Moderate
16,4,7.6,76,42,35,94,47.6,3,6,0,11,103,-1.22,0.19,-0.67,Moderate
5,2,7.0,74,42,28,38,51.3,5,12,0,5,120,-0.95,3.6,2.83,Moderate
14,11,5.5,78,49,60,127,35.0,6,2,1,1,12,1.16,-5.38,1.0,Moderate
1,9,8.3,69,33,105,89,45.5,6,5,2,16,12,2.89,-0.43,0.27,Moderate
7,4,7.1,67,30,172,42,35.0,1,16,0,11,45,6.0,0.61,-0.1,Moderate
12,15,6.3,72,46,126,5,37.9,4,12,1,6,88,3.02,-4.67,1.21,High
10,5,7.8,81,38,141,28,56.4,1,5,1,13,36,3.38,2.62,1.09,Moderate
3,5,7.8,83,31,129,93,51.4,3,3,1,5,40,4.1,0.97,0.11,Moderate
6,4,6.3,64,45,121,26,54.5,2,5,0,4,52,2.84,3.32,-0.26,High
10,1,7.2,95,39,11,50,58.4,3,9,1,4,101,-1.0,4.89,1.21,High
2,8,4.9,71,56,37,25,44.0,5,15,1,10,13,0.21,-0.11,2.99,Moderate
7,6,7.4,65,57,66,46,49.6,5,4,0,10,61,0.48,3.62,-0.01,Low
11,4,6.3,59,32,90,105,54.4,4,11,1,9,90,2.07,-0.08,2.44,High
12,7,8.8,91,27,52,30,49.9,7,10,1,10,70,0.34,3.91,-1.0,High
5,3,6.6,64,61,20,76,46.5,4,4,0,10,36,-0.91,-2.13,0.8,Low
4,2,6.7,55,44,180,135,40.7,6,7,0,7,23,5.92,-4.8,-0.29,Moderate
12,2,7.4,89,55,38,180,54.3,3,2,2,4,89,-0.09,4.79,0.26,High
14,6,6.7,74,33,49,61,54.3,3,7,2,5,26,-0.4,-0.1,-0.31,Moderate
13,21,8.4,55,53,71,72,58.7,4,11,1,11,78,0.6,5.91,0.55,High
10,4,6.4,62,56,60,114,48.7,4,3,2,5,32,-0.18,-2.74,0.91,Moderate
5,10,8.0,79,54,15,87,45.5,2,2,2,10,81,-0.76,-1.51,-1.0,Low
3,6,9.0,70,48,180,102,43.8,4,1,1,2,85,4.24,-1.43,-1.0,Moderate
5,12,4.9,84,45,51,155,42.9,2,7,1,7,7,-0.32,-0.21,1.96,Moderate
3,10,5.6,79,38,12,84,36.1,2,9,0,16,6,-0.39,-4.74,2.66,Low
3,4,5.9,94,46,145,135,36.8,2,10,1,11,138,4.73,-2.32,0.63,High
12,4,6.3,82,32,154,38,41.1,2,18,2,10,115,5.88,-6.95,2.64,High
3,3,5.5,86,38,81,16,51.2,4,9,1,7,72,2.16,3.12,2.12,Moderate
4,2,7.7,67,43,17,115,40.2,4,3,1,17,48,-1.78,-4.72,-1.0,Low
15,3,5.4,82,42,104,32,44.2,3,8,1,11,180,2.03,-3.17,1.88,High
14,2,6.2,80,53,140,11,44.2,2,3,0,6,23,3.77,-5.32,-0.08,Low
5,8,6.9,69,43,45,102,50.6,5,9,0,5,29,-0.32,-0.14,0.44,Low
9,2,8.1,73,30,60,57,58.0,3,7,1,6,103,0.84,5.93,-0.28,High
8,8,6.3,95,60,54,161,41.9,2,8,0,7,44,1.49,-0.39,0.5,Moderate
6,4,7.5,66,30,8,67,58.9,1,8,1,5,70,-2.5,1.96,0.38,Moderate
7,7,6.9,69,37,103,42,47.1,2,5,2,5,73,1.61,0.07,-0.14,Low
12,5,4.9,61,55,59,72,41.3,6,0,1,5,120,-0.46,-0.98,1.68,Moderate
4,18,5.8,91,55,68,180,52.6,3,9,0,2,91,2.3,3.6,2.63,High
10,4,6.6,72,51,39,89,60.8,3,5,2,3,59,0.81,4.41,0.23,High
10,6,5.4,81,51,65,24,47.6,6,1,1,16,78,2.7,0.81,2.26,High
2,1,5.3,76,36,43,66,50.9,1,3,1,2,93,1.2,2.8,1.31,Moderate
3,3,7.9,84,32,78,81,50.5,3,11,1,13,26,1.37,3.91,-0.48,Low
3,11,5.9,61,22,37,180,44.6,3,6,1,0,151,-0.7,-3.96,1.85,Moderate
4,16,8.8,76,25,36,143,48.6,2,5,2,11,54,-0.76,2.89,-1.0,High
12,14,6.7,67,29,62,82,45.3,2,4,0,1,65,-0.83,-3.41,0.41,Moderate
5,4,7.5,68,35,63,8,59.4,2,9,2,5,51,0.38,7.36,0.37,Moderate
3,6,6.7,62,31,105,32,44.3,4,6,1,10,91,2.39,-2.63,0.8,Low
16,2,7.3,84,25,25,43,42.5,3,7,1,11,35,-0.34,0.17,0.23,Moderate
17,4,5.6,65,32,56,26,42.8,7,7,2,5,89,-0.45,-0.52,2.22,High
5,4,6.5,61,34,33,47,52.9,3,9,1,9,55,0.93,3.07,1.69,Moderate
11,4,5.9,85,43,38,3,35.0,3,8,2,20,27,0.06,-3.64,2.05,Moderate
8,2,6.4,76,58,58,71,41.5,5,3,0,9,71,-0.11,-3.51,0.0,Low
7,2,6.1,55,33,138,55,59.2,4,4,0,3,12,4.46,1.73,2.73,High
12,2,7.4,80,32,55,98,40.1,2,11,2,6,76,-1.78,-1.96,-0.37,Moderate
7,8,5.3,73,45,180,15,57.6,4,14,1,7,53,6.0,8.28,3.03,High
2,9,7.4,78,44,180,61,56.4,2,11,1,6,170,5.73,4.83,1.0,High
14,17,7.3,69,35,19,48,61.4,3,8,1,1,60,-1.8,10.0,0.17,High
8,13,6.4,56,34,110,180,62.6,2,6,1,4,58,1.93,8.06,1.72,High
5,2,6.5,77,56,144,47,35.0,8,3,0,15,109,3.83,-5.66,-0.16,Moderate
4,10,8.2,80,39,7,21,59.1,2,5,1,12,35,-1.86,5.98,0.48,Moderate
5,3,6.7,59,43,41,105,49.9,3,2,2,4,42,-0.49,1.84,-0.65,Low
2,1,8.3,89,40,65,146,35.0,3,4,1,5,74,0.07,-4.88,-1.0,Low
1,3,7.1,65,38,31,63,45.0,2,8,2,5,80,-1.95,-0.79,-1.0,Low
8,2,6.9,86,45,17,18,39.6,6,8,0,3,98,-1.75,-3.19,0.92,Low
6,3,5.6,72,43,42,6,49.9,2,1,3,6,46,-0.47,-2.71,0.67,Low
3,11,6.4,84,56,32,141,39.4,1,5,0,6,74,-0.27,-4.78,1.08,Moderate
7,6,7.3,78,35,4,56,59.8,1,21,1,16,89,-2.5,5.99,2.13,Moderate
2,5,6.5,70,12,180,54,56.9,2,9,1,9,17,5.96,7.62,2.31,High
4,3,5.9,82,31,7,39,54.1,3,8,1,4,78,-1.52,1.83,3.12,Moderate
1,16,6.0,86,47,112,64,45.3,3,6,0,15,63,2.46,0.11,0.97,Moderate
11,10,5.5,84,32,32,179,40.8,2,21,2,6,91,-0.89,-1.77,3.48,High
11,7,7.7,68,29,20,102,46.6,6,6,1,5,34,-0.55,0.93,-0.83,Moderate
8,1,7.6,81,46,39,114,37.1,4,4,1,5,79,-1.0,-4.73,-1.0,Low
20,17,6.1,85,43,73,62,55.9,2,5,4,2,180,1.53,8.42,2.13,High
10,2,6.9,79,58,47,76,35.0,5,5,0,6,41,0.59,-5.27,-0.6,Low
7,9,6.0,68,39,42,31,47.8,6,17,0,10,79,-1.12,2.76,2.86,High
10,4,8.4,81,56,37,22,44.9,0,4,0,5,110,-0.23,-2.86,-1.0,Low
14,1,5.9,79,47,48,79,43.5,5,11,0,13,132,0.69,-1.59,2.33,Moderate
7,1,8.0,83,37,180,112,50.9,2,2,1,4,39,5.36,-0.58,-0.98,High
4,4,7.6,66,29,25,21,39.7,4,16,2,6,53,0.2,-0.01,0.82,Moderate
9,13,6.3,65,25,39,105,49.9,4,6,0,6,12,-1.3,0.25,0.8,High
5,8,6.1,81,50,107,47,68.6,4,14,2,9,77,2.84,9.94,3.76,High
4,11,6.8,72,50,57,96,49.6,3,4,0,18,24,0.08,-2.03,-0.6,Moderate
4,6,7.0,61,63,85,37,53.9,3,2,1,11,41,2.7,0.25,1.7,Moderate
3,6,7.3,74,38,96,2,41.8,2,6,1,20,7,1.68,-4.26,0.46,Low
4,6,8.2,58,33,65,38,50.3,5,21,0,7,72,1.3,3.67,-0.36,Moderate
8,13,5.4,74,45,34,68,54.1,0,9,0,2,41,-1.0,4.47,2.15,High
2,14,6.6,71,54,8,180,44.1,2,7,1,4,9,-1.59,0.36,1.23,Low
4,6,6.7,70,50,76,86,42.1,2,6,0,4,128,1.5,-2.31,0.35,Low
4,9,7.2,63,36,68,39,47.5,6,9,0,8,104,1.2,-3.9,0.39,Moderate
5,1,6.7,92,45,61,20,45.5,1,3,0,5,11,1.4,-2.51,1.0,Low
8,4,5.4,69,34,130,105,44.7,2,5,0,6,73,3.09,-3.91,0.97,Moderate
7,6,6.9,75,32,39,119,44.7,0,8,2,20,10,-0.56,-2.7,0.8,Low
5,1,6.5,91,37,38,138,51.1,5,4,0,1,108,-1.0,1.99,-0.01,Low
4,2,7.3,75,31,71,64,61.5,3,10,1,3,68,2.11,6.33,-0.28,Moderate
7,6,7.7,55,36,68,34,43.4,6,3,3,20,141,0.82,-3.28,-1.0,Moderate
12,5,6.3,86,53,17,31,36.5,4,1,1,5,28,-0.9,-9.2,0.06,Low
3,2,6.3,75,56,67,50,56.1,0,4,1,8,78,0.64,9.62,1.11,High
5,7,7.0,79,31,15,25,55.9,3,3,1,15,38,-1.56,4.75,0.86,Low
3,5,8.1,78,69,180,69,39.9,2,8,2,3,123,6.0,-5.32,-1.0,Moderate
11,4,6.3,76,37,62,107,59.9,0,15,0,11,33,0.4,1.56,1.92,Moderate
4,4,6.9,71,48,78,47,49.8,4,7,0,10,77,2.59,1.72,-1.0,Low
0,0,4.9,66,56,53,38,58.4,5,14,3,14,44,0.52,8.66,4.34,Moderate
7,14,6.3,75,40,87,38,40.1,4,4,1,9,107,0.73,-4.3,1.22,Moderate
4,4,6.4,69,12,133,117,41.2,4,7,1,7,96,4.13,-1.75,-0.91,Moderate
1,5,6.2,83,56,180,39,54.2,5,13,1,12,3,6.0,9.15,2.67,High
6,2,6.3,74,33,95,108,46.7,2,14,1,2,40,2.63,3.22,1.75,Moderate
4,11,7.5,72,50,177,45,43.2,1,3,0,16,20,6.0,-3.13,-1.0,Moderate
6,5,8.0,65,51,18,55,43.4,3,9,1,11,56,-1.64,-2.17,-0.48,Low
5,6,6.0,68,41,57,34,52.1,3,3,0,2,126,0.19,1.36,0.25,Low
8,2,6.2,62,39,20,103,61.1,3,12,1,6,37,0.0,10.0,2.37,High
1,4,6.7,85,67,38,27,63.6,3,8,0,5,27,-1.26,8.03,0.77,Moderate
2,8,6.2,68,28,113,23,35.0,3,4,0,7,87,2.89,-7.81,-0.26,Low
10,13,7.3,55,50,79,121,58.2,3,10,1,6,47,-0.37,5.08,0.06,High
17,5,7.6,65,36,63,49,56.4,1,2,0,4,84,0.72,4.04,-1.0,Moderate
9,1,6.9,78,51,15,47,47.5,4,21,1,5,54,-1.25,1.32,2.04,Moderate
7,9,7.1,87,35,58,119,44.8,1,2,2,8,58,0.83,-1.27,0.52,Moderate
5,3,7.8,68,58,117,82,37.7,4,15,0,10,57,2.55,-3.11,-0.6,Moderate
6,2,5.6,56,16,56,28,47.4,2,14,1,18,45,-0.54,1.24,3.05,Moderate
6,4,7.2,82,47,78,36,51.4,1,4,0,9,41,1.58,-0.52,-1.0,Low
4,10,6.2,62,39,64,33,52.6,1,6,1,7,27,2.18,6.65,2.21,High
4,5,7.0,71,41,38,173,70.0,2,6,0,14,96,1.31,10.0,3.33,High
6,5,6.2,90,61,53,123,54.8,3,5,1,9,68,0.27,4.8,0.93,Moderate
6,3,8.4,68,27,48,33,48.7,4,1,1,4,33,-0.17,-1.25,-1.0,Low
8,11,7.3,74,65,136,31,55.9,0,6,0,6,44,3.56,5.3,0.24,High
11,6,5.5,68,35,180,35,52.0,7,10,0,0,43,5.14,2.52,1.64,High
2,7,7.3,57,51,158,26,35.0,2,4,2,11,48,4.05,-4.79,-1.0,Moderate
7,4,6.5,75,54,11,108,54.8,2,2,0,6,30,-2.06,-0.11,0.03,Low
4,1,6.7,67,47,27,116,45.8,3,10,0,2,121,-0.63,4.71,1.36,Low
5,2,6.0,64,42,47,160,48.2,3,7,0,5,21,0.16,0.26,1.36,Low
0,13,7.5,74,37,34,28,39.9,2,8,0,0,32,0.29,-4.91,-0.6,Low
13,9,6.7,66,37,43,27,47.9,0,6,1,17,13,1.44,-1.66,2.12,Moderate
9,2,6.5,78,36,31,104,55.2,1,2,1,9,41,-0.33,2.83,-0.67,Moderate
1,1,6.8,72,46,89,28,47.3,4,4,1,20,52,1.13,0.29,-0.19,Low
7,2,7.9,65,47,87,137,56.1,2,3,2,20,94,1.7,4.13,0.81,Moderate
12,12,5.8,64,37,47,117,48.4,5,1,0,12,36,1.36,1.23,0.5,High
5,21,6.8,79,31,81,65,53.6,4,3,0,3,52,1.6,1.89,-0.82,High
11,4,9.0,82,44,126,70,36.7,2,2,0,4,65,3.98,-5.67,-1.0,Moderate
10,6,7.1,76,17,62,82,48.4,6,7,1,12,82,1.09,2.87,-0.2,Moderate
5,9,6.9,81,31,88,15,41.3,4,3,1,11,38,1.47,-6.81,-0.96,Moderate
16,13,6.1,67,48,132,25,60.4,2,9,1,6,175,3.52,7.28,2.71,High
4,15,7.7,67,59,66,39,48.9,2,1,2,2,11,1.22,3.35,-1.0,Low
5,4,6.3,88,41,42,34,55.2,3,2,0,3,62,-0.01,3.88,0.26,Moderate
4,10,7.9,74,43,54,180,48.5,2,20,0,14,64,0.99,5.29,1.07,High
2,11,7.7,90,50,12,35,43.5,3,5,1,4,34,-2.07,-1.79,-0.88,Low
3,4,7.1,80,58,16,69,52.6,4,4,2,15,51,-1.26,1.04,-0.36,Low
2,3,8.2,82,63,61,13,48.6,1,6,0,2,40,2.43,-2.16,-1.0,Low
18,3,6.2,57,46,57,31,50.4,4,7,0,4,115,-0.05,5.02,1.09,High
3,6,6.8,67,56,8,180,52.6,2,4,0,2,21,-1.84,2.61,0.29,Moderate
6,15,6.1,71,51,23,59,58.4,2,8,0,8,106,-1.28,4.77,2.79,High
3,3,5.7,94,38,77,87,62.1,2,3,0,7,180,1.94,4.22,1.9,High
9,4,5.6,60,51,18,10,46.2,4,6,0,13,60,-1.52,-3.78,1.23,Low
9,5,6.2,67,31,139,11,39.3,2,2,1,3,130,2.71,-4.42,-0.61,Low
14,2,5.1,67,19,139,110,53.5,4,16,0,7,2,2.8,2.67,4.61,High
3,9,7.0,73,44,88,35,54.1,3,11,0,4,11,0.92,3.95,1.39,Moderate
6,4,6.0,63,28,47,46,53.5,1,3,3,12,30,-0.41,0.61,1.77,Moderate
6,21,6.9,71,37,83,29,54.3,4,4,0,11,59,1.68,2.56,0.37,High
5,8,6.4,72,29,74,43,62.7,2,7,1,3,66,1.05,7.29,0.82,High
10,7,7.9,66,47,8,54,51.0,3,7,1,9,61,0.2,2.3,-0.77,Moderate
23,6,8.0,77,61,28,45,53.9,3,10,0,3,29,-2.02,2.43,-0.44,High
4,4,5.1,62,26,61,42,55.6,2,12,0,7,28,1.81,3.94,3.97,Moderate
7,12,6.4,64,57,3,67,47.1,2,12,1,4,79,-2.24,-0.67,1.04,Low
8,3,7.5,76,37,45,39,36.2,3,9,0,3,21,0.84,-4.15,-0.45,Low
9,7,7.4,59,50,62,26,38.9,2,17,1,20,42,0.28,-0.82,0.6,Moderate
5,4,5.8,84,62,38,141,59.7,3,9,1,2,74,-0.46,3.15,3.86,Moderate
2,4,6.1,61,50,119,37,56.6,3,11,1,16,32,2.73,3.72,3.81,High
7,11,6.6,86,47,89,92,48.5,1,1,0,11,103,0.95,-1.22,1.7,High
3,3,6.8,63,68,19,75,57.7,4,1,0,7,9,-0.67,1.87,0.21,Low
2,3,7.2,74,40,121,51,53.6,5,7,2,10,94,2.5,2.42,0.77,Low
11,3,4.9,74,41,112,142,46.9,2,20,0,1,13,1.77,3.29,5.19,High
24,4,7.7,68,63,53,78,57.4,6,2,1,7,93,0.07,3.24,-1.0,High
1,1,7.6,75,42,93,51,45.1,5,16,1,9,60,3.43,-0.65,0.63,Low
20,6,7.7,76,53,142,53,45.5,1,3,0,2,42,3.73,1.03,-1.0,Moderate
5,9,7.0,74,56,38,20,54.8,5,16,0,2,22,0.12,10.0,1.84,High
5,8,6.9,74,38,180,35,46.2,5,4,0,2,22,5.56,-4.34,0.63,Moderate
2,5,7.6,71,40,52,37,52.0,5,8,0,14,145,0.45,1.74,-0.45,Low
4,8,5.6,79,52,154,167,35.0,4,2,1,3,40,6.0,-5.26,1.18,Moderate
3,4,7.2,77,45,70,39,39.4,4,3,0,7,60,1.25,-7.77,-1.0,Low
7,14,6.2,80,49,35,28,46.7,7,4,1,8,91,-0.39,-0.18,1.65,Moderate
6,8,6.9,63,38,16,61,38.1,4,3,1,3,2,-1.13,-5.52,-1.0,Low
7,3,8.2,71,20,15,86,54.9,4,1,0,20,180,-2.2,1.67,-1.0,Moderate
3,5,8.2,71,34,52,180,52.7,5,4,0,19,72,2.2,4.45,-0.48,Moderate
9,3,6.5,66,44,42,180,49.8,1,5,1,6,180,0.36,-2.89,1.84,Moderate
16,4,6.6,80,47,21,29,47.0,5,12,0,3,37,0.07,0.75,1.33,Moderate
6,10,7.1,70,51,44,67,59.0,4,3,0,4,53,1.03,8.27,1.52,Moderate
4,1,6.9,74,45,58,122,47.9,5,4,1,5,62,-0.75,-3.46,-0.46,Low
4,2,7.1,67,34,18,12,43.4,1,8,1,13,99,-1.12,0.81,0.4,Low
5,8,6.1,71,37,47,47,53.2,4,4,0,1,123,-0.52,0.99,2.45,Moderate
8,3,6.7,90,35,165,38,43.4,4,21,0,20,53,4.44,0.42,2.25,High
5,7,5.3,68,39,19,150,42.1,5,8,0,2,60,-1.54,-4.66,2.57,Low
15,9,6.2,68,42,91,38,56.8,2,2,1,7,14,2.87,4.74,1.77,High
7,7,7.6,76,53,45,180,43.4,3,7,0,8,55,1.9,1.09,-0.77,Moderate
12,3,7.0,85,49,27,42,49.0,5,16,3,0,65,-1.18,1.16,2.66,Moderate
9,3,8.7,82,24,60,96,44.9,3,4,1,17,117,-0.31,-0.47,-1.0,Moderate
10,11,6.3,76,44,172,34,56.4,2,7,0,8,37,5.66,2.58,1.18,High
2,15,7.3,65,40,79,77,51.9,2,6,2,3,38,0.97,-0.37,-0.46,Moderate
10,6,7.4,86,43,73,43,47.9,1,2,3,5,64,1.07,-6.62,-1.0,Moderate
5,3,6.8,66,31,21,58,51.1,3,3,4,2,45,-0.07,-3.45,-1.0,Low
11,1,8.0,62,36,40,68,46.3,1,9,0,5,35,-0.13,3.34,-1.0,Moderate
5,6,4.9,74,57,145,177,64.4,3,7,1,20,173,3.58,6.9,5.02,High
9,9,7.1,90,31,68,20,47.1,3,6,0,5,180,1.51,2.55,-0.23,Moderate
4,12,6.1,73,66,69,15,54.3,4,9,2,7,34,0.79,3.36,0.7,Moderate
8,4,7.4,91,42,58,22,62.6,4,7,0,4,89,1.39,8.15,1.35,High
6,6,5.7,75,23,75,101,40.5,5,6,1,4,151,2.08,2.01,2.84,Moderate
11,3,6.0,66,39,40,129,61.9,1,10,1,9,49,0.08,6.65,3.47,High
4,3,6.4,65,67,38,55,51.5,5,1,1,5,38,0.41,2.09,0.55,Low
3,3,7.9,69,55,80,180,35.0,5,2,0,17,46,1.84,-6.3,-0.84,Low
4,4,6.0,73,23,13,74,47.2,2,5,0,8,10,-2.2,-2.54,2.68,Low
10,6,6.5,74,45,26,65,35.0,7,4,1,6,68,-1.31,-5.32,-0.61,Moderate
3,11,7.2,69,53,9,47,47.9,3,6,0,11,63,-1.2,-0.75,0.47,Low
3,8,8.1,69,46,131,80,43.3,0,1,0,4,65,2.73,0.55,-1.0,Low
3,10,6.4,75,19,23,25,52.8,4,6,2,6,3,-1.77,-0.84,1.66,High
4,3,6.4,78,43,77,46,35.0,2,2,2,7,60,-0.29,-8.72,-0.23,Low
14,1,5.5,77,34,9,32,35.8,5,13,0,3,82,-1.87,-6.18,1.37,Moderate
4,1,7.1,90,53,96,135,45.7,2,21,1,9,123,1.96,2.38,2.8,High
7,7,7.6,80,45,59,69,48.7,5,14,1,3,54,1.29,-1.82,1.1,Moderate
9,20,7.2,61,43,26,53,50.9,3,3,2,5,23,-1.89,-0.15,0.76,Moderate
1,3,6.3,70,49,48,48,56.4,5,1,1,9,57,-0.2,1.85,0.95,Low
8,0,6.4,81,34,50,70,42.6,2,11,0,7,56,-0.84,3.36,1.55,Low
20,6,7.4,81,40,107,123,41.7,4,3,0,1,46,3.18,-2.17,-1.0,Moderate
2,4,5.8,60,30,16,19,54.5,2,2,2,13,56,-1.93,-0.42,2.98,Low
17,5,7.7,65,32,54,20,35.6,3,2,4,4,51,0.57,-7.46,-1.0,Moderate
9,5,6.1,83,38,67,180,56.1,2,3,2,9,62,0.48,3.46,0.45,High
6,6,7.8,90,31,86,96,55.0,2,5,1,4,3,1.55,7.68,-0.12,Moderate
12,8,7.1,70,41,86,145,50.3,2,13,2,6,152,2.19,1.71,-0.49,High
3,2,8.0,58,54,73,21,56.1,7,3,0,4,42,1.67,1.56,-0.75,Moderate
3,10,6.2,69,59,72,27,46.4,3,4,1,12,56,-1.92,-1.49,1.99,Moderate
3,4,7.0,82,50,46,31,48.6,4,2,1,4,47,-0.88,3.24,0.65,Low
4,14,8.4,69,35,13,49,58.2,6,3,1,9,65,-1.53,4.22,-1.0,Moderate
4,1,7.7,85,52,57,37,52.4,4,4,0,1,148,-0.59,4.88,-1.0,Low
2,5,7.8,62,49,6,104,49.8,2,10,2,2,77,-0.83,1.31,-0.83,Low
11,2,7.1,69,44,96,61,54.3,1,5,1,15,61,3.23,2.16,-0.66,Moderate
17,5,5.1,78,44,180,45,39.5,2,14,1,7,41,5.54,3.37,2.0,High
6,11,6.4,72,53,61,19,40.7,7,11,2,7,61,1.14,0.43,2.51,Moderate
4,7,6.7,70,38,180,8,51.8,3,7,0,6,59,4.57,-1.86,3.04,High
8,5,6.4,92,54,30,48,35.4,3,1,0,6,56,-1.7,-6.85,-1.0,Low
4,7,7.1,71,59,180,23,47.1,5,3,0,13,180,5.54,-7.79,0.81,Moderate
9,2,5.8,83,13,152,84,39.3,3,4,0,7,28,5.41,-5.38,-0.01,Moderate
2,2,5.7,73,36,73,69,47.3,5,6,1,8,51,0.38,0.15,1.17,Moderate
3,2,7.4,71,48,25,59,47.0,4,21,2,3,29,-0.27,4.92,1.88,Moderate
3,7,5.1,73,33,97,95,36.8,3,7,1,5,1,1.28,-1.35,3.14,Moderate
12,12,5.6,67,48,43,159,51.7,3,3,0,8,34,-0.67,1.17,0.72,Moderate
2,3,6.3,55,45,81,49,44.2,3,0,2,11,65,0.89,-2.73,0.42,Low
15,8,7.0,70,48,146,86,43.7,4,6,1,16,160,2.26,-0.83,-1.0,High
3,4,5.7,73,39,72,37,46.1,0,15,1,7,94,1.3,-1.47,3.0,Moderate
7,3,5.9,88,29,106,108,46.6,3,9,0,9,113,2.35,-4.86,0.66,High
12,13,7.0,91,43,62,52,44.0,2,9,2,8,14,0.3,0.54,-0.46,Moderate
4,9,8.4,68,32,26,92,49.0,5,4,0,12,18,-0.92,1.27,-1.0,Low
8,6,6.3,79,29,114,16,38.0,2,9,0,4,31,3.39,-5.17,0.83,Moderate
2,6,5.4,67,43,8,148,56.7,7,9,2,8,54,-1.34,3.84,3.91,Moderate
10,6,7.2,61,35,18,180,54.5,2,10,2,11,69,-1.11,0.8,0.74,High
4,5,7.7,88,33,18,25,45.7,7,3,0,12,44,-1.27,-6.36,0.59,Low
18,2,4.9,82,50,34,13,40.0,4,10,1,20,10,0.16,-4.6,2.24,Moderate
12,1,7.6,70,29,142,27,36.8,1,17,1,10,13,3.04,-2.95,1.16,Moderate
19,7,6.7,72,54,106,108,56.3,5,8,0,20,56,2.4,5.25,1.43,High
1,4,7.2,72,60,24,93,38.3,2,16,0,13,89,-1.74,-2.36,1.43,Moderate
2,1,6.3,62,37,5,51,60.7,2,17,0,4,11,-1.83,6.63,3.92,Moderate
2,3,7.6,61,57,132,79,53.0,3,6,0,4,44,4.69,-0.79,1.2,Moderate
9,2,7.6,70,49,41,12,66.0,4,7,0,5,18,0.07,10.0,3.53,High
5,5,6.3,72,42,24,67,50.9,2,5,0,2,12,-1.06,-2.37,1.2,Low
5,13,6.6,94,49,34,31,35.3,2,3,0,8,41,0.42,-10.0,-0.7,Low
10,11,6.7,64,47,23,123,55.6,4,4,2,6,22,-2.3,3.19,2.06,Moderate
12,19,6.1,75,53,31,118,40.8,2,8,1,3,57,-0.13,1.99,2.58,High
16,2,7.8,76,54,93,43,51.6,4,5,2,20,120,2.89,1.44,-1.0,High
11,4,5.8,75,51,88,3,42.5,5,4,0,2,82,2.52,-2.44,1.32,Low
3,7,7.7,64,64,9,52,49.8,5,4,0,4,71,-2.5,0.33,-1.0,Low
4,2,6.8,77,51,164,90,51.7,4,10,0,12,51,5.6,5.89,2.16,Moderate
8,2,6.5,74,55,46,87,43.7,2,12,0,14,31,0.37,-1.94,0.4,Low
5,3,7.1,65,28,45,27,42.6,5,3,0,9,28,0.53,-4.89,-1.0,Low
8,3,7.2,69,30,101,132,49.9,1,7,0,4,88,1.88,3.04,-0.39,Moderate
5,4,7.2,96,23,61,13,51.0,4,4,1,7,92,0.4,-0.02,0.18,Moderate
7,4,7.5,79,49,56,115,35.0,5,7,0,5,18,0.97,-9.07,-1.0,Low
4,6,6.7,79,45,38,47,52.3,5,8,1,15,83,0.31,5.24,1.72,Moderate
5,3,4.9,80,48,29,33,55.5,8,7,0,5,64,-0.03,0.9,3.37,Moderate
9,7,5.4,69,53,108,74,48.8,4,13,1,5,70,2.74,0.02,3.34,High
4,5,8.4,75,35,180,82,59.5,1,4,2,2,125,5.02,3.06,-1.0,High
11,21,7.5,69,25,86,13,47.6,4,9,1,2,77,0.97,0.31,0.34,High
12,5,5.8,57,29,180,127,52.0,1,7,1,8,45,4.49,4.86,2.57,High
1,6,8.3,83,25,31,40,63.1,3,3,0,20,25,-2.25,3.92,-0.27,Moderate
2,4,7.5,68,47,129,12,51.5,3,2,0,2,43,2.96,2.66,-1.0,Low
6,6,8.9,83,34,77,40,45.8,1,1,1,6,16,1.2,4.74,-1.0,Low
5,10,7.5,94,46,57,89,54.2,4,3,0,11,12,0.39,2.55,0.05,Moderate
5,1,6.5,73,47,131,85,39.0,3,6,0,2,24,2.22,-3.7,-1.0,Low
12,2,6.0,75,47,36,130,56.6,5,6,1,3,23,-0.82,4.13,1.14,Moderate
2,7,6.7,66,25,101,171,53.9,7,2,0,3,42,2.06,-0.8,1.26,Moderate
8,3,5.4,68,46,66,95,47.1,0,14,3,5,68,0.34,-2.22,4.89,Moderate
4,3,7.1,69,31,53,29,54.0,2,3,1,2,180,-0.26,5.8,-0.2,Moderate
5,4,5.6,80,55,89,20,47.1,5,8,0,3,88,1.86,3.32,2.67,Low
14,12,6.2,69,52,24,37,37.0,5,14,0,3,59,-0.21,-4.14,1.65,High
1,4,8.8,70,47,72,50,48.8,1,5,1,3,32,0.61,-2.56,-1.0,Low
7,5,6.0,87,42,42,76,52.2,4,2,1,20,29,-0.57,3.37,0.76,Moderate
6,7,6.3,80,54,44,180,44.0,6,5,1,6,45,-0.22,-7.09,1.73,Moderate
11,0,6.8,90,49,33,97,53.7,3,13,2,5,24,-0.17,5.86,0.86,High
1,10,5.6,74,63,23,14,48.8,2,11,1,16,45,-0.16,1.8,1.51,Moderate
2,1,9.0,80,61,147,69,54.7,3,2,1,3,133,5.84,1.14,-1.0,Moderate
3,4,7.9,86,42,92,22,46.0,7,4,0,10,77,2.23,1.68,-1.0,Low
10,3,7.6,67,56,157,83,53.5,6,13,3,19,91,5.88,2.27,-0.21,High
5,2,6.3,68,40,124,89,48.1,4,4,2,20,84,2.68,2.7,1.5,High
4,9,5.7,78,12,107,85,54.0,5,5,1,1,65,4.16,5.38,2.64,High
5,4,7.9,66,31,63,159,60.4,2,5,1,10,180,0.55,6.23,0.47,Moderate
1,3,7.2,72,40,21,53,41.2,3,10,1,8,82,-0.39,-8.85,0.43,Low
3,7,7.6,75,53,15,19,39.5,3,12,1,3,97,-1.61,-2.59,-1.0,Low
7,6,7.5,69,59,27,29,43.2,2,4,1,3,180,-0.43,-3.65,-1.0,Low
4,6,4.9,87,55,12,76,38.6,1,11,0,10,27,-1.71,-3.05,3.77,Moderate
1,1,7.5,73,43,164,131,48.5,0,6,1,12,62,4.86,1.98,0.33,Moderate
7,9,8.0,86,33,72,28,50.7,3,10,0,8,20,0.21,0.66,1.15,Moderate
4,8,6.6,91,47,100,180,44.7,3,3,0,12,113,1.72,-1.12,-0.47,Moderate
3,3,9.0,71,43,35,38,44.5,1,5,2,8,39,-0.57,-2.5,-1.0,Low
4,5,7.2,90,41,44,113,43.9,2,5,1,9,91,0.26,-1.85,-0.97,Low
3,5,6.3,86,33,25,56,36.3,1,2,1,7,21,-0.97,-3.95,0.28,Low
1,5,6.3,86,26,76,29,68.4,3,7,0,4,17,1.18,2.68,1.93,High
5,2,6.6,76,49,64,36,35.0,4,2,1,11,26,0.54,-7.73,-1.0,Low
13,5,7.4,65,30,37,24,44.9,5,8,1,16,54,1.02,-3.58,0.96,Moderate
3,18,7.4,85,37,164,41,36.4,1,17,0,1,60,4.95,-3.7,0.32,High
1,11,6.5,78,51,20,161,44.8,6,2,0,6,118,-1.14,-2.55,0.78,Moderate
5,3,7.6,79,39,3,22,43.8,3,10,1,5,155,-2.5,-3.31,-0.37,Low
7,4,6.5,64,42,54,156,47.7,4,5,2,0,40,-0.36,3.13,0.29,Low
13,9,6.6,68,34,104,73,50.7,4,3,0,9,180,2.08,5.65,0.64,High
7,2,7.3,89,42,62,36,35.6,4,11,0,3,27,-0.02,-5.72,-0.72,Low
13,12,7.2,59,23,131,41,55.7,7,7,0,12,86,4.53,3.57,0.74,High
7,2,7.6,73,45,29,99,50.4,5,0,0,5,12,-1.72,0.68,0.37,Low
1,5,8.2,74,51,59,25,43.1,2,8,0,20,61,2.2,-7.03,-0.19,Low
12,1,6.7,75,39,135,13,51.8,3,1,1,7,48,4.89,-2.22,0.84,Low
4,13,7.0,80,43,119,180,55.8,5,12,0,15,27,3.22,4.49,2.43,High
6,18,5.7,56,32,102,32,37.9,2,7,0,3,101,1.8,-3.3,1.77,Moderate
9,3,7.1,77,52,55,20,53.3,1,3,0,10,43,1.09,-2.78,0.89,Low
11,16,5.5,68,46,25,30,63.9,1,3,0,15,19,0.26,8.95,2.95,High
4,1,5.3,68,39,62,38,45.6,3,12,0,5,39,1.45,-3.18,2.83,Low
5,4,7.1,80,56,80,8,42.5,3,7,0,6,26,1.36,-2.11,0.53,Low
11,6,7.3,73,38,74,65,42.8,4,5,0,5,170,-0.65,-2.88,0.82,Low
9,9,7.7,74,39,69,153,55.9,3,5,0,2,54,-0.1,5.65,0.21,High
4,8,6.4,58,38,126,63,41.4,3,11,0,3,124,3.26,2.37,0.26,Moderate
13,2,6.7,90,31,57,58,37.9,4,8,0,2,21,0.36,-6.34,-0.3,Moderate
7,8,6.9,92,44,101,72,54.4,3,2,0,15,20,1.99,-0.43,-0.87,Moderate
8,2,9.0,71,40,94,19,44.0,2,6,1,7,13,2.02,0.97,-1.0,Low
8,6,6.7,55,31,115,52,50.5,1,2,1,5,130,2.73,0.71,0.54,Moderate
4,4,7.2,80,45,121,47,52.3,5,2,0,12,109,3.66,2.85,0.14,Moderate
13,4,7.5,69,30,60,69,38.5,1,0,1,6,166,1.17,-5.1,-0.84,Moderate
6,9,7.8,64,26,92,48,50.1,3,6,0,1,73,2.93,1.55,-0.74,Moderate
7,7,7.1,92,35,110,97,52.8,1,3,0,5,32,3.71,1.97,-0.18,Moderate
4,5,7.4,62,48,80,72,51.0,4,2,1,10,42,-0.01,-0.72,-1.0,Low
5,5,7.1,81,54,48,60,43.4,0,9,3,7,5,-1.12,-0.2,1.52,Low
3,12,6.9,73,47,14,66,49.7,3,1,0,3,12,-1.22,-0.34,0.19,Low
9,2,6.1,63,23,150,78,61.6,5,6,2,9,10,4.88,4.88,1.22,High
1,10,8.0,88,48,101,97,51.6,1,6,1,7,39,0.92,2.28,-1.0,Low
11,3,5.4,84,40,44,79,35.0,4,6,1,10,78,-1.08,-4.25,1.21,Moderate
2,3,7.9,81,32,51,26,49.5,6,7,0,6,60,0.48,4.5,-1.0,Low
3,4,7.0,69,40,52,116,52.6,4,4,0,1,17,0.62,-6.44,-0.02,Low
12,3,7.1,55,32,49,122,47.0,1,2,0,4,40,1.25,-0.8,1.37,Moderate
14,5,6.7,75,38,173,54,41.5,1,4,2,5,85,5.05,-6.54,-1.0,Moderate
7,8,4.2,68,40,80,66,49.9,2,21,2,1,57,1.78,4.79,5.05,High
9,2,7.3,69,37,13,64,36.6,3,21,1,7,110,-1.17,-4.44,1.16,Moderate
6,5,8.6,86,58,14,75,46.9,3,3,1,14,40,-1.5,-4.5,-1.0,Low
6,7,8.0,78,32,44,41,59.8,3,8,0,6,135,-0.03,2.48,0.81,Moderate
2,3,5.9,72,36,61,127,50.3,4,6,1,4,128,0.26,0.32,1.3,Moderate
8,13,5.9,63,45,180,53,36.0,4,2,1,3,65,5.07,-2.49,0.85,High
11,17,4.7,80,31,180,30,70.0,1,16,2,5,91,6.0,8.86,5.87,High
4,4,7.0,77,49,18,76,48.6,2,10,0,10,123,-1.02,4.79,-0.1,Low
8,11,7.0,58,54,63,12,54.1,4,12,3,10,12,2.22,6.92,1.11,High
9,6,6.5,83,16,55,55,61.6,1,3,2,4,25,0.94,8.1,0.72,High
6,7,6.1,86,41,155,31,47.5,9,13,0,20,57,3.59,-0.0,3.61,High
2,13,6.6,63,54,22,84,55.9,4,2,0,7,83,-0.3,5.7,2.0,Moderate
1,5,7.4,71,62,4,33,56.0,3,8,1,4,146,-2.24,4.55,0.49,Low
7,21,6.8,56,56,91,81,47.5,2,8,1,20,50,1.91,6.83,0.09,High
10,2,7.3,73,34,80,71,50.7,3,1,0,12,69,0.3,-0.98,-0.82,Low
3,1,7.2,78,42,47,82,51.7,4,2,0,13,31,-0.2,5.9,-1.0,Low
3,3,6.7,69,40,91,134,53.4,2,7,0,4,102,0.59,-0.63,1.76,Low
9,1,6.1,91,30,106,11,65.9,2,8,0,2,86,3.44,10.0,3.95,High
7,6,7.8,73,40,81,38,58.0,3,3,3,2,80,1.32,8.11,-1.0,High
6,9,6.5,89,37,106,139,54.1,4,8,0,8,178,1.29,2.2,2.13,High
8,2,7.5,91,48,42,37,54.4,0,2,2,20,135,-0.52,4.93,-0.06,Moderate
4,6,6.0,72,40,61,81,37.0,5,4,0,4,58,0.35,-2.09,-0.19,Low
12,6,5.3,63,31,94,41,44.4,1,3,0,9,72,2.22,-0.82,0.91,Moderate
13,5,6.7,75,35,90,48,47.8,4,2,2,10,92,2.56,0.99,0.96,Moderate
7,3,7.4,72,36,88,51,39.1,4,2,0,2,22,0.15,-5.63,-1.0,Low
6,12,7.2,65,44,30,28,49.0,3,4,0,3,30,-1.98,2.77,-1.0,Low
12,11,6.2,100,59,70,34,55.5,2,9,1,2,15,2.07,3.93,1.04,High
2,9,6.2,77,12,18,45,50.5,4,8,1,10,112,-0.7,-0.23,0.71,Moderate
1,3,6.5,56,59,77,35,38.5,4,2,0,9,34,2.25,-2.94,-0.48,Low
2,4,6.7,80,46,27,53,67.0,10,14,1,5,14,0.73,7.53,0.91,High
1,3,6.7,86,31,53,48,48.1,5,8,1,2,116,-0.45,-0.19,0.74,Low
9,3,6.5,75,65,99,15,49.6,2,5,0,8,47,1.33,0.85,0.64,Moderate
13,8,6.5,83,33,13,160,45.3,7,18,0,4,23,-1.47,2.59,2.7,High
21,5,8.4,75,34,32,52,47.2,3,5,0,4,180,-1.22,-2.39,0.67,Moderate
10,3,7.7,74,26,180,17,35.0,3,2,0,3,29,5.3,-7.08,-0.87,Moderate
3,7,7.2,73,42,26,156,70.0,5,11,0,8,110,-1.26,10.0,1.65,High
4,15,5.1,77,59,180,180,53.7,1,9,2,1,143,5.35,2.89,3.81,High
1,4,7.7,77,56,9,180,45.8,4,7,0,15,146,-1.17,-2.33,0.18,Low
15,15,6.0,70,42,55,77,40.0,5,3,1,3,81,0.85,-6.2,0.73,Moderate
11,3,6.5,75,41,133,35,47.2,4,3,1,11,129,3.64,0.31,0.35,Moderate
9,7,5.8,71,39,94,26,69.7,1,5,3,11,69,1.71,5.56,1.92,High
10,9,5.8,107,37,10,30,47.3,2,5,2,3,27,-1.54,-4.16,1.81,High
3,18,6.8,74,34,32,19,53.0,1,4,1,1,13,-0.18,2.96,-0.24,Moderate
9,1,7.7,76,37,88,67,51.2,2,6,0,6,64,2.15,1.25,0.85,Moderate
1,7,5.7,69,63,59,23,48.8,1,2,1,11,97,0.36,-0.06,1.17,Low
11,10,7.7,71,50,33,20,49.8,4,21,1,6,142,-0.19,6.35,-0.28,High
9,7,5.8,71,41,180,180,41.5,2,9,0,4,111,5.96,-1.17,0.55,High
5,4,8.1,55,40,24,65,38.7,2,5,1,10,37,-0.3,-5.35,-1.0,Low
5,12,6.5,76,45,62,50,48.0,2,3,1,11,34,1.3,0.96,0.28,Low
9,6,6.6,69,25,28,38,49.0,5,13,1,15,30,0.57,0.55,1.73,Moderate
10,7,6.3,65,59,85,110,48.5,6,11,0,20,143,1.78,2.25,3.16,High
8,1,5.5,74,38,31,64,43.1,3,4,0,2,95,-0.12,-2.79,1.07,Low
5,5,6.4,86,55,47,143,43.8,2,13,3,3,108,-0.73,-1.61,1.19,Low
4,2,7.7,73,22,9,69,54.3,2,7,0,8,41,-1.22,6.0,0.33,Moderate
5,4,5.8,70,48,51,150,51.7,6,2,0,4,69,0.5,-1.86,0.77,Moderate
5,3,8.0,76,39,61,40,47.2,5,4,0,4,74,1.26,-1.77,-1.0,Low
13,10,6.0,81,12,40,64,49.9,0,2,0,10,80,0.88,3.67,0.97,High
4,4,7.8,89,48,38,51,55.9,7,13,0,4,113,0.36,3.91,0.56,High
5,2,8.9,77,45,22,47,41.5,3,5,1,8,180,-1.1,-1.25,-1.0,Low
7,13,8.1,75,42,20,127,38.2,3,6,0,7,116,-2.31,-5.69,-0.57,Low
24,2,7.2,65,55,86,25,43.3,4,5,1,6,24,1.32,-2.0,0.31,Moderate
5,2,6.5,84,25,38,36,52.1,2,1,1,6,59,-0.53,0.08,0.49,Low
8,8,6.9,70,32,42,58,61.5,2,9,1,3,6,0.63,7.59,1.47,High
6,4,7.1,85,29,147,180,56.6,1,13,3,2,80,6.0,1.31,1.77,High
5,3,8.7,77,37,85,38,48.0,2,7,0,17,17,0.25,1.88,-1.0,Low
3,1,6.9,68,21,21,88,42.0,6,5,0,10,63,-1.32,0.03,2.11,Low
2,5,7.2,74,54,30,11,53.1,3,15,2,14,137,0.31,-0.08,0.69,Moderate
11,5,7.3,72,36,180,54,48.5,3,18,0,9,82,5.49,6.04,1.22,High
4,5,7.7,83,46,72,67,48.2,2,0,0,11,12,1.68,-0.91,-0.15,Low
5,9,6.2,66,55,22,70,50.1,3,5,0,18,26,-1.23,1.81,1.56,Low
13,5,7.9,80,66,93,61,55.5,2,4,3,17,95,1.81,2.99,0.06,Moderate
5,2,7.2,72,26,171,72,39.6,2,21,1,11,122,5.17,-0.55,-0.02,High
5,3,7.4,89,62,14,83,39.2,1,5,2,3,44,-2.5,-3.07,-1.0,Low
13,7,7.0,64,45,82,70,41.0,1,5,1,4,101,2.76,-2.78,-0.46,Moderate
12,8,4.6,77,47,34,160,59.5,2,7,0,4,23,0.08,0.39,3.51,High
8,5,7.8,66,48,125,88,40.6,6,7,2,5,104,3.3,-3.55,-0.06,Moderate
3,2,7.0,77,38,104,60,56.0,4,4,3,20,48,2.1,5.0,-0.04,Moderate
3,2,6.2,78,58,65,20,61.8,2,11,0,6,62,-0.41,9.31,2.77,Moderate
4,6,5.7,75,58,30,38,47.2,4,3,0,0,115,-0.93,-2.37,2.59,Low
8,12,5.8,83,55,114,50,54.7,5,6,1,12,39,2.84,7.52,2.45,High
7,6,6.6,71,42,126,13,44.0,3,4,2,20,30,2.69,-0.0,1.82,Moderate
4,2,6.4,78,41,11,69,49.6,2,4,0,12,79,-2.5,-0.53,0.24,Low
4,11,7.5,77,52,19,48,35.0,3,1,0,18,10,-1.04,-6.78,-1.0,Low
18,8,6.0,63,43,132,2,42.1,7,7,0,14,165,4.16,-2.28,0.96,High
3,6,7.8,69,38,8,79,42.1,3,9,1,14,128,-0.8,1.55,-0.29,Low
8,2,5.0,65,59,30,4,66.7,1,8,2,3,61,0.59,10.0,4.73,High
13,4,5.3,71,25,128,128,50.1,5,11,0,9,38,3.96,1.63,3.56,High
6,6,7.2,58,50,28,99,43.5,1,4,4,9,54,-1.27,-2.66,-0.2,Low
8,9,7.4,72,42,44,59,52.1,3,0,1,5,71,0.92,5.96,-0.48,Moderate
4,4,6.1,77,40,75,69,57.1,3,2,0,9,143,2.28,3.56,2.22,High
6,13,7.4,80,35,180,90,55.6,4,2,0,8,24,5.57,10.0,-0.12,High
1,10,6.4,70,48,36,31,45.6,2,1,3,8,51,-1.87,-4.24,0.89,Low
20,9,6.0,63,27,62,102,46.3,3,9,1,6,180,-0.16,1.42,2.49,High
8,21,5.9,62,42,47,80,49.5,6,0,1,10,35,-0.42,-0.82,1.97,Moderate
10,7,5.6,96,25,12,66,50.7,4,11,2,9,101,-0.77,-0.84,2.62,High
12,5,8.3,64,29,180,10,43.3,0,11,0,14,5,4.66,-3.54,-0.36,Moderate
18,1,6.8,55,39,102,55,48.2,1,1,0,8,52,2.43,-0.34,0.31,High
1,4,7.6,69,14,56,30,36.4,1,7,0,5,90,-0.01,-5.27,-0.25,Low
11,3,7.7,85,29,19,57,44.9,5,5,0,11,7,-1.12,-3.38,-0.83,Moderate
6,3,7.2,86,48,75,116,44.2,2,5,0,8,48,0.16,-6.89,0.51,Low
6,12,6.8,80,58,26,76,61.3,6,7,0,8,14,-2.39,9.0,1.21,High
12,3,6.9,65,33,94,68,41.4,5,5,1,2,46,4.1,-3.13,0.69,Moderate
12,7,8.4,62,64,52,36,49.8,3,18,1,12,124,0.28,3.48,0.86,High
3,2,6.6,80,44,49,58,45.3,3,4,1,2,78,0.53,-2.23,-0.89,Low
10,14,6.8,82,50,79,42,43.8,5,3,0,1,98,1.31,-7.48,0.13,Moderate
3,5,6.5,80,40,59,20,53.9,4,7,0,3,28,-0.33,0.41,1.91,Low
3,17,7.6,77,41,20,63,46.2,8,2,0,8,135,-1.67,-2.02,-1.0,Low
13,5,7.4,82,36,53,55,51.6,1,3,2,8,180,0.2,-1.59,1.21,Moderate
7,7,7.5,70,49,19,4,46.4,7,9,0,1,62,-0.95,3.45,-0.53,Moderate
4,11,5.7,71,32,80,56,53.9,6,6,1,14,51,2.33,2.16,1.69,Moderate
6,3,6.0,90,39,113,52,41.3,2,8,0,8,11,3.12,-5.36,0.25,Moderate
8,6,6.8,66,44,19,23,38.9,5,21,0,3,45,-0.78,4.48,-0.2,Moderate
13,4,6.7,83,46,43,94,40.2,2,5,1,2,30,-1.1,-6.39,0.63,Low
3,13,6.2,75,48,49,78,45.9,4,6,1,4,114,-0.48,-1.06,0.93,Low
6,1,7.6,68,58,63,68,52.8,2,12,1,11,133,-0.15,5.38,0.55,Moderate
7,5,7.2,81,58,17,101,50.4,3,7,0,5,82,0.1,0.57,0.61,Low
4,8,6.0,66,36,49,35,47.1,2,3,2,4,42,-1.35,-1.1,0.24,Moderate
4,17,5.2,67,13,63,47,52.1,2,4,0,2,66,0.03,-2.0,2.44,High
5,21,7.4,84,41,9,52,55.2,5,7,2,12,33,-1.61,1.77,-0.15,Moderate
9,6,6.9,86,40,33,116,36.1,2,7,0,12,55,0.27,-2.49,1.26,Moderate
10,7,7.7,65,69,40,6,44.3,3,4,0,5,62,-0.4,-4.68,0.07,Low
4,5,6.4,85,52,10,45,63.0,5,5,2,8,138,-0.32,4.81,2.23,High
3,10,6.2,78,21,24,46,45.3,2,6,2,6,24,1.5,-1.51,1.66,Low
2,1,6.5,81,64,50,113,38.5,7,2,0,6,18,-0.82,-9.59,-0.31,Low
2,6,6.6,81,33,40,78,39.0,1,5,2,4,95,0.86,-7.19,-0.81,Low
8,6,7.2,81,34,67,119,47.6,4,8,0,17,70,0.91,3.17,1.12,Moderate
9,2,8.2,81,73,76,70,35.0,3,3,0,7,73,1.46,-7.71,-1.0,Low
5,3,8.3,79,59,54,180,61.4,1,7,0,5,148,0.76,7.37,-0.35,High
12,9,6.7,81,39,13,33,57.3,2,9,1,6,58,-1.18,2.89,1.58,Moderate
12,12,7.2,77,30,10,102,60.9,3,1,0,8,82,-1.83,8.03,-0.5,High
4,3,6.3,81,20,48,46,35.0,5,7,0,5,24,0.75,-6.7,0.12,Low
4,6,8.1,58,49,19,21,67.7,4,5,1,1,152,0.79,6.5,0.59,High
4,1,6.0,72,37,72,67,54.7,3,10,3,15,69,2.06,3.8,3.22,High
6,5,6.8,77,48,37,79,35.0,0,17,1,3,39,-1.37,-6.92,1.18,Low
7,4,6.3,77,53,50,93,40.0,2,5,1,20,145,-0.23,-5.73,-0.53,Low
15,5,7.0,70,32,58,30,45.3,5,6,2,4,19,1.02,-1.9,-0.71,Moderate
6,1,5.9,75,42,123,36,54.4,3,11,0,11,31,3.69,4.89,4.17,High
6,11,7.6,74,25,39,78,46.5,5,4,2,13,49,-0.28,0.62,-1.0,Moderate
2,10,5.5,63,31,118,21,46.8,2,19,0,4,51,2.55,3.62,2.27,Moderate
18,13,6.9,60,47,2,29,36.5,2,9,4,6,76,-1.67,-7.82,-0.46,Moderate
5,6,7.5,59,53,101,66,35.0,2,5,0,12,91,2.08,-3.11,-1.0,Low
7,9,6.4,71,44,104,85,47.8,2,4,0,7,87,2.37,-3.25,-1.0,Moderate
3,7,8.8,77,16,92,56,36.4,2,6,3,2,37,2.79,-8.75,-1.0,Moderate
5,4,6.5,81,53,70,7,48.7,1,1,1,10,79,1.5,1.24,-0.3,Low
15,6,6.8,70,69,84,49,44.9,1,9,0,14,97,1.74,-2.65,1.64,Moderate
4,1,7.7,78,49,131,67,55.7,3,12,2,6,143,2.42,-1.2,1.08,Moderate
7,15,7.5,62,31,115,53,53.6,1,5,0,10,91,3.06,0.26,-0.67,Moderate
4,5,7.3,76,61,18,78,57.8,3,11,0,7,25,-2.5,4.62,2.47,Moderate
6,5,6.8,68,53,105,114,39.4,5,11,1,5,73,1.76,-2.8,-0.64,Moderate
9,4,5.0,55,49,180,33,49.2,3,18,0,7,39,5.35,-1.47,4.38,High
2,7,6.8,68,34,27,56,49.8,2,17,1,15,180,-0.69,4.74,1.88,Moderate
5,19,7.2,70,36,55,133,49.2,4,3,1,4,57,-1.02,1.89,0.41,Moderate
2,5,5.9,80,32,84,180,44.2,1,7,1,1,30,1.03,-2.35,3.11,Moderate
2,5,6.4,79,51,58,30,43.1,3,8,2,8,68,-0.83,3.2,0.32,Low
1,10,6.2,78,45,74,52,55.9,2,8,0,8,80,1.94,6.19,1.81,Moderate
2,7,5.6,86,34,77,43,56.8,6,5,0,6,180,1.19,3.26,3.51,High
4,1,7.1,66,36,55,86,47.2,2,2,1,1,12,0.38,1.73,-0.64,Low
2,4,6.0,75,38,153,12,48.1,5,11,2,7,53,4.06,0.74,2.05,Moderate
4,4,5.6,75,36,153,46,56.7,4,2,4,9,38,4.13,0.54,0.72,High
9,8,8.2,87,39,67,27,45.0,1,7,0,8,99,0.33,-1.2,-1.0,Low
9,6,5.9,82,45,12,91,49.6,2,15,0,0,9,-2.5,-1.13,2.83,Moderate
5,10,7.5,71,29,39,44,47.3,4,4,0,8,180,0.15,-1.82,0.0,Low
4,14,6.9,71,27,37,35,39.6,1,3,0,9,75,-0.54,-2.79,0.22,Low
2,7,6.7,71,39,53,13,43.8,3,3,0,3,147,0.14,-0.27,-0.58,Low
5,1,7.4,68,71,114,72,45.6,0,7,3,3,97,2.88,-3.46,-0.95,Low
14,13,8.2,68,39,143,18,45.2,3,16,0,6,150,3.34,2.94,-0.11,High
2,9,7.2,70,51,103,180,35.0,4,10,2,2,5,1.48,-3.21,-0.02,Low
3,3,6.5,65,27,86,131,44.8,7,4,0,20,23,1.48,-0.69,-1.0,Low
1,6,6.7,75,34,72,63,57.8,6,4,3,3,47,0.77,3.57,0.8,Moderate
4,7,5.4,77,33,32,79,43.5,2,6,0,7,97,-0.92,-3.49,1.7,Moderate
17,6,7.0,55,56,138,101,42.5,3,3,0,7,34,3.22,-3.07,-1.0,Moderate
14,3,7.2,72,21,37,30,55.7,3,5,1,1,18,-1.81,4.44,0.76,Moderate
20,4,6.9,72,45,102,33,55.0,2,5,1,8,58,1.36,-0.64,0.6,Moderate
8,1,7.2,78,47,46,84,40.9,3,11,1,9,27,0.78,-2.02,0.72,Low
9,3,7.0,63,27,142,27,49.8,0,2,0,7,57,3.35,-1.88,-0.41,Low
5,4,6.6,74,44,18,48,50.8,1,7,1,2,19,-1.73,1.51,0.78,Low
7,1,6.1,68,18,48,51,48.2,3,2,2,1,63,0.5,1.25,0.95,Low
7,1,6.8,56,38,84,41,68.1,4,1,0,8,14,0.39,10.0,1.07,High
5,7,6.9,73,44,101,58,60.4,1,1,0,5,45,1.52,8.23,-0.76,High
4,5,7.0,70,62,75,41,46.3,4,3,0,9,77,1.36,-1.19,-1.0,Low
5,1,7.3,68,45,64,73,49.1,2,5,2,2,82,1.3,-0.21,0.34,Low
3,5,5.8,81,38,91,41,50.5,3,0,1,5,95,1.32,4.03,1.08,Moderate
9,3,7.7,77,43,28,94,63.5,4,14,1,11,115,0.92,5.81,0.23,High
8,1,6.8,78,40,48,30,57.0,4,9,0,2,54,0.22,8.13,1.53,Moderate
9,7,7.2,86,38,82,29,50.0,0,21,0,7,26,1.57,1.76,3.26,Moderate
3,3,7.0,67,39,180,74,46.9,4,1,2,13,6,6.0,-2.98,-1.0,Moderate
6,3,6.5,78,43,59,36,41.4,4,13,0,8,104,-0.17,-6.08,0.84,Low
3,2,8.0,62,48,148,73,58.5,4,4,1,9,41,2.88,8.25,0.98,Moderate
7,7,6.6,78,45,105,61,49.5,0,15,0,10,88,1.93,1.42,3.52,High
20,7,6.1,71,57,29,10,48.7,10,9,0,16,61,-0.25,2.54,2.14,High
10,3,6.3,86,49,79,9,49.3,1,2,0,5,38,2.14,-4.4,0.51,Low
12,11,7.2,69,40,57,49,47.0,2,10,1,8,19,1.44,1.06,0.63,Moderate
7,14,7.2,75,73,65,29,40.2,3,7,1,3,23,2.34,-1.68,1.06,Low
10,6,5.6,78,45,93,105,47.8,2,1,0,17,36,2.69,-3.68,0.78,Moderate
1,5,7.0,70,17,123,58,50.0,4,6,1,6,28,3.85,1.12,-0.28,Moderate
13,15,7.6,61,68,38,80,62.8,3,11,0,7,138,-0.12,7.0,1.27,High
5,4,6.3,85,57,168,82,44.7,3,3,1,20,131,4.59,-1.74,-0.31,Moderate
5,1,7.2,72,44,88,37,43.8,2,6,1,2,92,2.7,-0.49,1.15,Low
17,10,7.5,77,32,19,47,50.6,4,17,0,7,49,-0.28,4.73,1.17,High
7,3,7.5,60,65,76,40,40.5,2,3,0,7,37,1.22,-4.85,-1.0,Low
2,6,7.0,70,50,100,78,47.2,3,4,0,3,39,2.86,1.99,1.73,Moderate
2,2,6.9,89,55,79,46,43.8,2,1,0,8,27,0.9,-4.04,-0.51,Low
8,11,8.0,77,56,72,51,62.7,2,8,2,3,33,3.01,8.23,-0.43,High
5,1,7.0,65,43,64,168,51.0,2,12,2,5,40,1.09,8.02,1.41,High
3,11,5.4,71,49,28,47,53.9,5,7,1,12,29,-0.92,4.23,2.9,Moderate
4,11,5.6,68,40,56,90,40.0,6,21,0,2,54,-0.14,0.9,3.25,Moderate
6,3,7.9,69,59,76,57,56.1,0,2,0,5,100,0.15,3.16,-0.44,Low
8,13,7.3,79,56,180,97,64.9,5,2,1,14,70,5.32,10.0,0.16,High
7,6,6.5,70,40,29,122,52.9,3,12,1,20,7,-0.45,5.44,3.66,High
1,6,6.8,59,26,74,19,48.1,3,5,1,10,96,0.99,-0.12,1.19,Moderate
3,15,7.7,87,47,111,57,55.6,4,21,0,8,54,2.61,3.97,1.9,High
5,5,6.4,81,57,40,35,56.6,3,1,0,5,132,0.83,5.67,1.4,Low
6,2,7.2,55,36,180,54,46.8,2,5,0,3,30,5.19,-0.94,-1.0,Moderate
12,2,7.0,64,47,111,39,64.5,3,3,2,12,67,2.66,10.0,1.08,High
6,14,7.5,67,33,169,70,35.0,2,9,0,2,180,5.41,-5.07,-0.85,Moderate
13,5,7.0,65,30,24,35,49.9,0,7,1,6,24,-2.5,-1.13,0.48,Low
3,1,7.4,74,31,53,36,39.3,4,18,0,4,26,-0.05,-4.46,0.03,Moderate
6,3,5.1,57,64,45,79,55.0,4,3,2,4,73,0.08,2.33,2.85,Moderate
4,14,5.9,88,70,15,29,69.9,3,0,0,3,49,-0.25,9.57,2.54,High
3,3,6.3,75,61,27,36,49.0,2,16,0,5,134,-0.01,4.74,2.66,Moderate
9,6,7.5,55,40,88,180,51.6,3,2,0,8,127,0.8,1.49,-1.0,Moderate
5,8,6.8,71,48,21,31,35.0,5,4,0,1,98,-1.22,-7.23,0.58,Low
10,3,9.0,83,63,68,27,54.6,4,9,2,3,33,1.04,1.53,-1.0,Moderate
4,7,7.8,76,44,62,36,41.8,4,5,0,3,3,0.52,-1.72,0.05,Low
4,5,8.5,75,43,28,29,48.3,7,1,1,10,67,0.88,-2.71,-1.0,Low
13,1,6.6,82,56,7,72,47.8,4,10,0,7,68,-1.49,3.17,0.99,Moderate
6,4,6.8,72,49,26,14,49.8,1,1,0,20,33,0.95,-0.88,-0.4,Low
7,11,6.0,62,52,32,79,41.0,5,2,0,4,144,-2.0,-3.57,0.13,Low
4,3,6.4,65,50,76,63,43.9,5,11,0,7,57,1.43,-0.17,1.89,Low
13,5,5.8,69,30,179,95,40.9,4,10,1,13,180,4.68,-5.89,1.92,High
10,13,6.4,90,54,32,161,49.6,4,4,1,12,44,0.08,1.65,1.24,Moderate
9,1,5.9,75,43,59,45,46.6,1,12,0,5,94,0.79,0.55,1.77,Low
12,2,6.9,76,43,82,34,56.0,2,12,0,11,135,0.7,0.04,1.53,High
4,1,6.2,69,47,139,161,52.3,2,3,2,11,11,2.59,2.26,-0.03,Moderate
3,5,7.3,74,59,90,175,47.2,3,21,1,3,97,1.39,0.74,0.81,Moderate
11,18,5.3,70,38,180,62,50.1,3,6,1,2,134,5.73,3.25,1.71,High
7,3,7.5,67,45,53,126,55.7,2,5,0,4,34,-0.39,2.53,0.06,Moderate
2,4,5.0,77,16,19,175,51.8,2,4,2,6,107,-0.47,3.28,2.18,Moderate
4,12,7.0,77,53,40,178,49.5,4,10,0,8,133,1.04,1.79,1.16,Moderate
3,8,5.9,75,50,6,102,58.7,1,3,1,20,58,-2.07,8.06,2.91,High
7,2,6.2,75,43,11,108,49.3,6,8,0,13,33,-2.21,-1.26,1.4,Moderate
14,5,6.9,81,36,75,59,50.1,4,2,0,6,99,1.66,-0.71,-0.67,Moderate
13,15,5.6,85,45,108,22,44.7,7,6,2,20,96,3.27,-0.06,2.12,High
4,5,5.8,79,47,6,40,47.3,3,4,0,20,80,-0.71,-0.63,0.71,Low
13,4,6.7,68,59,114,88,49.5,2,9,1,16,70,3.03,2.44,0.17,Moderate
3,2,6.2,61,46,48,37,61.9,2,8,0,16,48,-1.3,8.96,2.86,Moderate
7,9,6.5,75,51,80,102,46.1,5,20,1,8,59,1.0,2.24,2.34,Moderate
5,11,7.9,78,36,43,20,42.1,8,3,1,20,133,-0.46,-5.43,-1.0,Moderate
4,8,4.7,72,53,123,85,51.0,8,4,0,12,143,1.97,-3.84,3.69,High
12,6,7.1,77,45,31,180,40.9,7,3,1,20,67,-0.65,-1.86,0.94,Moderate
2,5,8.4,67,32,10,24,56.7,3,9,1,18,13,-2.5,4.94,-0.49,Moderate
8,1,6.4,67,63,66,31,43.5,3,12,1,2,115,0.84,-3.85,2.03,Low
8,8,5.8,87,17,23,88,47.8,5,6,0,5,56,0.44,-1.07,2.55,Moderate
3,3,7.2,68,44,13,48,54.4,2,19,0,8,76,-0.88,7.23,2.81,Moderate
2,8,6.9,81,32,16,109,54.1,2,3,1,14,37,-1.44,0.73,-0.07,Low
6,1,7.9,81,50,30,104,52.2,2,4,4,0,72,-1.9,3.64,-1.0,Low
6,11,7.2,70,36,47,180,43.0,2,12,2,5,31,-0.6,-1.49,0.52,Moderate
7,6,5.9,68,50,49,86,35.0,0,2,1,7,47,0.63,-8.91,0.04,Low
3,10,6.4,72,42,34,109,48.2,2,6,0,10,56,-0.71,0.97,1.98,Low
8,17,7.2,86,49,13,8,52.8,3,0,2,7,155,-0.89,-1.51,-1.0,Moderate
5,9,7.4,58,12,9,34,43.9,6,14,1,1,180,-0.53,1.62,0.2,Moderate
6,19,7.1,65,37,39,86,50.1,1,9,4,8,180,1.25,-0.69,-0.33,Moderate
12,9,6.7,81,45,50,29,41.5,5,12,1,15,105,-0.11,2.02,1.75,Moderate
6,3,6.9,86,47,67,56,62.9,0,12,0,2,29,1.76,9.68,1.07,High
2,5,6.7,84,28,83,109,55.4,6,3,0,6,48,0.61,4.19,0.68,Moderate
15,6,6.0,82,49,107,63,52.0,2,9,1,3,27,3.67,6.46,2.81,High
8,5,5.8,85,53,34,56,47.5,5,8,1,6,42,0.6,0.31,1.02,Moderate
12,4,7.9,85,43,56,8,35.0,3,8,2,2,163,-0.73,-5.79,-1.0,Moderate
1,11,7.7,76,39,38,25,41.8,3,2,0,6,43,0.12,-4.88,-1.0,Low
12,6,7.5,65,48,100,144,52.8,4,15,1,5,81,2.25,3.86,1.65,High
4,8,6.8,77,47,48,108,50.4,3,2,2,15,97,-0.76,-3.09,0.09,Low
9,2,6.8,93,42,62,180,62.3,1,14,2,14,180,0.2,9.64,3.44,High
5,5,6.5,77,43,147,59,52.1,0,10,0,4,27,3.09,5.46,2.13,High
2,7,6.6,66,30,33,78,37.6,3,7,1,3,29,-0.31,-5.17,-0.16,Low
8,7,5.9,68,53,82,41,37.6,3,5,0,20,86,1.66,-9.35,2.57,Moderate
3,1,7.7,72,47,16,44,57.3,1,3,0,7,58,-0.89,6.92,-0.37,Low
4,4,5.9,79,47,32,44,49.7,0,9,2,17,58,0.29,-0.81,2.38,Moderate
12,6,5.5,56,38,33,53,35.0,1,3,1,2,128,-0.64,-9.12,2.61,Moderate
4,3,7.2,79,43,89,36,42.8,1,14,1,16,102,2.34,-0.59,0.64,Low
0,15,5.7,78,49,180,35,49.6,3,5,0,1,33,4.62,4.12,0.84,Moderate
4,13,8.0,80,51,28,55,48.5,1,0,0,3,61,-1.81,-5.99,-1.0,Low
12,4,6.0,78,44,69,20,37.5,3,3,2,2,56,2.15,-10.0,-0.68,Moderate
10,2,6.2,66,42,127,62,51.9,1,18,3,11,38,2.65,4.32,3.36,High
10,6,7.7,64,52,79,69,49.6,9,3,2,9,17,2.24,-1.36,-1.0,Moderate
7,7,5.9,62,40,36,77,51.1,3,5,0,7,56,-0.78,3.65,1.18,Low
2,7,6.9,56,67,68,37,35.0,2,10,0,15,96,1.11,-5.05,0.07,Low
6,9,7.4,78,44,3,36,35.0,3,3,0,6,92,-1.62,-6.41,-1.0,Low
5,2,8.4,70,43,134,35,52.4,2,1,1,3,69,4.76,1.19,-1.0,Moderate
1,9,9.0,73,36,91,121,45.4,5,3,1,14,180,1.5,-0.45,-1.0,Low
2,5,6.4,95,37,91,75,38.5,2,14,1,4,43,1.74,-0.18,1.69,Moderate
3,8,7.7,86,38,27,69,49.4,5,6,0,11,29,-1.97,3.88,-0.16,Low
2,6,6.7,71,48,90,60,55.1,7,2,0,11,88,0.8,5.1,-0.11,Moderate
14,4,5.8,90,44,23,61,53.3,1,8,0,18,11,-0.0,5.68,1.72,High
13,2,6.0,67,26,103,46,53.0,6,13,0,3,97,1.2,3.59,1.8,High
5,3,6.9,70,59,22,180,54.6,6,9,2,3,92,-1.44,2.33,1.13,Moderate
9,5,7.7,78,56,25,60,55.6,4,3,1,5,59,-1.58,2.55,-0.61,Low
3,3,6.4,76,45,180,62,46.5,5,16,0,3,180,4.71,4.72,2.12,High
5,3,7.5,69,59,50,67,35.0,4,9,1,20,180,1.36,-3.85,0.78,Low
3,6,7.4,72,16,95,19,46.1,0,2,0,9,78,2.09,-2.55,-0.74,Low
3,5,6.4,70,33,159,40,55.7,4,13,0,2,25,5.36,-1.23,2.73,Moderate
5,0,4.6,84,44,112,41,35.8,4,11,0,3,51,3.94,-5.07,2.79,Moderate
4,3,6.7,60,57,10,46,52.0,2,9,1,12,39,-1.82,-1.83,1.03,Low
9,12,6.5,63,39,120,63,41.9,1,0,2,2,61,4.12,-6.89,-1.0,Moderate
11,2,6.3,83,21,87,31,35.0,6,8,1,3,4,1.37,-6.88,0.75,Low
6,13,5.9,78,33,175,39,41.5,1,3,1,7,16,2.73,-3.59,0.17,Moderate
3,3,8.3,80,49,80,78,61.0,6,11,2,12,9,0.86,2.59,0.32,Moderate
4,6,5.7,74,63,137,49,48.1,2,11,1,20,43,3.77,-0.29,2.75,Moderate
7,2,6.5,71,19,85,84,35.8,6,2,1,7,133,1.99,-6.54,-0.99,Moderate
9,5,7.0,76,38,36,27,40.8,5,6,0,7,69,0.07,-4.56,0.57,Low
8,1,7.2,85,53,76,93,42.3,3,5,0,19,87,1.47,-2.83,0.03,Low
3,9,6.7,92,43,49,42,47.7,6,5,2,2,15,-1.11,1.58,1.09,Low
6,3,6.0,89,43,61,176,64.1,1,9,0,12,22,1.55,9.13,1.27,High
3,4,6.4,74,25,51,101,35.8,2,9,0,20,9,0.8,-8.62,-0.68,Low
11,6,6.3,74,66,51,39,44.3,2,11,0,2,114,-0.13,-1.81,0.03,Low
2,9,7.2,66,50,50,79,41.5,5,11,1,3,59,0.39,-2.73,0.7,Low
2,6,6.4,78,36,23,42,50.6,2,10,1,5,52,0.46,1.56,1.46,Low
1,5,7.6,71,41,20,31,49.0,0,4,0,7,54,-0.42,-6.91,-0.75,Low
27,5,7.5,77,48,113,85,40.2,5,5,1,7,16,2.27,0.15,-0.27,Moderate
6,9,6.0,80,58,91,135,43.0,2,7,1,2,93,1.99,-6.05,1.83,Moderate
1,2,7.0,63,39,49,57,44.7,2,2,0,6,20,0.9,-0.62,-0.85,Low
5,8,7.4,74,41,30,177,48.4,8,19,2,20,54,-1.43,5.83,0.92,High
10,11,7.1,55,52,105,56,52.2,4,11,1,2,25,3.21,4.21,0.08,High
7,5,5.3,71,37,29,40,53.5,2,6,1,4,62,-0.45,1.59,2.54,Moderate
3,5,7.8,56,46,15,45,50.6,4,5,2,8,40,-2.01,-1.47,0.41,Low
4,3,6.5,80,27,57,19,52.8,6,3,1,15,58,-0.8,-2.06,0.71,Low
5,6,7.5,75,22,38,129,43.0,2,4,1,13,11,-1.03,-3.38,-1.0,Low
5,6,8.7,85,41,25,52,44.3,6,2,2,12,25,-1.96,-1.33,-1.0,Low
4,8,5.7,90,23,37,30,56.5,4,7,0,2,15,0.0,1.37,1.31,Moderate
5,1,8.3,84,47,89,104,53.6,3,4,0,17,80,2.35,3.07,-1.0,Moderate
3,2,7.4,75,57,51,68,38.1,4,4,0,14,66,-1.18,-5.62,-1.0,Low
3,17,5.8,64,36,36,38,59.7,0,5,1,2,169,-1.35,5.97,2.56,High
12,10,6.9,87,33,24,12,43.9,4,2,0,20,4,-1.69,-0.48,0.23,Moderate
22,1,7.9,84,50,119,91,59.9,5,2,1,18,53,4.28,3.26,-1.0,High
2,1,5.5,73,30,32,44,38.3,2,7,0,4,26,-1.21,-7.11,1.99,Low
9,7,7.1,86,23,73,22,40.9,2,4,0,6,40,1.74,-0.3,0.38,Moderate
17,6,7.7,73,32,25,103,53.0,7,9,0,13,41,0.19,4.81,-1.0,High
26,7,7.6,73,33,70,45,35.0,5,2,0,10,43,0.09,-7.07,-1.0,High
9,11,5.7,85,47,85,64,45.1,2,2,0,8,33,1.7,-2.71,0.72,Moderate
6,9,6.2,75,44,38,72,47.3,3,6,2,4,40,-0.71,2.11,2.51,Moderate
21,4,6.2,85,42,87,109,51.5,1,7,0,9,116,2.7,-3.08,1.79,High
5,5,6.1,83,46,43,39,35.8,2,2,0,2,22,0.18,-3.2,-0.52,Low
2,8,7.9,75,41,28,39,45.3,0,12,0,7,30,-0.88,-0.14,1.2,Low
2,1,5.6,84,27,16,79,35.1,4,3,0,14,6,0.12,-6.03,1.79,Low
6,2,7.2,82,42,14,43,45.0,5,2,2,5,71,-1.09,-3.23,0.0,Low
9,4,6.7,78,58,138,109,42.3,3,2,1,8,180,4.16,-1.99,-0.08,Moderate
9,4,7.3,65,53,40,96,42.9,4,7,1,5,23,-1.15,-4.7,-1.0,Low
5,10,7.2,81,28,14,27,51.2,4,15,1,8,61,-1.94,0.71,1.05,Moderate
3,5,6.7,73,49,90,52,50.5,2,1,0,20,180,2.29,-2.11,-0.89,Low
1,5,6.6,77,25,80,63,51.1,3,9,0,4,48,1.3,4.55,0.75,Low
4,2,8.3,82,50,37,55,64.8,2,3,0,3,79,-0.87,5.26,0.43,Moderate
5,5,6.9,60,42,73,81,48.0,0,10,0,3,54,0.64,-5.76,0.97,Low
9,6,6.2,80,30,61,47,36.4,2,2,0,13,1,0.13,-5.68,-0.3,Low
6,1,6.2,67,43,32,46,57.0,3,3,0,5,27,0.76,6.11,2.26,Low
4,5,7.1,64,48,14,80,46.5,5,5,0,9,33,-2.1,-0.56,0.63,Low
6,6,7.0,74,40,95,81,51.5,2,6,0,20,65,3.04,-2.38,0.64,Moderate
4,0,7.7,62,62,127,48,55.1,3,5,2,14,123,2.23,1.92,0.85,Moderate
19,8,6.3,80,41,16,67,40.4,5,11,0,3,48,-2.24,-0.15,1.21,Moderate
5,4,5.0,77,24,142,117,51.6,7,3,0,6,21,2.52,-1.08,1.53,High
7,7,7.4,67,44,41,93,47.9,1,10,0,4,28,-0.41,-0.57,-1.0,Low
6,5,6.1,81,59,161,45,51.3,3,1,0,18,41,5.18,-0.22,1.59,Moderate
5,2,7.2,76,31,172,69,41.5,1,3,0,4,72,5.49,-3.69,-1.0,Low
2,2,6.6,83,22,80,90,51.1,3,21,0,7,85,1.23,0.94,3.04,Moderate
7,6,5.3,75,32,43,78,41.1,3,3,4,6,180,-1.56,-7.09,2.58,Moderate
11,8,8.1,80,39,107,173,45.0,1,10,1,1,110,3.58,-1.84,-0.76,Moderate
1,2,7.1,78,49,123,117,42.7,0,4,1,1,59,4.24,0.54,-0.45,Low
1,8,6.4,80,51,87,35,44.1,1,11,1,1,51,1.01,-0.38,0.1,Low
7,3,5.4,80,23,76,52,43.2,4,6,0,12,29,2.78,-1.6,1.55,Moderate
2,7,5.9,79,40,44,43,44.3,2,3,3,4,10,0.45,-0.24,1.78,Low
6,3,5.7,72,49,40,39,63.5,5,14,1,12,67,-0.26,5.66,3.59,High
10,1,7.5,82,46,16,46,47.3,2,12,1,8,43,-1.66,-1.47,-0.5,Low
4,3,8.3,83,27,117,103,46.7,8,6,0,0,90,2.86,-0.72,-0.57,Low
3,3,7.2,76,50,107,88,42.0,5,21,1,13,126,1.73,3.8,-0.52,Moderate
27,7,6.1,80,44,72,146,45.4,3,6,1,9,22,0.47,-2.9,1.3,High
2,15,6.6,75,32,40,34,52.6,3,7,1,6,44,0.31,3.12,-0.3,Moderate
13,21,7.1,75,51,74,87,49.0,2,11,1,20,82,2.08,0.4,1.61,High
14,9,7.2,82,28,27,27,45.5,3,13,0,2,82,-0.23,2.71,1.31,Moderate
13,10,6.9,60,57,41,122,50.6,4,2,0,2,118,0.31,-0.24,-0.45,Moderate
4,6,6.3,79,36,122,88,36.5,0,6,2,5,82,3.16,-4.13,-1.0,Low
9,5,7.9,77,44,9,12,41.2,4,6,1,6,70,-2.5,-1.77,-0.6,Low
4,10,7.2,74,64,24,53,45.8,0,13,1,4,21,-0.28,2.62,1.36,Moderate
5,8,6.5,72,37,65,49,41.6,3,13,2,11,176,1.49,3.76,-0.46,Moderate
7,12,4.7,65,49,66,146,64.3,4,5,2,8,46,-0.29,5.46,5.06,High
11,13,6.6,75,66,42,26,44.2,4,19,1,2,43,0.14,1.96,2.24,High
12,11,6.2,78,41,45,99,51.7,2,3,0,13,176,0.19,-6.15,0.88,Moderate
9,4,5.7,60,33,13,18,43.3,1,5,0,3,180,-1.37,1.49,0.8,Low
7,3,8.1,88,34,50,101,35.0,0,2,1,15,68,0.67,-5.09,-1.0,Moderate
10,2,6.3,67,64,97,68,50.7,2,3,0,6,25,2.1,-1.64,0.94,Low
4,4,6.0,71,65,90,19,42.7,2,4,2,8,85,2.85,-6.14,1.65,Moderate
7,8,7.9,81,37,50,149,49.6,3,9,2,3,93,-0.15,1.67,-1.0,Moderate
8,4,6.5,66,39,33,41,37.9,3,3,2,3,180,-0.14,-7.42,-0.33,Low
16,10,7.0,55,34,53,90,35.0,1,9,3,7,42,-0.04,-9.76,0.28,Moderate
4,0,6.5,75,58,60,57,54.6,2,4,2,11,52,0.34,1.95,1.26,Low
4,8,7.6,72,39,6,50,50.4,6,8,2,1,62,-1.34,0.2,-0.45,Low
5,4,4.9,76,49,33,14,62.9,4,10,0,3,81,-1.28,9.48,3.95,High
4,3,7.0,62,62,57,84,43.0,3,21,1,8,99,0.06,-3.91,1.33,Moderate
3,5,7.4,70,62,14,90,59.9,7,1,2,7,29,-2.41,5.65,-0.39,Moderate
13,10,6.9,62,66,78,117,41.8,6,12,1,8,88,2.05,-1.7,2.81,High
5,3,5.4,63,12,65,105,65.1,3,9,0,6,25,1.38,8.46,1.83,High
1,3,7.3,70,55,113,59,52.8,2,6,1,6,180,2.46,5.5,-0.81,Moderate
3,4,6.8,75,54,84,43,56.7,6,13,1,7,119,0.2,7.77,1.35,Moderate
2,2,8.2,77,38,38,88,35.0,2,7,1,18,12,-1.26,-3.65,-1.0,Low
12,3,7.9,59,63,36,55,46.6,2,12,0,4,42,-1.04,-0.94,-1.0,Low
1,3,7.2,82,42,49,78,48.8,3,13,0,3,16,-0.54,-2.6,0.32,Low
5,4,7.6,85,58,98,84,46.2,2,5,0,5,180,1.83,-7.36,-0.72,Moderate
19,2,5.3,67,36,22,121,43.6,0,9,0,20,95,-0.57,0.91,2.88,Moderate
9,3,8.2,73,51,90,29,48.5,5,6,0,12,91,1.22,-2.76,-0.45,Low
1,18,6.0,75,49,113,31,58.3,2,6,1,5,80,2.4,3.76,0.51,High
10,4,6.4,77,33,40,65,42.6,4,11,0,3,180,1.24,-1.87,2.18,Moderate
1,5,6.9,75,67,137,8,46.1,3,21,0,5,72,4.31,1.15,3.33,High
11,6,7.0,78,35,40,49,47.8,2,1,1,1,59,0.23,-3.54,0.6,Low
10,7,8.1,80,50,51,105,35.0,2,10,0,16,126,1.53,-4.16,-1.0,Moderate
10,5,7.3,86,44,163,86,47.5,2,2,0,18,23,5.51,-1.17,-0.23,High
13,13,6.8,85,23,27,7,43.9,5,6,1,10,34,1.1,-2.15,1.2,Moderate
6,4,6.8,80,39,27,120,54.0,1,1,1,2,112,-0.84,5.98,-1.0,Moderate
2,5,9.0,74,55,41,21,67.5,1,1,0,18,139,-0.46,6.85,-1.0,Moderate
5,8,5.9,75,54,42,14,55.5,3,15,2,6,28,-1.44,6.65,3.04,High
6,12,8.1,69,63,80,30,45.8,3,7,3,20,125,0.83,3.62,-0.32,Moderate
6,2,8.0,60,45,74,107,44.1,2,20,1,3,49,1.49,0.81,1.33,Low
16,3,4.7,68,58,21,14,46.0,4,7,0,4,42,-0.74,-2.84,3.32,Moderate
17,6,5.5,80,18,13,104,50.9,3,21,1,6,22,-0.41,3.9,4.49,High
5,6,8.2,69,45,157,148,35.0,1,8,0,10,46,4.79,-4.4,-1.0,Moderate
4,2,6.6,79,39,15,73,44.8,5,6,0,9,25,-1.67,-3.72,1.82,Low
6,1,7.8,66,39,58,18,42.9,5,8,0,15,86,0.63,-6.32,-0.63,Low
7,4,7.2,59,33,59,58,50.3,1,15,0,10,31,0.58,4.26,1.2,Moderate
4,3,5.0,74,29,23,41,43.1,4,12,1,4,71,-0.65,-2.25,2.73,Moderate
10,7,8.1,87,31,19,82,35.0,4,9,1,10,56,-0.7,-5.09,-0.05,Moderate
10,5,6.1,64,12,9,39,46.4,3,1,1,17,39,-0.54,-3.41,1.54,Moderate
17,4,5.2,89,59,57,31,53.9,1,4,2,10,85,0.88,3.44,1.83,High
10,3,5.8,86,39,73,15,50.9,3,6,2,12,68,2.0,0.82,1.53,Moderate
6,7,6.1,82,37,64,67,62.0,2,6,0,6,180,1.4,7.64,0.47,High
6,2,8.0,86,12,180,92,35.0,3,7,2,20,162,5.92,-6.09,-1.0,High
9,5,7.3,65,29,118,20,55.6,2,2,2,9,71,2.91,3.99,0.38,Moderate
1,3,6.2,71,42,83,85,54.8,3,4,0,6,25,1.12,1.59,1.7,Low
4,3,8.9,70,30,69,19,39.9,5,3,0,15,85,-0.9,-0.93,-1.0,Low
3,4,6.9,89,42,120,180,43.1,3,6,2,7,77,2.53,-7.45,0.31,Low
3,3,7.1,75,54,109,34,58.9,6,6,0,6,179,2.74,4.39,0.7,Moderate
5,0,7.2,74,35,87,57,59.4,1,6,0,14,78,1.31,5.73,2.57,Moderate
8,0,8.6,68,25,74,29,45.1,5,6,0,0,39,0.73,1.74,-1.0,Moderate
4,5,7.6,87,37,4,70,47.0,1,5,1,1,86,-0.98,-2.12,-1.0,Low
6,4,5.6,71,29,64,76,55.8,5,2,1,3,45,1.51,1.41,2.72,Moderate
6,3,7.4,75,37,55,64,41.1,5,7,0,4,1,0.25,-1.89,-0.13,Low
5,0,6.5,81,33,41,37,36.7,4,12,1,18,133,0.03,-6.54,1.37,Low
6,1,6.0,85,51,8,92,52.2,4,2,1,8,80,-2.5,0.12,0.11,Low
8,1,6.7,68,38,40,55,44.2,1,7,1,5,34,-0.21,0.47,-1.0,Low
3,10,7.6,74,51,50,41,42.0,4,3,0,13,51,0.16,-3.12,-0.75,Low
6,3,6.3,58,51,56,44,39.4,3,2,1,4,22,0.61,-3.27,0.03,Low
5,1,8.6,89,37,180,30,47.9,1,1,1,4,26,6.0,-0.85,-1.0,Moderate
6,4,5.9,67,64,60,59,43.1,5,16,0,8,61,0.61,-0.49,1.19,Moderate
11,8,5.9,80,29,56,25,50.0,3,4,1,18,37,0.41,-0.79,1.55,Moderate
5,0,6.0,68,52,19,7,60.3,2,7,1,10,26,-2.38,10.0,1.59,Moderate
4,2,6.7,80,39,39,58,42.1,4,7,1,2,151,-1.48,-2.88,0.02,Low
3,1,7.0,68,44,44,76,35.8,2,7,2,10,53,-0.17,-8.84,0.53,Low
6,7,6.9,65,40,99,26,43.2,3,7,1,20,58,1.36,-2.24,1.13,Moderate
4,9,5.9,77,47,12,127,49.1,3,11,3,2,51,-1.43,-0.25,2.66,Moderate
9,6,6.5,61,52,95,108,44.4,4,3,1,3,147,1.31,-3.8,1.76,Low
7,12,8.2,66,16,46,61,40.6,2,2,0,7,46,-0.57,-5.31,-1.0,Moderate
18,8,6.6,80,48,113,35,41.2,3,2,1,4,106,3.81,-1.94,-1.0,Moderate
3,8,6.2,73,23,49,63,54.4,4,10,0,13,75,0.94,8.4,1.61,High
10,8,7.9,58,56,33,101,54.9,2,1,2,2,113,0.41,-1.87,-0.44,Moderate
4,9,5.5,64,25,30,24,36.1,6,6,0,11,22,-0.84,-10.0,1.2,Low
1,6,6.3,68,34,180,13,58.6,3,16,1,8,63,5.45,7.04,4.33,High
20,3,7.6,79,34,69,87,50.9,2,6,0,4,100,1.94,3.72,0.82,High
8,6,7.9,89,31,46,99,50.1,1,2,1,2,46,0.76,3.14,-1.0,Moderate
7,7,8.5,73,41,39,85,46.8,5,7,0,4,52,-0.14,-2.62,-1.0,Low
2,9,6.4,79,55,48,43,57.8,1,9,1,9,3,-0.78,6.33,2.5,Moderate
5,9,7.1,70,41,78,165,56.1,6,16,0,8,87,0.6,9.17,1.0,High
13,3,6.6,73,68,117,180,41.6,6,12,0,2,134,1.21,-3.67,0.25,Moderate
4,2,7.6,77,64,17,90,55.1,2,0,1,17,48,-1.81,3.17,-1.0,Low
5,4,6.5,95,53,15,127,54.2,3,2,1,1,45,-2.3,-0.79,0.64,Moderate
11,10,5.4,93,64,23,109,48.7,7,3,2,6,170,-0.04,0.63,2.08,High
7,4,6.0,67,59,85,62,57.3,4,1,1,12,180,2.66,4.82,0.72,High
7,2,6.5,78,29,166,35,37.3,3,7,1,14,13,4.91,-2.68,1.05,Moderate
5,3,6.6,74,57,34,69,54.5,6,3,0,8,44,0.22,-0.89,-0.42,Low
4,14,7.3,79,48,180,73,55.5,3,2,0,4,68,5.9,2.41,-1.0,Moderate
7,3,6.8,87,50,18,98,45.9,1,14,2,5,17,-1.33,2.9,0.77,Low
6,4,6.5,80,44,56,50,62.3,3,4,1,20,8,1.24,8.58,1.98,High
10,13,6.0,83,44,162,97,49.3,4,7,1,17,68,5.29,2.98,2.0,High
7,10,6.1,88,35,26,51,35.0,7,15,3,2,61,0.46,-1.12,2.44,High
11,2,7.5,90,58,39,55,39.3,1,18,0,8,86,-0.44,5.88,1.33,High
5,7,6.7,72,29,122,72,46.6,3,8,0,3,84,3.63,0.04,-0.73,Moderate
3,6,6.9,66,43,20,36,46.7,3,6,1,6,47,-0.2,-1.4,1.89,Low
13,10,5.9,93,30,173,52,57.4,5,1,0,3,3,4.66,3.74,2.15,High
6,2,6.7,63,56,27,168,48.2,2,10,2,1,51,-1.6,0.77,0.7,Low
10,3,7.2,82,30,93,36,46.8,2,4,0,5,4,1.19,-3.22,-1.0,Low
5,1,7.2,61,58,82,180,50.1,4,18,1,3,114,1.84,4.82,0.32,High
4,2,6.9,68,52,29,25,54.6,2,6,1,9,62,-0.64,-2.03,0.99,Low
11,5,6.4,89,24,64,87,41.0,1,17,0,10,28,0.94,-1.17,2.46,Moderate
6,11,7.0,88,35,48,36,57.1,2,2,0,20,46,0.88,7.38,0.34,Moderate
7,16,7.8,70,14,70,30,62.8,1,11,0,6,82,1.17,7.85,1.16,High
18,2,6.8,76,58,44,56,43.0,3,7,1,6,43,-0.35,1.67,1.04,Moderate
19,8,6.9,75,34,56,58,59.5,5,0,0,4,26,1.93,1.66,1.5,High
14,2,7.2,67,49,120,104,49.6,5,15,0,8,25,3.3,1.93,1.63,High
14,4,5.9,68,38,52,91,51.5,6,5,1,4,28,1.1,-1.18,2.75,Moderate
1,0,7.4,74,46,31,51,43.9,7,4,1,19,142,0.16,-7.76,-0.41,Low
5,8,7.2,90,33,61,16,45.5,3,4,0,8,93,0.21,-0.45,-0.0,Low
6,4,7.1,64,37,54,93,61.6,8,7,2,12,5,1.14,8.5,1.84,High
3,0,6.4,74,58,18,35,44.8,3,12,1,6,56,-1.12,-1.24,1.06,Low
6,1,6.2,79,20,157,146,37.3,1,5,1,2,122,5.09,-5.52,0.98,Moderate
5,3,7.2,77,44,79,89,48.1,2,4,0,3,134,0.98,-2.0,-0.25,Low
3,16,7.6,63,50,60,89,39.3,5,0,1,10,98,0.45,-3.52,-1.0,Moderate
7,6,6.8,63,49,10,62,47.9,2,11,2,8,66,-0.77,2.06,-0.1,Low
1,13,6.0,60,42,24,61,61.3,3,17,1,14,99,-1.85,9.9,4.5,High
6,9,6.0,83,35,51,81,46.9,3,11,0,7,73,2.03,-0.62,3.3,Moderate
9,5,8.9,75,41,57,138,45.2,5,6,0,2,9,0.01,-1.95,-1.0,Low
1,7,7.1,68,52,180,37,35.0,3,10,1,9,43,5.69,-6.4,-0.78,Moderate
3,2,5.0,57,55,39,52,39.8,6,10,1,17,18,-0.11,0.86,3.27,Moderate
15,5,6.4,92,34,51,54,42.5,3,8,1,11,42,0.19,-1.72,1.04,Moderate
1,8,8.0,68,50,113,30,49.6,2,16,3,3,25,1.07,4.79,0.77,Moderate
7,6,6.5,72,39,58,43,47.6,4,17,1,16,9,1.65,-0.2,1.4,Moderate
6,3,6.7,71,18,16,89,48.6,1,2,2,2,62,-0.99,-3.66,-0.74,Low
11,11,6.2,80,51,37,51,54.7,1,10,1,20,104,0.43,-1.03,2.36,Moderate
7,5,7.4,74,12,84,56,36.4,3,3,0,3,34,1.82,-8.85,-0.89,Low
3,6,5.0,71,33,180,50,55.4,6,7,2,11,180,6.0,6.61,4.54,High
2,2,7.7,60,40,37,36,50.9,1,1,1,7,26,1.03,-1.99,-1.0,Low
10,8,5.6,57,50,64,179,44.7,4,1,0,4,49,1.83,-2.92,1.5,Moderate
7,18,7.4,84,29,29,91,35.0,3,12,1,10,44,-0.3,-5.86,0.04,Moderate
6,4,8.5,93,40,14,105,54.1,3,5,0,3,74,-0.32,6.29,-1.0,Moderate
8,9,7.3,63,50,31,158,42.5,3,13,1,4,36,-0.23,-3.14,1.08,Low
9,3,8.0,92,63,154,74,43.7,3,6,3,7,28,4.81,-0.04,-1.0,High
9,7,8.7,82,16,19,157,54.2,0,1,0,8,70,-1.11,2.08,-1.0,Moderate
5,2,7.2,84,28,53,20,41.6,2,7,0,11,22,-0.92,1.0,0.3,Low
5,3,8.4,77,51,39,25,60.6,7,4,0,15,15,-1.22,5.42,-1.0,Moderate
3,3,5.9,87,53,35,166,45.6,1,5,0,6,60,0.24,2.0,2.73,Low
5,5,7.6,62,32,91,55,57.0,5,13,2,7,175,2.58,2.51,1.51,High
9,10,6.4,78,44,29,66,46.6,2,18,2,4,19,0.72,4.77,2.22,Moderate
6,1,5.2,61,32,40,20,57.8,6,18,1,14,83,-0.2,7.22,6.05,High
8,8,7.2,83,44,60,53,46.2,1,2,0,6,45,1.53,-7.14,0.19,Low
4,2,5.7,73,62,92,180,44.7,3,4,0,9,53,1.35,0.77,0.37,Low
3,4,7.6,82,68,5,102,43.4,3,12,0,1,113,-0.78,-6.58,-0.31,Low
6,8,7.2,77,35,53,35,53.3,7,13,1,13,41,1.31,8.6,1.04,High
4,11,7.2,74,42,29,14,48.8,4,4,1,6,48,-2.01,-3.16,-0.61,Low
3,4,6.3,74,34,9,85,49.7,3,3,1,20,1,-0.67,-2.67,0.65,Moderate
3,5,9.0,66,53,124,110,43.0,5,16,2,7,49,3.58,1.12,-1.0,Moderate
1,7,7.1,74,43,51,66,48.9,3,11,1,15,116,-0.14,-0.78,0.57,Low
5,1,7.8,78,61,7,22,42.8,1,0,1,4,99,-1.9,-2.61,-0.99,Low
6,1,6.3,55,48,50,69,48.2,1,2,2,6,32,0.67,-1.47,0.92,Low
5,19,7.4,69,18,95,121,36.7,6,4,0,9,39,1.83,-5.6,-0.61,Moderate
4,3,5.6,67,71,32,99,53.6,4,3,1,12,100,-0.84,0.75,2.0,Moderate
3,9,7.0,82,45,155,92,46.5,2,20,3,19,50,6.0,1.46,1.58,High
8,2,6.3,79,47,39,15,44.9,3,17,1,5,37,-0.24,7.14,2.28,Moderate
6,5,8.0,65,47,137,50,51.2,4,17,1,3,52,2.92,2.29,-0.3,Moderate
10,7,8.2,72,55,42,64,45.8,2,2,2,5,88,-0.64,-2.26,-1.0,Moderate
3,1,7.2,63,30,46,40,50.8,2,14,1,4,130,-0.3,5.14,-0.31,Moderate
7,6,5.9,59,42,180,84,43.2,3,8,0,2,57,6.0,-4.42,1.13,Moderate
12,6,5.8,77,57,94,102,61.1,6,3,1,11,48,2.78,2.62,1.73,High
19,9,6.2,71,45,100,33,48.4,3,13,1,2,108,2.6,-2.09,1.26,Moderate
3,6,8.2,59,41,116,61,48.8,2,2,0,2,17,3.08,-3.18,-1.0,Moderate
2,4,5.1,71,59,90,11,50.9,2,7,0,8,45,1.42,2.06,2.49,Low
6,2,6.7,66,26,100,61,37.7,5,1,1,2,55,1.12,0.95,-1.0,Low
5,2,7.6,69,43,31,34,44.0,4,3,0,1,80,-1.72,-4.11,-1.0,Low
6,9,6.4,72,48,21,14,43.7,1,5,1,7,23,-0.72,0.37,0.58,Low
10,8,6.1,82,43,88,116,67.7,4,6,0,6,14,1.04,9.78,1.95,High
8,9,7.5,68,41,88,42,35.0,6,8,2,4,1,1.56,-8.16,-0.66,Moderate
4,0,7.2,57,62,25,50,66.0,2,7,1,3,38,-0.0,5.25,1.65,Moderate
7,14,7.0,83,58,53,68,39.7,1,1,1,5,50,-0.02,-3.07,-1.0,Low
4,8,6.7,57,31,58,84,42.9,3,9,0,6,80,0.41,0.84,-0.78,Low
7,1,5.8,73,39,58,51,48.6,2,4,0,10,59,-0.54,3.28,1.48,Low
3,5,6.2,77,53,52,15,46.9,7,9,0,3,17,-0.17,0.75,1.0,Low
6,3,8.4,92,47,24,50,58.6,6,12,0,4,54,-0.72,2.58,-0.15,Moderate
2,2,7.9,63,51,36,45,45.8,3,7,0,8,96,-1.22,-2.19,-0.45,Low
4,11,6.9,85,34,16,43,40.0,4,3,3,6,38,-1.59,-7.16,-0.2,Moderate
5,9,8.1,69,28,62,68,47.0,6,1,1,4,106,0.23,-0.59,-1.0,Low
8,14,7.2,69,36,71,52,42.0,3,10,0,4,67,0.94,1.34,0.98,Moderate
7,2,6.2,73,50,51,25,55.0,3,1,0,15,157,0.97,1.35,0.73,Moderate
7,7,6.2,69,50,98,42,45.6,1,3,0,16,15,1.42,0.23,1.62,Low
10,5,7.1,76,49,100,38,38.9,2,2,1,1,91,2.34,-6.38,-0.59,Moderate
5,3,6.8,83,52,36,46,38.0,4,21,1,7,73,-0.34,-2.71,2.56,Moderate
2,8,5.5,87,48,180,10,51.0,6,7,0,13,117,3.66,3.34,1.82,High
7,6,6.1,90,40,80,126,35.0,2,10,0,9,6,1.45,-2.01,1.12,Moderate
5,8,7.9,65,50,127,146,35.0,6,2,1,2,21,3.9,-7.0,-1.0,Low
7,2,7.7,86,49,9,41,39.2,4,5,1,8,34,-0.61,-4.56,-1.0,Low
2,4,6.2,76,60,62,74,37.8,2,10,1,6,14,0.97,-9.77,-0.02,Low
16,4,7.3,73,45,94,158,48.5,3,11,0,5,116,1.72,-1.36,0.7,High
4,4,6.2,76,12,40,172,60.4,5,11,0,11,48,0.98,7.48,1.77,High
12,3,8.5,77,23,66,38,67.2,7,7,0,7,31,1.75,8.06,0.96,High
5,3,7.5,63,38,7,96,41.5,1,5,1,11,84,-2.41,-6.03,0.11,Low
5,4,8.2,78,55,32,8,44.0,1,2,0,6,40,-0.44,1.18,-1.0,Low
20,11,7.6,77,38,49,78,41.2,5,1,2,6,35,-1.4,-5.72,-1.0,High
6,15,6.7,76,40,33,14,47.2,3,13,1,11,64,-0.73,-2.24,-0.21,Low
3,7,5.8,69,24,6,65,60.5,4,3,3,5,16,-1.89,8.23,1.36,High
3,4,7.9,56,27,112,53,54.0,5,2,2,5,177,1.58,1.01,-1.0,Moderate
3,9,5.5,70,43,24,47,49.8,3,11,0,2,91,-0.16,-3.32,2.39,Moderate
16,5,6.4,73,57,68,64,44.9,3,5,0,13,14,1.22,-2.52,0.36,Moderate
12,7,7.2,73,57,104,45,55.4,2,3,0,9,90,2.45,4.68,-0.85,High
6,2,6.2,74,51,39,67,60.2,4,4,0,17,8,0.51,7.77,1.47,Moderate
11,12,6.6,83,53,69,65,61.5,4,7,3,17,34,0.12,9.45,0.48,High
6,6,6.4,81,47,29,180,49.7,2,7,1,4,28,-0.59,3.24,1.19,Moderate
7,2,6.7,84,68,124,93,53.9,1,12,1,13,85,3.58,4.59,0.18,Moderate
15,3,6.4,74,23,175,89,47.4,1,1,2,14,64,5.76,-1.14,1.3,High
7,10,6.3,78,19,46,12,40.6,1,2,0,1,63,0.13,-6.22,-0.65,Low
1,7,7.1,80,49,24,18,54.5,5,11,1,4,44,-1.69,2.44,0.84,Low
6,5,6.8,67,28,89,32,60.6,0,12,1,2,67,1.01,5.7,1.79,High
6,3,6.2,69,77,25,164,35.0,3,14,0,2,79,-0.52,-2.99,2.09,Low
4,6,6.1,79,22,92,151,47.7,1,5,0,12,51,1.7,2.45,-0.3,Moderate
4,8,6.5,89,55,18,27,44.3,2,14,2,12,13,-1.49,-0.81,2.45,Moderate
2,1,5.5,89,64,108,92,50.0,2,4,0,3,112,2.77,-1.17,2.79,Moderate
7,11,6.7,80,33,21,32,47.1,3,5,3,12,51,0.14,-4.67,-0.43,Low
10,4,7.9,67,39,110,37,35.6,4,9,3,3,51,3.49,-2.05,-0.01,Moderate
7,8,5.6,68,40,34,65,64.8,2,1,0,2,50,-0.09,6.8,2.52,Moderate
8,10,7.5,60,39,42,39,39.8,3,17,1,9,63,1.12,1.05,-0.41,Moderate
15,7,7.1,73,18,67,38,42.7,3,14,0,15,180,0.59,-1.92,0.17,Moderate
13,2,7.1,65,51,77,119,47.6,2,2,0,8,84,1.33,0.13,-0.48,Moderate
4,5,6.3,90,70,73,62,46.6,3,1,1,9,180,0.32,-7.16,-0.4,Low
7,3,7.6,67,47,163,27,39.1,2,7,1,5,114,5.47,-4.86,-1.0,Low
4,11,6.6,70,42,109,13,46.2,5,5,0,5,127,3.01,-2.9,2.59,Moderate
11,4,8.6,76,36,108,84,53.9,6,7,0,17,126,2.17,-1.2,-1.0,Moderate
9,4,7.8,69,53,9,134,46.8,4,13,1,1,147,-1.44,2.08,-0.08,Low
4,4,8.3,66,42,50,73,47.7,5,13,2,9,44,-0.68,-1.39,-0.43,Low
4,1,6.4,81,45,39,82,37.3,3,10,1,8,7,0.45,-7.91,0.52,Low
4,7,7.6,78,35,134,83,40.4,3,2,0,4,112,5.3,-5.74,-1.0,Low
8,5,8.6,64,38,72,57,41.1,2,9,2,2,36,0.39,-3.17,-0.49,Low
4,19,6.6,71,42,127,72,41.2,4,7,2,4,25,2.95,-6.37,0.28,Moderate
7,4,6.2,84,55,75,53,62.9,0,2,2,11,79,-0.37,4.04,1.78,High
3,6,7.6,83,70,62,36,46.9,3,0,0,8,39,1.28,-2.22,-1.0,Low
2,1,7.5,55,40,36,62,53.5,1,3,1,19,82,-0.31,4.4,-1.0,Low
5,3,7.7,70,29,40,57,48.9,1,21,0,8,68,0.4,6.72,1.85,Moderate
13,4,8.1,70,42,40,48,43.9,1,14,0,5,70,-1.23,-0.03,1.06,Low
5,2,6.0,72,36,22,47,39.5,4,12,0,9,23,-1.46,-4.54,2.6,Low
6,8,6.7,77,26,51,81,45.3,2,7,0,3,74,0.72,0.98,0.27,Moderate
5,10,6.4,82,46,72,48,50.5,3,9,2,1,21,-0.19,1.47,0.8,Low
7,8,8.0,69,39,78,25,47.5,7,7,0,13,40,2.63,-0.97,-0.02,Low
4,2,7.8,69,19,82,111,58.8,2,21,0,15,20,2.25,4.5,1.79,High
9,2,5.7,75,72,59,24,62.9,6,4,1,1,114,0.39,2.47,2.37,High
5,12,7.0,76,56,12,134,61.1,1,5,1,2,33,-1.81,2.08,2.1,High
9,15,6.4,72,45,36,26,46.9,3,3,2,14,124,-0.03,3.02,-0.29,Moderate
15,1,6.1,69,45,21,56,56.5,1,12,1,6,35,-0.43,5.92,2.95,Moderate
18,4,6.5,70,37,2,20,52.3,9,12,1,3,57,-0.62,3.11,1.52,High
10,5,8.5,66,59,142,109,47.1,1,18,0,5,96,4.54,2.15,0.39,High
3,10,8.5,80,27,69,94,53.5,0,9,0,5,40,1.33,1.47,-1.0,Low
7,10,6.2,77,61,29,133,49.9,1,4,1,19,127,-1.71,2.48,0.68,Moderate
5,3,7.5,90,43,81,48,38.2,5,8,3,12,53,0.9,-3.29,-1.0,Low
12,1,7.1,72,50,103,180,49.4,3,2,2,15,68,2.56,-1.09,0.14,Moderate
4,13,5.7,83,55,78,98,64.6,1,5,1,4,63,1.72,9.24,3.45,High
7,3,6.8,89,54,4,103,42.3,1,13,1,19,37,-1.3,-0.42,1.19,Moderate
13,3,6.6,55,38,59,44,43.6,3,9,1,1,61,0.81,2.86,1.86,Moderate
13,9,5.9,70,36,102,121,37.9,1,13,0,20,32,3.73,-6.42,1.78,High
7,8,6.0,91,48,17,25,38.9,5,7,0,10,38,-1.02,-3.06,1.01,Moderate
6,4,6.4,91,39,71,35,69.1,3,5,3,8,29,1.93,9.12,3.08,High
2,2,8.2,78,22,36,63,36.2,1,6,1,3,64,-1.41,-2.04,-1.0,Low
14,5,7.2,65,36,97,20,49.2,8,4,0,3,35,3.04,3.13,-1.0,Moderate
6,6,6.7,63,44,180,142,57.0,0,9,2,7,180,6.0,4.4,0.66,High
7,5,6.5,85,50,156,117,50.7,4,4,0,5,19,4.35,4.47,1.46,Moderate
5,5,6.8,65,29,25,70,47.3,1,9,1,9,105,-1.43,-3.53,1.41,Moderate
3,3,6.8,72,36,150,55,55.8,3,2,1,15,90,3.61,4.42,-0.19,Moderate
1,2,6.9,80,32,18,43,60.6,4,2,0,10,159,-2.24,4.81,-0.39,Moderate
2,6,7.8,82,29,97,72,51.1,5,8,2,3,28,1.17,-2.7,0.76,Moderate
8,5,7.4,78,41,110,50,40.0,2,1,3,8,34,2.17,-4.12,-0.1,Low
7,9,6.5,90,62,42,37,38.9,4,6,1,9,72,-0.86,-4.56,0.73,Low
8,21,7.9,80,14,68,180,37.9,3,6,0,14,34,0.65,-6.18,-1.0,Moderate
4,4,6.9,68,48,38,92,49.2,3,12,1,14,95,-0.14,3.83,1.96,Moderate
4,6,6.3,66,47,10,51,42.0,3,4,3,8,22,0.27,-4.67,2.32,Low
6,4,6.7,76,36,41,105,52.2,4,3,2,5,66,-1.42,2.41,2.31,Moderate
3,7,5.9,67,57,18,27,53.9,4,19,0,10,14,-1.41,3.39,3.61,Moderate
4,11,5.9,63,44,139,85,48.2,3,4,0,4,92,3.37,-2.13,0.66,Moderate
17,13,7.0,86,27,94,38,52.9,1,1,0,11,59,0.89,3.07,0.87,High
5,4,5.7,63,20,32,139,55.6,4,7,0,1,22,0.34,1.53,1.89,High
5,3,7.0,86,38,32,22,43.4,2,1,0,7,83,0.04,-3.62,-0.92,Low
9,5,6.9,94,39,30,103,46.9,7,4,0,4,70,0.47,-1.94,-1.0,Moderate
18,3,6.0,74,27,16,28,40.8,3,4,0,13,21,-0.53,-1.46,1.73,Moderate
8,10,8.3,82,55,39,54,40.5,3,3,3,3,49,1.2,-6.76,-1.0,Moderate
6,7,5.4,89,40,180,27,35.0,3,13,1,8,131,6.0,-2.26,2.12,High
7,4,6.9,59,43,180,11,57.5,4,21,0,2,84,5.48,10.0,2.3,High
9,1,8.0,76,61,73,70,48.7,5,10,0,0,50,0.66,2.52,0.46,Moderate
20,5,7.2,86,69,25,62,35.0,1,6,3,2,103,-2.29,-7.8,-1.0,Moderate
9,11,6.3,83,54,62,19,45.9,7,5,1,10,108,-0.49,2.27,0.07,Moderate
11,2,6.0,79,72,13,84,54.2,3,11,3,12,56,-0.87,-0.18,3.31,Moderate
2,6,7.3,67,17,2,70,49.9,1,2,2,11,124,-1.31,3.65,-1.0,Moderate
2,11,8.8,66,54,75,78,46.6,5,8,2,7,101,0.7,2.62,-1.0,Moderate
6,4,6.5,78,41,34,107,55.9,5,6,1,20,24,0.34,2.92,1.43,Moderate
5,9,9.0,77,37,88,180,57.1,1,1,2,8,125,3.31,-0.39,-1.0,High
5,4,6.2,89,35,52,75,42.0,5,2,1,2,80,0.06,-6.11,1.37,Low
12,7,7.9,72,37,119,115,47.5,2,7,0,4,43,3.88,3.22,0.15,Moderate
3,1,7.2,73,53,46,86,39.0,4,14,1,3,57,1.36,-5.5,-0.16,Low
3,2,8.0,79,46,60,34,52.3,8,9,1,10,44,2.17,0.84,-0.83,Moderate
4,14,8.1,80,43,15,39,47.1,1,11,1,7,84,-0.94,-4.75,0.08,Moderate
4,1,6.7,73,42,108,83,54.3,1,7,0,3,41,3.05,-0.42,2.18,Moderate
2,4,8.5,57,55,58,43,50.0,2,9,0,2,180,0.77,1.22,-0.13,Low
4,8,7.0,79,58,15,49,53.3,2,7,0,13,36,-1.27,6.83,0.84,Moderate
2,5,6.1,75,44,87,65,49.7,3,14,0,10,117,1.61,1.97,2.35,Moderate
8,13,8.3,59,42,180,124,51.7,10,5,0,7,180,4.83,1.87,-1.0,High
15,7,6.2,70,31,43,19,37.7,2,4,1,20,88,-0.27,-5.93,-1.0,Moderate
8,5,6.5,76,35,166,35,48.8,6,4,2,10,54,6.0,0.83,1.92,High
7,9,6.7,55,44,13,50,58.2,5,3,2,4,39,-1.03,8.0,1.26,Moderate
12,8,7.1,68,58,78,50,35.0,3,15,2,20,94,0.92,-3.57,0.73,Low
3,8,5.7,81,40,90,34,35.0,3,2,1,5,63,1.78,-3.72,0.48,Low
2,6,6.4,76,62,92,55,42.2,4,2,0,20,56,2.48,-1.75,0.84,Low
7,9,6.1,86,50,85,26,46.9,3,4,2,4,79,1.37,-3.61,1.24,Moderate
6,16,6.9,60,39,80,31,35.0,0,2,1,2,42,1.18,-7.11,-0.97,Low
3,5,6.1,94,43,56,69,58.0,5,3,0,6,27,0.15,7.4,1.18,Moderate
12,4,7.1,76,26,59,98,42.3,4,3,0,3,71,0.22,-5.07,0.34,Low
15,3,8.2,84,27,180,34,39.2,1,7,1,17,138,6.0,0.93,-1.0,High
7,7,6.6,71,32,81,180,51.2,1,6,2,16,47,0.88,-0.31,1.29,Moderate
21,5,6.6,74,32,82,118,45.5,5,11,1,16,82,1.57,-2.94,1.55,High
16,5,5.7,85,16,120,63,49.8,2,7,1,2,108,2.58,-1.05,2.1,High
4,7,7.4,68,51,48,172,47.5,4,3,3,3,34,1.96,-6.17,-0.55,Low
8,3,9.0,71,36,129,19,40.1,5,2,1,8,155,3.4,-5.94,-1.0,Moderate
0,1,7.3,66,50,27,99,38.1,5,0,3,16,79,-2.11,-5.44,-1.0,Low
6,9,6.0,78,12,78,20,39.6,3,12,1,8,57,1.06,1.55,1.05,Moderate
4,7,7.7,68,46,48,20,40.0,2,3,1,3,60,0.51,-3.41,-0.58,Low
5,2,6.2,70,34,22,47,35.0,4,7,1,5,26,-2.07,-5.97,0.53,Low
5,1,5.6,72,36,161,147,50.3,3,17,0,3,180,4.69,3.4,3.52,High
8,7,8.8,81,61,51,50,59.8,4,7,2,2,152,-0.2,4.38,-1.0,High
6,9,8.0,86,60,44,8,36.1,2,8,0,19,30,-0.57,-8.92,-0.61,Low
6,5,6.5,77,58,166,22,41.3,4,16,1,13,73,5.01,-1.1,1.35,High
5,6,7.1,80,45,103,50,37.7,3,11,1,20,9,3.69,-7.2,1.67,Moderate
17,3,5.8,72,62,68,54,35.0,5,14,0,20,39,1.36,-0.54,1.92,High
8,3,7.4,65,52,98,51,43.4,3,2,1,16,82,1.49,-1.29,-0.06,Moderate
4,4,6.8,71,34,180,52,51.3,1,9,1,8,64,4.78,-1.63,0.13,Moderate
5,10,7.2,89,37,87,29,50.1,2,4,1,11,89,0.95,-2.35,2.03,Moderate
5,2,7.1,82,51,73,112,51.5,4,6,1,4,85,1.51,7.45,1.22,Moderate
10,9,7.2,63,37,16,13,48.1,3,17,1,6,120,-1.16,0.82,1.68,Moderate
6,3,6.0,77,56,73,9,51.8,0,8,0,5,49,2.11,-1.14,2.15,Low
6,2,7.1,80,42,22,75,44.4,5,21,1,3,94,0.11,1.09,2.58,Low
10,8,6.4,73,42,180,31,49.7,1,4,1,7,13,5.34,4.72,0.83,High
3,1,7.4,95,53,66,180,51.8,3,6,0,20,29,0.5,-1.96,0.43,Low
3,3,6.1,79,40,16,50,51.7,2,7,1,12,18,-0.83,3.22,1.67,Moderate
12,9,5.9,95,42,125,68,55.3,2,13,1,10,16,2.13,4.51,2.11,High
3,7,6.4,80,45,75,35,35.0,4,3,2,4,32,-0.35,-2.96,0.14,Low
3,7,7.1,73,72,36,36,43.9,3,10,0,7,44,-0.34,-3.71,0.26,Low
14,1,6.9,77,38,51,77,65.2,0,6,1,2,21,-0.52,7.13,0.0,Moderate
4,4,5.9,79,39,15,77,47.6,4,1,1,7,167,-1.62,0.82,0.73,Moderate
0,6,6.2,81,50,46,27,49.7,1,6,1,9,22,1.25,2.3,0.17,Low
5,2,5.3,71,68,39,31,48.5,1,2,0,6,24,1.22,2.29,2.21,Low
9,9,7.2,81,29,36,28,47.1,1,4,2,3,79,-0.67,0.35,-0.47,Moderate
4,9,7.1,95,41,54,83,48.5,3,4,1,5,11,-0.06,-2.09,-0.53,Low
6,4,5.2,65,52,4,50,37.6,6,6,0,8,62,-1.84,-7.7,1.17,Low
1,3,7.3,76,56,13,123,41.4,8,3,0,5,34,-2.5,0.46,-0.23,Low
3,4,5.6,64,42,43,147,35.4,5,6,1,9,75,-1.19,-3.51,0.84,Low
5,4,8.5,91,29,117,30,49.9,4,2,1,5,59,2.72,1.82,-1.0,Moderate
4,3,6.4,67,36,59,180,51.6,2,21,0,1,83,0.89,2.47,3.01,Moderate
4,10,5.2,83,45,121,118,44.3,4,2,1,4,83,3.74,-4.84,2.13,Moderate
13,1,7.8,91,52,29,9,66.0,0,2,0,1,68,-0.36,10.0,0.67,High
4,11,6.1,84,47,118,84,40.5,7,7,1,1,122,3.18,-1.26,0.35,Moderate
11,3,6.5,79,46,73,50,50.0,5,10,1,9,170,0.39,3.65,1.26,High
3,3,5.8,82,52,48,29,55.2,3,1,0,4,41,-0.79,-0.82,1.35,Low
3,7,7.8,75,48,38,38,45.1,5,2,0,1,56,-1.19,-6.71,-1.0,Low
14,13,6.4,63,31,77,84,58.7,4,6,0,2,13,2.86,3.54,1.97,High
7,7,7.0,70,61,22,33,58.3,3,5,0,5,12,-0.68,3.42,0.3,Moderate
10,12,6.5,68,42,95,33,44.0,2,6,1,10,34,2.8,1.45,0.17,Low
9,1,6.0,77,43,51,31,44.2,2,6,0,1,122,1.29,-6.48,0.14,Low
7,1,7.9,72,26,18,86,61.1,3,3,0,5,59,-1.45,7.05,-1.0,Moderate
6,1,6.7,67,48,45,59,41.4,0,9,0,16,4,-0.06,-1.27,-0.93,Low
2,7,7.6,67,63,73,27,46.3,4,5,0,2,39,1.49,-0.83,-1.0,Low
8,0,7.6,73,46,43,51,58.7,1,4,0,4,99,-0.43,-0.49,1.16,Low
4,6,6.4,61,43,32,96,46.4,2,2,0,2,98,-1.25,-7.26,0.06,Low
4,6,7.1,86,32,105,38,52.9,5,16,1,3,42,1.96,4.86,2.63,Moderate
11,2,6.2,82,24,49,180,52.0,4,4,1,17,180,-0.56,0.83,1.78,High
10,6,7.8,78,52,27,66,35.0,3,3,1,11,173,-0.08,-6.75,-1.0,Moderate
10,6,6.6,87,67,7,135,54.7,4,3,1,12,9,-2.01,1.67,1.73,High
2,5,6.5,55,50,142,66,39.5,1,3,1,12,16,5.52,-7.66,0.01,Low
2,3,5.7,75,39,43,18,35.0,1,8,1,4,33,-0.91,-2.85,2.09,Low
5,3,7.2,77,45,97,169,50.7,3,12,1,4,48,3.11,3.12,1.3,Moderate
13,8,6.6,55,47,32,51,35.0,2,8,0,8,27,-0.63,-9.2,-0.05,Low
6,16,6.2,67,56,86,35,40.1,1,2,1,8,30,1.02,-5.77,-1.0,Moderate
2,6,6.3,71,49,8,26,49.3,4,6,2,7,27,-1.95,-0.49,2.12,Low
6,4,7.6,75,57,40,53,43.9,1,7,1,16,146,0.3,-2.85,-1.0,Low
15,7,6.9,87,30,17,14,53.4,5,9,0,9,62,-1.22,7.14,1.02,High
3,10,8.3,78,48,109,43,47.8,5,2,0,13,23,2.43,0.44,-1.0,Moderate
4,2,5.9,67,31,45,32,49.3,4,3,0,5,94,0.21,2.99,1.74,Low
5,7,8.8,92,37,27,81,50.4,3,5,0,10,25,0.33,1.38,-1.0,Low
12,3,5.7,55,21,138,47,35.0,1,13,0,5,114,4.54,-1.85,2.64,High
9,7,7.0,69,49,61,22,58.2,6,16,0,5,31,0.04,7.67,1.36,Moderate
2,1,7.5,75,45,48,29,48.4,3,3,0,2,71,0.37,-0.24,0.23,Low
13,2,5.1,72,37,89,54,44.7,2,4,1,16,109,0.21,-1.57,1.84,Moderate
7,4,6.9,63,50,175,25,43.2,2,6,1,4,32,6.0,-2.0,1.24,Moderate
3,10,6.8,71,53,93,66,61.4,4,9,0,8,73,3.62,10.0,1.33,High
7,2,6.9,63,38,62,62,53.7,3,3,1,8,180,0.15,2.39,0.57,Low
6,12,6.8,95,40,75,80,50.0,4,7,0,7,46,1.24,-2.66,1.2,Moderate
3,21,7.4,67,43,47,67,44.5,0,13,4,20,47,-0.24,-0.36,0.73,Moderate
3,9,7.9,79,19,92,180,58.8,2,19,1,4,115,0.5,3.5,1.0,High
19,2,6.8,71,37,125,42,47.7,1,4,0,4,13,3.27,-0.14,-0.34,Moderate
2,4,7.7,67,49,51,150,49.5,2,8,0,4,45,1.47,-2.16,-0.79,Low
7,3,6.5,92,33,53,60,53.1,5,6,2,5,69,0.07,8.15,0.13,High
4,5,7.6,66,57,40,139,52.2,4,1,0,8,21,0.54,1.26,-1.0,Moderate
7,8,6.5,59,29,64,54,52.3,2,0,0,8,49,0.7,1.81,-1.0,Moderate
4,4,7.0,89,47,114,74,35.0,2,8,0,10,97,2.22,-8.93,0.28,Moderate
3,13,6.4,98,30,71,62,35.0,3,12,0,0,28,1.2,-5.21,1.15,Moderate
4,2,5.2,83,25,126,138,55.3,2,8,2,10,58,5.11,4.88,1.85,High
3,4,6.2,85,46,23,63,40.7,3,3,1,8,19,-2.02,0.48,0.24,Low
11,4,6.3,80,31,104,173,51.5,1,4,2,4,177,3.66,0.97,1.29,High
10,6,6.6,74,32,90,106,39.8,2,3,2,1,86,2.03,-4.53,0.3,Moderate
3,3,5.9,67,55,78,107,45.5,3,8,0,12,124,0.92,-0.43,2.53,Low
14,6,7.5,55,50,20,118,43.3,6,14,0,7,45,-0.83,-1.55,0.73,Moderate
8,8,7.0,56,30,122,79,59.6,3,1,0,6,12,1.71,7.15,0.58,High
8,3,6.6,80,41,113,12,35.0,3,3,3,2,32,2.84,-4.73,-1.0,Low
4,2,7.2,61,50,77,116,49.5,0,5,0,4,13,2.2,-2.19,-1.0,Low
3,4,4.8,63,41,36,86,52.4,8,6,0,15,100,0.46,-2.01,1.97,Moderate
6,13,7.3,70,33,52,113,54.1,3,8,0,0,70,0.1,4.33,-0.81,High
18,14,7.9,76,57,51,14,55.6,2,5,1,4,80,0.39,0.28,0.08,High
8,6,6.3,75,50,103,9,35.0,4,8,0,11,28,1.34,-7.48,-0.35,Low
3,3,6.9,68,55,31,93,35.0,3,3,0,8,49,0.91,-7.84,-1.0,Low
5,2,6.5,73,37,6,13,52.9,0,11,0,8,19,-1.77,3.97,1.94,Low
10,3,6.2,76,59,60,24,55.4,4,15,0,11,24,1.93,4.74,3.33,High
3,4,7.5,86,40,43,26,48.5,2,4,0,7,50,0.62,0.94,-1.0,Low
3,5,7.1,72,67,140,128,42.6,5,3,0,9,72,5.19,-5.65,0.15,Moderate
3,1,6.2,71,40,3,45,35.9,1,8,0,14,180,-1.89,-5.75,1.12,Low
6,12,8.5,78,33,180,56,41.7,3,3,1,14,44,6.0,-5.87,-1.0,Moderate
27,10,6.1,72,33,37,147,55.0,1,14,1,7,97,0.57,6.45,1.23,High
11,6,6.7,72,42,100,22,43.9,8,12,0,6,180,2.71,2.04,2.96,High
2,2,6.9,78,57,27,61,68.9,0,4,0,2,20,-1.27,10.0,1.09,Moderate
7,1,5.7,74,44,105,28,52.8,3,4,1,4,175,2.34,1.99,-0.21,Moderate
9,3,6.4,59,41,24,43,48.6,2,7,2,16,89,0.89,1.47,0.75,Low
5,3,6.8,79,55,77,49,49.8,3,0,1,9,53,2.37,1.77,1.5,Low
7,6,5.9,79,52,70,8,45.5,5,6,1,6,27,1.02,-4.11,1.79,Moderate
1,14,5.7,73,45,59,28,58.8,0,8,0,11,56,-1.6,5.29,0.9,Moderate
9,19,9.0,66,38,35,180,48.1,3,10,1,12,43,-0.65,-3.02,-0.24,Moderate
2,4,7.2,72,55,125,59,51.4,3,4,0,3,129,3.62,1.04,0.63,Moderate
6,4,5.4,78,27,96,7,40.9,5,4,0,1,111,3.19,-3.32,2.05,Low
2,5,6.3,81,58,18,59,45.5,2,9,1,3,42,-1.01,1.61,1.3,Low
6,8,6.2,66,58,36,28,51.0,6,1,1,9,122,1.33,1.09,-0.23,Moderate
10,2,6.9,70,63,53,85,50.5,2,6,3,4,64,1.56,-0.04,1.47,Moderate
7,9,7.6,84,37,106,54,54.3,4,9,3,7,155,2.41,4.69,0.07,High
2,8,5.7,74,35,75,27,58.7,1,11,0,11,34,1.15,7.51,3.51,High
3,2,7.3,71,41,109,23,41.4,2,6,2,6,39,2.13,-4.93,-0.66,Low
7,5,5.3,81,37,88,34,42.2,3,2,0,7,83,2.41,-3.72,0.69,Moderate
13,1,6.8,57,50,103,36,50.3,6,3,3,13,33,1.92,-1.3,0.86,Moderate
5,5,7.5,85,50,68,128,65.0,4,3,1,11,56,1.82,4.8,0.94,High
27,2,6.7,62,44,19,117,52.5,1,2,2,7,71,-0.93,2.84,0.62,High
10,3,6.0,69,66,31,87,35.0,4,1,1,6,80,-0.93,-4.19,-0.09,Low
8,5,6.0,70,49,23,50,52.2,2,4,2,2,24,0.44,4.38,1.89,Moderate
3,4,6.2,73,29,23,162,47.7,7,6,1,18,12,0.2,-2.38,1.46,Low
1,1,6.5,71,47,19,48,42.6,2,6,0,9,34,-0.32,-2.37,2.05,Low
17,1,7.6,85,40,92,102,35.3,4,5,0,2,102,2.97,-7.63,-1.0,Moderate
6,1,6.4,87,24,6,71,43.2,4,6,1,10,16,-1.58,-1.09,0.75,Low
14,10,5.3,69,32,71,53,57.1,2,12,1,6,111,0.7,2.31,4.68,High
7,10,6.6,68,43,120,94,42.6,5,6,0,4,71,2.51,-2.9,0.07,Moderate
1,7,6.7,55,39,86,32,42.3,5,11,0,15,97,0.44,2.02,0.29,Low
2,7,7.5,80,54,46,106,50.0,3,8,1,2,180,0.45,-4.33,-0.13,Low
8,4,7.2,68,58,14,159,50.7,2,21,0,16,43,-2.5,0.65,2.54,Moderate
3,3,6.5,72,55,65,106,48.7,2,7,1,13,34,1.41,1.92,0.02,Low
11,3,5.6,63,63,180,112,38.2,3,7,1,4,79,5.42,-5.08,1.83,High
5,9,6.5,72,35,31,71,55.1,4,2,0,1,61,-0.13,3.51,-0.45,Moderate
3,13,6.1,96,28,154,68,49.8,3,6,1,4,23,5.67,0.11,0.48,High
9,5,6.2,63,24,123,83,69.4,1,10,0,5,27,2.06,10.0,3.1,High
3,10,6.2,67,32,33,4,35.0,1,9,1,2,60,-0.26,-4.97,1.72,Low
5,3,6.5,65,52,34,16,41.9,4,15,1,8,175,-1.18,-1.49,2.37,Low
17,1,6.4,94,32,25,21,38.1,1,4,1,2,104,-1.75,-7.29,0.81,Moderate
1,2,8.1,68,57,157,114,40.9,3,5,2,14,87,3.22,-0.38,-1.0,Low
9,4,6.4,66,59,35,55,45.5,3,2,0,7,143,-0.04,-1.19,0.47,Low
9,4,6.4,74,43,24,68,44.8,5,14,0,5,131,-2.3,0.2,1.97,Moderate
12,9,8.1,61,38,54,180,56.1,2,9,0,10,100,0.51,4.23,-0.53,High
2,4,5.8,68,64,11,117,45.8,5,6,0,3,113,-1.46,-4.74,1.87,Low
16,3,6.2,66,36,138,63,41.8,4,3,0,10,50,3.84,-5.02,2.45,High
7,14,7.8,76,26,119,89,55.7,4,5,0,11,16,1.93,0.09,-0.71,High
8,11,6.6,66,32,56,39,40.2,3,6,1,6,150,0.77,-0.36,-0.54,Moderate
6,5,6.3,76,37,132,15,51.1,5,4,2,3,147,4.67,-1.55,2.09,Moderate
2,7,6.2,69,31,32,95,58.4,3,3,2,4,17,-1.05,1.63,2.39,Moderate
5,4,6.2,68,47,94,10,47.0,4,4,1,16,96,1.64,-1.25,2.44,Low
2,15,6.0,71,43,81,108,50.2,3,3,1,5,28,2.21,-2.48,0.62,Moderate
1,4,6.1,61,37,107,22,57.0,2,7,0,19,67,1.17,3.06,3.86,High
8,12,7.2,65,50,180,72,37.5,2,9,3,6,4,5.22,-2.87,0.15,Moderate
3,10,8.3,80,45,123,18,47.8,3,2,0,11,47,4.3,0.18,0.44,Moderate
2,12,6.1,85,47,151,27,55.7,1,2,1,1,107,4.3,0.47,1.76,High
9,8,7.1,69,38,86,73,43.0,3,5,2,7,103,2.27,-4.18,0.55,Moderate
3,6,6.7,67,39,54,64,56.5,5,8,0,15,74,0.23,1.63,1.73,Low
17,4,7.8,87,41,36,117,58.2,2,2,2,4,51,-0.19,1.65,-0.22,Moderate
3,3,7.2,89,57,179,34,57.5,5,5,1,3,140,5.82,2.63,0.57,High
6,1,7.1,70,45,31,38,44.1,3,1,3,0,131,-1.19,-3.61,0.54,Low
7,3,6.2,77,44,84,180,44.0,4,10,1,5,61,0.46,-2.48,1.3,Low
3,10,8.0,78,49,89,109,53.1,4,8,1,6,59,2.4,-0.98,-1.0,Low
3,3,5.0,70,54,107,79,50.7,3,8,1,17,34,1.58,3.23,2.35,Moderate
2,4,7.3,66,35,49,172,45.5,2,4,1,14,25,0.65,1.05,-0.33,Low
14,21,5.8,91,50,13,48,54.9,0,1,2,14,33,-1.78,1.24,0.08,High
5,7,6.1,66,51,88,96,53.8,2,11,4,5,39,1.74,4.0,2.55,Moderate
10,3,6.5,72,48,17,22,46.5,1,3,2,3,70,-2.5,-2.98,0.14,Low
4,8,7.6,85,45,39,138,40.5,2,12,1,1,67,-0.08,-1.45,0.52,Low
4,3,6.0,82,32,76,117,48.7,4,13,1,1,49,1.23,-3.89,2.71,Moderate
6,4,7.4,78,45,101,143,55.9,5,6,0,13,37,2.01,3.73,1.14,Moderate
4,7,5.8,85,29,180,19,56.6,5,7,0,11,53,4.82,4.48,1.67,High
12,3,6.2,74,44,11,35,55.7,1,6,0,7,24,0.17,3.25,3.11,Moderate
5,4,8.0,80,50,155,43,56.9,2,15,0,3,6,5.32,5.34,0.77,High
3,7,6.2,66,38,67,60,49.9,3,0,1,3,111,1.92,3.22,0.32,Moderate
14,3,6.4,67,34,17,123,38.2,5,3,1,15,13,-1.32,-2.47,1.02,Low
3,2,6.0,81,51,18,12,39.7,7,14,1,5,94,-1.79,2.53,3.22,Moderate
5,4,7.1,68,20,12,60,47.4,2,7,1,4,87,-1.64,-3.51,0.47,Low
15,14,8.3,75,37,35,88,47.6,2,3,2,7,86,-1.14,-0.63,-0.95,High
2,2,5.7,68,43,83,77,48.7,2,4,0,11,13,1.34,-2.84,1.46,Low
7,7,6.3,69,33,79,123,48.7,3,2,1,10,59,0.85,-0.09,-0.54,Moderate
5,2,7.5,78,53,57,69,52.7,2,10,0,20,36,1.53,2.94,-0.32,Moderate
11,7,8.0,87,51,49,49,62.9,3,4,2,2,119,0.52,7.24,-1.0,High
7,3,6.5,73,39,23,42,48.7,1,2,2,6,34,-0.04,0.95,1.76,Low
4,1,7.3,62,53,54,163,40.8,5,8,1,3,85,1.84,3.18,-0.12,Low
1,8,5.8,73,54,120,76,42.7,2,1,2,1,43,4.03,-0.26,0.36,Low
17,7,6.9,72,39,36,32,48.3,5,10,0,17,18,-1.56,0.92,-0.34,Moderate
8,8,6.6,70,29,22,88,49.0,3,5,0,3,35,-0.04,-1.49,-0.24,Low
8,8,7.1,64,37,29,97,35.7,5,8,1,18,53,-1.9,-6.54,-0.69,Moderate
11,7,7.4,89,28,108,165,37.1,2,3,2,4,34,2.17,-3.66,-0.11,High
5,7,7.3,81,38,64,39,54.4,3,4,3,15,70,1.03,2.14,0.89,High
1,3,7.3,83,50,109,13,48.6,2,1,1,12,75,1.44,0.27,0.17,Low
7,8,7.6,83,35,89,119,46.6,3,5,1,9,103,2.11,5.49,-1.0,Moderate
6,4,9.0,84,51,110,83,43.8,2,13,1,12,72,3.01,3.76,-0.93,Moderate
3,3,7.0,84,41,97,39,49.2,1,13,1,3,55,0.56,-2.05,1.36,Low
12,4,6.4,66,29,54,37,55.2,7,3,0,3,24,0.29,3.82,-0.18,Moderate
6,2,7.1,81,29,24,36,46.7,6,10,1,4,72,-2.5,0.1,1.38,Low
1,2,7.7,68,61,63,52,38.0,1,8,2,2,138,1.99,-2.65,-0.49,Low
10,13,5.2,64,55,34,140,35.0,6,6,2,18,153,-0.01,-0.84,2.32,High
4,4,6.0,55,59,97,121,48.4,1,10,1,10,39,2.2,0.66,1.77,Low
8,8,6.8,92,45,63,167,47.6,4,6,1,6,35,0.69,2.9,1.25,High
8,6,8.0,73,28,52,24,38.0,3,7,4,2,55,0.44,-2.67,-1.0,Moderate
2,5,5.5,85,67,180,147,41.9,2,3,2,11,32,4.72,-6.16,3.27,Moderate
3,2,7.8,83,43,59,90,53.6,2,6,1,12,34,0.98,1.29,0.28,Low
9,7,6.3,97,59,27,93,40.5,1,2,0,5,56,0.79,-4.6,0.42,Moderate
6,3,6.7,83,37,86,99,40.4,5,8,1,5,51,1.1,-7.09,1.38,Low
4,15,5.9,70,56,121,47,46.6,8,7,1,14,128,4.07,-1.4,2.68,High
5,9,8.6,71,47,144,83,51.4,3,2,1,8,176,2.54,-1.71,-1.0,High
14,4,8.1,92,39,14,30,45.3,3,3,0,3,180,0.07,-4.73,-1.0,Moderate
14,3,5.5,81,18,40,64,55.8,0,2,1,3,68,0.13,1.76,1.5,High
7,5,6.2,71,40,105,39,42.1,5,1,1,4,176,0.72,-4.02,0.93,Low
3,3,6.3,85,36,63,55,44.4,6,10,1,4,19,-0.49,-3.72,0.57,Low
4,4,6.5,73,38,68,23,44.5,4,4,2,13,42,0.77,-6.5,1.25,Low
11,3,7.5,61,58,33,73,47.8,5,1,0,6,81,0.17,1.41,-1.0,Low
5,4,7.3,80,57,63,10,58.6,6,6,2,16,61,0.39,8.24,-0.18,High
3,8,4.7,60,50,29,50,62.2,2,4,0,2,9,-0.34,8.1,4.14,High
7,4,7.6,82,43,44,54,54.5,4,4,2,18,25,0.86,2.35,0.68,Moderate
11,10,8.2,73,50,125,21,41.6,1,2,1,10,55,2.46,-0.15,-1.0,Moderate
10,7,6.0,82,46,143,107,51.9,4,10,2,4,34,3.64,2.92,0.9,High
7,10,5.9,68,40,47,16,52.3,3,0,0,11,67,0.08,2.44,1.69,Moderate
3,1,6.4,93,37,62,10,36.2,3,5,4,7,13,1.55,-5.64,1.35,Low
2,1,7.6,84,46,34,167,39.5,2,7,0,2,175,0.5,1.0,-0.92,Low
8,1,7.7,90,41,27,17,61.6,4,4,2,14,32,-0.14,5.16,-0.23,High
10,7,7.1,65,40,60,52,39.6,5,5,1,4,14,0.7,-2.11,0.42,Low
5,8,6.5,60,42,77,85,52.4,6,10,1,3,18,0.61,4.1,2.55,Moderate
13,13,6.7,64,43,24,31,37.8,3,3,1,1,35,-1.1,-3.14,-1.0,Low
5,2,7.5,63,52,120,6,54.8,2,8,0,13,180,1.77,3.85,0.35,Moderate
24,6,5.1,71,40,126,48,48.5,4,15,0,4,86,3.46,2.68,4.1,High
9,4,7.1,70,67,168,12,47.0,3,7,0,5,180,5.24,-1.16,0.53,Moderate
5,2,7.4,67,34,49,169,57.3,3,3,1,7,12,0.8,2.95,-0.69,Low
3,1,6.9,63,29,97,30,53.2,1,6,1,7,119,1.87,0.08,2.08,Low
6,6,5.7,85,12,93,89,43.6,4,12,2,11,53,2.32,2.95,1.88,High
6,7,6.5,86,46,22,14,41.4,2,3,0,13,71,-0.73,-8.67,1.17,Low
12,9,8.1,74,50,4,66,48.3,0,11,2,4,18,-1.55,1.14,-0.28,Moderate
4,4,5.9,83,50,53,20,39.2,2,12,0,15,15,1.06,-4.81,0.85,Low
5,15,6.5,69,30,88,22,52.0,3,6,0,8,31,1.69,1.7,0.7,Moderate
3,6,7.0,86,27,95,29,44.0,6,12,0,10,91,0.39,1.04,2.13,Moderate
6,6,8.6,83,54,26,180,51.3,4,3,0,20,13,-1.43,-1.36,-1.0,Low
12,3,7.0,79,43,140,72,44.3,2,11,2,5,96,3.21,-1.04,1.02,Moderate
11,3,5.3,76,42,38,95,41.8,4,14,2,2,69,-1.33,1.04,2.38,Moderate
13,1,7.8,65,39,49,29,49.7,3,7,2,8,95,0.67,-1.79,-0.27,Low
6,5,7.9,72,31,67,21,51.1,2,17,0,2,63,0.18,1.16,0.92,Moderate
11,10,7.9,81,30,76,18,49.8,3,7,2,8,41,1.5,-0.8,-1.0,Moderate
4,12,7.2,88,49,45,34,44.3,3,1,0,2,78,-0.16,-4.65,-1.0,Low
18,4,6.3,75,36,161,89,50.5,2,3,0,6,38,5.12,0.22,2.14,High
5,8,6.2,85,42,86,146,49.2,5,12,0,9,22,1.07,3.31,3.12,Moderate
4,19,6.2,74,38,27,63,37.1,0,5,0,3,47,0.35,-7.77,0.62,Low
7,6,7.5,83,12,27,46,56.7,2,7,0,7,5,-1.06,2.59,1.27,Moderate
5,3,6.7,73,26,1,29,44.4,3,5,0,6,93,-1.14,-3.47,-0.28,Low
3,5,6.1,72,38,51,43,51.7,5,2,1,11,14,-0.47,0.77,0.42,Low
5,20,6.3,61,76,49,43,51.9,4,2,0,7,29,1.0,0.53,1.1,Moderate
15,2,6.2,75,38,14,60,51.8,4,6,1,3,29,-1.64,2.31,2.19,Moderate
7,5,7.9,81,53,156,28,43.8,1,5,1,5,115,5.23,-1.75,-1.0,Moderate
5,0,5.0,77,63,180,111,42.6,3,10,2,15,59,5.23,-9.43,2.96,Moderate
9,8,6.7,65,55,84,23,52.0,4,1,1,9,39,2.24,0.62,-0.25,Moderate
3,14,6.2,86,27,74,59,46.3,2,4,1,13,121,0.52,-2.2,0.91,Moderate
4,2,8.1,77,42,59,63,53.6,5,13,0,1,14,1.54,0.67,0.06,Moderate
11,6,6.7,90,52,15,53,37.4,4,3,0,9,29,-0.99,-3.99,0.49,Moderate
9,2,6.5,73,26,62,18,42.6,1,2,0,12,15,-0.24,-2.48,-1.0,Low
6,21,6.4,81,55,54,97,52.3,4,18,0,5,67,-0.36,2.5,4.06,High
9,2,6.3,74,56,74,160,35.0,1,17,0,19,39,1.14,-5.21,1.79,Moderate
4,7,7.9,69,36,10,38,40.7,4,6,2,4,78,-0.94,-2.06,-0.94,Low
7,7,6.8,70,73,33,21,59.6,4,1,1,18,42,-0.05,2.82,-1.0,Moderate
7,3,7.0,79,35,42,67,55.1,5,12,1,0,55,0.89,2.36,2.95,Moderate
19,8,7.5,75,31,30,180,42.5,5,12,0,7,52,0.07,3.18,0.36,High
5,3,6.7,76,38,96,42,49.3,2,14,0,13,13,0.1,1.82,0.77,Low
7,3,7.1,67,53,101,29,53.8,3,6,0,20,59,1.54,-0.1,-0.25,Moderate
11,16,7.0,82,47,33,160,49.4,3,5,1,2,180,-1.72,-1.42,0.2,Moderate
3,2,6.7,81,46,75,128,52.2,3,11,2,5,36,1.22,2.21,1.67,Moderate
6,5,7.0,73,61,11,77,46.3,9,1,0,3,9,-0.44,-2.17,-0.95,Low
12,14,7.4,79,42,53,41,48.8,1,9,2,6,56,1.32,-0.56,0.3,Moderate
3,5,6.8,73,21,69,81,45.2,3,5,0,8,57,0.59,-4.96,1.45,Moderate
16,7,6.7,76,51,59,63,50.1,6,21,0,4,76,1.22,3.08,3.24,High
5,8,5.9,76,58,81,79,65.5,3,10,1,1,58,2.36,10.0,3.87,High
3,7,6.6,78,44,26,27,55.1,6,2,2,4,133,-2.1,3.63,0.28,Low
9,3,5.3,76,30,91,110,44.3,1,3,1,15,116,1.69,0.13,2.04,Moderate
9,4,6.5,79,53,87,63,40.0,4,6,0,6,45,1.93,-4.21,1.0,Low
6,4,7.6,81,30,9,35,54.0,2,11,2,18,153,-0.29,3.85,1.35,High
1,6,7.1,80,41,80,103,60.9,4,6,1,9,27,0.93,6.19,1.56,Moderate
2,6,6.6,73,35,18,34,37.0,1,3,1,1,38,-1.22,-7.55,-0.21,Low
2,7,5.7,79,42,48,28,50.1,4,12,1,6,68,-0.38,3.09,3.78,Moderate
11,2,6.4,55,42,179,15,58.6,4,9,0,17,46,6.0,3.41,2.12,High
7,6,6.7,62,51,74,47,35.0,1,6,1,4,41,0.0,-3.42,-0.05,Low
4,20,8.1,83,53,43,73,47.8,5,7,1,8,77,-0.71,1.14,0.36,Moderate
16,6,5.1,73,37,126,84,35.0,2,1,1,20,53,5.18,-8.42,1.27,High
11,4,5.7,77,60,95,76,63.1,2,16,0,13,90,2.29,10.0,4.9,High
4,3,6.2,64,64,55,100,42.2,2,9,0,4,102,0.52,-4.59,1.5,Moderate
7,7,5.8,93,56,29,62,44.3,3,12,1,9,43,-1.09,-4.68,2.44,Moderate
6,15,6.0,76,36,69,62,69.1,4,10,2,2,35,-0.65,10.0,3.75,High
3,7,6.6,81,34,53,97,56.0,2,3,1,2,92,0.16,0.13,1.68,Moderate
10,14,7.3,82,49,125,131,54.9,7,14,1,1,180,2.02,4.81,2.37,High
2,9,6.0,76,40,132,77,38.1,2,1,0,5,99,3.7,-2.72,-0.35,Moderate
2,2,5.8,76,32,94,20,56.8,1,7,2,7,4,2.16,4.55,3.18,Moderate
0,3,6.0,67,46,62,50,48.8,2,1,2,6,76,1.26,-3.14,0.65,Low
22,4,6.9,77,34,167,154,47.4,3,3,1,12,14,4.41,-0.19,0.46,High
2,7,7.8,81,47,22,46,45.5,3,10,0,14,13,-1.95,-0.09,-1.0,Low
2,4,4.9,73,70,49,130,54.4,3,18,1,3,70,0.34,4.29,4.74,High
15,7,7.1,65,44,90,104,45.4,3,5,0,3,180,1.82,-2.17,0.11,High
4,3,6.6,78,57,17,16,43.7,0,2,0,6,65,-0.44,0.03,-0.85,Low
3,12,6.7,69,29,73,55,45.3,4,4,1,2,66,1.95,-0.33,-0.08,Low
5,8,6.9,77,49,106,93,68.7,5,4,2,5,84,2.95,9.68,1.04,High
9,4,7.4,78,44,7,113,48.3,3,2,2,6,74,-0.1,2.18,-0.09,Moderate
3,2,6.0,80,42,50,69,39.9,2,6,0,4,85,-0.22,-2.68,2.47,Low
11,6,5.8,71,27,10,35,39.1,3,6,0,5,114,-0.23,-2.6,0.28,Moderate
8,4,8.1,83,49,42,75,36.4,3,2,1,20,52,0.99,-2.12,-1.0,Moderate
7,2,5.3,79,48,23,74,36.3,2,9,1,3,107,-2.13,-5.7,1.11,Low
5,2,6.9,69,53,97,111,44.5,4,8,2,6,59,3.27,-3.37,-0.2,Low
3,3,4.7,63,36,51,52,48.5,2,2,1,20,67,-0.23,1.56,2.29,Moderate
3,11,6.2,82,39,28,28,55.6,2,2,2,5,5,-0.47,-1.86,1.23,Moderate
7,2,7.8,88,48,68,82,53.8,3,11,1,7,88,1.23,3.51,0.45,High
5,9,6.0,66,34,78,35,52.2,0,3,0,8,132,1.82,0.74,2.51,Moderate
4,9,7.0,73,40,85,68,46.3,4,4,0,5,98,1.16,1.41,0.39,Low
18,3,5.0,80,36,74,75,53.7,2,9,0,5,50,0.54,0.52,3.46,High
5,17,7.4,62,36,107,68,53.5,5,3,3,20,110,1.99,1.81,-1.0,High
11,7,7.3,75,42,101,84,48.9,4,3,1,4,16,3.18,-1.1,-0.22,Moderate
8,8,7.0,75,63,117,33,47.8,3,4,0,9,76,1.99,0.57,0.59,Low
3,18,7.7,75,48,88,43,57.6,5,2,0,14,31,1.26,3.48,0.1,High
6,1,6.5,87,46,46,38,48.4,4,6,0,3,49,-0.56,0.87,1.22,Low
13,1,5.3,95,61,41,34,36.8,4,8,0,20,60,0.01,-1.66,2.15,Moderate
5,4,5.9,69,69,14,38,35.6,3,2,0,3,40,-1.81,-4.08,-0.01,Low
24,1,6.8,67,36,80,8,56.0,1,9,0,5,33,1.0,5.47,1.49,High
2,3,5.4,63,40,15,41,64.0,4,13,0,10,36,-1.35,4.75,2.72,Moderate
3,6,6.7,83,34,76,146,35.1,3,21,1,4,38,1.86,0.49,2.86,Moderate
5,3,7.3,75,44,38,56,43.7,3,2,0,9,133,0.25,-2.08,-1.0,Low
10,2,6.4,71,21,45,138,54.9,1,18,0,0,16,-0.61,6.08,2.36,High
6,3,6.5,74,44,83,24,63.9,3,5,0,17,11,1.52,6.01,1.44,High
3,5,6.1,92,44,113,86,47.2,1,2,2,5,41,2.39,-4.27,0.88,Low
7,5,8.0,57,46,40,76,43.1,1,1,1,8,125,0.3,-0.53,0.31,Low
8,5,7.3,61,60,58,70,51.6,2,2,1,6,53,1.44,-1.56,-0.61,Low
16,3,7.9,67,33,7,129,48.1,8,9,0,2,153,-0.92,-2.32,0.6,Moderate
4,11,6.8,64,65,18,18,54.0,3,18,0,10,11,-0.9,3.46,3.99,Moderate
7,4,6.1,65,32,62,25,61.3,2,11,0,10,38,1.34,5.07,3.9,High
7,3,7.0,66,55,90,107,47.4,3,5,0,13,66,1.88,3.06,-1.0,Moderate
14,3,7.3,84,70,94,29,53.8,5,2,0,3,166,2.45,-1.83,-0.05,Moderate
18,2,4.6,79,41,161,135,50.2,1,12,0,14,58,4.31,4.86,5.11,High
10,2,8.1,77,37,11,109,49.6,3,21,0,14,127,-1.9,5.46,0.67,High
2,6,7.5,70,43,80,136,56.5,3,4,0,7,12,1.53,0.58,-1.0,Low
4,6,7.8,71,19,9,59,35.0,1,9,1,3,63,-0.91,-5.57,-1.0,Low
4,4,6.5,74,37,33,127,49.8,3,8,1,6,10,-0.87,1.7,2.32,Low
9,3,6.9,92,53,14,40,48.2,6,21,1,15,33,-0.73,-0.04,2.23,Moderate
5,6,6.7,84,34,131,39,52.0,6,3,1,13,94,4.7,-0.56,0.32,High
4,1,4.8,71,30,55,69,39.3,3,8,2,6,73,0.14,-7.02,2.43,Moderate
7,2,6.4,80,35,65,53,61.6,2,11,0,11,50,-0.19,7.32,3.43,High
6,2,6.8,78,34,72,38,51.0,3,4,2,4,35,1.56,0.35,0.82,Moderate
4,2,7.5,87,38,37,50,49.2,4,9,0,3,118,-0.44,-0.08,-0.54,Low
8,10,6.8,61,38,54,29,42.1,3,9,0,2,89,-0.08,-5.12,1.03,Low
6,1,5.7,88,65,44,140,59.8,3,16,1,4,180,0.2,4.85,4.87,High
6,4,7.0,80,40,39,98,36.7,2,12,0,1,21,-1.37,-2.88,0.43,Low
10,10,6.2,75,62,180,38,42.5,6,11,1,3,56,6.0,-1.85,0.57,Moderate
4,4,6.3,86,44,28,18,50.3,5,9,0,5,113,-0.73,4.71,2.8,Moderate
11,1,5.1,72,51,50,62,48.8,1,14,0,0,138,-0.93,5.57,3.63,Moderate
7,2,8.9,63,47,17,11,49.3,1,7,0,8,106,-1.3,1.32,-1.0,Low
12,13,7.5,73,47,101,35,44.7,4,8,1,18,50,2.59,-4.08,0.13,High
9,7,7.6,78,34,153,80,52.1,1,9,0,9,72,5.24,2.12,2.12,High
2,8,7.0,78,25,21,39,54.3,4,9,1,8,115,-2.5,3.6,0.55,Moderate
3,6,6.8,66,40,26,60,39.6,3,1,2,4,94,-0.37,-4.1,0.83,Low
8,9,6.1,67,37,134,70,54.3,3,15,0,12,68,3.88,5.15,1.31,High
6,13,5.4,70,32,57,103,50.1,4,11,0,8,47,0.81,-0.14,3.88,Moderate
6,5,6.5,84,45,105,36,39.6,3,9,1,11,180,1.69,-1.07,1.44,Moderate
4,7,6.2,74,46,28,31,53.1,7,7,0,5,26,0.69,2.14,1.84,Low
7,10,6.9,85,41,109,44,45.1,1,3,2,7,45,2.98,-4.72,1.27,Moderate
5,5,5.6,92,29,106,64,60.7,2,11,0,15,32,3.04,10.0,2.83,High
7,1,5.4,72,59,57,68,44.4,4,4,0,12,48,0.12,-2.25,2.19,Low
4,1,6.6,68,34,14,158,47.0,8,14,0,4,15,-2.26,1.11,0.6,Low
17,4,7.0,72,39,41,25,52.5,3,21,2,8,147,-0.22,5.44,2.22,High
11,3,6.8,67,51,72,29,49.0,0,2,1,4,69,1.85,1.81,-0.15,Low
3,21,6.8,79,29,21,45,44.6,1,7,1,1,30,-0.32,-1.14,-0.37,Low
4,1,6.4,83,32,72,130,40.6,5,13,1,8,117,1.09,-1.06,1.6,Low
1,3,6.6,72,24,62,77,53.2,3,9,0,6,15,1.7,3.26,1.26,Low
9,2,6.9,82,19,180,23,49.1,3,19,0,9,123,5.62,1.8,0.99,High
6,9,6.9,60,54,22,40,44.4,5,3,0,5,96,1.25,-3.1,-0.2,Low
13,21,7.8,80,33,99,136,44.7,7,1,0,3,104,0.22,-4.97,-1.0,High
5,13,8.3,72,34,62,131,41.4,2,7,2,19,24,0.39,-8.6,-1.0,Moderate
8,4,5.6,83,50,7,46,37.1,4,3,0,6,2,-1.25,-3.4,1.84,Low
5,4,6.6,60,32,106,44,48.7,1,6,0,13,92,2.22,-0.19,1.83,Low
17,9,6.2,65,44,80,10,49.6,1,6,1,2,48,1.07,-2.49,1.37,Moderate
4,2,5.9,60,13,88,12,56.3,4,4,1,11,20,0.95,2.61,2.35,Moderate
8,3,6.9,76,32,50,72,52.0,0,2,3,5,112,0.5,0.97,-0.74,Moderate
6,2,6.8,74,40,30,15,50.1,2,3,4,8,5,-0.75,0.73,0.4,Low
6,10,8.2,73,52,47,75,47.9,2,12,3,8,46,0.24,-1.34,-0.61,Moderate
4,3,7.9,71,39,88,154,49.7,4,5,1,13,30,1.73,-4.65,-0.24,Low
11,9,7.8,92,64,35,98,46.1,0,8,1,11,47,-1.93,-0.67,-0.81,Moderate
11,4,6.8,86,34,106,18,39.5,4,1,0,3,95,2.29,-4.42,0.71,Moderate
7,0,6.3,77,26,60,63,35.0,0,8,0,8,36,1.48,-5.26,0.83,Low
1,5,7.5,75,21,180,180,42.9,4,10,0,10,180,5.44,-2.7,-0.29,Moderate
8,1,5.5,89,38,137,104,41.2,2,9,0,4,51,4.3,-3.96,3.52,High
4,4,6.8,71,42,30,115,38.9,2,13,2,4,56,-0.98,-2.89,-0.17,Low
2,0,4.8,72,51,180,37,48.9,5,21,0,1,139,6.0,0.82,4.61,High
9,2,6.2,86,42,50,137,55.4,4,13,1,5,179,-0.08,4.37,2.32,High
8,5,5.9,68,37,58,69,52.0,2,18,0,8,69,0.78,6.55,2.91,High
2,5,6.1,64,50,93,16,56.7,2,8,1,19,80,2.49,4.88,0.08,Moderate
16,1,5.0,80,43,180,51,54.9,4,6,2,5,71,5.16,2.49,3.49,High
6,3,6.9,77,49,180,77,41.4,2,3,0,5,31,5.14,-2.8,0.72,Low
7,12,7.6,73,56,44,34,54.9,0,19,1,5,36,0.4,9.46,1.02,Moderate
4,5,7.6,75,52,29,73,35.0,3,3,1,4,65,-1.01,-7.08,-1.0,Low
10,18,5.9,71,55,40,121,35.0,0,5,1,4,28,-0.54,-5.83,0.59,Moderate
12,5,8.4,84,14,168,94,45.6,2,14,1,9,37,5.27,7.2,0.79,High
10,1,7.7,75,31,53,56,53.1,5,2,0,5,59,0.17,3.65,-1.0,Moderate
11,9,6.6,74,61,109,21,40.9,2,10,2,4,15,2.73,-4.11,0.65,Moderate
4,1,6.5,81,41,29,18,41.2,5,8,1,9,82,-0.72,-6.97,0.75,Low
8,2,4.8,68,43,60,41,47.0,2,5,0,1,49,0.85,-1.24,2.13,Low
3,1,6.5,88,68,62,48,43.5,2,6,1,12,12,0.19,-0.43,0.67,Low
14,11,7.2,59,43,46,74,60.4,3,3,0,8,112,-0.64,3.7,0.43,High
7,6,8.9,82,61,75,24,54.4,3,4,0,7,56,2.29,1.96,-1.0,Low
2,7,6.8,65,41,93,72,45.6,4,11,1,5,63,1.71,-4.61,0.01,Moderate
9,7,7.3,66,30,32,32,44.7,4,2,0,4,33,-0.23,0.29,-1.0,Moderate
11,10,7.8,65,36,102,33,44.5,4,7,0,5,16,2.32,0.96,-1.0,Moderate
1,4,7.5,85,38,86,4,47.8,3,9,2,10,120,0.57,2.36,0.03,Low
5,1,8.4,99,55,16,141,47.1,3,4,0,12,27,-1.04,-1.43,-1.0,Low
2,9,6.0,73,38,63,59,43.5,7,5,0,18,153,0.66,-5.88,2.01,Moderate
7,6,8.0,73,46,40,64,49.8,2,10,1,6,33,0.54,-1.0,-0.37,Low
9,10,5.3,78,46,130,64,43.8,5,2,0,3,25,4.26,-1.89,1.57,Moderate
6,19,7.8,61,35,100,74,40.7,2,0,0,5,47,2.9,-2.58,-1.0,Moderate
11,0,7.3,63,24,61,105,41.2,5,7,0,7,135,2.56,-1.69,-0.12,Low
13,3,6.3,76,45,40,41,60.4,3,5,0,2,69,-0.7,8.14,3.25,High
8,8,7.2,65,51,110,17,49.8,3,3,0,4,25,3.05,-2.71,0.32,Moderate
4,5,5.7,94,33,29,44,53.5,4,6,2,20,29,-0.71,2.16,1.9,High
2,9,6.3,71,37,24,50,47.7,3,2,1,16,42,-0.86,3.44,1.08,Moderate
6,8,6.1,81,48,28,22,45.8,4,9,1,1,113,-0.61,-0.59,1.86,Low
3,11,7.1,73,53,70,47,61.0,2,4,2,8,32,0.15,2.96,2.86,Moderate
6,4,7.0,72,19,57,64,45.6,3,6,0,7,80,0.88,-1.77,1.27,Low
2,8,8.5,76,32,120,101,47.3,5,9,1,19,42,4.09,-0.35,-1.0,High
4,5,7.1,74,58,85,20,44.9,5,21,0,3,69,1.55,-2.0,0.68,Low
10,5,7.6,91,35,69,36,50.9,4,3,0,11,76,1.28,-0.2,-0.98,Moderate
3,3,6.0,80,34,32,36,61.0,3,7,0,20,84,-0.36,5.78,1.19,High
9,4,7.4,74,41,20,50,56.6,4,9,1,7,105,-1.44,4.41,0.81,Moderate
2,2,5.6,78,52,72,94,55.3,2,6,1,0,83,-0.83,3.92,1.93,Low
14,4,6.8,82,36,16,78,49.2,3,3,1,12,39,-0.57,1.76,1.84,Moderate
6,5,7.4,69,65,112,150,35.1,3,11,0,6,60,2.38,-5.88,0.33,Moderate
3,1,7.2,84,45,50,180,46.5,2,7,1,8,88,-0.87,0.72,0.29,Low
2,12,6.2,60,43,24,107,44.7,2,4,1,6,24,0.7,-2.56,0.2,Low
6,4,7.5,72,47,54,132,61.9,4,13,0,5,13,0.45,1.69,2.25,Moderate
4,6,5.5,69,25,44,103,61.2,6,6,0,7,52,0.21,3.27,3.57,High
3,3,7.2,69,55,123,180,68.9,2,7,0,3,92,2.21,10.0,1.61,High
10,4,7.1,62,35,39,72,55.0,3,4,1,9,22,0.87,4.72,1.9,Low
9,7,6.0,71,45,37,88,58.7,2,15,0,4,50,-1.26,7.51,2.57,High
10,10,6.1,80,49,40,9,44.5,2,4,1,20,56,0.2,-0.41,0.79,Moderate
3,7,6.2,69,41,58,5,46.5,4,5,1,12,114,0.74,0.81,-0.09,Low
9,9,5.5,75,56,54,125,48.9,8,2,0,14,163,0.78,0.32,1.29,Moderate
3,2,6.1,70,39,45,180,41.6,2,1,0,13,138,1.36,-7.21,0.39,Low
20,1,6.3,76,39,76,61,50.6,2,5,1,11,5,1.21,-1.07,1.83,Moderate
13,2,6.2,77,52,10,47,53.9,3,11,1,4,28,-1.32,-0.17,1.84,Moderate
14,7,5.8,79,57,23,47,48.4,7,2,1,4,40,-0.29,-4.17,1.36,Moderate
5,3,7.9,83,32,106,41,45.1,6,5,1,2,101,2.11,-3.83,-1.0,Low
15,10,8.3,84,29,165,37,43.4,3,3,0,20,29,5.05,-2.35,-1.0,High
14,18,7.5,71,28,59,37,51.3,4,11,0,4,98,1.64,5.01,0.06,High
3,5,5.4,60,36,32,61,43.2,3,5,2,7,5,-0.36,-5.85,2.12,Low
2,6,6.8,87,43,29,101,42.2,3,3,1,3,52,-0.54,-0.92,-0.38,Low
4,4,6.2,66,51,71,92,52.2,0,1,1,9,12,-0.5,5.28,-0.11,Moderate
6,2,7.1,93,53,31,43,48.2,6,8,0,6,163,-0.88,-4.02,0.41,Moderate
4,6,6.9,86,44,54,76,47.3,1,6,1,10,164,1.6,-6.98,1.63,Low
11,11,6.9,87,47,56,31,42.1,4,3,0,13,79,-0.45,-3.18,0.21,Moderate
7,7,7.2,76,41,23,57,47.2,2,2,0,4,96,-0.78,-1.68,-1.0,Low
7,1,6.1,73,51,80,88,38.9,5,2,1,6,20,3.22,-4.14,-0.26,Low
3,16,6.6,58,38,21,27,41.5,6,3,2,7,81,-0.42,-3.24,0.16,Low
9,1,7.4,66,46,113,113,48.2,2,6,1,6,151,2.44,1.77,-0.43,Moderate
22,4,6.9,67,48,28,65,49.0,1,9,1,6,74,-0.8,-2.93,1.76,Moderate
14,7,7.0,81,32,32,53,56.9,2,3,0,10,14,-0.99,-0.24,0.24,Moderate
11,1,6.6,91,52,39,180,46.3,1,9,0,9,89,-1.1,-6.55,0.59,Moderate
1,3,6.7,77,49,104,78,35.0,2,1,1,10,42,3.08,-5.23,0.17,Low
11,6,7.6,81,44,118,67,46.3,2,13,4,3,85,2.5,-0.19,1.37,Moderate
10,9,7.2,87,48,15,52,53.0,3,18,0,4,143,-1.83,4.36,2.27,High
1,10,5.8,79,42,75,35,56.6,2,8,0,8,157,0.71,1.26,0.58,Moderate
7,14,6.8,93,43,80,114,41.9,3,4,0,6,19,1.16,-4.72,0.41,Moderate
2,10,7.0,85,37,79,55,45.9,3,10,0,10,74,0.85,1.49,-0.72,Low
6,8,8.6,84,47,141,18,49.6,6,12,1,11,37,3.69,1.95,-1.0,High
10,2,7.1,74,47,93,113,38.3,2,6,1,2,87,2.54,-5.18,0.41,Low
4,4,7.6,91,49,27,81,45.7,1,5,0,11,17,0.3,-1.8,0.17,Low
12,7,8.3,78,20,96,27,57.6,1,7,0,20,10,2.67,3.02,-0.28,High
4,4,4.9,62,33,21,104,54.5,3,2,1,7,17,-0.41,-0.39,2.04,Low
1,1,6.2,77,30,63,155,53.5,3,3,0,20,83,1.72,4.19,1.02,Moderate
8,2,6.2,77,42,30,22,51.0,6,7,2,3,34,-0.15,3.78,1.29,Moderate
3,4,8.1,85,28,145,13,38.7,4,4,0,11,30,3.33,0.05,-1.0,Low
6,4,5.7,60,48,53,81,51.7,3,8,0,15,25,0.84,2.15,3.81,Moderate
6,8,6.7,87,48,48,65,56.3,2,0,1,2,18,-0.49,-0.12,-1.0,Low
9,6,7.2,89,51,63,23,49.9,2,3,1,20,52,0.35,-2.98,-0.83,Moderate
10,4,6.7,69,64,78,65,60.1,4,8,0,7,40,1.86,1.39,1.17,Moderate
3,5,6.7,76,56,127,15,59.4,5,21,0,8,180,4.04,9.92,2.82,High
2,6,5.6,73,20,22,74,57.4,2,4,0,3,48,-1.23,3.1,1.53,Moderate
4,1,6.4,63,33,18,100,35.7,6,7,1,12,132,-1.53,-4.2,-0.73,Low
12,16,7.3,70,54,70,164,49.2,7,1,0,1,28,1.62,-2.99,-1.0,Moderate
5,7,5.8,67,45,61,37,42.7,4,3,1,13,68,0.2,-6.79,0.71,Low
8,10,6.8,69,60,45,106,40.3,6,1,3,6,38,0.66,-4.25,-1.0,Low
2,4,6.1,81,33,72,180,42.1,4,5,2,13,65,2.76,-2.5,0.61,Moderate
9,5,6.6,73,63,78,26,45.8,4,5,1,5,110,-0.0,0.42,0.66,Low
6,3,6.1,82,29,61,180,53.0,3,7,2,20,78,-0.77,-2.72,1.85,High
6,4,5.0,80,30,39,34,46.5,3,7,0,10,10,1.28,-1.54,2.4,Moderate
12,2,7.7,80,31,56,118,51.4,3,12,1,6,11,2.01,7.43,0.49,High
2,5,7.8,73,23,12,91,49.6,2,5,0,5,103,-1.28,-0.17,-0.65,Low
6,3,7.8,68,62,162,17,51.5,2,11,1,17,28,5.64,3.91,0.4,High
10,7,5.7,80,37,30,84,59.4,1,9,2,3,58,-1.25,7.04,2.1,High
6,11,6.1,68,44,145,136,42.9,4,1,2,6,52,4.34,-3.5,-0.28,Moderate
8,14,7.8,68,31,73,36,57.4,1,11,0,16,124,0.86,4.11,1.6,High
5,10,7.1,84,31,50,81,40.9,2,6,1,7,77,0.77,0.9,-0.91,Low
12,1,6.0,62,37,97,82,55.7,2,3,0,13,41,2.61,6.14,2.09,High
6,2,7.9,91,26,84,11,48.2,4,18,0,6,24,2.56,3.76,0.72,High
4,6,7.4,86,47,39,30,44.9,6,13,2,18,102,0.31,0.89,1.46,Moderate
9,2,6.8,71,37,134,165,50.9,2,8,0,5,27,4.83,4.46,-0.18,High
3,5,8.5,84,28,69,72,50.9,3,5,2,2,166,-0.06,-0.28,-0.16,Moderate
2,0,8.3,87,43,100,71,47.0,1,9,0,8,28,1.54,0.67,-1.0,Low
11,9,6.0,69,42,100,137,49.0,0,12,0,6,7,2.66,2.84,2.87,Moderate
1,10,5.8,85,59,61,43,52.0,0,2,1,4,20,0.71,2.94,1.21,Low
7,3,5.9,78,49,180,120,35.5,3,3,0,10,35,5.88,-10.0,0.34,Moderate
10,3,7.1,92,62,42,92,35.0,2,3,1,8,18,0.24,-5.07,-1.0,Low
1,5,6.3,71,67,18,49,47.7,1,17,1,2,50,-1.01,0.58,3.21,Low
6,10,6.9,65,65,30,69,44.3,3,3,0,19,21,-0.54,0.75,-1.0,Low
11,1,5.3,69,65,41,5,51.7,3,6,2,6,93,-0.22,0.95,3.75,Moderate
5,3,5.9,73,52,22,55,54.4,5,1,0,8,42,-0.69,-2.93,0.91,Moderate
3,2,7.5,79,27,103,28,57.9,0,0,0,10,51,1.12,2.16,-1.0,Low
3,2,6.0,65,34,101,71,39.5,1,7,2,15,26,3.1,-10.0,1.07,Moderate
5,1,5.9,70,38,22,49,43.4,3,3,1,4,25,-0.86,-0.26,1.49,Low
3,5,6.8,73,23,98,51,57.2,5,12,1,5,102,2.27,5.45,2.36,High
10,3,6.0,75,28,100,41,42.5,3,4,2,19,40,1.4,-1.12,1.77,Moderate
17,3,7.4,71,44,5,180,35.0,5,5,1,7,57,-1.79,-8.54,-1.0,Moderate
6,1,4.5,69,57,33,98,48.2,7,3,1,8,36,-0.42,-0.32,4.03,Moderate
9,2,7.3,88,49,91,102,47.7,4,2,0,1,9,0.16,2.44,-0.33,Low
3,2,7.3,70,24,28,83,35.0,5,2,0,5,27,-1.03,-10.0,-1.0,Low
8,5,7.2,64,57,12,53,44.3,0,2,1,1,13,-2.35,-3.47,-0.43,Low
4,5,6.1,78,55,57,109,54.9,2,13,0,6,17,1.17,3.62,2.68,Moderate
7,6,6.8,59,59,53,60,50.6,4,3,0,4,89,0.32,1.15,1.38,Moderate
14,7,5.0,71,71,30,15,46.7,3,9,0,10,60,-0.58,-0.5,4.56,Moderate
5,1,5.1,91,47,132,44,52.2,3,3,1,11,149,3.58,1.05,2.76,High
11,5,7.1,64,12,155,76,59.9,0,4,0,3,35,4.59,1.67,-0.22,High
5,9,6.3,73,44,157,76,56.2,5,7,2,17,77,3.12,7.62,2.04,High
2,9,5.3,79,55,112,87,47.8,2,21,1,3,40,1.55,3.21,3.6,High
11,5,7.3,55,43,16,38,49.2,0,3,2,16,25,-1.37,-4.61,0.11,Moderate
2,7,6.6,73,44,71,74,54.4,1,3,2,5,12,1.47,1.89,1.09,Moderate
15,4,6.5,75,25,31,39,42.2,3,2,1,12,180,-0.78,-3.68,0.14,Moderate
3,5,7.9,66,69,103,71,57.7,3,3,1,1,17,2.15,6.47,-0.09,Moderate
11,2,5.9,61,41,12,67,57.1,1,6,0,7,13,-0.59,4.55,1.52,Moderate
4,15,7.8,85,48,118,83,36.6,2,4,1,11,58,3.44,-6.38,-1.0,Moderate
2,11,5.2,76,38,25,50,46.6,5,7,0,6,14,0.05,0.46,2.45,Low
6,4,6.6,80,47,18,138,55.8,2,4,0,12,5,-1.26,0.12,1.84,Moderate
1,2,5.9,70,22,118,81,58.5,3,9,0,4,8,3.35,6.57,2.63,High
3,6,6.8,79,49,29,51,49.0,3,5,1,1,89,-1.78,1.82,0.76,Low
5,4,7.6,63,54,53,74,68.9,1,9,1,4,85,-0.22,8.64,1.73,Moderate
1,4,7.6,56,33,79,76,45.9,5,2,0,18,80,1.53,-3.43,-0.61,Low
10,8,5.4,75,31,90,73,47.7,3,7,1,1,111,1.93,-1.57,2.0,Moderate
4,6,7.0,76,39,13,42,48.3,3,1,1,11,8,-1.73,-2.73,-1.0,Low
8,9,6.9,70,28,99,50,51.1,5,5,1,14,39,0.76,1.44,1.27,High
2,11,6.5,75,49,7,73,47.7,4,10,2,2,28,0.29,-1.02,1.63,Low
8,5,6.8,77,53,6,84,40.3,4,3,2,10,30,-2.5,-5.74,-1.0,Low
7,9,7.2,59,37,55,19,37.9,2,7,0,9,19,1.02,-6.14,-0.12,Low
4,2,7.8,77,58,48,55,48.3,2,3,2,1,123,-0.86,-2.65,-0.39,Low
4,3,7.6,73,40,49,53,63.4,3,3,0,17,44,0.72,10.0,0.28,Moderate
17,4,6.8,65,41,180,47,35.0,3,11,0,6,55,5.68,-2.22,0.37,High
8,11,6.3,73,49,94,40,39.0,1,2,0,3,165,2.05,-4.12,-0.26,Low
6,2,6.6,74,64,140,7,52.7,2,14,0,8,138,3.28,4.91,2.34,Moderate
13,1,6.7,71,62,53,180,56.6,3,2,0,6,88,2.04,5.48,1.3,High
8,5,7.5,83,21,79,133,45.3,2,4,0,5,90,1.1,-1.33,-1.0,Moderate
10,9,6.8,73,57,53,16,40.8,4,14,1,20,78,0.29,2.63,1.33,Moderate
2,2,7.0,62,44,24,16,52.1,5,5,2,16,68,-0.81,-1.78,1.06,Low
4,3,8.2,75,44,149,64,52.0,2,2,1,17,175,3.92,-0.19,-1.0,Moderate
9,5,8.2,71,47,17,34,42.8,6,9,0,8,105,-1.43,2.17,-1.0,Low
8,4,7.1,72,54,76,180,54.1,2,12,1,10,70,1.23,2.7,1.93,Moderate
7,1,7.4,73,26,130,52,42.5,2,3,0,5,35,3.43,-0.48,-0.13,Low
14,5,6.3,77,46,14,34,45.8,3,5,0,15,49,-0.26,-1.91,1.09,Moderate
5,4,6.2,90,46,64,65,45.1,2,14,1,1,60,0.77,-2.34,1.37,Moderate
3,5,4.9,64,31,42,37,49.1,1,10,1,5,20,1.04,-1.28,3.55,Moderate
2,3,7.4,68,52,63,30,55.1,3,0,0,9,76,-0.67,3.3,-0.41,Low
7,10,5.8,82,41,99,16,51.3,4,5,0,11,20,2.49,4.68,2.63,High
1,7,7.6,87,36,6,37,44.1,3,9,2,17,75,-2.5,-2.51,-0.12,Low
6,3,7.6,73,43,135,131,38.9,3,15,0,2,52,4.92,-4.03,-0.53,Moderate
9,2,5.4,69,65,54,118,49.8,1,3,0,12,79,-0.46,-0.53,1.87,Moderate
14,8,5.8,66,36,23,60,42.1,3,8,0,18,37,0.26,-1.71,1.25,Moderate
2,7,6.9,64,28,106,156,43.2,4,10,1,5,97,2.34,-4.73,0.92,Moderate
6,9,8.9,69,32,80,50,53.1,5,9,0,8,15,2.51,2.68,-0.66,Moderate
5,3,7.3,84,49,128,87,35.0,2,5,3,13,124,3.75,-7.16,-0.16,Moderate
5,7,8.2,72,49,77,18,47.8,3,5,0,7,180,1.8,0.13,-1.0,Low
2,4,8.9,85,26,31,58,41.1,2,9,0,7,48,-0.75,-1.73,-1.0,Low
7,3,6.6,85,65,17,51,51.4,4,4,1,2,54,-1.49,3.93,0.44,Moderate
8,2,7.1,74,43,168,61,56.5,5,14,0,4,64,5.97,6.92,3.94,High
5,2,7.2,64,44,60,60,62.4,3,11,1,3,15,0.82,7.01,1.78,High
3,7,6.1,78,30,31,47,49.5,4,21,0,1,43,-0.55,0.62,2.18,Moderate
2,10,6.3,72,16,5,28,62.4,2,6,2,4,63,-0.64,7.64,2.05,High
1,5,7.9,80,56,50,12,54.6,2,4,3,8,99,1.0,-1.84,0.54,Low
10,15,6.5,57,26,109,98,43.9,4,6,1,6,19,2.24,-3.84,0.88,Moderate
4,2,6.0,64,29,116,82,45.5,0,9,0,4,51,2.02,-2.98,1.77,Low
6,1,7.5,65,36,25,180,50.9,1,12,0,2,33,-0.64,0.51,0.69,Low
5,15,6.6,60,41,69,130,43.9,1,10,1,6,29,1.32,-5.85,1.81,Moderate
11,2,7.5,69,47,98,95,43.8,4,3,2,1,53,2.09,-2.81,-0.13,Low
2,17,5.7,64,28,103,92,56.0,1,2,0,6,59,2.86,3.98,1.21,High
7,2,5.7,64,43,44,69,47.7,2,0,0,1,107,1.46,-0.58,1.09,Moderate
3,4,5.8,59,67,162,39,57.9,1,3,1,11,5,5.66,3.98,1.9,High
14,8,5.9,79,35,96,64,36.9,3,1,0,12,71,1.83,-4.98,-1.0,Moderate
7,4,7.6,86,39,180,35,53.1,4,4,0,2,17,4.35,-2.35,-1.0,Moderate
6,4,4.7,86,46,113,150,45.7,1,6,2,4,29,3.67,-1.73,3.13,High
5,7,6.2,68,56,8,19,61.1,3,5,2,13,77,-1.51,6.43,3.6,Moderate
6,7,5.6,73,52,81,37,39.1,3,2,0,8,56,1.63,-0.85,1.09,Moderate
4,6,6.1,65,46,45,118,47.1,3,10,0,17,109,-0.76,-0.86,3.29,Low
6,17,5.4,57,16,72,52,55.2,2,5,2,20,19,-0.29,-0.53,3.6,High
10,3,7.7,80,36,122,11,35.0,4,10,1,6,28,2.68,-8.14,-0.51,Low
11,3,7.7,74,43,82,47,46.9,4,8,0,4,180,0.81,1.81,-0.07,Moderate
4,4,6.0,76,39,24,46,39.2,6,10,0,11,69,-1.18,-5.07,3.47,Low
6,4,7.4,58,35,43,31,52.8,3,10,0,12,11,-0.42,-1.49,0.25,Low
5,9,5.5,78,35,175,110,39.5,3,10,1,14,37,6.0,-3.57,3.76,High
4,18,6.6,60,48,180,42,61.1,1,6,0,3,54,5.91,10.0,2.04,High
4,11,7.1,62,67,180,46,41.1,2,3,0,16,104,5.31,-6.35,-1.0,Low
4,5,7.5,95,45,118,34,42.4,5,5,0,13,80,3.18,-5.82,0.58,Moderate
15,1,7.6,78,35,54,31,35.0,4,4,0,14,94,0.31,-9.31,0.45,Moderate
4,9,7.8,64,31,81,117,45.4,1,8,0,1,152,1.3,1.13,1.25,Moderate
10,8,7.1,67,45,43,180,48.4,4,10,0,4,64,-0.27,-0.19,1.93,Moderate
4,14,5.8,67,63,39,59,60.1,3,11,1,11,102,-0.73,5.58,3.39,High
7,21,7.8,82,36,72,124,38.3,4,9,2,11,35,1.13,-5.08,-0.55,Moderate
3,6,6.3,83,59,115,40,48.0,2,3,0,11,17,2.56,-5.14,0.61,Moderate
2,3,5.9,68,61,81,86,44.1,2,2,0,15,22,0.29,-5.43,-0.2,Low
5,2,4.4,75,21,95,99,42.0,5,12,1,5,37,1.93,1.23,4.64,High
3,7,6.3,75,28,53,55,42.8,3,8,3,3,19,0.18,-1.6,1.16,Low
12,8,7.0,58,50,83,98,35.5,3,13,1,9,31,2.13,-5.27,1.08,Moderate
2,5,6.1,55,38,180,24,44.4,4,6,1,6,60,6.0,-3.14,1.47,Moderate
6,4,7.1,70,59,66,61,45.3,1,6,0,8,25,0.98,1.78,0.18,Low
6,1,6.9,82,48,20,36,50.7,1,5,0,5,78,-1.24,1.17,0.91,Low
5,3,7.7,88,42,33,59,49.7,1,16,1,4,23,-0.68,4.09,1.41,Moderate
11,3,8.9,70,46,51,88,45.4,1,9,0,14,19,-0.31,-5.28,-1.0,Low
8,3,7.3,80,40,95,116,38.0,3,4,1,2,72,1.33,-8.29,0.04,Low
8,3,7.9,70,34,127,49,52.8,1,1,0,9,64,3.36,-0.61,-0.99,Moderate
14,15,7.2,66,35,7,77,43.7,3,7,0,12,10,-1.22,-2.32,0.29,Moderate
18,5,6.6,73,34,66,30,47.6,1,5,1,7,49,1.7,0.94,0.81,Moderate
5,6,7.8,86,62,180,128,49.2,2,2,1,11,94,4.26,0.54,-1.0,Moderate
4,5,7.2,59,51,56,180,46.8,3,8,0,20,46,0.3,1.02,0.3,Low
7,5,5.3,77,28,60,62,58.1,2,16,0,8,23,0.28,6.11,4.12,High
10,7,5.6,71,49,62,126,43.4,4,20,1,0,63,1.06,5.54,2.82,High
5,3,5.7,64,27,48,120,49.9,7,4,0,2,17,-0.63,-0.47,2.46,Low
4,4,6.9,80,33,56,23,35.2,4,12,2,6,42,0.03,-3.74,-0.15,Low
3,2,7.3,75,31,100,106,49.9,7,4,0,11,27,2.29,4.22,-0.41,Moderate
6,6,5.1,79,44,36,11,40.6,2,11,2,5,63,0.04,-1.0,2.19,Low
4,3,7.6,79,21,110,117,51.9,4,3,0,9,42,3.15,3.45,1.25,Moderate
11,11,6.9,71,32,31,7,41.9,4,2,0,5,143,-2.12,1.04,-1.0,Moderate
3,1,8.1,75,43,44,27,35.0,3,7,0,3,129,0.05,-5.92,-1.0,Low
21,8,7.0,77,47,78,180,58.5,8,7,1,3,123,1.21,5.13,1.69,High
3,10,7.6,55,39,93,143,54.8,1,3,0,6,20,2.1,-2.09,0.01,Moderate
3,8,8.0,71,50,150,31,53.6,5,9,0,12,30,4.22,4.33,-0.82,Moderate
3,4,7.1,79,59,37,55,44.3,4,1,3,5,133,-0.54,-6.17,-0.12,Low
12,5,6.2,65,30,168,128,55.8,6,2,1,3,32,4.61,0.29,1.34,High
8,6,6.5,68,38,36,38,44.1,5,4,0,2,36,-0.32,-5.18,1.12,Low
11,7,7.7,59,37,110,45,35.0,2,9,0,5,148,3.19,-6.28,-0.91,Moderate
6,2,7.6,85,41,87,44,37.8,4,7,0,8,62,0.97,-3.94,-0.25,Low
1,1,7.7,69,30,135,79,62.1,3,6,1,20,63,4.87,10.0,0.45,High
20,3,7.3,73,60,16,4,56.3,3,12,0,17,117,-2.15,2.5,2.18,High
9,1,6.4,86,49,130,34,64.1,3,2,1,3,23,3.02,-0.55,1.83,High
4,1,6.7,71,48,42,16,44.9,4,7,0,9,30,0.54,-2.28,0.05,Low
10,7,5.3,70,39,85,61,62.2,3,7,0,5,80,2.57,8.03,3.64,High
6,3,6.5,68,23,45,130,46.6,4,7,1,5,54,-0.12,0.3,0.15,Low
7,5,7.8,55,24,27,45,46.3,7,1,1,6,180,-0.21,5.44,-0.33,Moderate
7,5,7.3,72,49,78,78,47.4,1,9,0,5,115,1.84,-1.88,0.05,Low
3,1,8.0,92,34,12,27,51.1,3,12,1,18,78,-1.06,7.62,-0.3,Moderate
2,2,7.2,88,34,112,69,52.6,4,8,1,1,39,3.89,4.18,1.8,High
7,13,6.4,55,44,48,70,35.4,2,5,0,11,87,0.4,-0.15,-0.81,Low
6,1,7.2,68,47,92,28,63.5,2,4,2,20,44,3.22,6.11,0.82,High
13,9,6.9,72,44,20,64,50.1,5,4,1,5,97,-1.97,0.64,-0.05,Moderate
11,2,5.6,59,27,133,36,54.6,2,7,2,1,100,2.97,3.22,3.47,High
5,5,7.8,82,38,78,25,47.8,3,1,2,6,58,1.55,-2.81,-1.0,Low
6,1,6.3,55,33,57,11,35.8,1,3,1,15,49,-0.4,-10.0,-1.0,Low
4,4,5.4,67,41,24,15,56.0,5,11,1,4,33,0.23,6.93,3.29,High
10,2,6.9,78,30,103,180,56.4,4,10,0,4,81,2.57,10.0,1.22,High
1,1,5.1,74,75,33,88,66.6,4,7,0,9,11,-0.59,10.0,4.04,High
1,1,5.6,81,46,17,105,58.3,4,7,2,19,62,-0.92,5.48,3.14,High
3,1,5.3,78,60,180,40,35.0,3,1,1,5,66,4.79,-3.73,1.59,Moderate
2,4,4.9,89,42,43,108,56.4,5,5,0,0,38,-0.48,2.72,2.65,High
4,13,4.2,87,32,17,89,44.2,3,12,0,2,4,-1.81,-3.19,3.61,Moderate
8,3,6.6,73,38,92,27,49.8,3,1,2,9,94,3.07,0.97,-1.0,Low
9,8,6.1,84,61,180,72,41.2,2,4,1,7,26,4.6,-5.91,0.06,Moderate
10,5,6.2,79,51,115,177,36.4,1,5,3,19,108,0.8,-8.72,1.07,Moderate
9,5,8.5,71,41,112,52,45.7,4,4,0,10,68,3.6,-3.1,-1.0,Low
10,7,6.6,85,28,30,73,53.5,4,2,0,5,41,1.1,-3.71,1.2,Moderate
2,4,8.6,66,52,180,25,51.0,5,2,1,12,42,6.0,1.06,-1.0,Moderate
8,8,7.6,72,44,34,89,60.7,2,2,0,7,77,-0.7,3.94,0.35,Moderate
1,4,7.1,95,36,19,180,46.3,3,5,1,9,79,-0.12,-3.14,0.08,Low
13,5,6.2,80,43,96,49,50.5,3,2,1,2,43,2.11,4.44,0.43,Moderate
7,5,8.3,80,44,105,39,42.1,5,5,0,7,109,2.98,-5.5,-1.0,Low
19,12,6.9,85,30,46,102,49.8,6,8,1,0,10,0.19,2.09,0.8,Moderate
4,9,5.3,61,53,93,66,57.9,2,4,1,1,180,3.48,8.5,2.42,High
4,12,5.2,72,21,62,9,51.1,5,13,1,7,176,0.4,1.42,3.4,High
8,9,5.7,67,19,85,49,58.0,2,3,2,2,92,1.84,1.39,2.06,High
10,4,7.9,72,55,54,48,54.3,3,5,3,14,73,0.74,5.54,-1.0,Moderate
3,6,8.6,81,15,114,25,41.5,5,6,2,16,64,3.27,-0.57,-1.0,Moderate
2,6,6.9,86,37,60,132,61.8,2,6,0,8,40,1.11,8.05,1.79,High
3,10,8.4,87,49,175,103,43.0,10,6,2,3,20,6.0,-3.64,-1.0,Moderate
13,14,6.8,74,50,26,99,50.6,5,4,2,9,21,-0.25,-1.92,-0.21,Moderate
12,2,7.0,71,49,10,44,44.8,7,6,0,1,24,-1.65,5.38,-0.82,Low
10,2,7.5,82,49,63,88,49.3,4,8,0,5,35,-0.51,-1.9,-0.0,Low
8,12,6.7,84,33,32,30,42.2,3,1,1,7,32,-1.49,-1.05,-0.74,Low
5,5,6.7,75,36,34,102,37.5,1,5,1,6,9,-1.25,-9.85,-1.0,Low
17,7,6.6,75,53,21,22,49.8,2,8,1,19,97,-1.33,-3.07,1.0,Moderate
4,19,6.6,99,41,50,15,52.1,1,6,1,3,32,0.44,2.06,1.59,High
1,4,5.7,94,64,80,92,56.2,2,4,1,6,25,0.19,1.21,1.54,Moderate
5,9,8.3,78,30,69,24,48.2,4,5,0,3,39,0.35,0.64,-1.0,Low
17,13,9.0,80,57,112,37,44.3,4,8,0,10,95,3.39,-1.04,-1.0,High
9,15,7.3,81,56,50,44,43.6,3,1,0,1,73,1.26,-1.98,-0.74,Low
2,4,7.6,60,35,52,58,57.0,2,11,0,17,88,0.75,6.41,0.75,Moderate
18,4,6.4,69,35,20,121,60.4,2,5,0,12,57,-1.13,5.28,1.91,High
6,3,6.2,80,35,180,102,47.7,5,4,0,6,25,4.14,1.41,-0.08,Low
4,8,5.6,84,45,120,147,59.2,1,2,0,6,44,1.87,1.31,1.59,High
4,6,7.1,72,48,6,50,46.6,4,5,0,2,60,-1.81,-1.56,0.08,Low
2,4,7.2,68,48,84,73,42.9,4,4,3,6,27,-0.31,-2.74,-0.33,Low
9,2,6.6,73,38,179,42,35.0,4,8,0,11,31,5.6,-5.38,0.35,Moderate
6,2,8.8,73,38,24,32,56.7,4,8,0,15,65,-1.31,-1.33,-0.83,Low
7,4,7.7,77,60,8,180,40.9,2,11,0,7,145,-2.5,-2.0,0.1,Low
13,21,6.1,67,37,16,47,42.9,5,2,2,12,59,-1.95,-4.59,0.15,Moderate
4,7,8.1,70,44,49,87,67.8,7,4,0,9,46,-0.12,10.0,0.36,High
8,19,5.0,66,51,49,180,52.5,8,7,0,16,50,0.25,1.73,2.51,High
2,7,5.8,73,46,88,86,37.9,5,2,0,5,180,2.3,-7.8,2.42,Low
2,1,7.6,60,44,132,74,49.9,4,6,1,8,154,4.97,-1.71,0.98,Low
7,8,7.1,55,36,93,60,45.4,3,3,1,5,75,2.54,-5.21,-1.0,Low
7,6,8.3,72,20,45,15,53.7,0,11,1,1,95,1.59,2.07,-1.0,Moderate
3,3,6.1,73,39,41,79,57.9,3,5,1,2,25,-0.55,6.36,1.82,Moderate
2,2,5.5,74,59,28,179,45.5,4,7,2,5,180,-0.85,1.25,1.74,Moderate
16,4,6.0,79,47,80,48,48.3,1,11,0,13,63,1.38,3.69,2.08,Moderate
9,5,7.7,72,33,82,79,47.6,4,15,1,3,45,1.91,0.77,1.14,Moderate
13,4,7.0,77,33,85,54,48.4,4,4,0,3,152,2.18,1.63,0.57,Moderate
2,1,6.0,76,53,65,97,52.2,4,3,0,17,87,1.87,0.6,1.55,Moderate
22,4,5.2,72,40,94,85,62.5,3,2,0,4,25,2.51,8.85,2.88,High
7,5,5.9,68,53,66,29,53.2,3,10,1,4,180,2.07,1.76,1.54,Moderate
5,4,5.9,69,46,58,54,42.6,2,6,1,4,57,0.27,-3.3,0.57,Low
9,10,7.7,63,38,24,95,39.8,5,3,0,3,42,-0.36,-4.76,-1.0,Low
2,1,6.8,70,44,24,148,36.9,4,1,1,2,110,-0.69,-7.86,-1.0,Low
10,6,7.6,68,45,166,180,53.3,2,1,0,15,123,5.9,2.4,-0.05,High
12,6,8.4,80,42,39,46,40.9,2,8,2,4,27,0.3,-2.78,-1.0,Moderate
17,12,6.8,84,54,146,88,36.2,2,1,0,7,36,5.13,-3.5,-1.0,Moderate
5,4,7.6,69,36,69,64,41.1,4,6,1,6,70,0.42,-1.98,-0.5,Moderate
4,8,6.3,88,30,49,7,43.4,4,7,1,6,60,0.35,-3.3,0.39,Low
1,13,7.7,66,57,83,75,70.0,3,10,0,12,12,1.47,10.0,1.3,High
2,4,7.7,59,34,11,44,46.7,2,6,2,20,31,-0.86,-2.57,-0.65,Low
2,8,6.3,84,42,22,38,53.9,6,14,3,4,31,-0.92,6.66,2.4,Moderate
12,6,6.0,62,46,57,35,40.0,3,12,0,20,159,0.13,2.24,1.83,Moderate
3,1,9.0,60,27,31,34,46.2,3,2,0,12,20,-0.34,0.01,-1.0,Low
8,10,6.9,73,62,26,51,46.6,3,7,0,8,63,-1.1,1.61,1.36,Moderate
10,4,6.4,59,46,10,37,44.2,3,21,1,9,76,-0.45,3.2,1.97,Moderate
3,4,6.8,82,20,180,36,59.5,6,2,1,12,94,4.42,0.96,1.78,Moderate
6,1,5.9,73,32,22,78,55.4,1,16,1,6,79,-1.42,3.68,3.71,Moderate
3,4,8.0,76,47,17,105,56.5,1,1,2,7,43,0.54,1.93,-1.0,Moderate
9,14,5.8,72,52,164,52,52.8,3,10,1,9,21,5.65,1.04,3.48,High
8,4,5.4,80,45,37,31,39.7,2,2,0,9,45,-1.68,-2.61,3.05,Low
18,5,7.2,73,19,45,180,44.7,3,3,2,10,10,0.89,-3.88,-0.71,High
4,8,8.0,84,28,144,45,45.3,2,5,0,8,87,3.97,1.59,-0.87,Low
1,3,5.8,84,55,42,94,48.7,3,11,0,7,7,-0.25,-2.92,1.16,Low
9,14,6.2,87,26,51,54,53.9,4,6,0,8,53,0.38,6.15,2.7,High
3,1,7.6,72,35,14,114,47.8,2,5,0,3,93,-1.04,0.57,-1.0,Low
4,6,7.8,65,59,71,27,43.0,4,18,1,12,35,1.12,4.2,1.22,Moderate
12,15,7.0,74,36,55,70,43.9,7,3,0,2,86,1.68,-2.84,-0.66,Moderate
1,3,6.4,56,42,70,121,60.0,5,6,0,3,131,-0.72,7.74,0.83,Moderate
2,5,7.1,70,26,25,61,54.0,1,6,1,11,160,0.36,-0.48,-0.09,Low
7,12,7.6,74,43,10,51,49.4,3,10,0,1,51,-1.83,-0.1,-0.22,Moderate
8,6,4.9,76,38,36,32,52.8,5,12,0,13,162,-0.45,4.04,4.74,High
10,8,6.7,78,73,99,29,56.9,4,4,0,1,4,3.34,3.38,0.39,Moderate
3,5,6.6,74,36,82,33,35.0,1,3,0,6,85,0.16,-4.19,-0.39,Low
3,3,6.4,81,48,74,102,42.5,4,15,0,4,79,1.73,-1.32,2.15,Moderate
4,6,7.7,91,59,99,98,40.8,7,5,0,14,84,2.39,-4.45,-1.0,Moderate
13,9,7.1,86,41,40,37,56.5,2,15,1,5,46,0.33,6.56,0.56,High
3,11,6.1,79,60,38,141,49.7,2,2,0,3,5,-1.05,-1.43,1.01,Low
3,8,6.0,80,27,68,40,44.7,7,2,2,3,52,1.4,-2.96,0.57,Moderate
5,2,7.2,77,43,141,27,45.8,3,3,0,9,21,3.53,-0.22,-0.11,Low
7,4,6.1,73,21,44,154,50.7,2,9,2,2,22,-0.01,2.42,0.93,Moderate
6,6,7.8,68,34,53,18,47.7,0,6,0,8,115,0.81,-3.36,-1.0,Low
6,5,6.0,78,60,45,79,59.6,4,11,2,17,55,0.03,8.63,3.09,High
9,8,7.0,71,45,84,26,41.5,4,2,0,13,15,1.93,-4.01,-1.0,Moderate
4,3,7.1,70,40,89,96,57.7,2,8,1,4,20,2.71,2.46,0.15,Moderate
6,11,5.9,74,41,3,67,47.7,2,1,0,4,36,-2.5,-2.51,-0.69,Low
1,8,5.4,82,62,145,115,46.3,5,6,0,4,47,4.69,0.07,2.69,Moderate
6,11,5.9,70,50,16,32,59.1,0,3,0,5,90,-2.3,5.65,1.4,Moderate
6,3,7.1,76,33,74,108,50.6,2,9,2,4,149,-0.14,2.95,-0.69,Moderate
11,11,6.0,83,37,70,180,38.9,2,5,0,16,29,1.22,-2.07,0.16,Moderate
6,5,6.8,81,50,78,58,42.7,4,3,1,16,151,2.13,-3.29,-0.38,Low
5,9,7.4,73,17,74,19,42.4,3,5,0,6,47,0.69,-1.06,-1.0,Low
7,5,8.1,65,51,151,27,43.9,0,6,1,2,57,3.81,-2.41,0.14,Low
1,2,6.5,79,37,50,78,45.8,2,6,1,7,4,2.01,-3.13,-0.51,Low
4,9,5.6,65,51,94,37,49.3,4,4,1,8,30,1.01,-0.3,0.51,Low
9,0,7.4,64,43,15,180,50.1,3,2,0,6,57,-1.26,1.37,-0.29,Low
11,3,6.4,85,42,31,123,55.9,7,10,1,5,40,-0.2,5.99,2.39,High
7,6,7.2,64,34,45,20,57.0,2,5,3,1,41,-0.68,2.22,0.58,Moderate
9,2,7.4,57,49,70,74,45.5,1,4,0,8,13,0.91,-0.56,-1.0,Low
5,3,7.6,79,29,114,26,52.1,2,7,1,8,78,3.03,3.19,0.31,Moderate
5,3,7.2,79,50,90,35,46.9,4,2,1,4,62,2.18,-0.43,-0.65,Low
6,9,7.1,78,46,140,87,45.2,7,6,2,2,51,3.31,-3.85,0.45,Moderate
6,10,5.0,64,51,66,26,35.0,2,8,2,1,31,0.39,-4.51,2.89,Moderate
14,11,5.4,73,48,40,76,54.1,3,5,0,14,84,-0.24,1.65,2.11,High
4,18,7.2,68,37,94,17,41.8,5,1,1,5,57,1.27,-3.75,-0.69,Low
14,6,6.9,64,50,62,36,49.7,2,10,2,14,73,0.75,-1.6,0.62,Moderate
10,2,6.9,83,50,8,43,62.0,1,0,1,3,20,0.31,2.09,-0.03,Moderate
6,1,6.7,71,51,50,180,55.9,2,9,1,7,99,0.69,4.74,1.73,Moderate
4,9,7.5,73,57,60,16,41.0,5,2,1,3,61,-0.88,-4.13,-1.0,Low
9,2,7.7,69,23,180,52,49.8,5,9,0,13,36,5.63,0.18,-0.72,High
2,7,8.1,79,52,76,97,50.3,2,13,0,12,16,1.79,4.99,-1.0,Moderate
1,3,7.5,75,49,109,110,54.4,3,17,1,3,90,1.82,6.24,1.77,High
4,8,6.7,71,43,60,93,43.8,4,12,1,17,22,0.99,4.55,2.71,Moderate
6,2,7.3,71,34,132,125,44.0,0,2,2,1,51,3.22,-5.39,-1.0,Low
6,3,6.0,84,47,73,31,62.7,3,9,0,5,35,1.07,7.65,3.62,High
18,5,6.4,72,39,70,22,44.2,3,4,0,3,33,2.63,-2.31,0.02,Moderate
5,9,8.2,68,41,30,30,42.4,3,5,1,8,34,-0.94,-4.02,-1.0,Low
7,6,6.2,76,57,36,30,43.7,3,19,0,2,40,0.47,-0.91,2.74,Low
2,12,8.1,64,41,52,38,40.5,6,2,3,10,25,-0.03,-6.08,-1.0,Low
7,1,6.6,83,37,84,18,60.7,5,2,1,5,67,0.6,6.69,0.55,Moderate
8,1,7.5,62,31,15,72,41.5,4,8,0,7,83,-0.5,-4.03,-1.0,Low
6,4,7.6,85,33,71,51,45.6,2,4,0,7,24,1.28,-0.57,0.29,Low
10,1,6.9,61,37,64,26,43.4,3,5,1,4,45,1.26,3.38,-0.58,Low
3,8,7.8,72,29,66,58,35.0,5,5,0,18,29,0.18,-4.87,-1.0,Low
5,5,7.7,83,49,40,85,42.3,2,6,2,14,20,-0.69,-2.19,-1.0,Moderate
8,5,7.3,61,58,70,84,54.5,3,2,0,8,31,2.33,-1.73,1.79,Moderate
11,0,7.6,76,51,47,95,52.6,3,5,1,11,75,1.57,6.52,-0.5,Moderate
3,2,7.3,90,52,22,74,48.1,4,2,0,2,105,-1.59,-1.72,-0.27,Low
15,3,6.1,74,58,54,119,53.4,3,7,2,13,8,0.76,1.9,2.08,High
6,7,6.1,79,34,107,46,53.0,3,2,3,2,48,2.21,1.77,-0.44,Moderate
11,13,7.8,90,40,35,92,53.5,3,19,1,10,66,0.27,-1.64,0.73,High
5,13,4.8,72,38,9,180,47.1,3,21,0,7,32,-2.5,1.76,3.37,High
6,2,6.6,67,57,65,89,57.6,0,3,1,5,45,0.03,0.36,1.48,Low
15,1,6.5,74,54,14,31,55.4,3,7,1,12,17,-0.84,3.59,1.12,Low
16,6,8.5,60,34,91,66,51.8,4,7,0,20,11,1.92,-1.98,-1.0,High
17,4,6.7,77,27,26,70,54.2,4,4,2,20,39,-0.56,2.51,0.7,Moderate
6,5,6.9,67,41,44,91,64.3,3,2,0,3,22,-0.67,8.33,0.86,High
3,9,6.8,67,58,33,13,43.2,2,2,0,2,67,-0.11,-4.62,0.23,Low
8,12,7.0,73,52,81,71,38.8,2,5,3,4,11,1.58,-0.71,1.29,Moderate
14,2,6.4,68,55,55,39,49.6,2,9,0,4,13,0.03,0.29,0.64,Low
10,9,6.9,64,45,87,107,40.5,5,15,0,5,7,1.11,0.1,1.0,Moderate
2,2,6.4,71,54,94,45,49.9,3,8,0,4,165,2.33,1.4,2.41,Low
0,9,5.9,75,29,84,90,50.1,1,3,1,4,22,1.27,3.7,1.64,Moderate
19,10,6.4,72,12,54,14,41.0,7,2,0,7,50,0.4,-0.76,1.49,High
7,20,7.1,64,29,24,34,35.0,1,3,1,7,166,-0.04,-5.14,-0.88,Low
4,7,5.9,55,45,51,75,37.2,3,9,2,10,12,-0.7,-4.06,0.17,Low
1,5,6.2,80,47,86,46,49.0,1,6,1,4,46,1.39,-3.41,1.08,Low
3,6,6.4,58,48,67,57,46.1,2,2,1,2,79,0.63,-6.98,1.18,Low
1,13,5.6,83,45,67,62,37.1,4,14,1,3,10,0.9,-5.19,1.31,Low
2,6,5.7,84,60,126,27,44.7,2,10,0,11,51,2.48,-3.44,2.12,Moderate
5,8,7.2,69,31,46,67,51.4,2,12,1,10,128,-1.12,0.51,2.07,Moderate
7,8,7.7,95,50,99,97,47.4,5,8,0,16,43,2.41,0.69,-1.0,Moderate
10,4,6.3,66,77,180,20,54.1,5,3,0,4,134,4.9,0.12,3.23,Moderate
2,5,6.0,82,26,56,116,49.3,5,18,1,5,29,-0.05,3.05,3.52,High
7,16,7.3,73,50,46,33,46.4,5,21,0,4,70,0.24,3.21,1.22,Moderate
7,20,7.0,80,41,40,74,60.5,3,4,1,3,60,-0.83,6.96,0.57,High
1,6,7.0,67,26,66,31,45.3,6,12,0,6,81,-0.16,0.97,1.32,Low
5,7,6.1,76,46,180,60,47.9,2,4,0,11,23,4.27,3.32,1.45,Moderate
10,8,7.0,83,53,11,43,59.0,1,6,0,15,58,-0.76,4.64,1.64,Moderate
7,2,6.8,78,51,55,32,47.3,3,8,0,7,60,0.53,-1.96,0.09,Low
2,4,7.8,72,28,137,127,37.5,2,3,0,20,37,4.66,-2.9,-0.98,Moderate
4,1,8.6,84,45,62,59,52.8,2,1,1,13,114,0.3,0.93,-1.0,Moderate
16,9,6.6,66,23,39,84,52.9,3,4,1,1,180,0.1,3.23,-0.49,High
7,1,7.1,78,27,180,32,64.7,3,2,1,17,31,4.97,5.64,1.49,High
4,4,4.7,83,47,90,129,38.0,4,4,1,7,20,1.02,-2.41,1.88,Moderate
1,7,6.3,89,35,166,16,53.2,6,3,1,1,42,3.88,2.31,-0.64,Moderate
3,4,7.5,61,39,124,31,41.3,0,7,1,12,25,4.22,-4.46,-1.0,Low
10,8,7.6,79,53,58,31,47.4,6,9,0,8,15,1.32,1.23,1.16,Moderate
8,3,6.6,73,58,107,28,41.3,7,7,0,6,17,1.94,-3.92,0.75,Low
7,10,6.4,67,39,47,61,54.8,2,8,0,8,44,-0.99,3.34,1.55,High
15,7,6.4,64,48,16,49,52.3,2,6,0,9,93,-0.68,1.73,0.31,Moderate
1,9,8.3,77,31,20,85,35.0,3,6,1,1,69,-0.48,-5.1,-1.0,Low
7,2,6.5,86,23,121,76,49.2,6,3,0,2,105,3.51,3.73,0.99,Moderate
5,14,6.4,73,44,86,36,43.0,4,7,0,12,78,1.69,-3.05,1.26,Low
5,5,6.8,67,59,83,111,56.3,4,4,1,9,86,0.84,3.53,0.38,Moderate
5,3,6.3,74,41,49,26,47.2,2,1,0,8,45,0.17,-2.69,-0.48,Low
5,2,4.7,81,44,59,46,54.4,3,5,1,16,29,1.17,3.05,3.91,High
3,5,7.4,72,27,180,143,47.7,5,5,1,2,95,4.69,-0.23,0.16,Moderate
24,9,8.7,85,53,40,23,35.0,6,5,0,9,20,-1.32,-8.48,-1.0,Moderate
5,21,5.8,78,38,95,94,50.9,2,16,0,5,38,1.88,3.52,3.18,High
7,2,7.0,78,57,56,127,54.1,3,5,2,2,18,-0.17,8.99,0.69,Moderate
9,7,7.4,56,44,41,57,41.8,1,10,0,8,132,-0.46,1.24,-0.65,Low
3,3,7.7,85,23,78,48,48.3,1,3,1,4,131,1.7,0.03,-1.0,Low
5,1,8.1,68,41,4,47,44.2,4,6,3,7,180,-0.9,-2.62,-0.59,Low
4,6,7.3,55,49,77,70,38.9,3,4,2,15,76,1.41,-5.44,-1.0,Low
7,11,6.8,79,48,86,11,40.0,3,2,0,5,112,1.12,-6.39,-1.0,Moderate
7,7,5.2,78,41,23,42,50.4,2,7,3,13,53,-0.42,0.65,0.73,Low
10,5,6.8,77,45,108,180,48.0,1,5,1,3,21,2.61,-2.03,0.03,Moderate
3,1,6.5,61,45,89,52,42.1,3,14,2,15,137,2.17,-0.85,1.85,Moderate
4,5,7.6,72,67,64,116,45.6,5,7,0,4,101,1.04,-4.22,-0.01,Low
3,6,7.3,60,65,74,82,54.3,1,3,1,7,114,2.48,0.0,-0.33,Moderate
5,4,7.6,86,55,81,3,42.2,3,21,0,20,40,1.98,0.37,0.06,Low
2,8,7.4,80,55,89,31,46.9,2,8,1,2,61,1.95,0.8,-0.33,Low
5,3,5.5,59,23,57,94,54.6,5,11,0,18,50,-0.04,3.78,3.08,High
2,4,6.1,78,38,56,140,65.0,6,10,0,15,42,-0.45,10.0,2.54,High
8,4,8.9,75,33,53,84,61.3,2,3,0,8,35,-0.92,2.27,-1.0,Moderate
5,3,7.4,69,38,40,111,55.6,6,5,0,3,53,0.27,2.88,-0.35,Low
5,3,6.6,76,57,107,19,41.3,3,8,0,6,70,2.69,-0.44,0.27,Low
4,4,7.6,55,33,69,120,51.6,3,3,0,3,58,0.29,1.48,0.44,Low
4,1,6.4,66,33,180,41,47.1,2,7,1,5,19,4.96,-1.67,1.51,Low
10,1,7.8,77,45,118,69,40.5,7,16,3,10,41,2.0,-5.87,0.42,Moderate
4,11,6.7,63,22,39,65,50.1,2,21,1,1,104,-1.29,6.68,1.85,Moderate
13,10,5.4,84,53,42,20,65.7,3,3,2,19,138,0.25,8.04,2.85,High
9,5,6.6,75,48,53,152,57.8,7,5,0,11,30,0.72,0.68,-0.53,Moderate
5,20,4.7,63,32,34,116,41.2,5,3,1,8,12,-0.12,-1.12,2.98,Moderate
13,2,7.4,73,45,58,57,50.2,1,5,2,1,47,0.98,2.0,0.97,Moderate
4,7,5.4,84,44,27,56,47.1,5,13,0,18,21,-0.75,5.02,3.2,Moderate
5,9,6.4,80,64,50,7,49.2,1,8,0,2,139,0.1,1.21,0.26,Low
6,5,7.9,81,40,32,12,43.4,6,3,3,3,38,-0.05,-2.17,-1.0,Low
9,6,7.0,67,38,31,108,42.8,2,4,0,6,26,-2.13,-2.45,-0.64,Low
26,8,8.9,74,62,52,42,35.0,4,4,2,10,111,-0.36,-7.5,-1.0,High
7,9,5.4,61,44,6,57,38.7,6,14,1,3,9,-1.19,-6.78,2.74,Moderate
5,1,7.9,79,38,56,72,40.9,2,11,0,4,88,0.46,-3.42,-1.0,Low
9,5,7.3,81,56,79,94,52.8,0,1,0,11,36,1.96,0.83,0.28,Moderate
5,15,8.3,81,42,80,40,48.9,4,6,3,5,121,1.73,-1.24,-0.32,Moderate
8,21,7.4,70,61,19,28,55.1,2,12,0,7,35,-0.56,3.94,-1.0,Moderate
8,4,7.8,55,37,16,51,51.0,5,5,0,11,105,-2.09,-1.35,-0.42,Low
16,7,5.8,75,45,87,10,52.6,4,6,0,8,101,1.36,2.4,4.27,High
9,3,7.1,82,49,89,49,41.4,1,9,0,5,136,1.16,-4.23,-1.0,Moderate
23,5,7.5,69,46,66,37,50.2,1,10,1,15,22,0.33,0.19,0.78,Moderate
8,9,5.9,72,43,180,5,53.2,3,9,1,1,21,4.54,2.99,0.11,High
14,8,7.3,84,44,54,47,44.0,2,11,0,8,180,0.28,-1.85,-0.4,Moderate
7,8,5.5,66,56,176,42,56.7,3,6,1,3,10,3.96,5.0,3.11,High
14,14,6.4,62,37,95,64,44.4,4,5,1,19,74,1.89,-1.34,-0.29,Moderate
4,8,7.7,80,59,37,109,51.9,3,9,0,6,34,0.41,3.3,0.74,Moderate
8,7,5.1,80,35,26,82,58.0,3,7,1,4,3,-1.84,2.27,1.34,High
16,1,7.7,62,44,76,166,43.6,4,3,0,16,9,0.32,-4.23,-0.05,Moderate
1,6,7.2,76,37,70,102,53.1,7,8,0,12,20,0.32,3.43,-1.0,Moderate
9,10,4.7,70,28,44,18,42.4,5,7,1,7,12,-1.34,-3.89,2.5,Moderate
3,2,9.0,80,30,26,88,55.8,2,7,1,7,59,-1.59,1.5,-0.53,Low
21,8,7.9,79,42,37,51,42.3,2,4,1,2,41,-0.28,-1.75,-1.0,Moderate
9,5,6.5,78,42,79,155,50.4,7,2,1,4,47,0.59,0.13,1.24,Moderate
18,3,6.5,78,78,16,4,62.2,3,8,0,14,59,-0.44,5.42,3.13,Moderate
12,13,7.3,62,39,149,115,54.0,3,2,2,9,12,3.88,-0.39,-0.87,High
1,21,7.7,82,35,82,59,45.9,3,4,1,3,150,0.52,0.07,-1.0,Moderate
7,2,6.6,84,44,48,46,57.2,4,3,4,10,7,1.27,8.2,0.77,High
5,17,5.9,79,33,100,58,51.1,2,13,0,6,65,1.88,2.26,3.39,High
3,3,6.8,58,12,58,7,35.2,1,12,2,6,75,-0.24,-3.26,-0.31,Low
8,2,7.0,82,51,19,55,46.7,4,6,0,12,22,-0.99,3.76,0.45,Low
9,8,5.9,81,35,67,57,53.3,2,1,3,6,90,1.79,1.61,1.15,High
21,5,7.4,65,34,30,131,43.1,4,2,1,11,106,0.63,-1.84,-1.0,Moderate
9,4,6.6,81,53,23,26,35.7,3,4,0,2,39,-1.55,-4.39,0.49,Low
2,3,6.9,73,39,4,71,46.6,3,21,1,7,72,-1.25,-0.64,1.59,Low
14,3,5.5,61,46,35,93,50.9,3,5,2,2,51,-0.31,1.12,2.51,Moderate
2,11,6.9,82,53,84,84,55.4,1,1,0,14,52,0.45,-0.6,0.86,Moderate
4,3,8.4,83,20,34,92,48.3,0,4,0,0,116,-0.52,-1.22,-1.0,Low
9,8,6.3,74,28,71,120,51.8,1,3,0,5,92,1.25,0.02,0.96,Moderate
7,4,8.4,64,37,17,27,56.2,3,20,0,3,23,-1.8,10.0,1.64,Moderate
2,8,6.9,73,43,180,84,40.8,5,4,0,4,34,5.74,-3.13,-1.0,Low
17,6,7.5,71,27,35,44,38.7,3,2,1,6,39,-1.08,-7.56,-1.0,Low
3,16,6.2,88,48,27,39,48.1,0,15,1,8,51,-0.8,2.74,1.24,Moderate
9,4,6.8,84,49,50,52,41.0,5,13,2,5,92,-0.64,0.63,0.92,Moderate
4,2,5.0,63,46,180,167,48.5,3,3,2,19,40,5.54,3.09,2.93,High
1,9,8.5,71,36,52,47,35.0,1,17,0,3,180,1.19,-7.07,-1.0,Low
6,2,5.4,76,25,18,54,44.6,0,4,1,4,88,-0.09,-1.93,1.99,Low
2,1,6.9,87,39,34,100,49.7,1,3,0,6,107,0.0,1.97,0.92,Low
3,3,8.1,79,39,93,34,42.2,5,15,0,17,65,1.67,-0.98,0.02,Low
4,5,6.3,76,39,85,88,56.3,1,2,1,1,30,2.16,-1.99,0.92,Low
9,2,6.8,86,33,88,91,65.7,3,9,1,15,13,2.47,9.67,1.52,High
10,8,6.6,78,24,73,83,47.5,2,9,0,14,98,1.34,5.62,1.05,High
13,5,7.1,85,32,77,10,53.7,3,3,1,12,35,1.81,-0.09,-0.43,Moderate
6,3,6.4,78,42,160,126,39.2,2,5,1,11,102,5.05,-0.3,0.21,Moderate
6,6,7.3,65,33,108,46,39.5,3,2,0,2,56,1.61,-4.42,-0.73,Low
2,4,7.2,94,45,113,54,43.8,1,2,1,6,18,2.04,-4.81,-0.21,Low
5,16,6.9,77,39,49,98,43.5,1,15,1,4,65,-1.01,-1.55,2.36,Moderate
15,2,7.4,67,17,107,31,53.9,3,13,0,20,23,4.03,0.62,0.76,High
2,2,5.8,70,35,32,51,51.4,0,5,1,3,40,-0.59,5.47,1.98,Low
4,1,6.0,64,48,15,78,39.3,1,3,1,5,11,-2.06,-4.02,0.15,Low
13,10,6.6,72,12,121,103,51.1,3,5,2,10,9,3.98,1.4,-0.13,High
4,11,4.4,91,40,44,61,50.6,1,5,0,2,104,0.8,2.33,1.87,Moderate
9,1,6.2,68,33,158,22,63.0,4,3,0,1,87,3.42,9.04,2.64,High
13,2,5.7,86,66,94,134,43.5,3,4,1,18,51,2.44,-2.66,1.49,Moderate
3,5,5.4,62,53,20,73,45.7,3,9,0,12,112,-1.28,-1.9,2.05,Low
9,4,6.1,93,43,22,40,41.6,4,2,0,4,180,0.14,-2.57,-0.16,Low
9,7,6.9,82,46,68,32,47.4,1,5,0,5,47,1.25,3.34,-0.31,Low
8,21,7.7,74,49,167,168,41.7,4,8,1,6,42,4.92,-2.45,-1.0,High
14,7,6.1,90,67,40,62,47.2,3,2,1,1,75,-0.04,-1.9,0.02,Moderate
15,2,7.4,76,61,113,62,47.3,1,1,2,5,133,2.96,2.6,-1.0,Moderate
5,14,8.1,59,54,25,22,47.3,3,8,4,7,8,-2.12,1.46,-1.0,Moderate
4,8,7.3,82,22,46,98,50.2,1,0,0,16,121,-0.73,-1.92,0.47,Low
4,16,7.7,74,26,15,66,45.5,3,5,0,4,51,-2.11,-1.76,-1.0,Moderate
4,14,7.1,71,41,65,17,40.6,4,6,1,4,110,0.65,-4.98,-0.28,Low
2,2,6.7,60,52,68,30,46.5,3,8,0,6,60,-0.1,0.53,1.39,Low
23,2,8.3,80,54,149,151,53.9,5,19,0,7,50,5.07,4.29,1.13,High
5,8,7.7,81,40,61,51,47.5,2,21,1,14,180,2.12,5.33,1.86,High
7,2,7.5,77,50,10,56,50.0,3,7,0,3,51,0.16,4.89,-1.0,Low
1,7,7.7,69,48,68,30,45.4,5,6,1,11,79,0.66,-0.76,-0.03,Low
10,2,6.5,75,49,80,64,40.6,5,7,2,4,131,0.76,-0.7,0.48,Moderate
7,5,5.6,75,50,21,107,45.1,3,7,0,13,52,-0.55,1.62,1.62,Low
10,1,7.7,76,49,37,86,56.5,4,6,2,1,67,-1.13,2.56,-0.74,Moderate
15,6,6.6,61,46,37,99,35.0,1,6,2,4,96,-0.31,-9.63,-0.49,Moderate
12,4,4.5,63,49,79,30,39.3,4,8,2,15,92,1.69,-5.45,2.82,Moderate
6,8,6.7,75,57,15,34,53.6,4,3,0,5,52,-1.12,3.42,-1.0,Low
5,16,5.8,71,23,41,34,49.2,3,17,0,8,51,0.28,3.59,3.6,High
5,5,6.9,70,25,128,86,52.3,6,2,2,7,62,3.49,0.14,0.29,Moderate
7,8,5.5,68,43,33,97,44.7,3,2,2,10,80,-1.07,-3.09,2.22,Moderate
7,4,7.3,75,52,47,44,49.8,5,10,1,10,112,-0.04,3.28,-0.32,Low
2,1,7.7,78,48,1,30,69.7,1,7,1,3,110,-0.67,9.31,1.26,Moderate
14,3,5.6,73,40,63,15,49.4,3,5,1,17,156,0.98,-0.86,2.04,Moderate
14,17,7.7,79,40,64,66,53.2,4,13,0,3,62,2.28,6.72,1.42,High
13,15,5.1,74,47,160,51,41.5,6,2,0,13,46,5.42,-4.33,2.03,High
2,7,7.4,78,40,54,26,47.0,3,13,1,10,165,0.07,2.74,1.73,High
27,2,7.6,87,38,22,37,44.7,5,9,3,9,75,-0.99,-0.32,-0.35,Low
5,5,6.6,71,50,106,68,39.5,1,1,1,11,41,2.0,-7.27,1.27,Low
7,8,5.9,87,38,95,96,52.0,1,19,2,5,17,3.06,6.04,3.03,High
6,15,6.4,65,55,52,38,47.2,3,3,1,9,104,-1.59,-3.17,-0.3,Low
2,1,9.0,75,39,44,121,41.4,2,1,2,1,80,-0.28,0.21,-1.0,Low
4,12,6.9,74,38,107,77,40.1,6,2,1,11,20,3.33,-5.73,-1.0,Low
8,2,7.6,71,32,84,27,52.9,1,9,0,12,65,0.68,3.14,0.45,Moderate
5,2,7.2,67,36,52,123,46.5,3,2,1,4,42,-0.46,-9.36,-0.55,Low
3,1,7.8,90,51,41,27,42.6,4,4,0,2,81,0.71,-5.62,-1.0,Low
1,8,6.7,88,42,44,33,46.1,5,5,2,1,33,0.22,-1.39,-0.26,Low
10,1,5.9,66,50,111,118,50.3,1,5,0,4,101,2.42,-0.39,2.04,Moderate
1,11,6.7,65,40,36,63,43.0,3,12,1,7,149,-0.68,-1.48,2.14,Moderate
8,13,5.7,84,51,35,11,48.4,9,2,1,9,138,0.1,-0.71,0.99,Moderate
9,2,7.8,68,32,76,56,45.8,5,10,0,12,17,-0.14,2.86,-0.18,Low
2,1,5.7,65,48,31,19,37.4,5,3,0,6,117,-0.72,-3.96,0.59,Low
4,7,7.3,85,54,15,34,35.0,2,2,1,17,100,-2.09,-8.6,-1.0,Low
1,10,7.9,75,28,59,66,49.3,2,6,0,4,15,0.98,-0.47,-1.0,Low
10,2,6.2,72,38,35,38,43.6,7,6,1,13,92,0.33,-2.9,1.33,Low
3,13,7.1,77,14,77,76,56.1,3,5,1,8,60,1.86,0.5,0.42,High
3,3,6.1,65,40,25,22,35.0,3,9,1,2,78,-1.77,-4.6,0.61,Low
6,8,7.4,75,53,21,68,55.5,3,1,1,9,180,-1.36,-0.16,-1.0,Moderate
9,9,5.6,75,41,19,58,70.0,3,5,1,9,22,-0.05,10.0,3.37,High
12,1,7.7,77,47,84,98,35.0,4,1,0,3,65,1.13,-4.45,-1.0,Low
3,5,6.8,71,38,15,60,41.6,3,8,2,2,134,-1.13,-2.56,-0.07,Low
4,2,6.7,73,64,102,61,55.9,6,3,0,10,97,3.67,2.67,0.94,Moderate
4,4,7.5,55,30,23,109,41.8,1,3,1,14,32,-0.12,-3.87,-1.0,Low
6,6,6.6,78,12,55,25,45.5,2,2,0,5,136,-0.55,-0.81,-0.38,Moderate
3,17,6.2,75,44,57,41,50.3,6,7,1,3,81,0.69,1.25,2.12,Moderate
5,4,9.0,59,47,22,17,50.7,2,2,1,2,20,-0.75,2.17,-1.0,Low
3,5,6.2,70,58,86,26,42.7,1,4,0,14,66,2.48,-3.85,0.8,Low
3,1,4.9,93,38,16,49,35.0,5,3,0,8,72,-0.71,-7.21,1.84,Moderate
10,17,7.7,74,61,69,32,49.6,5,4,1,1,158,0.52,-0.95,-1.0,Moderate
1,2,5.3,89,42,20,20,43.2,5,5,1,3,50,-1.6,-0.19,0.46,Low
17,4,6.1,76,39,65,27,43.5,2,1,1,9,33,0.74,-0.48,0.97,Moderate
4,4,7.8,73,57,84,81,42.6,6,5,1,20,180,1.63,-0.47,0.04,Moderate
2,2,7.4,60,61,42,159,45.1,2,4,0,7,71,0.71,-2.32,0.13,Low
3,3,7.7,66,55,37,21,49.5,4,3,0,17,61,-1.31,3.55,-1.0,Low
22,3,6.7,67,55,101,73,46.3,2,14,1,5,49,3.17,0.15,1.71,High
10,8,6.3,73,46,99,115,60.1,1,6,0,8,10,2.65,7.24,1.78,High
13,19,7.0,68,51,19,61,56.5,4,7,0,9,10,-1.52,6.32,0.21,High
13,11,8.6,68,37,15,23,48.5,2,2,0,2,45,-1.83,2.23,-1.0,Moderate
21,9,4.2,78,31,52,22,42.1,3,4,0,10,50,-0.6,-0.38,4.45,High
25,1,6.2,96,62,165,8,38.2,2,13,1,5,27,5.12,-6.84,0.99,High
2,8,7.1,73,40,39,95,41.4,2,10,0,6,48,-1.01,-5.2,-0.27,Low
5,7,7.6,100,52,69,139,42.4,6,7,0,4,66,1.25,-2.47,1.07,Moderate
6,8,7.0,79,51,60,24,45.8,5,15,1,16,68,0.38,1.67,2.41,Moderate
7,11,5.2,66,39,57,42,57.8,4,8,0,10,40,1.06,6.03,2.37,High
11,2,4.2,80,36,13,170,49.8,6,1,1,7,82,-0.34,4.29,2.82,High
4,2,7.7,74,39,126,33,50.8,6,9,1,4,93,2.94,-3.4,0.26,Moderate
2,1,6.8,82,57,88,84,45.8,3,3,1,4,65,1.49,-0.88,0.65,Low
4,5,6.0,57,32,68,57,44.5,2,5,1,5,47,0.59,-0.06,2.49,Low
2,13,7.0,70,54,14,73,55.5,4,4,2,13,58,-0.15,4.74,0.4,Low
5,2,7.8,77,72,15,44,59.1,2,6,1,6,158,-1.17,0.88,-1.0,Low
17,10,5.1,82,23,180,46,62.0,3,14,1,2,65,4.22,7.69,4.45,High
8,3,5.6,60,28,180,51,54.4,2,4,1,3,30,6.0,-0.58,1.34,Moderate
7,1,7.3,93,55,87,148,36.8,5,3,1,10,44,2.17,-5.48,-1.0,Moderate
3,8,5.3,74,60,82,26,58.5,2,16,0,13,23,2.42,4.45,3.83,High
13,4,6.7,63,41,50,77,66.8,2,8,1,10,48,-1.07,9.39,3.95,High
3,4,6.4,81,52,124,33,41.9,3,2,1,3,138,3.61,-4.12,0.56,Low
0,2,7.3,70,30,32,41,43.4,5,1,0,2,63,-0.49,-2.35,-0.37,Low
6,12,6.7,71,50,95,104,55.2,6,4,1,3,21,1.97,-4.99,-0.34,Moderate
3,2,7.4,82,42,16,40,57.1,4,20,0,6,64,-0.74,8.28,-0.0,Moderate
9,3,7.5,79,55,41,21,37.5,9,3,2,7,180,-0.5,-7.78,-0.12,Moderate
3,6,5.4,65,31,25,64,53.8,1,7,2,10,45,0.18,6.92,2.34,Moderate
9,7,4.9,76,56,10,31,43.0,5,3,1,3,35,-1.67,-1.84,3.1,Moderate
3,15,8.2,65,58,64,62,51.2,2,4,1,1,118,0.69,1.19,-1.0,Moderate
14,10,5.7,81,43,74,112,47.1,4,13,0,7,27,0.87,3.8,2.88,High
8,4,7.6,83,50,14,75,45.3,3,1,1,3,66,-2.5,-2.4,-1.0,Low
15,3,7.4,73,25,50,35,49.3,3,8,1,10,53,0.67,2.19,1.84,Moderate
16,3,6.8,67,31,42,92,44.7,6,3,0,6,31,0.08,-2.82,-1.0,Moderate
8,5,7.6,80,42,8,11,43.7,4,10,0,17,85,-1.83,-0.48,0.09,Low
21,7,6.9,73,38,128,28,46.2,4,16,1,2,44,3.18,0.57,1.86,High
5,3,8.1,79,37,17,12,52.2,2,2,1,1,85,-0.64,3.1,-1.0,Low
2,14,7.4,63,44,28,56,42.3,1,3,0,10,39,-0.19,-1.35,-0.71,Low
13,6,9.0,76,47,41,105,45.3,2,7,3,11,41,-0.52,0.7,-1.0,Low
7,3,6.6,74,61,19,133,58.6,2,11,1,20,134,0.61,7.22,2.72,High
4,3,6.8,78,38,12,70,51.4,3,9,0,6,69,-1.89,4.6,1.09,Moderate
12,5,8.6,88,48,88,60,48.6,1,13,1,2,180,0.57,-1.24,-0.93,Moderate
8,8,6.1,95,39,78,129,35.0,1,15,3,19,54,1.11,-8.3,1.77,High
4,2,6.6,70,46,113,162,59.5,2,15,0,5,57,4.02,7.24,2.64,High
6,2,6.2,68,33,116,180,37.0,2,6,2,1,67,3.46,-4.55,-1.0,Moderate
4,4,5.8,71,30,98,75,49.4,5,5,1,12,140,2.0,-0.49,0.37,Moderate
1,1,6.5,83,52,53,38,40.9,3,8,2,14,23,0.77,-0.45,1.43,Low
3,7,6.7,77,38,76,143,40.4,0,7,1,3,82,0.61,-5.31,-0.11,Low
9,9,6.4,82,36,59,12,48.2,5,3,2,4,50,-0.51,-0.3,-0.56,Low
1,10,9.0,74,40,15,166,38.1,3,6,0,5,55,0.07,-5.4,-1.0,Low
6,3,7.8,88,26,121,80,57.6,1,8,1,10,91,2.17,2.21,-0.59,Moderate
8,1,6.6,90,56,55,56,35.0,3,1,1,15,74,0.44,-1.65,-0.87,Low
5,2,7.0,74,58,27,101,43.1,5,19,1,3,170,0.1,-0.01,2.39,Moderate
11,11,6.0,76,42,151,58,42.0,4,4,1,5,31,4.93,-1.46,-0.45,High
5,8,5.9,63,49,59,32,48.6,3,1,1,9,180,-0.55,1.76,-0.21,Moderate
13,6,7.1,74,64,57,70,39.0,3,7,1,5,66,0.89,0.14,-0.66,Moderate
3,7,6.4,79,57,75,42,44.8,2,6,0,4,145,1.32,1.38,0.53,Moderate
4,4,6.7,57,32,60,35,37.4,1,4,1,3,48,0.81,-2.69,-0.08,Low
3,5,6.1,67,39,28,76,40.6,1,5,0,3,154,-1.59,-2.23,0.32,Low
7,19,6.0,66,49,111,53,45.6,1,9,2,3,48,1.61,3.6,2.56,High
6,0,7.1,70,39,103,68,52.2,5,13,0,16,25,1.82,2.71,1.14,Moderate
11,2,6.2,62,24,1,49,41.9,3,8,2,8,32,-2.5,-0.28,1.62,Moderate
7,3,8.1,61,29,22,100,53.0,4,2,1,9,40,-2.16,0.93,-0.77,Moderate
5,5,7.6,63,51,131,48,49.2,4,1,1,14,22,2.55,-4.02,-1.0,Moderate
5,3,7.1,70,52,41,180,58.5,5,5,2,20,18,0.27,7.33,0.77,Moderate
2,4,5.3,68,44,145,85,40.0,4,4,1,6,51,4.15,-3.25,1.75,Moderate
3,3,7.8,75,27,47,21,38.7,4,3,0,1,48,-0.28,-8.25,-1.0,Low
15,4,5.3,87,61,25,65,47.1,5,3,0,20,46,-1.41,-1.49,0.79,Moderate
2,5,7.2,58,45,23,180,44.8,5,3,0,9,67,-2.5,-3.75,-1.0,Low
1,5,5.3,79,47,104,9,44.6,1,3,2,5,128,2.89,2.46,2.53,Low
7,3,6.8,89,57,82,3,50.9,3,13,0,8,155,0.66,2.5,0.95,Moderate
1,3,6.4,67,38,68,29,52.6,2,2,1,18,42,0.45,1.99,-0.13,Low
8,4,7.0,67,19,75,25,37.3,6,9,1,6,22,0.95,-2.15,-0.05,Low
22,4,6.3,77,24,14,90,43.2,2,5,3,7,131,-0.8,-0.34,-0.18,Moderate
6,7,6.5,83,43,51,178,35.0,3,8,1,15,11,-0.58,-10.0,1.2,Moderate
7,6,7.6,69,53,128,29,57.1,6,8,1,10,134,2.44,-1.63,0.5,High
27,10,6.8,66,54,35,40,60.0,2,3,0,1,31,1.5,4.23,-0.05,High
3,15,6.8,65,41,154,32,49.6,3,6,0,3,30,2.84,-0.37,0.45,Moderate
14,3,8.1,83,62,128,40,48.7,1,5,1,2,153,5.32,0.86,-0.44,Moderate
3,9,6.7,70,28,92,85,48.7,0,8,1,3,17,2.69,-5.57,0.49,Moderate
21,7,6.2,76,39,48,106,46.8,6,5,1,1,11,0.62,1.57,0.98,Moderate
4,11,6.4,67,37,84,11,64.2,3,12,1,8,12,2.02,7.8,2.29,High
6,14,7.1,70,28,70,69,58.3,2,8,0,1,39,1.77,3.19,2.65,High
5,5,7.6,77,39,35,156,41.4,6,9,3,13,29,0.19,-1.2,-0.78,Moderate
16,8,5.9,71,47,88,32,54.9,4,8,0,2,37,1.89,5.98,1.81,High
6,0,6.2,73,33,37,106,55.4,1,7,1,3,100,-0.85,-0.51,1.29,Low
13,1,6.0,69,38,32,18,58.6,2,9,0,5,78,0.33,5.42,1.98,High
9,5,7.9,84,37,11,60,50.7,1,4,1,4,64,-0.98,-0.79,-0.05,Low
13,1,5.9,87,32,91,91,35.0,4,3,1,3,133,2.35,-8.41,1.17,Moderate
8,2,6.4,80,35,79,45,52.1,2,5,1,7,35,1.48,1.91,1.92,Moderate
10,11,6.8,83,61,46,139,60.9,2,9,2,3,17,-0.38,10.0,0.96,High
2,6,5.6,76,72,46,80,45.9,5,9,1,5,102,-0.86,2.0,2.61,Low
5,5,7.1,85,42,58,47,43.9,5,19,0,3,85,1.62,-0.14,1.49,Moderate
5,5,6.3,84,69,39,73,45.4,4,2,4,10,36,-1.47,-1.1,-1.0,Low
9,2,7.3,83,61,141,111,50.3,4,3,0,6,60,2.87,2.82,-0.23,Moderate
15,2,7.5,77,53,93,18,48.8,3,9,2,8,112,2.16,3.4,-0.15,Moderate
7,6,6.4,61,47,68,66,45.0,5,6,2,7,54,0.92,-3.15,0.88,Low
14,1,7.4,81,28,92,102,58.5,6,4,1,10,60,3.13,3.45,0.28,High
4,1,7.1,70,52,38,56,57.0,3,5,1,2,180,-0.11,4.25,-0.87,Low
21,16,5.7,75,44,64,60,48.6,1,2,2,6,121,-0.17,-1.35,1.19,High
6,4,7.8,75,40,60,122,39.5,1,1,1,8,100,0.13,-5.11,-1.0,Low
3,6,6.3,69,44,98,51,47.0,4,19,1,19,22,3.38,-0.41,3.08,Moderate
2,2,6.7,79,33,174,53,41.1,4,4,1,2,59,4.83,-5.37,0.37,Low
6,2,6.1,75,33,65,5,53.2,3,10,1,9,65,1.46,1.27,1.98,Low
10,4,7.6,77,50,50,24,48.2,5,1,0,4,123,0.47,-1.81,-0.75,Moderate
0,13,8.1,81,35,123,71,58.2,2,6,3,11,86,2.99,1.65,0.86,High
9,7,7.6,61,42,133,17,44.3,1,10,1,1,57,3.4,-1.88,-0.35,Moderate
18,5,7.8,63,26,27,176,49.8,4,7,2,16,54,-2.41,-2.49,-0.09,High
13,2,5.9,73,43,65,46,47.9,1,3,1,2,58,0.89,0.42,1.61,Moderate
2,4,7.5,64,38,23,57,52.6,2,3,1,10,67,-1.05,0.46,-1.0,Low
1,9,8.6,86,34,34,99,50.4,6,11,0,16,111,-1.02,2.77,0.02,Moderate
3,5,6.7,60,17,59,91,54.5,2,12,1,14,44,1.04,4.13,0.09,Moderate
21,4,6.7,59,34,52,113,51.0,2,5,0,9,91,-0.06,-0.24,2.17,Moderate
7,7,5.1,92,25,15,61,49.5,6,9,1,6,180,-1.19,-0.68,2.74,High
5,4,6.8,69,48,4,99,56.5,4,10,1,9,174,0.01,4.95,1.94,High
6,1,5.6,78,39,26,69,37.5,2,3,0,7,35,-1.22,-1.93,1.98,Low
8,1,7.3,69,55,21,180,37.1,1,7,1,6,71,-1.31,-3.99,-1.0,Low
3,13,7.6,67,56,57,43,42.2,9,2,2,1,180,-0.07,-0.73,-1.0,Low
10,4,7.4,89,42,127,4,49.9,5,2,1,6,104,4.18,1.19,1.21,High
19,1,6.1,83,46,111,76,35.0,4,7,2,20,14,2.48,-3.38,-0.09,Moderate
3,1,6.7,71,23,101,126,50.9,5,8,2,10,83,1.35,0.81,1.67,Moderate
8,3,6.4,77,51,63,34,44.5,2,5,0,3,93,0.42,5.85,-0.95,Low
7,3,6.2,77,49,41,46,55.8,2,13,0,11,23,-1.37,3.6,3.58,Moderate
2,7,6.2,87,57,74,59,50.1,5,3,1,3,50,1.38,6.09,0.82,Moderate
4,18,5.8,66,37,87,107,53.8,6,15,1,6,42,2.3,-0.69,3.77,High
6,11,7.4,69,47,15,104,53.0,1,13,0,14,178,-1.18,3.13,0.59,Moderate
7,12,5.6,76,43,84,104,56.2,4,2,1,6,60,2.78,6.48,2.64,High
4,16,7.6,67,49,180,39,64.1,5,2,2,7,85,5.04,1.75,-0.32,High
4,3,7.3,61,43,33,94,37.2,6,10,0,16,30,-1.63,-7.08,-1.0,Low
16,1,7.3,70,43,180,101,48.4,4,10,0,6,111,3.97,-3.27,0.29,Moderate
4,9,6.0,55,56,63,18,50.7,2,2,0,5,47,-0.25,-2.68,0.74,Low
7,2,5.9,78,40,35,85,41.3,5,4,0,6,73,-0.24,-4.85,1.05,Low
6,15,7.2,88,45,68,26,46.4,2,1,2,12,100,0.79,0.85,0.09,High
13,6,6.9,62,43,53,59,36.1,2,3,2,7,90,-0.17,-3.61,-0.88,Low
2,3,6.2,75,45,82,80,46.3,1,9,0,13,45,1.58,-1.89,1.74,Low
9,5,7.1,61,57,135,124,52.1,2,15,0,12,48,2.73,0.19,1.57,Moderate
3,7,6.4,87,43,180,129,47.8,3,4,0,15,43,5.63,-6.34,1.26,High
7,10,7.0,62,33,113,59,39.6,5,2,1,2,48,3.53,-6.94,1.38,Moderate
2,4,6.5,75,49,33,49,48.0,2,15,1,6,180,0.1,2.88,2.32,Low
22,11,8.0,62,63,35,39,54.7,5,7,1,3,60,-0.27,-5.71,-1.0,High
3,5,8.9,79,60,43,77,36.6,2,4,3,19,88,0.07,-1.76,-1.0,Moderate
4,5,8.6,68,39,39,65,54.8,3,4,1,7,38,-1.91,6.89,-1.0,Low
4,3,6.4,76,37,90,95,36.0,2,8,1,10,55,1.61,-9.95,0.64,Low
7,7,6.9,79,42,51,17,41.0,5,6,0,6,122,0.84,-4.09,-0.34,Low
18,3,5.6,70,50,126,42,40.5,6,3,0,13,43,3.77,-3.24,1.45,Moderate
3,3,6.7,62,18,24,70,39.9,3,5,1,7,30,-1.96,-3.86,-0.21,Low
2,16,6.5,84,43,49,110,35.0,1,9,0,2,61,-0.5,-2.01,0.26,Low
12,4,7.9,70,12,90,25,41.8,2,6,0,3,47,4.12,-0.7,-1.0,Moderate
4,2,6.9,71,38,49,110,48.1,4,3,0,7,37,-0.43,-3.43,-0.46,Low
1,5,7.1,72,55,48,48,52.0,5,7,1,4,33,-0.57,-0.09,-0.48,Low
6,4,6.6,63,45,129,84,52.1,3,12,0,5,80,3.82,4.62,1.62,Moderate
12,4,7.0,55,40,14,26,35.0,4,6,2,2,32,-0.51,-4.21,-0.88,Low
16,2,6.2,73,36,50,162,52.2,5,4,1,3,4,-0.65,-3.8,0.69,Moderate
25,2,7.1,80,52,106,42,51.2,3,3,2,1,22,2.61,-3.98,-0.77,High
6,7,6.7,74,30,124,62,41.8,7,21,0,7,56,3.86,3.0,2.06,Moderate
3,5,6.6,68,28,61,147,53.0,3,8,0,1,9,-1.33,-0.2,1.17,Low
3,0,5.2,63,49,36,17,52.6,1,6,2,4,61,-0.13,-2.04,3.07,Low
12,3,6.3,85,41,75,45,48.1,4,8,2,4,77,2.73,4.42,0.05,Moderate
6,4,6.8,86,35,37,5,53.8,2,5,1,4,85,-1.04,-0.51,1.37,Low
12,9,7.6,81,52,25,16,37.3,2,6,1,4,61,-0.86,-2.02,-0.78,Moderate
4,5,5.2,69,44,61,103,50.5,4,4,1,11,93,1.01,1.15,2.28,Moderate
3,3,6.8,80,28,44,28,43.1,2,7,0,8,37,-0.09,0.13,0.88,Low
4,5,6.8,65,46,49,28,46.5,2,8,0,6,80,-0.39,0.11,-0.51,Low
6,9,6.6,75,56,45,41,50.0,3,6,0,6,141,0.44,7.1,1.19,Moderate
15,3,6.8,64,32,124,34,48.6,3,9,1,4,63,3.26,-2.81,0.93,Moderate
14,3,6.6,84,45,32,46,47.0,4,5,1,8,103,-0.87,-2.12,2.25,Moderate
6,8,5.4,71,47,30,62,48.4,6,5,2,5,180,-1.71,-5.06,1.68,Moderate
2,4,6.8,67,54,64,99,46.6,2,6,0,1,32,1.21,-2.47,0.35,Low
20,4,7.3,76,35,106,11,54.4,1,12,0,2,84,3.05,2.38,1.96,High
9,5,6.1,71,27,29,3,40.6,3,8,0,4,89,-2.05,-3.89,0.31,Low
2,1,5.6,92,28,103,65,69.0,9,1,1,3,180,2.16,5.07,3.36,High
8,5,7.8,90,34,61,20,64.6,1,6,1,10,30,0.68,8.33,-0.71,High
6,21,4.8,64,12,81,53,46.0,4,3,0,20,113,2.21,-2.22,3.34,High
14,1,5.5,76,67,180,16,47.3,3,2,0,7,180,5.39,1.09,1.54,High
7,1,6.8,74,49,174,56,51.7,1,14,0,2,44,4.7,-0.19,1.99,Moderate
9,4,6.5,88,43,69,89,46.6,3,6,2,3,50,2.08,4.04,2.95,Moderate
21,3,6.2,76,49,92,49,52.4,1,2,0,14,130,1.4,2.84,1.28,High
2,5,7.7,67,61,81,32,49.3,5,7,1,7,127,0.61,4.77,1.51,Moderate
8,8,8.2,67,48,108,33,45.8,3,3,1,2,98,1.07,-4.91,-1.0,Moderate
10,4,7.6,78,45,119,71,66.1,2,17,0,17,31,3.42,10.0,3.68,High
5,3,5.2,64,64,16,41,45.0,1,5,1,15,180,-1.48,-2.5,2.17,Low
4,2,6.7,82,50,36,111,41.8,5,10,1,12,29,-0.26,-1.92,-0.1,Low
4,2,7.1,71,43,52,20,55.8,5,4,0,12,71,0.62,0.33,-1.0,Low
4,1,6.3,66,42,76,97,51.5,2,3,0,7,39,1.1,3.37,1.35,Low
3,10,6.7,90,39,122,70,51.1,5,8,2,3,48,3.22,1.02,0.33,Moderate
4,5,7.0,55,23,71,18,39.7,2,12,0,3,37,1.53,-0.49,-0.6,Low
2,1,5.1,56,44,35,41,48.1,7,15,1,7,81,0.94,-0.4,3.21,Moderate
6,5,7.7,69,55,84,29,49.0,5,10,0,7,55,1.58,2.12,-0.23,Moderate
5,1,6.9,76,41,44,93,51.9,1,5,1,3,35,0.48,5.32,-0.52,Low
2,4,5.2,73,50,136,75,49.4,2,0,0,3,27,3.38,5.36,1.04,Moderate
11,4,6.0,82,48,31,74,38.1,2,11,0,4,109,-0.07,0.06,2.42,Low
15,9,6.6,61,54,42,51,44.2,4,12,0,8,38,-0.51,-3.35,0.31,Low
4,3,6.1,66,48,122,55,47.1,2,4,3,13,41,3.24,0.13,2.61,Moderate
4,21,7.5,79,48,72,128,57.1,2,5,0,4,52,1.8,3.37,0.66,High
5,9,6.3,86,33,61,45,42.0,1,17,0,12,73,0.87,0.95,0.84,Moderate
9,2,7.5,76,66,47,106,43.1,3,6,0,5,13,0.37,-1.1,-0.45,Low
9,5,6.1,60,33,39,50,56.4,2,3,2,14,104,0.36,7.82,1.24,High
12,14,6.3,76,29,66,58,41.0,1,4,0,20,108,1.03,0.04,2.04,Moderate
9,5,6.9,67,54,19,90,59.2,4,9,0,4,89,-1.42,9.42,0.89,High
3,10,5.5,69,58,127,63,52.0,4,9,2,20,148,3.44,1.89,2.43,High
2,9,6.1,67,66,66,58,42.2,2,4,1,9,68,0.61,-4.47,0.14,Low
3,9,6.8,88,60,41,31,44.5,3,19,0,7,35,0.6,-1.63,2.66,Moderate
7,4,6.6,83,34,35,103,49.7,7,2,2,8,107,0.73,2.76,-0.75,Moderate
12,5,6.6,70,19,39,180,44.5,2,9,0,6,43,-1.94,-0.8,1.24,Moderate
3,5,6.2,81,51,20,28,47.1,3,21,2,5,137,-0.97,1.44,3.44,Moderate
6,1,7.0,83,51,36,33,44.0,4,5,1,15,13,-0.21,-3.81,0.53,Low
9,1,6.0,55,36,92,180,60.7,2,7,3,9,60,1.76,3.53,2.28,High
3,6,7.6,66,59,37,92,35.0,5,2,1,11,11,0.71,-8.17,-1.0,Low
3,1,5.7,66,35,28,95,51.7,3,7,1,14,71,-0.86,2.81,1.81,Moderate
4,9,5.4,77,40,79,73,41.8,5,2,0,9,55,1.02,-3.58,1.97,Low
3,6,6.6,61,47,19,39,51.2,4,14,0,12,80,-1.86,2.76,2.61,Low
8,7,7.1,83,60,133,90,51.8,1,7,0,3,98,2.91,0.46,0.45,Moderate
15,1,6.2,66,51,114,43,51.4,2,3,0,6,135,2.78,3.11,0.39,Moderate
10,2,7.9,75,42,88,66,38.3,1,3,0,1,31,1.36,-3.81,-1.0,Low
4,3,7.4,80,55,11,46,41.4,4,3,4,8,78,-1.28,-6.54,-0.58,Low
5,8,6.1,69,45,11,27,44.8,7,21,2,1,23,-2.5,2.84,3.34,Moderate
6,10,6.7,62,31,41,106,56.4,2,2,0,4,61,-1.03,4.29,0.5,Moderate
13,1,7.8,68,79,49,117,45.7,2,5,1,9,49,0.92,-0.28,-0.43,Low
4,7,6.3,80,37,12,62,40.1,1,7,1,4,105,-1.21,-3.55,-0.83,Low
12,9,6.6,79,42,20,54,41.6,0,9,0,8,180,-0.05,-2.3,0.35,Moderate
6,1,6.7,58,42,38,70,39.9,6,2,1,17,82,-0.18,-4.14,0.11,Low
7,3,7.9,69,30,116,29,38.1,3,7,0,5,50,4.02,-3.92,-1.0,Moderate
16,3,7.0,63,71,34,180,52.9,3,15,0,18,112,-0.99,0.56,2.39,High
8,4,7.2,71,50,28,72,48.1,2,11,0,7,50,-1.12,9.43,0.12,Moderate
4,6,6.8,60,44,56,19,57.6,5,3,0,6,79,1.37,7.81,1.68,Moderate
8,8,5.8,99,42,77,139,55.8,6,12,0,1,52,2.55,6.87,2.68,High
6,6,7.7,86,38,34,40,59.1,4,4,1,10,10,-0.35,5.55,0.81,Moderate
3,4,7.6,76,48,95,113,52.2,4,3,1,5,90,1.47,7.35,0.02,Moderate
3,3,7.3,69,32,47,151,55.2,4,10,0,0,36,0.6,0.13,-0.86,Low
2,6,8.2,94,68,158,39,61.4,2,5,1,9,65,5.35,5.23,-1.0,High
2,1,6.9,66,29,54,29,50.3,4,3,0,6,22,-0.12,1.09,-0.19,Low
4,3,6.4,73,42,63,35,47.9,3,6,1,6,36,-0.36,0.14,1.71,Low
3,10,6.6,84,48,66,29,47.4,1,1,0,18,29,-0.02,-0.32,-0.8,Low
6,10,7.0,58,46,18,22,42.1,5,3,1,1,27,-1.39,-2.9,-0.05,Low
0,11,8.4,64,51,9,67,46.7,7,7,1,7,120,-0.19,1.35,-1.0,Low
4,12,8.2,88,34,66,17,39.9,3,10,0,5,120,0.65,-3.92,-1.0,Low
3,2,5.7,83,25,180,30,52.6,1,3,0,4,166,6.0,-0.16,0.94,Moderate
2,4,6.6,76,39,90,40,35.0,2,3,1,1,92,1.1,-5.4,-0.14,Low
2,3,7.4,68,51,22,40,50.3,3,5,1,8,53,0.77,-1.23,-0.9,Low
8,6,6.8,80,44,76,50,49.0,3,6,2,12,13,1.06,5.23,-0.33,Moderate
2,12,6.9,62,45,78,19,62.4,3,2,0,2,180,0.96,5.12,1.14,Moderate
4,5,5.7,67,63,88,16,41.1,0,8,0,4,71,2.53,-0.49,1.24,Low
7,11,7.1,77,25,14,97,60.7,3,6,2,8,180,-0.58,6.63,1.86,High
4,5,7.0,90,50,76,123,48.0,3,3,1,10,48,1.76,0.36,0.96,Moderate
9,17,7.2,66,50,56,157,59.9,7,8,0,3,14,0.7,3.48,1.72,High
2,1,6.0,74,34,48,77,61.5,3,5,1,18,69,-0.54,4.63,2.16,Moderate
11,4,6.6,71,56,62,20,45.2,5,3,1,11,66,-0.02,0.62,0.69,Low
5,11,7.4,69,23,110,180,35.0,5,16,2,11,34,3.77,-2.31,0.43,High
3,5,7.4,75,49,55,59,47.7,7,4,0,9,39,-0.04,-2.69,-0.07,Low
9,2,7.6,63,44,75,87,35.0,2,4,0,5,180,0.49,-2.07,-1.0,Low
1,7,5.9,74,64,114,52,48.3,0,10,0,16,11,2.93,-1.27,2.89,Moderate
13,4,6.2,75,55,78,29,67.9,4,4,1,5,14,1.71,8.52,2.57,High
12,4,7.8,79,36,129,19,56.6,3,7,0,12,115,4.43,5.32,0.1,High
5,2,6.6,71,36,78,180,44.4,3,4,3,10,27,1.96,-0.93,1.14,Moderate
10,2,4.6,67,42,30,29,46.6,8,9,1,3,47,-1.74,-1.98,4.35,Moderate
2,3,7.1,72,41,66,36,44.2,6,8,0,6,1,1.36,0.73,-0.12,Low
10,2,6.6,57,60,36,42,51.4,4,12,1,7,25,-1.0,-0.52,1.37,Low
9,2,6.9,87,29,82,97,35.0,4,18,1,11,59,1.79,-2.49,1.98,Moderate
5,9,6.7,75,54,177,15,52.7,2,14,0,5,19,5.44,5.13,2.88,High
9,1,7.0,93,35,74,110,58.0,3,9,1,6,107,0.48,4.16,0.85,Moderate
2,3,6.8,76,50,47,3,57.6,5,4,0,8,180,-0.93,-0.22,2.61,Moderate
3,5,5.6,67,46,46,123,49.1,1,6,0,1,43,0.98,0.97,0.97,Low
2,5,5.6,70,13,140,111,43.2,3,5,1,7,80,3.59,-4.02,1.6,Moderate
7,5,8.9,65,63,87,55,46.5,0,13,1,0,41,2.13,0.72,-1.0,Low
3,1,5.7,86,39,50,65,52.4,4,6,0,3,45,0.18,0.16,1.74,Low
11,12,4.5,68,36,15,5,43.6,1,3,4,7,80,1.49,-2.59,3.35,Moderate
13,8,7.0,61,50,30,117,36.2,1,9,2,13,46,-0.35,-3.64,0.99,Moderate
10,2,6.8,82,49,25,47,51.1,4,2,1,2,36,0.37,1.58,-0.26,Moderate
12,4,8.0,91,54,75,55,50.7,4,8,2,2,48,0.66,1.74,0.1,Moderate
6,7,7.2,70,69,52,8,38.8,8,11,0,7,14,0.02,-2.57,-0.45,Low
4,3,5.6,83,43,41,46,47.9,3,3,2,16,34,0.14,3.58,1.34,Low
7,3,7.3,67,59,23,52,47.3,4,11,0,11,21,-0.72,-1.36,0.92,Low
5,7,6.8,73,18,61,71,47.3,2,4,0,9,30,1.27,-0.27,0.43,Moderate
7,3,7.4,85,48,146,65,45.5,0,7,1,3,32,4.97,-4.73,0.42,Moderate
3,6,7.6,76,49,85,156,46.4,2,17,0,2,13,2.63,-0.26,0.08,Moderate
10,12,5.9,71,50,21,95,51.9,4,3,3,16,20,1.11,4.53,2.11,High
7,7,6.3,75,33,22,10,43.6,3,1,1,19,22,-0.37,-1.26,2.41,Low
5,9,7.2,77,41,90,9,64.8,4,12,0,8,142,2.53,10.0,1.57,High
18,2,6.6,72,34,180,105,54.2,4,9,2,12,88,3.44,3.14,2.29,High
5,11,6.2,73,49,111,79,51.9,3,8,0,6,158,1.36,0.79,2.78,High
6,7,7.3,68,49,71,136,41.3,5,6,0,13,38,0.46,-3.18,-1.0,Low
5,5,7.7,93,49,75,31,45.9,6,3,3,2,36,3.43,3.22,-1.0,Moderate
8,2,6.1,66,38,60,69,43.0,0,2,0,5,85,-1.21,-1.87,0.25,Low
11,4,6.8,88,55,78,173,54.8,3,6,0,3,12,3.07,4.49,1.33,Moderate
4,11,6.4,62,49,6,36,50.1,6,2,0,17,26,-2.34,1.74,1.6,Moderate
8,6,5.7,60,45,14,58,54.5,1,4,2,4,94,-2.34,3.89,1.3,Moderate
8,15,7.1,68,68,26,46,41.2,3,16,1,13,110,-1.1,-3.3,0.51,Moderate
11,1,7.2,67,50,107,135,46.0,2,5,1,14,97,2.81,-3.1,-1.0,Moderate
10,3,6.2,74,56,81,20,41.4,6,3,0,20,33,1.24,-0.06,0.58,Moderate
10,3,6.1,58,52,19,95,43.5,0,2,1,7,73,-0.68,1.29,0.49,Moderate
3,6,7.6,93,48,116,62,42.3,7,6,3,3,138,1.86,-1.56,0.01,Low
5,6,5.3,78,69,91,74,47.2,5,3,0,5,180,1.74,-0.17,0.23,Moderate
7,5,6.7,63,56,72,56,56.4,2,7,1,2,61,1.3,2.57,0.56,Moderate
2,4,5.7,77,44,35,83,46.8,3,11,1,17,95,-1.43,-0.29,1.93,Low
15,8,6.0,75,54,180,180,54.5,3,4,1,15,37,3.97,5.93,1.89,High
1,9,6.8,71,28,35,100,53.3,5,3,2,6,8,0.12,1.02,0.09,Moderate
2,0,8.1,60,48,6,44,47.4,5,12,0,4,39,-1.68,1.75,-0.23,Low
7,1,6.6,64,41,131,54,49.6,4,3,0,11,126,4.36,2.41,-0.59,Moderate
3,4,7.4,84,34,112,99,51.6,5,4,0,3,47,2.79,0.67,-0.66,Moderate
7,6,7.6,60,47,109,83,68.0,6,4,1,15,53,2.53,8.48,-0.87,High
11,2,6.2,80,62,31,94,53.5,5,4,0,6,3,-0.05,0.93,0.34,Moderate
6,5,6.0,71,34,57,71,40.6,0,11,1,1,96,-2.29,-2.48,3.09,Low
5,1,7.2,71,39,67,58,42.9,2,2,2,4,121,0.23,-3.97,-1.0,Low
5,3,6.6,67,37,42,168,48.8,1,14,1,20,33,-0.37,0.8,1.68,Moderate
5,5,6.8,65,43,103,60,59.7,0,6,0,20,49,2.92,5.82,0.19,Moderate
5,8,6.5,86,43,29,61,43.1,2,0,0,9,77,1.09,-5.85,-0.0,Low
13,3,7.3,71,49,72,101,54.8,3,19,0,6,16,-0.4,6.35,2.82,High
5,6,6.7,79,51,70,87,42.6,2,5,1,7,12,0.69,-0.38,0.26,Low
8,4,7.8,63,13,180,19,56.7,3,5,0,12,61,5.91,0.81,0.37,High
7,7,6.8,72,60,18,90,46.6,2,4,2,6,180,0.14,1.81,2.1,Moderate
5,7,6.1,91,54,13,22,40.4,4,9,0,2,29,-1.91,-2.17,1.07,Low
16,4,6.7,69,59,180,125,55.8,3,8,1,9,48,6.0,7.78,1.06,High
5,1,6.8,59,52,94,63,48.8,5,6,2,3,146,0.75,-5.33,0.39,Low
14,5,4.7,68,48,11,45,35.0,2,9,2,5,85,-1.56,-6.41,4.7,High
11,9,5.7,58,44,136,22,44.0,4,7,1,5,129,3.52,-2.87,3.52,High
8,11,6.8,89,30,17,50,53.1,2,7,1,2,39,-0.77,4.25,1.31,Moderate
1,6,7.6,68,12,99,40,35.0,4,3,0,19,11,2.65,-7.55,-1.0,Moderate
7,6,6.5,75,22,65,57,45.6,1,6,1,8,91,0.59,2.0,0.3,Low
13,1,6.3,86,45,62,53,53.3,2,7,3,14,164,1.73,0.29,0.58,Moderate
13,1,7.2,70,33,9,13,57.3,5,9,0,3,123,-0.21,2.72,0.57,Moderate
8,11,6.8,70,42,82,67,53.9,1,5,0,7,90,1.48,-0.14,1.94,Moderate
16,5,7.6,82,32,180,29,39.3,1,8,2,15,101,3.38,-5.58,-0.67,High
18,11,8.0,72,41,60,31,35.2,3,4,0,1,43,0.97,-5.57,-1.0,Moderate
3,6,6.0,79,57,77,55,35.0,3,12,0,2,180,1.38,-1.68,2.76,Low
5,3,7.4,66,40,180,35,57.7,1,4,1,20,76,5.42,5.77,1.24,High
5,6,6.7,86,35,74,147,39.4,3,1,0,3,62,-0.18,-7.27,-1.0,Moderate
8,1,7.0,62,49,157,12,51.4,2,4,0,20,68,4.85,2.5,0.43,Moderate
3,9,7.4,78,51,64,36,48.7,1,5,2,7,10,0.46,-5.74,2.41,Low
4,6,6.2,70,47,8,119,43.0,4,9,0,16,21,-1.2,-3.89,1.7,Low
13,2,5.4,81,59,180,62,44.5,2,10,0,11,119,3.93,-1.91,2.61,High
7,11,7.2,70,43,5,99,54.3,2,6,0,12,86,-1.38,3.34,1.29,Moderate
3,3,8.5,77,35,129,56,53.0,4,10,0,20,121,2.54,7.05,-0.72,High
4,2,6.6,68,42,63,145,44.5,3,21,2,9,47,0.5,-6.07,1.0,Low
18,2,6.3,75,35,37,74,47.1,5,10,0,4,52,-1.6,2.13,1.58,Moderate
11,1,5.8,82,39,77,63,50.4,4,16,0,15,89,1.72,2.33,3.12,High
3,5,6.2,74,18,15,11,44.5,8,5,1,11,32,-0.87,-3.41,1.92,Low
11,4,5.8,60,48,44,22,49.1,5,8,1,15,40,1.5,0.95,2.28,Moderate
3,6,5.7,65,50,45,122,53.8,3,21,0,5,21,-0.38,5.54,5.41,High
4,8,5.7,92,48,32,60,37.1,2,5,1,7,13,-1.06,-2.79,1.4,Moderate
7,2,7.3,82,58,33,62,35.0,2,2,1,12,139,-2.03,-5.04,-1.0,Low
16,1,7.9,70,47,76,72,55.0,2,11,0,10,41,0.74,3.29,0.85,Moderate
7,12,7.3,65,64,84,105,42.9,5,3,1,4,61,0.51,-3.28,0.1,Moderate
8,18,8.0,68,51,83,16,36.7,5,3,1,5,9,2.21,-8.06,-1.0,Moderate
1,2,6.5,81,44,18,33,50.4,2,3,0,1,40,-0.09,2.1,0.91,Low
5,5,8.5,71,50,166,23,45.7,3,9,0,8,87,4.41,-0.8,-1.0,Moderate
1,2,6.6,90,27,51,4,42.6,2,7,0,2,68,1.03,-4.03,-0.14,Low
4,4,6.6,90,37,19,166,57.5,1,4,1,5,158,-0.98,6.25,0.74,Moderate
13,3,6.1,76,46,20,21,47.4,6,10,0,11,23,-0.92,-1.16,2.18,Moderate
6,4,8.3,70,36,50,68,52.1,4,9,0,6,55,0.53,3.31,-0.06,Moderate
16,3,7.2,73,39,29,46,62.2,2,12,1,11,124,-1.13,8.47,0.93,High
6,7,5.3,88,12,75,58,38.2,3,1,0,9,65,1.29,-7.13,1.58,Moderate
6,6,5.4,66,44,19,32,49.5,5,19,0,7,25,-1.98,3.48,3.7,Moderate
2,7,6.1,60,53,14,32,41.7,3,5,1,1,46,-2.41,-6.29,0.47,Low
12,5,8.2,71,36,58,49,40.5,8,10,0,14,39,0.9,-3.08,-1.0,Moderate
11,18,6.8,75,28,32,107,48.0,4,10,1,4,5,-0.32,2.71,-0.31,Moderate
20,10,5.1,72,38,45,79,57.7,2,3,1,10,38,-0.04,1.79,2.59,High
8,6,6.5,79,57,84,14,52.8,1,11,2,2,146,1.44,3.87,2.29,High
1,8,7.0,79,45,81,59,48.8,4,8,1,3,82,0.92,-0.68,0.51,Moderate
14,5,7.6,58,44,31,104,50.4,2,19,2,15,48,-0.3,3.95,1.51,High
11,6,6.0,77,35,167,16,39.2,4,7,0,5,21,5.0,-4.7,0.64,Moderate
6,9,6.2,75,21,111,90,61.8,2,15,1,6,46,1.72,8.16,4.15,High
4,7,6.7,91,71,41,48,37.5,4,3,3,6,37,0.76,-1.67,1.02,Moderate
11,3,6.5,77,37,50,85,45.6,2,13,1,3,89,1.1,0.39,2.11,Moderate
14,4,6.6,77,45,51,158,44.4,6,4,1,17,60,0.29,-1.95,0.84,Moderate
2,10,6.5,76,44,36,25,65.2,0,3,0,10,94,-1.08,6.45,1.19,Moderate
10,0,6.5,87,46,100,27,41.8,3,6,0,7,106,2.32,-1.73,-0.2,Low
2,4,7.2,66,31,34,131,56.0,1,7,2,13,30,-0.16,1.28,1.46,Moderate
20,18,5.5,65,40,180,137,58.9,4,6,3,5,96,6.0,3.13,2.72,High
5,12,7.9,64,51,88,13,40.0,4,9,1,0,90,1.14,-2.99,-0.49,Low
6,7,6.8,83,27,159,23,48.3,0,17,0,12,16,4.06,4.92,2.65,High
9,2,6.1,82,40,48,122,54.4,3,6,0,3,75,0.44,4.35,2.57,Moderate
11,13,7.6,75,53,7,37,50.5,1,7,0,1,40,-1.38,1.06,1.47,Moderate
5,2,7.5,97,42,138,70,56.1,3,5,0,10,8,3.32,8.08,0.75,High
7,5,5.8,82,61,47,73,39.7,2,6,1,7,73,-0.65,-5.83,1.43,Low
2,5,6.5,85,43,111,13,35.0,1,13,1,6,157,1.8,-4.45,0.48,Moderate
5,4,6.4,66,51,24,49,44.1,1,2,0,8,20,-1.31,-1.83,0.6,Low
6,4,6.0,82,40,43,39,56.7,2,7,1,9,33,0.02,4.98,0.11,Low
7,18,6.8,82,21,62,46,46.3,4,13,2,8,13,1.15,-0.32,1.92,High
3,2,6.9,83,35,69,71,48.3,8,2,0,1,82,0.43,4.35,-0.67,Low
7,13,6.6,75,44,24,81,39.9,5,6,0,4,163,-0.74,-1.39,0.39,Low
3,7,6.8,57,48,51,8,39.7,6,14,0,3,87,-0.48,-2.43,1.61,Low
20,2,7.4,80,50,15,20,52.4,1,10,1,2,39,-2.11,3.2,1.87,High
10,13,5.2,67,43,41,9,54.0,3,21,0,3,65,-0.2,4.19,5.1,High
2,8,7.1,82,27,67,118,51.6,3,5,0,3,97,1.95,-0.94,1.36,Low
9,1,7.1,78,24,25,93,44.1,6,4,1,8,38,-0.07,-1.96,-0.3,Low
6,3,7.9,82,33,66,41,45.1,2,5,1,10,52,1.83,-3.28,-1.0,Low
8,10,6.9,75,27,56,180,49.4,4,4,1,11,34,0.03,-2.7,0.52,Moderate
9,4,7.0,76,66,50,53,55.1,6,5,2,3,10,0.16,0.37,2.12,Moderate
7,2,6.6,70,27,44,75,50.6,3,7,1,6,21,-1.03,1.12,1.47,Low
16,18,5.6,68,73,36,38,49.6,5,5,0,5,53,-0.4,-2.31,1.06,High
6,3,6.5,71,39,31,40,35.0,2,9,1,6,26,-2.36,-1.26,0.13,Low
16,8,6.0,71,25,56,55,50.8,3,7,1,3,97,1.08,-0.69,3.4,High
3,3,5.6,57,28,50,28,56.1,2,9,4,20,125,-0.46,5.47,2.92,High
3,10,7.2,76,36,50,84,47.1,4,1,0,17,106,0.41,0.12,-1.0,Low
3,7,8.4,63,52,77,157,53.9,2,12,2,15,37,1.38,-1.41,-0.83,Moderate
2,2,6.1,73,58,83,90,42.2,3,6,0,5,5,0.87,-3.23,1.01,Low
9,8,6.3,70,58,73,59,49.1,5,3,1,16,76,0.3,0.01,1.51,Moderate
8,9,7.6,75,44,93,66,56.2,1,10,1,9,55,2.74,3.75,1.01,High
23,5,6.5,83,44,48,91,43.1,2,16,0,6,20,0.19,1.64,2.79,High
4,1,9.0,82,52,85,43,49.4,1,1,0,9,138,-0.04,-2.97,-1.0,Low
14,2,8.2,63,25,118,96,50.8,6,2,2,10,100,3.48,-0.55,-1.0,High
13,6,6.3,74,57,97,65,54.2,3,9,1,6,60,3.57,4.59,2.85,High
3,4,6.9,75,48,180,37,41.3,2,4,0,5,7,5.42,-4.23,-0.32,Low
7,11,6.6,88,50,118,180,58.1,1,3,0,3,167,3.37,5.86,1.22,High
19,6,6.2,83,49,93,57,51.3,4,1,2,4,145,1.96,-4.09,1.84,High
2,6,6.3,81,39,36,8,47.9,4,1,2,17,12,-0.36,-0.7,2.54,Moderate
12,3,7.1,68,46,151,33,39.6,2,1,1,4,20,3.35,-5.48,0.39,Moderate
10,2,7.8,80,33,20,24,35.0,1,9,2,20,39,-1.79,-6.77,-1.0,Low
6,3,5.7,60,58,98,35,55.5,2,5,0,5,44,2.3,2.13,2.68,Moderate
13,17,7.7,83,23,151,54,49.7,2,4,2,5,129,5.72,-0.48,-0.72,High
4,13,7.8,71,42,50,29,43.0,4,4,1,13,163,0.34,-1.14,-1.0,Low
7,12,6.3,90,44,54,72,60.6,2,11,0,16,47,2.41,4.34,2.93,High
5,1,7.0,70,44,25,32,47.3,2,0,0,12,53,-0.08,1.98,-0.2,Low
14,13,8.5,71,62,119,45,38.9,3,5,0,6,58,2.01,-4.6,-1.0,Moderate
14,3,5.6,64,35,43,154,44.8,3,8,3,4,180,0.44,-1.68,1.16,Moderate
7,2,7.0,63,40,43,82,37.2,4,9,1,8,156,1.01,-2.2,0.45,Low
7,4,6.7,69,54,56,44,37.5,4,6,1,3,80,-0.14,-2.47,0.11,Low
2,3,5.4,75,39,73,17,47.5,6,4,0,20,13,0.94,-3.95,0.89,Low
5,3,7.0,71,38,180,45,35.0,5,9,0,10,8,5.64,-2.79,0.42,Moderate
1,11,5.0,67,30,51,180,70.0,2,9,0,7,50,0.59,10.0,2.77,High
5,20,7.1,79,30,123,126,45.0,9,4,1,3,25,2.86,0.38,0.64,Moderate
5,4,7.5,64,23,13,35,54.2,2,4,2,2,11,0.37,1.95,0.47,Moderate
4,11,7.5,75,29,84,149,51.8,1,6,1,4,65,0.44,4.8,-0.68,High
9,18,5.6,72,41,35,42,44.8,7,15,0,8,110,-0.01,-0.05,1.96,High
1,4,5.4,58,21,22,125,42.1,0,3,1,8,117,-0.7,-3.94,0.96,Low
5,6,8.1,82,49,70,86,65.2,3,6,1,1,180,1.0,9.97,0.72,High
4,2,7.0,85,29,180,63,59.6,6,6,0,14,82,5.51,8.27,-0.24,High
4,5,7.1,71,49,44,45,54.2,4,0,0,3,30,0.03,0.36,-0.09,Low
17,3,5.7,72,35,43,23,46.0,4,5,1,3,21,-1.19,0.57,0.1,Moderate
6,2,6.6,79,28,48,7,52.7,2,10,0,3,98,1.68,0.25,2.51,Moderate
1,2,6.8,69,52,48,54,54.6,2,4,0,12,180,0.81,2.75,1.82,Moderate
4,20,7.9,73,39,45,132,44.3,0,3,2,5,69,-0.57,-2.57,-1.0,Low
10,8,6.3,78,30,92,39,38.7,9,4,1,6,168,2.07,-2.36,0.8,Moderate
15,2,6.2,78,69,180,14,54.3,4,10,1,20,13,5.4,4.07,2.64,High
8,7,8.4,82,50,42,27,57.4,2,6,0,8,50,-1.08,4.13,-0.22,Low
13,3,8.1,70,43,43,34,49.2,4,17,0,6,106,-0.16,3.12,0.97,Moderate
6,1,8.4,71,34,102,126,42.1,2,4,0,6,64,2.82,-6.37,-1.0,Low
1,9,7.3,74,59,56,54,46.2,2,5,1,4,89,0.28,-1.32,-1.0,Low
3,1,7.4,76,32,180,96,41.8,6,6,0,2,155,5.23,-1.91,-0.19,Low
4,4,7.7,69,35,16,44,60.8,3,5,2,10,60,-1.56,8.24,-0.39,Moderate
3,0,6.2,81,38,133,28,36.5,1,9,0,2,79,3.92,-2.43,1.68,Low
2,0,8.4,79,29,8,46,58.9,1,4,2,11,119,-2.23,3.4,-0.59,Moderate
2,5,5.9,82,49,17,88,51.7,3,14,1,12,40,-0.11,0.29,2.27,Low
6,9,7.4,64,38,31,39,40.3,5,4,0,4,41,-0.97,-0.14,0.11,Low
18,14,6.4,75,36,9,41,35.0,2,3,0,1,22,-0.24,-6.8,-0.09,Moderate
20,8,6.8,79,65,76,130,44.8,1,6,2,3,81,0.86,-6.44,0.98,High
5,11,8.5,70,31,18,108,70.0,4,7,2,0,8,-1.48,9.28,-1.0,High
5,4,7.0,67,55,180,34,43.5,5,1,1,5,52,6.0,-1.06,-0.88,Low
3,7,7.6,78,37,26,38,44.5,2,4,0,20,63,-1.19,-1.53,-0.89,Low
6,6,7.4,74,46,64,105,48.9,3,6,0,2,77,0.59,1.87,-0.79,Low
1,6,7.8,73,39,54,52,44.0,5,2,0,2,25,0.81,-0.75,-1.0,Low
14,11,6.7,83,37,49,48,42.2,2,3,0,3,27,0.21,-5.44,0.87,Moderate
3,11,7.6,81,36,28,175,40.5,4,2,0,16,51,-1.55,-0.43,-1.0,Moderate
6,3,7.3,65,50,29,77,54.8,4,10,0,4,28,-1.54,1.28,0.64,Low
3,6,7.0,73,44,55,26,44.2,1,20,0,9,74,-0.02,1.32,3.74,Moderate
7,2,6.5,63,32,17,12,59.2,5,5,0,4,13,-0.12,6.45,1.57,Moderate
4,1,6.2,71,65,124,162,63.2,4,4,1,5,66,4.41,5.61,2.35,High
14,12,7.0,78,39,25,72,35.0,4,4,2,1,125,-0.6,-2.04,-1.0,Moderate
9,5,5.9,69,56,16,65,64.1,2,6,0,16,57,-1.05,7.82,2.9,High
15,4,8.1,64,45,91,64,43.3,4,2,0,20,113,3.23,-2.38,-1.0,Moderate
6,2,7.2,86,31,69,121,64.3,2,12,1,4,142,2.15,9.35,1.12,High
8,7,7.1,71,38,15,103,47.1,5,2,0,9,45,-2.16,-1.03,-0.31,Low
5,5,6.0,75,36,161,67,52.1,6,3,2,7,25,4.67,3.91,1.1,High
13,9,8.1,79,44,48,150,40.0,3,4,1,8,33,-0.13,-7.43,-1.0,Low
7,5,7.5,67,42,56,86,52.2,7,17,0,14,149,1.44,2.27,0.29,High
4,2,7.5,77,40,18,40,46.2,3,6,1,2,41,-1.78,-2.84,0.35,Low
2,3,4.4,81,44,13,62,58.2,5,9,0,6,95,-0.86,2.72,4.59,Moderate
5,5,5.9,81,39,37,15,52.9,0,5,0,20,110,-0.66,3.96,1.82,Moderate
7,4,8.6,69,54,50,87,50.6,4,6,0,12,115,0.42,1.19,-0.06,Moderate
7,3,5.2,66,35,16,101,57.7,6,21,1,3,146,-1.85,5.34,3.85,High
11,8,4.9,73,59,111,62,52.2,1,5,1,6,81,1.46,5.59,2.58,High
5,8,8.1,89,36,28,67,51.6,3,5,0,7,65,-1.33,2.86,-0.41,Moderate
11,4,7.8,71,61,125,84,50.2,3,20,1,12,151,3.57,5.38,1.32,High
14,1,6.5,75,37,68,151,50.3,3,5,3,18,49,0.58,1.66,0.41,Moderate
3,13,5.5,83,35,119,113,53.0,2,15,0,13,62,4.06,3.37,3.06,High
5,13,6.4,61,40,60,71,48.7,3,5,0,12,59,0.23,-3.71,1.09,Moderate
5,6,7.5,79,55,65,141,47.1,5,6,3,6,68,2.02,0.66,-0.0,Moderate
4,8,6.1,79,45,139,35,41.0,2,20,2,3,180,3.05,3.69,2.82,High
9,2,7.2,86,32,12,173,49.1,8,10,1,1,78,-1.21,2.28,0.42,Moderate
6,9,6.6,61,22,59,74,48.6,5,5,1,2,107,-0.11,2.38,1.29,Moderate
9,1,6.9,64,46,134,75,65.4,3,11,0,3,65,3.73,4.87,1.53,High
3,1,6.9,55,61,38,133,45.4,1,3,0,12,61,0.05,-2.9,0.2,Low
8,7,5.6,77,49,53,128,35.0,1,1,0,7,12,0.6,-7.05,1.37,Low
6,9,5.8,101,54,61,87,51.6,2,6,0,9,99,1.49,4.2,1.4,High
3,3,7.4,78,46,150,45,46.7,2,7,1,13,51,4.26,2.45,-0.74,Low
10,1,6.0,68,37,18,97,46.1,1,5,0,19,19,-1.74,1.46,0.46,Low
4,3,7.5,68,58,13,80,44.6,4,3,1,4,88,-0.93,-5.08,-1.0,Low
6,4,4.4,73,28,22,56,41.3,3,14,2,17,11,-0.38,-3.72,4.7,Moderate
10,1,7.2,86,34,58,144,39.6,7,6,2,2,64,0.61,-2.18,-1.0,Moderate
8,3,7.1,78,53,109,51,41.2,1,4,0,9,48,3.49,-5.91,-1.0,Moderate
5,4,8.0,61,57,155,41,48.2,2,2,1,13,22,4.15,-1.05,-1.0,Moderate
2,4,7.9,79,37,72,132,57.8,3,14,0,11,85,3.12,5.53,0.25,Moderate
13,7,5.9,80,36,28,41,54.4,4,3,2,5,72,-0.01,3.61,1.19,Moderate
14,1,7.5,87,42,68,85,43.3,4,2,2,7,120,1.78,-5.2,-1.0,Moderate
2,3,7.4,75,56,100,35,47.1,2,4,1,3,107,2.04,-3.77,-1.0,Low
2,0,8.4,64,45,76,102,46.5,4,11,3,5,9,0.25,-1.65,0.02,Low
5,8,6.2,83,53,108,13,42.2,3,5,0,8,60,1.7,-4.89,0.98,Moderate
9,3,6.8,80,48,35,113,57.8,2,7,0,5,22,-1.67,3.97,0.43,Moderate
12,3,5.8,75,26,21,37,50.6,8,11,0,1,180,-2.11,0.11,3.08,High
3,5,6.6,72,57,62,115,46.6,7,7,2,14,82,-0.12,3.11,1.62,Moderate
2,8,7.2,71,25,131,19,55.6,4,2,1,2,62,3.76,-3.31,1.11,Moderate
8,3,7.1,84,55,53,42,56.5,4,6,1,1,67,-0.81,3.95,0.77,Moderate
2,3,7.6,76,52,18,90,48.1,3,12,0,2,18,0.57,2.43,-1.0,Low
3,5,8.2,72,36,37,9,49.6,5,8,2,8,75,0.47,-0.95,-1.0,Low
3,9,6.6,76,49,23,60,36.7,3,2,2,6,44,-0.55,-6.55,-0.69,Low
9,11,7.0,82,12,132,42,39.2,7,4,1,5,65,4.92,1.54,0.21,High
21,3,6.4,69,37,44,80,50.8,2,11,0,17,72,1.13,6.0,2.19,High
9,9,7.2,65,47,78,19,40.5,2,9,1,14,180,1.61,-6.88,-1.0,Moderate
9,4,8.3,76,39,76,180,44.1,3,9,0,10,77,0.77,-1.63,-0.84,Low
15,4,7.7,55,42,23,115,52.5,9,7,0,4,28,-1.79,1.98,0.37,Moderate
10,3,6.4,61,51,40,10,45.9,4,4,1,13,99,-0.5,2.96,0.96,Moderate
5,5,8.8,80,29,39,43,40.6,4,1,0,1,180,-0.61,-3.06,-1.0,Low
4,5,6.7,69,46,83,42,54.8,1,2,2,4,36,2.16,1.04,1.21,Moderate
7,2,6.8,68,50,66,50,47.6,2,9,2,17,59,1.59,3.06,1.67,Moderate
13,15,6.7,72,50,93,86,41.8,4,9,0,11,83,2.36,-3.7,0.17,Moderate
8,4,6.8,83,54,82,8,61.8,3,9,2,8,121,1.15,3.2,1.06,High
4,3,7.3,59,51,38,53,42.9,1,1,1,4,39,0.23,-3.18,-1.0,Low
3,6,6.6,73,65,28,161,58.2,2,14,1,4,164,-0.38,4.42,2.23,Moderate
17,11,7.7,74,51,26,18,51.2,2,10,2,4,27,-1.18,-1.13,-0.25,Moderate
1,6,7.9,69,58,4,112,41.8,3,12,1,4,176,-0.91,-3.84,0.33,Low
14,9,7.0,87,21,77,39,51.4,1,8,0,1,122,2.22,-1.51,0.74,High
6,5,8.3,66,30,14,125,43.8,2,3,0,1,76,-0.6,-1.62,-1.0,Low
20,3,5.1,95,50,145,79,59.5,3,1,1,16,129,2.7,1.74,3.3,High
12,10,6.1,108,12,15,93,35.0,4,17,1,3,85,-1.93,-2.34,1.83,High
7,4,7.0,80,37,18,47,45.1,3,7,3,4,34,-0.39,0.81,-0.23,Low
1,6,6.1,63,35,20,92,45.6,3,8,2,10,150,-0.31,-1.56,2.02,Low
9,6,6.3,72,26,54,155,48.9,1,17,0,10,139,-0.68,5.1,0.82,High
7,3,7.0,78,39,9,50,50.3,0,4,0,5,90,-1.92,0.97,0.19,Low
6,3,7.0,55,36,180,26,49.6,4,8,0,10,180,5.58,-2.06,0.27,Moderate
13,1,6.0,73,37,66,57,43.8,2,2,3,8,8,1.36,0.33,1.34,Low
6,13,8.9,79,28,40,55,56.5,3,5,0,20,55,-0.89,3.31,-0.63,Moderate
1,4,7.3,59,46,97,15,43.9,3,1,0,4,59,1.16,-0.84,-0.78,Low
3,1,6.0,83,37,124,67,46.6,4,9,1,11,65,3.08,0.12,0.75,Moderate
6,19,6.4,75,50,60,180,47.2,1,2,0,6,120,1.52,-4.24,1.65,Moderate
4,13,6.1,79,50,38,16,51.1,2,8,3,18,27,-1.14,0.09,1.87,Moderate
5,4,6.3,69,40,36,115,60.4,4,1,1,2,153,0.13,3.88,1.53,Moderate
8,3,5.9,77,58,180,25,46.0,3,5,0,20,81,4.54,-1.86,0.27,Moderate
3,5,6.9,75,48,39,131,45.9,4,1,0,18,180,-0.08,-1.62,-1.0,Low
12,5,6.4,75,36,38,48,46.1,1,21,0,5,39,-0.48,2.13,2.95,Moderate
13,9,6.3,77,47,53,138,49.4,5,12,1,8,136,-0.23,8.65,2.87,High
6,2,6.2,80,56,109,64,49.4,2,9,0,12,64,1.99,0.29,1.25,Moderate
13,2,6.8,94,52,55,54,59.7,2,4,3,3,176,0.48,4.12,1.01,High
3,3,7.7,76,52,61,57,47.1,4,6,1,2,84,1.15,-3.29,-0.12,Low
9,9,8.1,81,33,73,77,37.2,4,4,0,15,22,1.17,-10.0,-1.0,Moderate
2,2,8.5,67,44,91,80,35.1,3,14,0,5,61,2.27,-1.1,-0.73,Low
4,1,6.7,66,52,30,41,47.4,5,4,0,9,45,-0.99,-0.76,0.29,Low
1,3,7.0,64,44,18,50,57.0,3,8,0,6,44,-0.91,8.27,1.71,Low
6,5,7.8,75,48,105,28,51.0,2,5,1,18,56,1.4,3.3,-1.0,Moderate
5,3,5.4,74,45,20,30,35.0,3,4,0,11,62,-1.31,-3.71,1.16,Low
1,7,6.4,71,42,113,70,50.4,2,3,0,5,25,3.78,-0.65,0.39,Low
7,1,5.3,74,32,40,59,45.4,4,16,0,7,5,0.11,4.3,3.1,Moderate
8,4,7.8,81,58,95,26,54.1,3,12,0,3,91,1.2,4.4,0.35,High
6,12,7.0,68,44,27,71,50.6,3,1,0,9,76,-1.3,1.34,1.63,Low
4,3,6.8,66,48,12,86,56.3,4,7,2,7,79,0.23,7.52,-0.11,Moderate
2,2,7.3,77,40,29,42,49.5,8,9,0,7,102,-0.83,-1.86,-0.28,Low
2,1,6.9,88,52,85,85,49.6,3,2,0,16,100,0.66,-1.8,-1.0,Low
4,3,6.6,91,45,147,45,46.1,5,3,1,5,135,3.02,-3.72,-1.0,Moderate
21,1,6.3,78,49,32,43,48.4,5,3,2,6,13,-0.66,2.11,1.31,Moderate
12,9,4.9,56,42,59,117,47.9,1,14,1,7,25,-0.6,2.18,3.48,High
10,13,6.7,64,50,62,13,65.1,4,6,0,3,133,0.04,5.43,-0.24,High
4,21,7.0,70,44,11,79,53.7,3,4,0,3,15,-1.41,2.7,1.01,Moderate
5,8,7.1,70,64,56,66,54.8,0,20,2,9,18,0.32,2.13,1.43,Moderate
4,6,6.6,68,34,16,33,35.0,0,3,0,9,180,-0.5,-5.87,0.04,Low
16,4,5.8,84,28,27,55,49.2,2,9,1,13,44,-0.44,2.92,1.63,High
3,3,7.4,82,12,54,180,53.3,3,10,3,9,87,0.52,0.77,0.81,Moderate
8,2,8.4,74,39,24,31,43.6,1,12,1,4,52,-0.57,-0.73,-0.6,Low
5,3,6.4,81,39,59,41,46.1,3,7,1,13,31,0.61,1.19,1.37,Low
3,6,6.0,80,59,23,67,53.5,4,3,0,6,59,-0.55,0.47,1.11,Low
3,2,6.4,80,47,63,39,60.5,6,10,3,6,38,-0.3,1.15,3.56,High
1,4,7.2,91,36,95,72,49.6,4,6,1,13,103,2.95,-1.88,0.76,Moderate
18,17,8.7,85,61,87,41,40.8,2,2,0,3,9,1.93,-2.31,-1.0,High
3,10,7.0,89,41,30,131,52.6,5,4,1,5,63,1.08,3.7,0.56,Low
9,4,6.1,78,46,14,102,65.9,3,12,0,12,40,-2.36,7.03,3.71,High
10,13,7.1,72,29,79,33,46.4,5,4,1,8,59,0.96,-0.48,-1.0,Moderate
2,6,5.9,79,58,59,148,53.3,3,5,0,14,4,0.38,2.29,1.79,Low
15,2,7.4,61,35,29,135,39.2,8,6,1,8,27,-2.16,-8.33,-1.0,Moderate
8,1,8.2,81,34,79,32,48.1,2,6,2,12,26,1.96,2.56,-1.0,Moderate
9,3,7.2,66,23,23,173,35.0,1,11,0,7,71,-0.36,-2.08,-1.0,Low
4,5,7.0,70,57,55,36,54.7,1,11,0,17,32,-1.14,3.56,2.32,Moderate
7,2,8.5,78,49,15,60,51.8,3,8,1,14,7,0.07,2.66,-1.0,Low
3,8,7.7,79,48,69,65,35.0,3,4,1,3,61,1.18,-4.46,-0.96,Low
1,6,6.8,90,36,72,13,38.8,3,1,0,2,77,2.08,-6.89,-1.0,Low
3,9,8.1,85,34,105,76,36.1,2,4,1,1,62,2.92,-4.38,-1.0,Low
3,7,8.3,89,36,45,105,53.1,3,4,3,15,13,-0.31,-0.25,-1.0,Moderate
7,5,7.8,93,44,48,115,36.4,4,9,2,5,84,-0.37,-2.74,-0.56,Moderate
12,6,6.2,71,39,74,80,41.1,3,4,0,1,134,-0.04,-2.51,-0.43,Low
11,3,7.0,63,36,35,87,54.8,3,2,0,5,57,-0.11,0.87,-0.96,Low
10,3,5.6,85,41,22,46,46.1,3,10,1,1,30,-0.73,1.14,1.01,Low
3,1,5.4,73,49,107,117,36.5,0,6,1,7,133,0.59,-5.47,2.28,Low
4,2,7.4,69,46,15,106,50.3,4,3,1,4,36,-0.87,-0.31,-1.0,Low
1,2,6.1,63,49,47,73,54.4,4,4,0,3,88,-0.1,6.27,0.66,Low
6,5,7.2,75,39,61,38,49.1,3,6,0,7,59,0.06,1.86,0.7,Low
1,7,7.0,71,50,150,104,55.4,3,2,0,11,35,4.98,4.5,-0.22,Moderate
9,1,6.5,77,36,59,58,58.9,6,2,1,4,75,0.43,1.23,2.09,High
2,7,7.0,75,37,72,10,57.2,3,3,0,7,23,0.93,-2.55,0.68,Low
6,1,6.6,71,57,32,38,46.9,6,14,1,2,14,-1.18,-1.94,2.9,Low
13,4,5.7,82,47,55,174,35.0,7,5,0,16,62,0.23,-7.58,0.95,Moderate
2,17,6.5,78,38,85,14,53.5,1,5,0,20,124,1.74,2.98,-0.06,Moderate
7,5,6.9,89,50,116,89,55.4,4,5,1,9,99,2.5,0.18,-0.03,Moderate
6,0,5.8,87,45,29,43,49.0,2,14,1,3,55,-1.7,-2.36,1.58,Moderate
5,4,7.4,58,49,13,46,42.1,0,14,1,4,85,-0.15,-4.28,0.68,Low
14,8,7.5,69,43,180,140,48.0,3,4,1,20,80,5.41,-4.03,0.27,High
1,5,7.8,88,39,154,31,46.7,5,4,1,12,60,3.7,-3.03,0.46,Moderate
4,1,6.7,73,61,108,80,56.1,1,4,0,2,26,3.18,1.56,0.74,Low
12,4,6.3,85,66,97,9,40.6,6,1,0,9,84,3.54,-3.35,-0.19,Moderate
10,4,5.5,78,53,40,5,57.6,4,2,0,10,16,-0.43,6.6,2.57,High
2,2,7.0,74,36,52,32,43.4,3,4,2,14,45,-0.58,-2.85,-1.0,Low
2,6,7.8,81,45,117,23,36.1,1,4,1,11,72,2.23,-7.01,-1.0,Low
7,10,7.4,87,16,180,180,47.2,3,2,2,2,26,5.09,-2.54,-1.0,High
5,9,8.0,76,52,129,99,55.8,0,7,0,5,40,4.54,-0.36,1.11,Moderate
5,6,5.9,77,29,165,26,65.9,11,6,0,6,97,4.27,8.46,3.5,High
2,9,8.1,69,23,144,28,51.4,4,4,0,2,108,3.57,0.61,-1.0,Moderate
6,7,7.0,70,40,67,29,35.0,4,2,1,8,144,0.58,-6.59,-1.0,Moderate
17,1,6.9,83,42,159,89,45.2,5,9,0,1,16,5.82,1.66,0.43,Moderate
9,4,6.3,82,51,66,72,59.2,3,6,0,15,83,-0.57,1.5,1.62,Moderate
8,21,6.6,76,34,50,14,58.0,1,6,1,8,26,0.39,6.24,1.0,High
15,9,7.2,63,23,64,60,55.3,2,3,1,8,56,1.53,2.52,0.73,High
8,2,6.6,76,47,58,3,46.5,1,5,2,6,39,0.89,-8.46,-0.06,Low
7,5,6.4,79,47,39,180,56.0,3,4,1,13,73,-0.66,8.47,1.68,Moderate
6,3,7.3,73,23,50,121,53.5,4,7,2,2,15,-0.05,1.92,1.01,Moderate
7,6,7.0,74,45,58,67,39.6,2,6,1,20,27,0.61,-3.55,0.54,Low
0,3,7.5,76,23,12,14,44.2,2,1,0,3,36,-1.07,-0.03,-1.0,Low
7,6,5.8,71,51,18,80,49.8,2,7,1,4,46,0.51,0.64,1.92,Moderate
4,6,8.2,68,55,56,149,50.9,1,18,0,4,81,1.0,4.2,0.2,Moderate
1,11,6.9,62,36,49,167,61.0,1,5,0,13,33,0.66,7.67,0.94,Moderate
8,5,6.6,71,26,64,16,60.3,4,5,0,6,180,-0.23,5.79,2.21,Moderate
6,12,7.5,71,37,79,56,48.7,1,11,0,9,69,0.5,-0.79,-0.46,Moderate
4,1,6.4,55,29,43,34,53.4,5,10,0,4,132,-0.65,2.19,1.49,Moderate
7,4,5.0,65,22,85,178,45.1,4,5,1,3,82,2.27,2.2,0.85,Moderate
12,1,7.2,87,25,36,127,50.1,8,4,1,13,64,0.47,-0.34,-0.1,High
5,21,8.1,63,57,23,54,48.2,1,10,0,2,30,-0.55,0.65,0.0,Low
12,4,6.9,82,47,78,106,39.1,3,7,1,12,21,1.57,-1.92,-1.0,Low
4,11,6.7,69,46,2,158,57.0,3,12,1,12,94,-1.23,4.21,1.1,Moderate
9,3,7.2,86,41,59,118,47.3,0,15,0,4,180,0.81,-0.25,1.53,Moderate
15,6,5.5,69,23,20,41,45.2,7,17,0,7,7,0.42,1.87,3.44,High
9,11,6.0,91,38,10,26,44.4,4,18,0,7,86,-1.94,3.41,2.34,High
9,2,8.3,73,44,59,6,48.7,2,20,0,6,17,0.98,2.3,0.71,Moderate
11,2,7.0,68,50,69,138,40.1,4,5,1,3,98,1.17,-1.6,0.51,Low
2,4,6.7,69,39,91,19,54.9,3,1,3,8,156,1.59,5.17,0.62,Moderate
9,11,7.7,82,41,38,79,44.6,7,12,1,8,8,-1.49,2.83,-1.0,Low
4,2,8.5,79,33,34,78,38.2,7,10,1,4,5,-2.34,-0.87,-1.0,Low
1,1,6.3,71,49,48,124,36.8,0,5,0,4,49,-0.94,-6.96,1.61,Low
9,12,6.5,67,37,142,23,47.0,2,3,1,7,53,3.56,-0.48,0.93,Moderate
11,9,8.7,71,34,88,82,42.3,3,12,1,14,68,0.18,-3.01,-1.0,High
7,6,7.5,81,36,7,77,53.3,4,3,2,20,50,-1.74,-1.49,0.12,Moderate
2,1,6.7,87,51,64,34,43.8,2,2,0,10,81,2.65,-1.01,-0.9,Low
2,12,5.0,71,42,113,57,48.1,4,12,1,14,176,1.82,-2.19,1.33,High
16,2,7.7,73,59,32,2,49.7,4,2,2,6,81,-0.23,4.77,-0.08,Low
8,5,6.3,67,41,71,35,41.7,2,14,0,10,62,1.78,-1.51,1.41,Moderate
5,4,7.8,67,49,65,180,45.6,1,4,0,5,68,1.05,-2.08,-0.61,Low
4,7,8.0,63,43,34,108,54.9,2,3,1,8,89,-0.52,0.6,-0.21,Moderate
0,3,6.8,77,39,27,82,35.0,4,4,3,8,19,-0.14,-8.28,0.96,Low
7,4,6.1,70,54,76,90,61.3,1,13,1,12,115,2.0,4.39,3.48,High
2,4,6.4,60,67,27,36,45.1,2,10,0,19,170,0.12,-0.26,1.74,Moderate
7,1,6.1,66,44,145,65,40.0,3,6,0,3,42,5.32,-5.26,1.35,Moderate
3,3,7.0,65,27,40,19,51.8,2,1,1,1,146,-0.47,2.79,1.27,Low
3,6,4.2,69,34,60,101,68.1,2,2,1,4,80,-0.08,7.22,4.73,High
6,15,6.5,81,20,107,46,53.2,2,5,1,8,67,3.64,2.42,1.86,Moderate
5,11,6.3,91,32,41,127,38.5,1,15,0,7,33,-0.43,-1.95,1.84,Moderate
11,5,5.2,74,36,14,100,53.9,2,4,1,8,86,-1.05,4.54,1.36,Moderate
5,2,7.2,89,35,98,97,44.5,3,6,0,4,64,2.4,-1.05,-1.0,Moderate
3,2,6.3,72,46,41,62,48.6,4,2,4,3,22,-0.57,-0.72,0.76,Low
8,3,8.0,83,42,77,97,40.7,3,11,0,16,21,0.32,2.71,-0.23,Moderate
2,4,6.6,85,36,30,31,48.4,4,7,1,10,26,-1.12,-2.86,2.21,Low
4,1,8.2,76,48,12,177,41.8,3,5,0,14,180,-1.22,-2.94,-1.0,Low
7,3,5.9,76,28,97,26,46.0,4,13,0,3,180,1.26,3.47,1.71,High
9,12,5.9,74,50,166,100,41.6,3,9,0,1,49,3.64,1.52,1.79,High
4,8,7.8,70,25,107,112,46.2,4,8,0,1,36,2.54,1.15,-0.66,Moderate
9,0,7.1,77,44,50,28,52.6,4,3,1,3,27,0.03,4.06,0.39,Low
8,5,7.2,83,58,106,57,35.0,3,2,1,6,121,3.39,-8.4,-0.83,Low
9,6,5.9,66,49,95,68,39.6,3,20,2,8,34,1.73,-0.77,3.21,High
2,5,7.1,72,34,138,114,54.2,1,14,0,7,26,2.7,2.68,3.5,High
6,5,6.4,77,41,180,1,48.8,3,7,2,8,73,5.17,0.72,1.66,Moderate
11,17,7.1,81,37,51,105,57.4,4,8,1,14,83,1.54,6.24,0.48,High
4,2,8.0,75,58,128,146,42.0,3,3,2,1,61,2.12,-4.98,-1.0,Low
3,1,6.3,75,49,180,119,51.8,0,17,1,4,34,4.01,0.84,1.93,Moderate
6,17,7.1,75,46,54,46,37.8,2,3,1,5,29,0.32,-5.2,-1.0,Moderate
11,6,6.5,80,36,135,101,55.6,4,10,0,14,124,3.43,0.98,1.59,High
7,4,8.0,72,43,27,45,40.5,1,4,2,3,30,-0.45,-1.94,-1.0,Low
7,6,6.9,64,46,180,20,49.3,6,4,0,5,180,5.23,0.45,0.61,Moderate
3,21,8.9,71,36,49,164,42.9,6,2,0,0,23,-0.81,-5.21,-1.0,Moderate
8,13,6.5,80,48,53,180,64.9,4,8,0,9,110,1.29,9.16,2.39,High
15,8,6.3,76,33,106,33,48.1,5,9,0,20,180,4.44,5.19,0.57,High
5,11,5.2,77,41,62,26,41.3,3,3,0,6,59,0.34,-2.69,1.58,Moderate
9,9,7.2,72,29,69,47,43.8,5,2,1,13,31,-0.04,-4.61,-0.18,Moderate
13,4,7.2,85,21,92,45,43.7,6,10,1,4,93,2.06,3.56,1.2,High
20,8,8.0,76,33,84,100,43.9,4,21,1,4,87,1.31,-1.78,0.69,High
10,8,6.0,88,34,135,34,48.9,2,11,2,4,7,2.64,-0.95,2.64,High
8,8,5.7,77,47,8,95,56.7,8,2,2,8,9,-1.84,8.68,3.31,High
10,3,7.8,74,44,48,24,58.0,6,11,2,7,89,-0.89,4.92,1.25,Moderate
7,4,6.6,74,33,54,79,50.8,4,6,1,3,59,0.63,4.12,0.76,Moderate
2,2,6.0,73,49,73,52,51.1,2,10,3,10,76,1.22,1.11,2.6,Moderate
7,10,7.5,65,43,45,17,35.0,1,7,1,7,18,0.04,-8.85,-1.0,Low
16,13,6.9,71,44,26,50,55.6,4,3,2,8,40,-0.75,0.3,1.25,Moderate
5,4,6.7,72,31,96,25,43.1,5,9,0,11,20,2.24,0.27,-0.43,Moderate
3,6,7.6,85,52,52,56,57.1,4,6,0,6,24,1.5,5.19,-0.1,Low
6,4,6.7,64,34,18,71,48.8,4,6,0,20,78,-1.97,1.13,1.43,Low
3,3,6.9,96,33,76,47,62.0,6,12,1,11,134,2.09,5.5,2.49,High
9,8,8.4,66,39,67,167,50.6,2,17,0,5,16,1.99,0.2,0.71,Moderate
4,12,7.8,82,27,137,94,42.3,1,4,1,6,45,4.12,-8.48,-1.0,Moderate
5,21,7.8,84,39,34,47,53.7,5,5,0,2,67,-0.86,-2.59,-0.53,Moderate
3,4,7.0,62,37,81,98,54.1,3,8,0,20,13,1.29,2.46,1.36,Moderate
7,6,6.7,61,19,15,113,46.5,3,4,1,6,33,-2.36,-4.32,0.65,Moderate
10,8,6.9,96,49,42,20,54.1,4,4,1,7,14,0.92,3.08,1.06,High
6,10,5.5,84,61,7,27,40.7,2,3,1,11,103,-2.5,-1.63,1.16,Low
1,2,6.9,96,43,11,180,53.2,8,11,1,1,78,-0.8,1.91,0.79,Moderate
5,7,6.1,78,63,41,36,51.4,4,15,0,5,68,0.12,5.45,2.85,High
6,4,7.9,87,27,110,112,41.2,2,7,2,13,32,2.92,0.96,0.08,Moderate
5,3,7.8,74,54,47,66,51.5,3,5,1,5,18,0.08,-3.88,-1.0,Low
1,10,7.6,79,52,180,52,41.1,1,2,2,12,98,6.0,-3.86,0.16,Moderate
6,2,5.6,70,43,46,113,45.9,3,7,2,7,61,0.86,0.95,2.99,Moderate
11,2,7.3,76,48,102,5,48.6,5,15,3,12,11,3.84,1.87,1.33,Moderate
10,10,6.3,71,23,106,19,52.0,3,16,0,8,5,1.41,1.87,3.36,High
13,5,6.0,85,44,24,20,53.1,0,2,0,15,110,-1.67,0.97,2.1,Moderate
4,3,7.0,67,34,27,66,45.3,4,7,0,7,145,-0.23,-2.76,0.02,Low
6,1,5.8,72,37,22,44,56.9,5,21,1,4,23,-1.04,4.56,4.26,Moderate
3,5,5.2,63,42,111,30,52.8,5,15,2,3,39,2.77,2.62,3.3,High
6,11,6.9,91,36,55,96,37.8,2,6,0,3,26,0.0,-6.63,-1.0,Low
3,1,7.8,79,46,38,101,42.2,2,1,0,4,96,1.1,-3.04,-1.0,Low
3,12,7.0,79,42,151,116,35.1,7,12,1,10,35,4.66,-0.19,1.07,Moderate
16,14,7.0,80,58,112,126,45.0,1,6,2,6,90,3.87,-1.57,0.87,High
4,7,7.0,60,51,51,52,45.5,3,5,1,8,8,0.03,-4.49,0.95,Low
5,8,8.8,66,51,53,99,51.3,3,5,1,17,180,1.58,2.17,-1.0,Moderate
1,4,7.6,83,56,49,32,49.0,2,4,1,3,23,-1.02,-0.92,0.64,Low
6,20,7.5,73,48,63,51,40.8,4,6,2,14,78,0.26,-1.35,-0.41,Moderate
5,3,5.4,71,36,18,43,40.9,2,10,1,2,76,-2.46,-3.03,2.8,Low
11,6,5.7,70,51,22,37,52.8,5,3,4,19,88,-1.28,-6.34,1.32,High
2,11,6.2,79,25,34,180,38.7,3,10,0,6,22,-0.44,-4.08,1.29,Moderate
26,4,9.0,78,45,129,67,41.0,2,2,0,5,39,3.35,-2.77,-1.0,High
7,7,8.1,75,68,24,76,61.4,2,11,0,10,101,-0.48,6.78,2.22,High
4,6,6.2,75,25,180,67,35.0,4,3,2,2,28,4.67,-3.09,-0.29,Moderate
7,4,6.5,75,50,87,2,61.5,2,10,0,13,71,3.46,7.47,2.06,High
5,9,6.7,77,55,47,80,54.3,3,6,2,11,58,-0.57,0.58,1.68,Moderate
7,12,5.5,76,58,59,63,53.2,4,2,0,2,50,0.04,-0.32,1.62,Moderate
2,6,6.8,66,29,26,28,53.4,2,3,2,2,166,-1.05,3.38,2.33,Moderate
9,5,5.6,56,42,27,81,44.7,5,7,1,5,121,0.26,-3.37,1.55,Moderate
11,13,7.8,70,41,129,170,45.0,4,3,1,12,46,4.29,-0.95,0.29,High
15,7,6.8,79,36,27,28,67.6,4,8,1,13,30,-0.11,10.0,2.38,High
2,11,6.8,66,49,10,13,46.4,5,16,2,4,135,-1.04,-1.72,0.66,Low
5,7,6.8,81,55,53,36,35.0,2,5,2,6,96,0.63,-2.98,-0.39,Low
4,7,7.4,60,45,55,40,54.2,4,6,1,8,15,0.37,3.66,0.19,Moderate
2,12,6.7,73,67,71,27,51.7,8,1,1,9,76,-0.16,-0.17,0.01,Low
8,3,9.0,75,68,72,6,35.0,1,7,1,13,93,1.04,-3.99,-1.0,Low
2,3,5.1,63,31,93,71,67.7,5,2,1,4,56,1.74,7.73,3.0,High
4,3,7.1,91,57,29,17,48.6,9,8,0,3,87,-0.59,1.16,-0.81,Low
15,14,6.6,74,34,180,51,59.8,3,10,1,11,98,6.0,6.83,2.83,High
11,4,7.1,89,45,55,115,56.1,4,6,3,20,11,-0.18,6.91,1.37,High
12,3,7.1,88,62,15,49,47.8,3,5,0,3,39,-0.35,-1.68,0.91,Low
3,2,7.5,60,30,57,180,35.0,4,16,1,20,79,0.57,-5.46,-0.05,Low
4,3,7.0,77,59,89,59,57.5,6,10,1,9,33,2.38,4.67,2.2,Moderate
14,2,6.3,88,29,43,50,44.7,2,0,1,3,77,0.48,-0.82,0.09,Low
12,2,6.8,85,49,129,180,55.6,3,6,0,13,82,2.66,3.3,0.92,Moderate
8,9,5.6,67,45,56,120,43.2,2,16,2,4,63,-0.17,-0.24,3.5,Moderate
6,12,7.2,72,56,46,84,55.5,1,3,0,12,15,-0.37,-1.99,-1.0,Moderate
7,20,6.0,74,58,2,78,35.0,1,14,1,8,61,-1.6,-6.44,2.06,Moderate
5,2,7.5,67,49,66,180,58.8,2,6,1,7,73,1.1,3.19,-0.04,Moderate
11,8,5.7,66,48,41,156,47.8,2,3,1,5,70,-1.28,-1.23,1.13,Moderate
6,7,7.3,77,56,37,53,42.4,5,3,1,1,78,1.07,-4.97,-0.45,Low
7,2,6.3,98,51,21,30,45.5,6,11,2,5,30,-1.26,-3.39,1.55,Moderate
8,8,6.8,58,48,154,74,35.0,5,1,2,6,64,3.75,-5.32,0.2,Moderate
4,4,6.2,65,35,74,36,54.5,2,3,1,6,6,1.63,2.86,1.49,Moderate
14,5,6.7,72,49,28,10,39.2,4,4,0,2,160,-0.13,-2.81,1.05,Moderate
4,7,7.2,65,61,66,26,52.7,0,19,1,19,119,0.16,7.38,1.99,Moderate
4,4,7.7,68,56,25,72,42.5,2,9,1,12,29,-0.77,0.39,-0.11,Low
10,4,7.1,80,52,54,9,40.0,0,3,0,14,45,0.12,-1.23,-1.0,Low
3,3,7.1,76,47,136,71,50.8,4,4,0,9,45,4.76,-0.37,0.63,Low
2,6,5.8,71,49,89,34,49.7,3,0,1,5,58,1.55,-1.25,-0.79,Moderate
6,8,7.6,78,52,17,45,48.0,2,6,2,9,80,-1.42,-0.06,1.03,Low
6,4,6.9,74,14,180,59,35.0,6,3,0,8,14,4.7,-5.98,-0.37,Moderate
2,7,6.2,76,46,101,63,49.9,1,10,1,3,21,1.54,4.92,1.59,Moderate
5,2,5.5,80,52,9,21,47.9,4,5,0,12,45,-1.53,-3.81,2.06,Low
13,4,7.2,68,52,15,56,36.8,0,10,0,5,75,-1.09,-2.02,0.23,Low
4,3,6.8,73,42,92,108,51.0,2,7,0,2,47,2.49,-1.76,1.9,Moderate
19,2,6.9,69,28,95,115,44.1,1,12,0,4,172,2.56,-1.95,1.69,High
5,5,5.7,69,43,70,64,43.5,3,13,0,4,68,0.64,1.75,2.11,Moderate
14,9,7.2,73,65,102,47,57.3,2,14,1,9,133,1.36,1.73,3.61,High
5,3,7.1,80,46,69,76,39.8,5,12,1,11,85,1.25,-2.65,1.24,Low
11,7,8.0,70,40,26,96,53.2,1,1,2,6,65,-0.86,2.33,-0.66,Moderate
3,10,6.3,62,34,41,75,41.2,0,8,0,8,107,-1.28,2.17,1.05,Low
5,1,5.3,75,41,1,180,50.3,3,10,0,20,92,-1.75,3.22,3.19,Moderate
3,10,7.2,70,38,77,15,46.1,2,7,0,8,77,2.43,-1.89,0.73,Low
6,4,6.6,78,54,56,101,37.3,2,3,0,7,47,-0.33,-3.89,-0.72,Low
6,12,6.7,69,34,41,92,52.1,0,2,1,9,102,-0.23,2.48,0.0,Low
6,12,6.5,84,25,86,35,40.2,2,5,0,10,24,2.18,-3.04,-0.75,Moderate
5,13,8.9,69,42,13,50,43.4,2,5,0,10,86,-1.01,-2.51,-1.0,Low
15,7,8.2,85,67,102,29,47.5,4,7,1,0,90,2.95,0.8,-0.74,Moderate
3,14,6.5,78,41,55,72,58.4,1,11,0,9,48,1.5,7.82,1.92,High
11,2,6.6,83,46,65,18,43.1,1,6,1,5,105,0.37,-3.93,0.14,Low
5,10,8.1,89,35,30,29,61.0,4,2,2,4,113,0.6,3.4,-0.44,Moderate
9,12,8.1,77,36,38,59,49.7,2,4,1,3,42,-1.13,0.36,-0.4,Moderate
5,1,6.9,61,53,19,61,48.5,2,4,0,7,96,-1.87,-3.15,-0.09,Low
7,2,8.4,65,65,104,36,48.2,4,2,0,10,25,1.9,-7.13,-1.0,Low
9,7,7.4,64,48,113,70,41.4,2,5,0,4,123,3.17,-1.83,-1.0,Moderate
5,4,6.5,77,26,33,123,35.0,2,3,1,1,77,-1.69,-7.55,-0.22,Moderate
3,3,6.9,77,32,101,5,42.6,3,5,1,10,22,2.24,-1.61,1.44,Low
1,3,6.4,79,45,154,42,47.0,4,7,0,3,84,4.87,0.38,0.69,Low
12,8,6.2,69,59,25,82,46.5,2,6,0,6,108,-1.06,-6.13,1.68,Low
14,8,6.2,86,38,76,104,57.1,5,3,1,9,109,0.81,2.04,2.14,High
4,0,7.2,68,42,34,55,55.5,3,3,1,2,94,-0.5,0.46,-0.95,Low
3,5,5.4,63,35,81,134,42.5,2,21,1,6,24,1.65,-0.59,5.57,Moderate
1,4,7.3,74,30,48,67,51.5,3,11,2,4,64,0.25,5.57,0.66,Moderate
8,7,8.3,70,51,12,36,52.5,5,6,0,8,30,-1.98,1.75,0.76,Moderate
19,7,5.4,60,46,9,109,59.8,5,14,0,3,64,-1.53,6.79,3.67,High
5,4,8.6,71,66,180,37,53.5,2,16,0,11,52,6.0,5.74,-1.0,High
10,10,6.5,93,52,97,6,50.4,0,12,3,9,18,1.14,5.05,1.98,High
3,10,6.3,71,45,98,108,38.8,2,6,1,3,81,1.67,-3.84,1.33,Low
15,6,6.6,77,40,19,24,51.4,5,11,0,2,98,-0.14,3.61,0.51,Moderate
6,2,6.8,77,63,35,61,51.2,5,5,2,2,51,-0.13,2.52,0.92,Low
4,15,7.4,68,49,48,27,42.3,3,2,1,1,37,0.91,-7.07,-0.66,Low
5,6,6.9,84,46,77,16,47.0,3,11,0,18,100,1.26,-0.78,0.56,Moderate
9,7,6.2,80,26,72,49,54.1,1,3,1,11,29,1.12,6.19,0.82,High
10,4,7.4,77,34,43,42,55.1,6,14,2,12,74,-0.53,6.96,-0.58,High
2,8,6.8,55,31,34,4,47.2,5,6,0,20,180,-0.03,-1.41,0.93,Low
6,4,7.8,89,29,158,180,58.6,3,4,1,6,40,6.0,4.63,-0.41,High
7,5,7.6,60,45,131,138,45.7,3,9,1,3,1,2.83,1.52,1.4,Moderate
2,1,6.5,55,23,36,83,35.0,2,7,0,14,75,0.01,-9.05,0.5,Low
16,12,6.2,78,63,99,24,42.6,3,5,0,5,170,1.99,-0.35,-0.46,High
6,3,6.5,68,34,39,92,47.0,3,4,0,13,12,-0.59,1.77,1.73,Low
3,1,5.9,96,12,180,98,50.7,4,1,3,4,45,4.59,1.57,0.56,High
2,7,7.4,77,38,117,128,56.4,2,3,1,9,65,2.84,2.24,1.31,Moderate
10,2,5.3,59,29,67,98,35.0,4,12,0,11,162,0.4,-1.75,0.75,Moderate
4,1,5.1,80,25,41,73,53.5,2,5,0,12,69,0.91,8.35,0.75,High
2,5,7.3,71,78,175,118,56.5,8,12,1,10,29,5.76,3.3,1.09,High
4,11,8.3,85,51,63,13,38.2,1,2,2,13,18,0.65,-7.52,-1.0,Low
1,10,6.8,82,55,72,18,53.0,4,8,0,5,20,2.84,2.93,1.0,Moderate
5,6,7.7,69,38,61,88,46.4,2,20,0,9,180,1.66,3.64,0.74,Moderate
5,6,6.2,71,46,58,81,48.5,2,6,0,12,143,0.34,-3.2,0.58,Low
3,3,6.3,74,48,53,38,55.6,3,11,0,2,69,0.77,5.26,1.43,Low
17,7,6.8,59,41,41,98,35.8,3,8,1,14,43,-0.36,-4.2,-0.17,Low
4,5,7.1,70,58,93,74,52.8,2,6,1,17,29,2.91,0.68,2.22,Moderate
8,6,6.5,73,48,124,90,59.7,2,5,0,3,135,3.24,5.57,1.64,High
16,4,7.5,82,45,82,91,59.8,4,7,1,11,3,2.37,5.27,0.56,High
2,8,5.7,72,26,46,112,44.9,2,5,0,8,15,-1.7,-3.56,0.59,Moderate
8,3,6.2,89,42,78,110,60.3,4,7,0,3,22,0.09,7.89,2.71,High
5,2,7.4,86,32,119,99,42.0,6,5,1,17,47,2.73,-2.91,-1.0,Moderate
5,3,7.7,100,40,25,57,41.6,3,9,1,9,112,-1.51,-3.85,-0.68,Low
5,7,6.0,72,46,63,64,61.6,9,12,0,8,34,1.11,9.51,3.89,High
18,4,7.9,87,52,56,32,51.1,4,10,1,2,93,1.29,4.02,-0.85,High
5,8,5.8,69,57,38,98,48.3,5,12,1,8,12,0.45,2.08,2.26,Moderate
2,21,8.8,78,23,66,49,37.2,4,9,1,3,57,1.2,-6.93,-1.0,Moderate
2,3,8.3,69,44,65,177,44.3,2,6,1,5,4,0.39,1.37,-1.0,Low
2,2,6.5,70,39,53,101,39.5,3,12,2,6,50,0.61,-4.39,0.39,Low
15,3,7.8,66,38,67,18,35.0,4,4,3,3,97,0.86,-5.72,-1.0,Low
8,12,6.6,77,32,44,180,45.6,2,1,2,4,29,0.39,-2.1,-0.54,Moderate
3,10,7.3,78,47,57,62,47.9,3,7,1,14,46,1.27,-1.35,-0.94,Low
4,8,7.0,65,66,29,16,36.4,3,21,0,12,33,-2.01,-3.04,0.73,Moderate
10,8,6.3,66,45,134,48,43.7,3,5,1,0,63,3.17,-1.36,0.79,Low
9,9,7.2,74,42,48,21,36.7,3,2,1,2,26,0.52,-7.21,-1.0,Low
8,4,7.1,75,46,78,75,50.5,3,6,2,7,24,1.1,2.08,-0.68,Moderate
4,4,6.8,61,85,84,94,57.6,5,1,1,12,16,1.55,6.83,0.63,Moderate
10,8,7.4,71,19,20,42,47.7,4,1,0,14,38,-2.06,-5.13,-0.71,Moderate
3,5,7.8,62,59,29,117,49.2,4,1,0,3,3,0.09,0.03,-0.83,Low
5,8,8.0,70,36,115,24,50.6,2,7,0,5,22,2.96,4.04,-0.86,Moderate
7,4,6.5,96,48,23,26,35.0,2,8,1,2,123,-1.05,-8.89,0.96,Low
3,8,7.4,67,50,31,102,50.1,5,11,0,9,98,-0.99,8.2,-0.62,Moderate
6,14,8.6,72,55,48,168,57.2,5,6,1,8,50,-0.89,9.42,-1.0,High
4,1,5.9,76,44,31,60,55.8,4,8,1,7,76,-0.34,2.67,1.33,Low
7,4,7.1,70,35,55,26,41.6,2,11,0,20,89,0.29,-0.58,-0.6,Low
9,6,7.0,69,38,59,41,46.2,3,6,1,12,49,0.95,-0.64,0.68,Moderate
10,5,7.8,82,65,62,43,54.6,5,5,0,7,80,0.85,6.13,-1.0,Moderate
10,7,6.9,69,64,80,49,35.0,5,1,1,11,27,1.09,-6.31,-1.0,Moderate
6,7,5.4,70,46,148,96,51.5,2,5,0,20,40,3.96,-3.55,2.72,Moderate
7,6,7.4,76,71,51,61,35.0,0,4,0,4,28,0.37,-7.69,-1.0,Low
17,3,6.1,88,39,59,10,43.7,5,15,0,11,15,-0.06,1.76,2.1,Moderate
9,16,7.0,81,45,23,43,63.7,1,5,2,20,149,-0.31,2.49,2.92,High
18,6,7.8,77,23,85,73,42.4,4,3,0,10,106,2.12,-4.65,-1.0,High
6,3,6.5,75,34,32,103,47.7,3,6,0,6,42,-1.05,0.17,1.0,Low
6,9,7.0,82,57,180,41,55.0,2,0,1,1,70,5.93,-0.97,-0.03,Moderate
9,11,7.5,83,53,177,67,50.9,1,11,0,8,88,4.56,1.81,0.1,High
15,3,4.5,67,38,129,85,44.3,0,4,0,11,25,3.54,-0.08,2.78,High
5,4,6.4,69,40,23,14,49.7,4,8,2,19,35,-0.29,2.44,0.23,Moderate
7,9,7.5,85,32,69,71,46.3,4,17,1,7,98,0.91,-0.47,0.27,Moderate
7,6,5.5,79,20,94,180,60.9,4,8,1,8,97,2.38,5.01,2.87,High
8,1,7.4,75,47,75,73,43.7,4,4,2,4,58,0.73,-1.88,-1.0,Low
9,5,5.6,88,55,52,77,53.0,2,11,2,4,34,1.01,5.2,3.65,High
2,1,5.8,55,19,90,59,39.7,4,8,0,5,86,0.95,-1.11,1.46,Low
6,2,6.2,81,32,86,115,37.7,5,1,0,0,12,1.85,-3.95,0.48,Low
6,5,5.7,84,53,64,47,50.6,2,18,0,9,9,1.3,4.92,3.84,High
11,10,8.0,76,39,172,35,47.8,3,2,1,4,19,4.16,-1.19,-0.77,Moderate
2,12,6.2,64,61,33,180,37.5,5,4,1,4,88,0.18,-3.84,-0.21,Low
7,2,7.7,83,30,15,65,44.4,4,17,1,9,29,-0.43,1.23,1.9,Moderate
5,3,7.4,60,32,57,27,52.1,2,9,0,10,87,-0.85,2.01,0.88,Low
10,16,7.6,58,43,144,62,47.6,6,10,2,12,124,4.43,-1.59,-0.69,High
2,11,4.7,63,50,47,50,55.7,3,21,0,8,180,0.0,5.72,6.28,High
6,8,6.0,74,39,180,83,48.1,1,11,0,16,68,5.49,-1.88,1.95,Moderate
5,3,6.3,68,54,26,36,53.3,4,8,2,3,7,-1.26,6.21,0.54,Low
16,1,8.2,103,44,26,34,52.2,4,3,3,5,113,-0.11,-2.5,-1.0,Moderate
6,8,6.7,74,32,21,78,49.1,4,4,2,7,61,-0.89,3.51,-0.07,Moderate
12,2,7.1,79,23,71,75,58.4,3,2,1,8,119,0.43,9.24,-0.45,High
11,4,7.8,70,40,180,32,41.9,4,11,0,7,32,5.76,0.23,0.38,Moderate
2,6,7.6,87,43,74,16,48.1,7,2,0,20,37,1.34,0.57,-0.15,Low
5,2,7.7,74,28,51,19,48.7,1,2,0,17,23,1.49,-1.17,-0.23,Low
8,4,6.3,82,46,109,121,51.2,0,10,0,9,115,2.79,2.81,0.84,Moderate
6,5,5.3,66,54,70,5,42.6,2,2,1,20,93,1.84,-6.45,2.53,Moderate
4,7,5.7,84,18,46,52,41.5,3,8,0,10,71,0.16,-5.85,2.18,Moderate
2,8,7.5,71,36,23,48,45.9,6,4,0,9,26,0.44,-1.62,-0.53,Low
6,3,7.4,72,33,148,52,42.4,4,3,0,3,26,5.13,-3.88,-0.83,Moderate
4,3,6.9,73,38,165,24,35.0,2,14,0,11,163,4.88,-1.77,0.98,Moderate
10,5,6.9,81,28,107,88,61.8,2,2,1,16,40,2.05,2.73,0.08,High
10,7,6.7,65,33,82,45,44.3,1,3,1,9,69,2.22,-0.21,-0.4,Moderate
13,5,6.3,65,56,136,98,53.8,2,1,0,20,39,3.79,-1.7,2.18,Moderate
8,3,6.5,81,37,31,21,42.1,3,5,3,7,42,0.07,-3.44,-0.06,Low
2,14,5.3,68,41,71,11,45.4,4,2,0,5,10,1.96,-0.09,1.71,Moderate
3,2,5.7,62,75,177,11,58.7,7,4,0,13,170,5.93,0.24,2.14,High
4,0,4.8,71,68,40,119,51.1,3,2,0,12,100,-0.41,2.06,2.44,Moderate
6,8,7.0,81,41,57,53,52.3,3,8,1,3,79,0.7,3.81,1.03,Moderate
9,4,6.2,78,48,78,68,52.1,1,10,0,5,66,1.35,4.45,1.94,Moderate
2,14,7.2,79,35,14,153,56.7,1,7,1,3,12,-1.12,4.13,1.22,High
13,1,7.1,87,37,78,27,41.2,2,7,1,5,26,2.06,-4.66,0.26,Moderate
12,6,4.5,74,57,37,153,35.0,2,6,2,8,87,0.12,-1.4,1.82,High
16,8,8.5,67,48,4,89,49.0,2,4,2,3,95,-1.58,-0.85,-1.0,Low
20,2,8.5,77,36,37,118,47.2,3,21,0,10,122,-0.11,-1.21,0.73,High
1,10,5.7,83,33,82,137,56.7,4,3,1,6,34,2.94,0.44,2.63,High
2,2,7.8,71,28,71,59,53.6,7,7,0,1,32,1.56,-0.5,-0.3,Low
9,1,6.5,70,54,56,74,38.3,7,15,1,12,48,-0.19,-4.51,0.58,Moderate
7,4,7.5,71,12,37,75,35.0,2,7,0,5,14,-0.24,-3.81,-0.58,Low
3,13,7.2,68,48,12,28,39.8,5,6,1,6,21,-1.19,-5.28,-0.13,Low
11,8,7.9,70,45,30,26,54.3,7,7,0,4,39,-0.99,2.34,-0.45,Moderate
11,4,6.4,88,38,107,65,52.3,2,4,1,8,54,2.35,3.84,0.62,High
12,0,6.9,78,41,82,30,43.8,3,4,1,7,180,1.29,0.42,0.23,Low
2,4,8.6,76,51,5,135,49.0,2,5,1,11,38,-0.36,5.11,-1.0,Low
2,10,7.7,77,54,37,50,53.0,5,21,0,8,12,1.29,6.05,2.96,High
6,3,5.9,77,25,108,160,52.2,1,6,1,18,52,3.4,4.23,2.07,High
12,11,7.3,86,38,94,15,54.8,1,8,0,6,63,1.75,4.8,0.46,High
3,2,7.5,67,38,50,18,35.0,4,3,3,15,180,-1.04,-4.27,-0.94,Low
2,4,6.4,70,38,61,21,49.5,5,2,0,10,14,0.57,-2.35,0.43,Low
8,8,5.2,76,39,37,75,70.0,3,5,0,3,180,-0.61,10.0,4.21,High
7,8,7.4,79,47,71,66,35.0,5,4,1,19,180,1.87,-6.82,-1.0,Moderate
8,8,7.6,74,42,73,38,42.4,3,12,0,15,110,0.81,4.09,-0.15,Moderate
7,12,7.6,68,55,79,46,42.9,2,9,1,6,57,2.27,-1.85,0.7,Low
1,3,7.1,65,55,63,146,55.4,1,13,3,8,25,2.03,3.39,2.32,Moderate
6,15,5.5,73,30,105,82,54.9,1,8,3,2,29,2.72,1.51,2.0,High
4,12,7.7,74,39,53,112,50.9,4,8,2,15,90,0.47,-1.57,-0.47,Moderate
12,3,6.3,79,46,101,71,46.2,4,4,2,9,57,2.16,-2.11,0.65,Moderate
1,5,5.7,61,32,69,90,35.1,5,2,1,16,9,1.97,-0.97,1.19,Moderate
3,2,6.6,77,28,180,56,57.9,4,7,1,4,121,5.44,6.64,1.75,High
3,7,5.5,73,33,57,147,47.2,5,7,1,7,167,0.93,-4.79,1.38,Moderate
12,4,7.3,86,26,150,82,50.5,4,5,0,7,54,2.84,3.73,-0.37,Moderate
1,3,7.5,84,40,48,20,46.5,5,1,1,11,78,0.81,1.04,-0.94,Low
7,17,6.6,62,47,38,165,47.3,2,9,1,6,82,-0.59,0.24,0.71,Moderate
4,5,6.7,88,46,180,14,35.0,4,2,2,3,12,4.46,-10.0,-0.46,Moderate
7,15,6.5,75,18,81,18,45.3,5,8,1,20,34,2.89,0.15,1.77,Moderate
3,2,7.7,63,41,53,112,48.1,7,5,0,7,61,0.89,-2.53,-1.0,Low
7,3,7.4,91,64,47,72,51.1,4,5,1,5,85,0.72,-0.25,0.19,Moderate
5,9,6.5,73,30,23,45,37.9,1,4,1,1,55,-1.55,-9.4,0.97,Low
4,8,7.0,80,54,108,49,54.0,0,4,0,7,64,2.25,4.06,-0.08,Moderate
4,4,7.4,79,35,73,116,66.1,6,5,1,11,42,0.06,2.78,0.91,Moderate
3,6,7.9,74,42,38,89,42.4,5,8,0,11,4,0.83,-2.14,-1.0,Moderate
4,8,4.2,80,32,50,180,42.6,4,4,2,7,48,0.44,-2.64,3.05,Moderate
10,13,7.5,77,36,12,62,43.9,8,10,2,20,35,-2.05,0.95,-0.0,Low
2,5,6.9,86,27,38,112,47.2,4,7,1,17,14,0.45,0.76,-0.17,Low
5,7,8.0,85,47,127,65,36.1,3,10,1,1,38,2.8,-0.83,-1.0,Low
7,8,5.7,74,58,66,11,45.5,3,6,0,1,64,0.3,4.24,1.92,Moderate
6,3,7.1,68,53,70,62,40.5,4,3,1,15,61,-0.23,-4.44,-0.86,Moderate
3,10,7.2,72,48,47,73,53.3,2,1,0,6,76,1.13,6.62,0.32,Moderate
3,4,6.4,86,41,180,109,48.3,2,6,1,4,81,4.52,0.36,-0.14,Moderate
3,5,6.9,70,46,89,74,43.3,1,8,0,3,50,1.26,0.13,0.61,Low
14,4,6.1,63,33,63,24,43.3,4,7,2,4,101,0.38,-3.78,0.63,Moderate
7,5,6.7,72,51,43,18,45.7,2,3,0,9,50,-1.66,-2.29,1.07,Low
7,11,7.3,84,33,51,20,55.8,7,7,1,9,180,0.3,1.49,0.38,Moderate
7,12,6.8,78,41,55,135,47.1,3,5,1,9,54,0.84,0.59,0.68,Moderate
10,4,7.6,74,37,144,120,55.4,8,19,0,13,156,3.73,7.96,3.08,High
1,4,6.1,71,20,75,14,57.4,3,3,1,1,86,1.95,1.89,0.71,Moderate
4,5,5.6,80,37,38,48,39.7,2,1,0,9,135,-0.93,-0.56,1.52,Low
4,4,6.1,65,38,67,63,41.0,3,6,1,5,36,1.27,-4.22,0.79,Low
10,3,7.6,83,44,3,56,47.7,0,8,0,11,104,-2.5,1.54,-0.35,Moderate
7,6,7.6,82,26,26,47,56.1,1,1,1,13,14,-0.08,4.45,-0.52,High
9,7,7.4,84,48,31,32,51.7,5,3,1,16,53,-0.42,-1.62,0.15,Moderate
2,2,7.7,69,30,54,88,48.7,1,13,1,8,9,-0.39,1.64,0.41,Low
3,7,7.3,68,32,58,157,49.3,7,2,3,6,19,0.57,1.09,0.02,Moderate
3,14,7.9,55,51,111,79,44.6,2,21,0,12,47,1.67,6.13,1.31,Moderate
10,1,5.7,77,33,8,34,42.1,5,8,2,3,109,-1.86,-0.28,2.2,Moderate
15,4,7.9,70,44,35,57,54.9,3,2,0,4,60,-0.04,-0.56,-1.0,Moderate
8,2,6.1,74,42,153,14,45.0,1,10,0,2,32,4.06,0.38,1.49,Moderate
3,3,6.9,85,48,19,98,46.6,1,10,0,7,152,-0.28,0.38,0.99,Low
3,6,9.0,70,45,46,33,52.1,2,7,0,6,153,-1.0,3.77,-1.0,Moderate
9,9,7.8,79,36,39,53,49.3,4,4,0,5,29,0.37,0.21,-0.19,Moderate
16,4,6.3,82,39,96,22,50.2,1,8,1,1,80,2.19,4.57,1.87,High
6,14,5.6,73,12,70,42,39.5,2,7,1,5,23,0.41,-1.73,0.86,Moderate
1,16,5.5,84,55,120,146,36.1,3,5,0,2,91,3.09,-4.9,0.82,Moderate
14,2,5.5,78,57,116,136,35.0,3,8,2,2,57,3.21,-7.99,2.85,High
6,7,7.5,67,37,46,30,48.9,4,4,0,2,65,0.18,-1.78,-0.73,Low
5,1,7.0,78,66,40,70,38.7,4,2,0,13,111,-0.24,-7.14,-1.0,Low
4,3,6.2,69,40,78,79,46.3,4,3,0,18,16,1.51,-5.3,0.66,Low
3,13,7.0,71,42,49,119,35.0,2,9,0,6,137,0.3,-5.77,-0.07,Low
5,2,7.4,72,49,158,94,41.9,3,4,0,5,25,5.06,-0.75,-1.0,Low
3,5,7.4,76,52,54,126,62.1,2,8,0,2,55,0.93,8.37,0.7,High
5,7,7.4,69,46,127,129,58.6,5,4,0,13,54,3.38,1.32,0.3,Moderate
3,4,7.5,73,50,73,69,62.2,3,7,0,4,28,1.65,10.0,0.82,Moderate
20,13,7.0,76,38,15,74,41.3,6,3,2,5,10,-0.47,-3.63,-0.61,High
4,3,6.8,55,34,65,31,54.8,1,10,2,8,31,1.54,0.23,0.26,Low
3,6,6.2,64,44,52,33,49.4,1,4,1,19,31,-1.52,-4.68,1.77,Low
19,8,6.4,79,48,51,6,54.4,6,7,0,1,180,0.44,7.55,0.22,High
14,5,7.4,73,36,44,61,50.7,3,4,1,8,126,-0.03,-3.31,-0.39,Moderate
4,2,6.0,70,57,59,126,53.2,5,6,0,7,71,0.53,-0.09,0.54,Low
4,3,7.2,84,45,86,45,41.5,5,4,0,7,7,0.7,-3.82,-0.85,Low
7,2,8.0,70,48,92,90,40.6,5,20,0,5,17,2.17,-4.44,0.73,Moderate
4,5,5.3,74,37,75,33,48.9,4,7,1,13,76,2.04,-2.46,1.87,Low
4,7,7.2,80,52,180,34,44.1,1,1,1,5,45,5.84,-6.34,-1.0,Moderate
3,7,4.6,79,44,91,87,56.1,5,5,1,5,89,2.14,5.12,3.44,High
14,1,7.1,76,29,69,24,46.1,1,5,1,11,19,0.52,-1.96,1.43,Moderate
19,7,6.9,70,24,35,57,52.1,4,8,1,14,73,-0.29,2.13,1.19,High
1,4,6.7,82,60,45,85,50.7,1,4,2,10,13,-0.28,-3.79,-0.37,Low
11,9,8.6,86,37,32,122,38.8,2,3,1,3,7,0.48,-4.92,-1.0,Moderate
13,8,6.8,72,30,70,79,53.4,5,2,2,5,28,1.47,3.53,0.69,Moderate
7,6,9.0,79,29,35,66,45.1,7,3,1,12,44,1.78,0.32,-1.0,Moderate
7,11,6.4,69,57,16,45,44.2,1,17,4,6,61,-0.21,4.94,2.17,Moderate
4,20,8.6,61,52,12,92,66.1,5,1,2,4,31,-2.23,7.46,-0.87,High
12,3,7.2,81,40,78,9,44.3,2,5,0,4,91,1.14,-0.04,0.01,Low
5,6,7.6,78,38,60,32,36.4,4,12,1,17,86,0.43,-4.31,-1.0,Low
5,6,5.3,74,66,15,17,51.5,7,6,0,6,56,-1.26,4.29,1.17,Moderate
6,21,6.4,57,38,27,84,46.7,5,9,1,10,19,-2.5,-0.96,1.88,Moderate
7,2,7.0,67,50,98,180,37.3,6,5,0,4,41,2.66,-3.96,-0.93,Low
3,6,6.8,81,65,175,56,44.9,4,4,1,6,17,5.51,-1.59,-0.8,Moderate
13,10,6.4,55,59,118,73,47.1,4,6,1,7,49,0.94,4.74,1.85,Moderate
10,4,7.0,78,47,10,10,40.7,2,6,0,6,75,-1.05,-5.13,-0.04,Low
6,11,6.4,78,47,76,55,38.8,1,17,2,14,46,2.72,-3.03,0.73,Moderate
6,5,7.3,64,37,103,96,54.0,3,2,1,3,97,2.64,-2.88,-0.44,Moderate
6,1,6.3,64,31,60,128,42.7,1,10,0,2,23,0.38,-0.4,1.61,Moderate
4,5,7.2,93,24,31,23,45.9,2,2,0,20,114,-1.35,-4.53,0.03,Low
3,3,5.3,67,35,87,97,35.0,3,12,2,6,17,2.04,-1.88,1.62,Moderate
11,9,8.2,75,49,43,38,48.2,3,14,1,9,134,-1.29,3.8,-0.1,Moderate
16,2,6.7,81,32,88,180,50.0,5,13,1,10,85,2.47,1.75,2.15,High
9,12,8.3,81,55,180,38,57.3,0,5,2,6,30,3.51,6.1,-0.9,High
6,11,6.8,74,28,78,152,53.0,4,5,0,4,13,0.87,6.53,0.8,Moderate
7,11,7.2,76,37,17,65,49.5,5,4,1,1,76,-1.4,1.27,-0.87,Low
7,1,6.9,82,33,65,114,56.8,3,10,1,5,16,1.31,4.36,1.3,High
3,5,6.5,81,45,180,11,37.9,1,4,0,5,18,5.57,-3.57,1.7,Low
3,4,6.2,81,51,76,132,43.2,4,3,0,11,57,2.24,-4.32,0.28,Moderate
5,9,4.8,71,47,29,112,42.4,3,4,2,8,43,-0.43,-2.31,3.64,Moderate
1,5,8.2,80,52,37,110,50.4,1,5,0,1,55,-1.64,1.25,-1.0,Low
1,4,6.8,80,25,57,12,43.4,1,4,0,7,47,1.5,-8.12,-0.78,Low
22,17,8.2,86,22,176,56,54.4,1,20,1,11,10,5.32,2.1,0.5,High
2,6,6.0,70,85,134,53,60.9,1,5,2,10,152,2.88,0.56,1.6,High
6,21,7.3,71,59,82,121,46.0,2,9,0,10,6,1.42,-2.93,1.76,Moderate
5,7,6.3,76,58,134,9,48.0,3,9,0,13,66,4.67,-1.77,2.51,Moderate
4,10,6.4,65,20,62,89,40.4,3,3,2,6,36,0.28,-4.34,0.71,Moderate
8,7,7.2,93,50,25,31,47.4,1,12,3,20,31,-0.52,0.53,1.73,Moderate
6,8,6.7,67,53,110,103,52.3,1,12,0,4,12,2.7,2.27,2.34,Moderate
8,5,7.7,78,41,52,71,45.1,5,14,1,4,103,0.09,-0.26,-1.0,Low
2,12,6.6,64,51,63,71,48.4,5,13,0,8,35,0.1,2.78,1.15,Moderate
13,4,7.3,78,52,47,7,47.2,0,21,1,6,25,-1.68,0.44,1.56,Moderate
8,3,6.0,69,53,21,180,62.4,1,19,1,6,37,-0.18,8.6,3.11,High
9,14,6.8,70,48,15,68,44.1,4,9,1,5,112,0.73,1.12,0.92,Moderate
20,8,6.5,67,38,11,103,53.0,3,4,1,4,68,-2.1,3.75,-0.14,High
23,7,6.9,71,45,170,96,42.7,1,5,0,5,85,4.08,-3.06,0.05,High
10,5,8.2,66,39,30,43,56.1,2,21,0,2,86,-1.06,7.2,0.2,Moderate
11,5,8.4,81,24,81,16,59.3,3,4,0,3,88,1.5,4.39,0.03,High
8,7,5.9,74,65,23,55,36.8,3,0,0,4,66,-0.95,-2.8,-1.0,Moderate
0,5,7.2,76,49,54,44,49.9,4,0,0,2,32,1.14,-0.79,-0.74,Low
9,3,9.0,74,44,108,91,59.5,5,2,1,16,32,2.42,1.85,-1.0,Moderate
2,9,7.6,67,42,8,180,45.7,3,2,3,9,126,-2.5,-1.56,-1.0,Low
9,1,8.4,58,49,17,119,59.8,4,4,1,10,171,-0.24,5.41,0.53,High
9,5,5.3,76,35,65,23,47.9,4,1,2,5,65,1.46,0.03,1.44,Moderate
12,4,7.7,81,43,84,33,50.0,5,10,1,12,6,2.72,-1.41,0.12,Moderate
15,1,7.2,79,20,44,8,41.5,5,5,0,14,53,-0.72,-2.41,-0.74,Low
8,10,7.0,65,42,132,110,44.1,2,4,0,5,9,4.23,-3.39,-0.4,Low
8,5,5.5,73,45,36,55,49.4,6,5,1,15,57,-0.34,2.31,2.14,Moderate
5,9,5.8,86,48,140,35,48.3,5,12,1,4,155,4.37,2.07,0.75,Moderate
8,5,6.0,70,47,29,95,46.8,3,1,1,5,70,-0.15,-4.49,1.18,Moderate
10,6,6.8,74,46,59,74,45.9,0,5,0,10,133,0.72,3.99,-0.51,Moderate
2,12,6.3,87,34,52,80,44.3,3,2,1,5,111,0.51,3.96,1.09,Moderate
11,9,5.9,74,50,4,59,35.0,1,1,0,10,119,-1.33,-5.52,-0.38,Moderate
15,8,6.3,81,51,42,180,45.9,6,11,3,14,48,0.01,3.11,2.71,High
6,3,6.9,64,46,49,62,54.4,5,15,0,7,37,-1.03,6.54,0.53,Moderate
5,12,8.2,67,48,63,180,35.0,5,13,0,3,120,0.94,-4.86,-1.0,Moderate
11,1,7.6,72,45,76,84,43.3,6,6,0,20,137,2.13,0.02,-1.0,Moderate
3,9,6.4,78,46,12,180,38.1,2,0,2,13,128,-1.54,-2.58,0.77,Low
11,4,6.4,83,46,99,112,57.3,8,12,0,12,53,1.9,7.47,2.47,High
10,17,7.7,78,38,7,180,55.3,2,9,1,2,43,-1.45,4.59,0.51,Moderate
13,7,7.0,83,50,143,18,58.7,4,16,1,20,120,3.72,3.94,2.1,High
15,7,5.8,79,58,77,46,39.5,2,6,0,7,74,0.8,-4.59,1.9,Moderate
7,8,7.1,57,31,26,35,38.2,2,7,1,3,53,-0.86,-2.68,-0.9,Low
3,6,7.5,90,43,42,101,51.6,0,3,0,20,29,-1.2,2.83,-0.97,Moderate
23,3,5.0,78,41,63,17,53.9,2,19,0,2,47,0.94,5.05,5.22,High
8,4,7.6,86,44,54,62,36.4,3,2,2,11,76,-0.18,-6.03,-1.0,Low
7,7,4.3,68,43,40,18,55.0,2,4,0,3,60,-0.2,2.7,4.36,Moderate
12,13,7.2,81,41,122,26,40.7,2,4,0,1,44,3.24,-7.08,-1.0,Low
8,6,7.9,69,60,34,32,46.3,5,7,0,11,88,0.19,0.54,-1.0,Moderate
2,2,5.9,74,43,6,115,45.9,1,3,1,13,51,-2.4,-4.48,0.9,Low
12,2,6.8,83,30,62,180,58.5,3,14,2,3,119,0.13,3.95,2.38,High
11,2,4.9,90,40,44,158,48.4,5,21,2,6,41,1.24,-0.07,4.97,High
6,6,6.9,79,46,180,72,57.0,1,6,3,3,134,5.88,-1.62,1.99,High
5,8,6.1,69,61,4,59,47.0,2,5,1,3,45,-1.12,2.2,1.36,Low
4,5,7.5,78,34,58,16,37.5,0,1,0,5,45,0.78,-8.62,-1.0,Low
5,14,6.2,65,21,39,107,43.9,1,16,2,20,24,-0.13,-0.49,2.89,Moderate
10,13,7.4,66,51,19,41,39.5,4,3,1,10,6,-1.13,-1.97,-1.0,Low
4,1,9.0,81,39,13,140,66.4,4,7,1,8,54,-0.92,9.52,-1.0,High
2,4,6.1,69,54,36,33,35.0,2,9,0,6,5,-1.48,-5.69,2.06,Low
8,3,6.5,76,49,20,67,38.0,2,18,0,12,42,1.07,-2.28,2.56,Moderate
13,8,8.0,55,41,35,78,57.2,1,6,1,4,112,-0.63,5.7,-0.92,Moderate
6,11,7.0,68,62,25,75,57.3,4,7,1,11,63,-1.03,2.01,1.51,High
4,17,7.6,68,48,37,125,48.6,2,7,2,1,22,1.45,3.77,-0.74,Moderate
5,6,7.0,80,38,77,40,45.5,5,2,0,8,10,1.89,-1.02,-1.0,Low
19,6,5.7,63,29,38,70,42.6,5,11,1,11,35,0.84,2.4,2.02,High
6,6,6.4,83,51,40,75,38.4,4,3,1,7,22,-0.53,-5.67,-1.0,Low
11,11,7.1,69,40,52,53,51.3,4,4,1,1,73,0.28,4.17,0.13,Moderate
1,2,7.5,85,41,25,83,35.0,6,6,3,19,94,-1.54,-3.26,0.5,Low
1,10,7.0,70,43,76,39,57.4,3,11,1,4,119,2.31,1.47,0.6,Moderate
7,1,6.7,86,38,50,121,40.6,1,1,0,5,125,-0.88,-6.41,-0.29,Low
6,14,6.3,83,28,119,81,35.0,2,5,3,3,104,2.61,-8.48,1.08,High
3,6,7.1,68,47,174,39,49.5,3,6,0,4,72,3.69,1.42,1.36,Moderate
11,1,7.0,71,39,30,33,42.2,4,2,1,17,60,0.28,-2.49,-1.0,Low
3,9,6.5,72,43,8,134,43.7,2,8,1,10,55,-2.5,-3.05,-0.38,Low
11,5,6.1,55,36,63,109,50.5,5,3,1,2,22,0.82,0.67,0.13,Low
2,3,6.9,62,49,40,69,47.9,2,10,1,5,35,-0.17,5.85,1.02,Low
12,8,5.9,89,36,60,68,35.0,5,7,2,6,41,0.16,-5.16,0.72,Moderate
4,1,8.4,69,50,81,59,35.4,1,10,0,7,92,-0.25,-5.46,-1.0,Low
8,3,7.3,68,39,123,17,38.8,3,2,0,3,48,1.49,-1.81,-0.63,Low
7,7,6.8,68,26,91,34,44.0,3,12,0,6,33,0.16,-1.09,0.71,Low
4,2,6.9,68,39,25,43,38.3,5,19,0,2,34,-0.22,-6.15,1.0,Low
4,9,6.3,75,41,23,68,41.8,2,4,1,15,49,-1.69,-3.51,1.63,Low
10,4,6.6,66,30,23,53,43.1,2,0,0,12,47,-0.86,-1.93,-0.06,Low
7,1,9.0,80,48,88,12,59.2,2,4,1,4,39,1.72,-0.98,-1.0,Low
4,5,5.8,88,39,40,38,42.7,0,1,0,13,8,0.11,-5.29,0.7,Low
6,2,8.0,69,39,95,74,48.6,3,6,0,12,23,1.71,3.26,-1.0,Moderate
6,2,5.6,85,52,82,170,39.1,2,2,0,8,22,2.8,-2.48,0.59,Low
14,15,6.7,64,28,58,64,47.3,3,4,0,8,46,1.12,-1.52,0.47,High
15,8,6.7,61,46,63,108,50.3,3,3,2,17,143,1.34,2.09,1.57,Moderate
2,6,6.9,91,49,21,73,35.6,2,2,0,16,51,-0.45,-6.61,0.33,Low
5,10,6.5,84,37,44,18,50.7,2,5,1,8,57,0.48,0.92,2.36,Low
17,4,6.9,68,55,16,66,58.0,3,21,2,4,113,-1.46,8.72,3.39,High
7,4,6.8,60,34,48,125,49.9,5,11,0,16,55,0.97,2.04,0.5,Moderate
4,4,7.4,78,57,49,129,53.4,3,9,0,6,31,1.73,1.19,0.14,Moderate
1,2,6.1,66,34,16,56,35.0,3,3,1,12,104,-0.93,-8.83,0.73,Low
17,6,6.2,72,38,114,180,41.4,1,2,0,8,124,3.09,-2.03,-0.21,High
8,14,7.3,72,63,27,85,50.9,4,7,1,2,14,-1.25,-0.56,0.86,Moderate
14,6,8.0,77,47,98,12,41.2,3,9,1,12,100,1.64,-0.85,-0.83,Moderate
1,5,6.5,62,28,23,10,55.2,1,7,0,10,65,-1.47,4.43,1.03,Low
7,3,6.6,86,49,55,33,52.9,4,10,0,20,118,0.25,0.09,1.63,Moderate
3,8,7.5,91,42,34,46,58.6,6,4,1,3,74,-1.79,8.3,0.24,High
4,7,6.1,77,35,92,115,35.1,0,2,2,19,73,3.13,-8.37,0.28,Moderate
10,2,6.2,71,25,24,95,61.0,7,7,3,3,11,-0.3,5.28,2.03,High
3,3,8.6,80,41,72,150,56.4,2,9,0,2,99,1.35,3.46,-0.08,Moderate
8,2,8.0,62,31,25,70,45.7,3,6,3,15,58,-1.13,-4.39,0.38,Low
5,10,7.2,71,26,146,45,52.3,3,5,2,7,74,4.24,0.19,-0.28,Moderate
5,3,6.2,84,55,180,19,48.1,2,16,2,8,24,4.88,-0.1,3.38,High
11,13,7.1,66,38,98,48,47.7,5,5,3,10,62,3.77,2.82,0.28,High
4,4,7.7,72,37,35,31,52.3,3,5,2,0,167,0.18,2.25,-0.83,Low
10,5,6.6,71,43,74,70,40.1,7,9,0,7,18,2.32,-3.39,1.05,Low
3,2,7.2,84,25,51,103,35.0,5,6,0,8,86,-0.71,-5.38,-1.0,Low
4,3,7.0,82,67,26,20,63.3,3,6,0,13,46,-0.76,6.53,1.79,Moderate
6,7,6.7,67,49,56,99,56.1,4,2,1,1,9,0.01,4.33,0.56,Moderate
8,5,4.7,60,45,124,135,56.4,4,9,0,12,34,2.2,6.74,4.03,High
5,5,7.4,72,26,58,134,42.1,2,14,0,15,21,0.63,-1.0,0.27,Moderate
6,9,7.1,71,49,20,19,46.6,6,4,2,12,66,-0.21,2.49,0.18,Moderate
12,8,6.5,95,36,114,89,59.3,2,9,0,10,95,3.5,10.0,2.19,High
15,2,6.2,69,41,41,39,43.5,3,5,2,7,20,-0.34,1.11,1.1,Low
12,4,6.0,66,25,122,71,50.3,1,5,0,5,19,1.78,1.48,0.8,Moderate
6,9,9.0,68,30,73,53,46.8,5,13,0,5,24,0.84,0.96,-1.0,Low
8,10,6.8,60,48,67,27,58.0,2,11,1,9,113,0.05,7.99,0.92,High
14,17,7.8,73,62,17,46,59.0,4,12,0,4,28,-0.77,7.45,0.32,High
6,7,7.4,67,46,88,62,44.1,3,4,3,2,92,0.84,1.22,0.58,Moderate
3,2,7.0,59,46,44,41,46.4,3,14,1,3,77,0.28,-0.09,0.77,Low
8,3,7.8,73,36,34,138,44.6,2,9,1,1,48,0.14,-0.21,-1.0,Low
4,10,6.9,64,50,60,120,45.0,3,5,1,2,65,1.03,-0.56,-0.95,Low
7,3,5.3,66,33,98,47,58.2,5,4,1,10,74,2.07,5.07,3.07,High
11,2,6.2,77,38,152,24,35.0,1,10,2,8,107,3.68,-1.31,1.4,Moderate
17,2,6.1,79,47,56,26,53.8,0,2,1,3,8,0.42,4.69,1.55,Moderate
4,5,6.7,88,41,23,28,43.0,1,7,0,10,167,-1.28,3.33,1.08,Moderate
21,11,7.4,69,27,94,17,58.0,2,5,1,7,122,2.01,5.37,0.52,High
13,2,6.2,63,51,41,70,43.1,3,10,4,6,142,0.75,-0.71,1.06,Moderate
10,12,6.9,75,45,44,47,41.3,4,14,1,20,41,-1.29,-1.52,1.85,Moderate
2,10,7.2,72,58,26,68,53.5,1,21,0,3,27,-1.72,4.24,2.89,Moderate
3,9,7.1,69,50,101,15,59.5,5,3,0,6,52,1.5,3.76,-0.21,Moderate
8,2,5.8,82,44,78,19,51.3,5,11,1,5,34,1.4,1.22,2.27,Moderate
4,9,7.6,74,34,51,75,55.5,0,5,1,11,48,0.8,3.23,-0.08,Moderate
22,1,6.3,66,39,12,84,54.3,1,4,1,10,6,-0.35,2.58,1.46,High
8,10,8.1,70,33,19,113,46.5,1,6,1,20,50,-2.18,-5.53,-1.0,Moderate
9,4,6.4,69,30,117,100,53.2,1,5,0,19,101,2.38,4.99,2.48,Moderate
5,4,5.9,73,12,13,21,53.3,4,14,0,4,109,-1.92,5.74,3.44,High
1,10,5.9,75,26,53,34,36.1,1,20,1,13,109,-0.42,-3.29,3.5,Moderate
11,5,7.9,73,46,59,112,54.9,6,7,1,6,119,-0.34,3.07,-1.0,Moderate
3,13,7.5,63,47,160,134,38.3,1,16,1,16,17,5.29,-4.31,-0.41,Moderate
27,2,7.3,77,37,83,70,49.9,6,2,1,6,15,1.46,0.01,-0.93,Moderate
3,3,8.0,71,42,56,133,49.4,5,13,2,4,40,-0.55,-0.56,-1.0,Low
4,8,7.0,85,42,31,32,50.2,2,14,0,6,4,-1.47,4.5,3.36,Moderate
3,2,6.1,74,26,25,140,43.4,2,13,2,6,174,-0.11,-4.61,2.03,Moderate
4,1,7.6,83,68,40,36,56.2,4,2,0,9,97,1.15,0.69,-0.42,Low
4,1,7.5,81,56,81,52,59.3,2,2,1,3,91,2.32,2.91,1.45,Moderate
3,1,8.1,65,58,126,99,49.5,4,1,0,2,68,4.19,1.99,-1.0,Low
8,8,7.8,74,39,14,69,44.1,3,3,2,8,35,-0.35,-1.14,-1.0,Low
2,10,4.3,69,45,68,132,35.0,4,5,1,4,13,1.33,-7.61,2.44,Moderate
2,3,6.6,71,48,54,16,49.7,2,8,0,13,10,0.93,-3.56,0.21,Low
7,11,6.3,69,43,1,84,47.9,3,4,0,9,77,-2.5,-0.64,2.02,Low
3,1,7.3,94,37,99,82,43.6,4,9,0,3,48,2.14,2.91,0.8,Moderate
14,7,5.9,88,45,57,54,35.0,4,9,0,12,46,1.87,-6.58,2.89,Moderate
9,3,6.6,92,40,110,42,45.8,3,4,0,1,133,3.71,-4.26,0.7,Low
5,11,4.9,62,34,33,180,43.4,4,8,0,4,127,-1.02,-3.16,2.17,Moderate
16,7,8.2,55,53,77,98,55.9,1,5,0,5,81,0.65,0.5,-1.0,High
10,21,7.4,74,34,98,165,64.7,1,4,3,2,83,1.87,6.95,1.44,High
2,7,7.1,72,58,15,24,35.0,4,2,1,6,20,-0.61,-4.35,-1.0,Low
3,7,7.0,74,48,106,51,35.0,2,3,0,8,168,2.99,-7.38,-0.28,Low
7,3,6.9,63,52,39,72,52.9,1,2,3,9,85,1.2,1.17,1.25,Moderate
8,5,6.4,75,61,69,18,40.2,2,2,0,8,180,1.53,-4.64,-0.83,Moderate
6,3,6.9,81,41,15,13,54.7,1,7,1,4,103,-1.93,5.31,-0.63,Moderate
6,11,6.8,66,59,138,86,59.6,4,2,1,4,31,4.0,4.43,-1.0,High
4,13,6.6,89,66,37,84,37.5,5,14,1,12,126,-0.37,-2.75,1.54,Moderate
9,8,8.0,73,61,180,44,50.5,1,2,0,7,29,4.31,-0.48,-0.22,Moderate
3,0,8.1,64,60,97,37,53.0,3,5,1,7,27,3.16,-0.93,-1.0,Low
11,3,6.7,62,40,83,8,47.6,3,3,0,20,132,2.89,-0.12,0.42,Moderate
9,6,7.0,81,45,27,30,44.1,2,5,2,5,60,0.69,0.78,0.77,Low
13,9,8.1,69,33,26,69,64.5,2,16,1,1,30,-0.08,10.0,1.16,High
10,11,9.0,55,78,57,108,52.2,6,2,0,4,61,0.0,2.11,-1.0,Moderate
3,6,7.2,71,34,133,91,61.5,3,2,1,8,17,2.14,5.65,-1.0,High
9,4,6.8,73,51,138,34,44.4,3,8,0,6,15,3.8,-2.67,0.86,High
6,7,6.7,73,33,35,45,39.9,1,10,0,11,53,-0.31,-4.48,1.36,Low
3,7,6.9,66,37,52,97,50.6,2,17,2,9,34,2.21,1.7,1.41,Moderate
13,3,6.2,84,61,180,45,36.1,4,8,0,2,20,6.0,-3.73,0.87,High
5,8,6.2,72,28,51,177,35.0,1,7,1,2,41,-0.95,-1.59,2.26,Moderate
5,4,7.1,83,43,29,34,47.2,3,2,1,15,46,-1.84,2.69,-0.28,Moderate
5,8,7.4,83,25,30,74,39.8,5,4,2,11,14,-1.15,-8.71,-0.42,Low
11,7,7.9,73,31,50,38,37.5,4,21,0,3,113,0.71,-1.14,0.29,Moderate
5,10,7.3,88,46,81,122,39.2,3,4,1,20,38,1.45,-6.01,-1.0,Low
5,3,6.3,79,12,88,180,50.8,3,5,0,20,77,2.3,1.54,1.42,Moderate
4,6,6.9,72,19,31,54,35.0,3,8,1,6,25,-0.87,-4.79,1.13,Low
2,1,5.3,74,47,110,66,36.1,3,21,0,7,37,2.94,-3.14,2.69,Moderate
6,2,6.6,57,38,40,45,42.4,7,3,1,8,48,0.21,-2.47,0.19,Low
11,3,7.5,69,53,80,14,47.7,2,5,1,8,73,1.74,0.85,-0.67,Low
4,9,7.3,82,56,49,47,41.6,5,2,2,12,180,0.74,-5.39,-0.05,Moderate
8,12,6.2,86,48,47,47,57.4,1,17,1,12,118,0.19,5.95,2.37,High
10,9,7.0,57,34,90,23,52.3,4,6,1,10,89,1.42,4.08,-0.44,Moderate
4,5,7.2,60,33,62,24,56.2,5,3,0,20,64,0.31,-2.92,-0.85,Moderate
3,1,5.8,67,12,41,86,40.1,3,6,0,6,98,0.09,-6.36,2.49,Low
9,10,8.3,61,65,113,17,42.7,3,3,2,12,49,2.32,-3.07,-0.02,Moderate
2,4,4.9,63,45,59,24,36.5,3,21,1,6,93,0.3,-5.68,4.63,Moderate
9,7,6.2,73,46,19,36,45.2,5,6,0,20,81,-1.7,-3.05,0.61,Low
7,1,5.3,84,63,33,18,42.8,6,2,3,17,30,0.63,-5.32,1.6,Moderate
6,9,7.6,58,58,60,74,38.7,4,9,1,4,56,1.04,-2.93,-0.61,Low
9,3,8.2,89,54,28,76,42.4,3,6,1,2,110,0.14,0.21,-1.0,Low
2,3,6.4,91,27,69,36,62.7,2,3,0,10,115,-0.04,8.68,2.41,High
12,2,5.7,76,54,28,28,42.1,5,3,1,4,133,-1.26,-5.95,1.93,Moderate
4,4,7.2,62,49,22,23,46.1,7,13,2,3,2,0.16,1.02,0.53,Moderate
15,3,6.1,74,53,87,32,43.0,2,2,0,6,36,1.82,-2.42,1.08,Moderate
8,11,7.3,76,51,52,101,46.2,3,9,0,2,72,1.48,1.27,-0.42,Moderate
4,1,5.9,83,42,50,61,37.7,6,2,1,9,40,0.17,-6.24,1.56,Low
5,6,6.9,95,35,42,176,55.4,2,13,1,3,36,0.24,6.96,2.47,High
3,5,5.2,74,40,50,95,45.3,0,4,0,4,77,1.18,-3.21,2.38,Low
8,2,6.3,63,49,24,28,52.0,1,12,1,11,115,-0.24,1.12,1.76,Moderate
2,6,5.7,64,44,33,32,62.1,4,6,1,13,113,-0.15,10.0,2.14,High
5,21,5.2,77,22,124,74,61.1,4,12,0,3,49,3.02,10.0,4.11,High
1,13,7.7,62,28,10,16,57.2,5,3,1,9,45,-2.05,4.3,-1.0,High
4,2,7.3,62,48,89,143,39.1,6,5,2,8,51,1.02,-4.59,-0.24,Low
4,2,7.7,87,25,24,71,42.1,5,4,0,3,17,-0.87,-7.41,-1.0,Low
6,9,5.8,74,57,62,18,46.7,6,2,2,5,30,2.51,-6.48,1.97,Moderate
16,7,7.4,88,61,143,47,50.8,6,6,0,10,41,3.38,-1.03,-0.4,Moderate
10,4,8.6,75,50,44,51,53.6,4,9,1,8,9,1.12,-1.3,-0.39,Low
10,6,5.4,67,38,25,57,36.5,4,21,1,5,56,-1.65,0.8,3.27,Moderate
3,7,7.6,79,80,145,53,52.5,3,8,1,8,48,4.46,3.5,0.33,Moderate
6,6,6.8,58,59,36,36,58.4,2,14,0,10,117,-2.19,6.21,1.78,High
12,2,7.0,74,65,53,5,42.4,2,4,2,20,85,-1.42,-4.45,-0.05,Low
1,7,7.7,73,44,74,21,47.9,3,5,0,8,33,1.46,0.87,-1.0,Low
14,7,6.4,65,45,84,62,41.1,2,15,2,5,32,0.29,-3.24,1.91,Moderate
6,1,6.4,72,34,16,142,47.9,1,3,0,3,124,-0.95,1.56,1.41,Low
6,18,7.9,69,34,55,155,62.2,2,11,1,4,153,1.06,4.18,0.84,High
0,7,4.7,86,17,71,82,51.6,2,4,0,5,44,2.84,0.18,3.51,Moderate
7,7,7.2,59,61,99,11,43.7,2,7,1,6,77,0.99,-4.73,0.1,Moderate
3,5,7.4,78,40,67,180,44.9,2,1,2,4,31,1.01,1.48,-1.0,Low
3,4,6.5,71,56,24,41,59.2,3,3,0,2,88,-0.63,3.92,0.36,Low
4,6,6.4,69,50,139,44,50.9,6,7,0,1,85,4.03,2.0,1.96,Moderate
5,5,6.6,72,25,32,46,42.9,4,6,0,1,30,0.83,-2.98,1.48,Low
11,10,6.8,70,41,89,17,41.7,2,1,1,7,87,2.26,-2.71,-1.0,Moderate
8,5,8.9,83,40,41,61,51.1,7,21,1,4,90,-1.42,9.99,-0.0,High
7,14,7.3,73,44,39,81,44.9,4,5,1,17,112,-0.5,-5.59,1.64,Moderate
8,1,8.2,62,44,53,103,55.2,1,17,2,11,49,0.82,5.74,0.9,Moderate
18,6,6.7,62,56,27,53,50.4,1,21,1,7,43,-0.41,1.33,2.42,High
4,5,7.9,64,29,74,73,46.7,4,5,1,2,180,0.55,2.06,-1.0,Low
2,5,6.3,74,54,134,53,51.6,2,7,1,1,56,3.53,2.5,2.65,Moderate
8,16,6.7,64,49,42,18,54.2,2,2,1,15,73,-1.07,0.81,-0.31,Moderate
4,5,7.1,67,29,112,35,53.6,3,8,0,5,21,2.61,4.27,0.13,Moderate
9,4,6.2,79,52,42,122,46.9,4,5,0,3,48,-0.6,0.1,1.07,Moderate
5,10,8.1,74,61,58,78,48.9,1,1,2,2,55,1.58,0.92,-1.0,Low
7,8,6.5,86,39,31,24,44.6,6,9,2,12,72,-2.21,-0.25,-0.09,Moderate
1,4,6.3,76,45,68,58,57.8,3,3,3,9,22,0.88,3.5,0.32,Moderate
1,3,7.6,83,46,70,82,50.1,2,5,1,3,26,1.12,2.03,-1.0,Low
6,9,8.4,87,45,68,27,46.1,4,6,0,10,118,1.44,0.07,-1.0,Low
12,5,6.6,70,29,70,25,35.0,7,19,0,1,41,0.63,-5.86,3.51,Moderate
2,1,7.9,77,44,102,54,44.2,5,10,3,5,71,2.98,-2.49,-0.48,Low
8,2,6.5,60,46,26,47,45.6,2,11,0,5,79,-2.35,-1.09,0.68,Low
15,6,5.9,67,63,64,32,48.5,2,8,0,12,180,1.42,3.21,2.24,High
3,1,6.4,75,41,54,117,47.7,3,15,0,4,24,0.38,-0.34,0.42,Low
5,4,8.0,84,54,58,64,53.4,3,2,2,3,180,0.64,2.61,-1.0,Moderate
7,5,7.8,80,30,60,45,41.7,9,7,1,6,173,1.99,-5.43,-1.0,Moderate
8,2,5.3,75,46,133,28,35.0,2,8,1,4,56,2.74,-3.8,0.22,Moderate
5,3,7.2,93,62,16,35,48.7,5,5,1,3,8,-2.1,-2.27,-0.02,Low
6,6,8.1,76,46,13,48,45.2,3,6,1,6,101,-1.34,0.77,0.16,Low
4,4,6.4,75,54,78,33,64.7,3,16,0,3,42,2.26,10.0,2.6,High
7,10,6.7,72,41,51,45,55.4,1,4,0,1,99,1.12,0.05,1.81,Moderate
2,4,7.8,78,32,180,45,46.7,4,8,0,12,81,3.53,3.6,-0.22,Moderate
6,5,8.0,72,40,30,79,40.4,2,2,2,10,20,0.83,-4.61,-0.62,Low
2,3,8.5,88,54,107,30,47.6,4,2,1,9,140,4.24,-1.1,-1.0,Low
17,0,7.9,95,40,56,24,47.6,2,3,2,12,38,0.38,-0.48,-1.0,Moderate
6,6,5.9,63,56,79,180,40.4,3,8,1,17,180,2.0,-2.09,3.03,Moderate
8,6,5.5,76,71,32,69,42.6,4,2,2,7,19,-0.92,-1.83,2.36,Moderate
3,14,5.6,73,61,88,179,49.7,3,8,0,2,63,2.04,-0.12,3.32,High
4,3,5.1,73,34,70,98,44.8,1,8,0,9,111,2.1,-0.77,2.78,Low
11,4,5.5,94,53,23,71,39.5,3,5,1,9,77,-1.98,-6.73,0.75,Moderate
6,18,6.5,79,37,49,45,40.8,1,2,0,7,58,0.57,-3.81,-0.41,Low
4,5,5.4,76,42,130,117,50.2,4,2,1,12,23,3.89,-2.46,1.18,Moderate
10,10,8.8,69,36,87,121,41.8,3,2,1,2,73,1.01,-4.73,-1.0,Moderate
11,5,5.9,78,18,94,43,45.9,2,15,1,2,71,1.33,-0.86,3.32,High
3,19,7.3,69,40,93,41,45.0,4,2,0,6,112,0.3,-5.48,-0.11,Moderate
6,5,7.6,79,66,97,19,39.3,2,12,0,20,109,2.25,-0.69,0.52,Low
4,2,6.6,79,56,46,65,62.8,5,4,1,6,98,0.36,10.0,0.99,Moderate
7,1,8.7,81,39,43,80,51.7,2,5,1,3,180,0.45,6.1,-0.88,Low
4,7,7.5,67,43,57,96,51.4,4,6,1,8,93,0.18,0.6,-0.56,Low
16,2,6.9,82,21,48,46,44.4,5,17,0,9,38,0.04,0.7,0.03,Moderate
6,1,6.3,88,43,32,36,40.7,5,4,2,6,76,-1.25,-6.5,0.85,Low
10,6,7.7,63,44,132,68,54.0,1,1,2,7,62,2.06,1.24,-0.68,Moderate
13,7,6.4,56,31,76,12,42.2,2,12,1,14,44,0.29,-7.57,1.55,Moderate
14,7,8.2,78,56,78,82,47.8,3,5,0,13,8,2.43,-0.94,-1.0,Moderate
1,10,6.4,72,47,22,63,52.9,3,13,1,5,19,-0.39,-0.7,2.89,Low
4,4,7.7,93,69,117,85,43.7,3,1,2,2,180,3.14,-3.39,-1.0,Moderate
4,11,6.7,60,44,7,41,44.3,1,3,0,15,57,-0.7,-2.27,0.07,Low
10,11,7.2,62,46,62,72,45.9,4,5,0,14,103,-0.6,2.15,-0.16,Moderate
3,8,7.2,80,35,58,180,46.3,0,7,0,9,16,1.01,-2.16,0.86,Low
6,6,6.0,67,34,73,157,56.4,3,10,0,13,24,2.52,5.52,3.18,High
5,5,6.2,75,12,167,111,43.2,3,5,2,10,111,4.35,-3.5,0.17,High
