phq9_score,gad7_score,sleep_hours,heart_rate,hrv,days_since_last_leave,deployment_days,duty_hours_per_week,night_duties,consecutive_duty_days,recent_transfer_count,training_days,family_separation_days,leave_utilization_gap,workload_trend,recovery_gap,risk_level
6,11,6.1,64,27,42,78,46.7,6,1,1,15,44,-0.6,0.27388095238095245,0.14207142857142874,Moderate
5,12,5.5,69,42,80,16,46.8,2,10,1,14,82,0.6666666666666666,0.2642539682539682,0.6022142857142856,Moderate
3,4,6.4,69,58,87,180,58.6,5,2,3,5,72,0.9,0.8917619047619048,0.5876428571428571,High
1,3,7.7,82,57,86,180,59.0,5,10,1,1,18,0.8666666666666667,1.1954761904761906,0.5982142857142856,Moderate
2,5,4.8,71,46,42,52,35.0,6,2,0,11,4,-0.6,-0.2457936507936508,0.04714285714285714,Low
11,3,6.0,65,64,84,26,43.6,4,9,0,16,18,0.8,0.22898412698412707,0.4001428571428572,Moderate
3,15,7.2,65,48,89,62,38.0,2,10,0,3,46,0.9666666666666667,-0.08063492063492066,0.06321428571428568,Low
13,7,7.6,62,22,157,113,50.8,4,16,0,3,87,3.2333333333333334,0.8996507936507936,0.7186428571428571,High
14,5,6.3,66,60,38,180,49.1,2,2,1,4,21,-0.7333333333333333,0.26426190476190486,0.19764285714285718,Moderate
4,4,7.3,60,37,13,41,46.9,5,2,0,6,94,-1.5666666666666667,0.21081746031746026,-0.1058571428571429,Low
10,1,5.1,83,44,34,62,46.6,3,17,1,6,180,-0.8666666666666667,0.6230317460317462,0.7512142857142858,High
4,1,6.6,91,33,15,46,42.7,2,5,0,13,105,-1.5,-0.06548412698412684,-0.01864285714285699,Low
11,16,6.4,84,36,113,115,43.4,3,4,0,10,35,1.7666666666666666,0.07363492063492058,0.25378571428571417,High
4,2,7.5,82,49,76,65,51.0,5,6,1,6,24,0.5333333333333333,0.5648412698412699,0.25392857142857145,Low
2,12,8.0,87,68,77,102,38.3,5,13,1,1,42,0.5666666666666667,0.2844523809523808,-0.012071428571428663,Moderate
9,2,5.8,80,42,34,20,42.6,2,14,1,14,30,-0.8666666666666667,0.22255555555555562,0.42300000000000004,Low
2,4,8.0,74,44,66,158,45.7,2,11,0,9,97,0.2,0.40824603174603186,0.12528571428571436,Low
14,2,4.7,88,33,180,84,53.6,5,5,2,14,36,4.0,0.6672380952380953,1.0533571428571429,High
6,15,7.3,72,52,89,107,47.7,9,16,1,5,165,0.9666666666666667,1.0868174603174605,0.5081428571428572,High
17,2,7.5,87,44,19,137,39.7,5,12,1,5,55,-1.3666666666666667,0.3506269841269843,-0.05614285714285702,Moderate
3,5,5.5,70,47,45,41,60.1,4,1,3,2,57,-0.5,0.702436507936508,0.6565714285714287,High
7,12,6.0,85,39,59,81,35.0,2,7,0,3,30,-0.03333333333333333,-0.3016666666666667,0.022499999999999996,Moderate
2,3,6.5,77,46,8,19,58.9,7,5,2,12,31,-1.7333333333333334,0.9668492063492063,0.4673571428571428,Low
10,4,7.3,83,45,17,87,38.9,2,7,2,11,43,-1.4333333333333333,-0.11950000000000005,-0.193,Moderate
7,7,7.8,84,45,101,80,35.7,4,4,0,11,47,1.3666666666666667,-0.24508730158730144,-0.25221428571428567,Low
15,2,7.4,83,59,21,34,41.2,5,5,0,17,39,-1.3,0.05368253968253981,-0.1886428571428571,Low
11,7,6.6,55,52,37,110,48.2,3,3,1,1,31,-0.7666666666666667,0.24836507936507954,0.1442142857142859,Moderate
7,3,8.0,77,25,56,112,51.2,2,8,1,19,97,-0.13333333333333333,0.4974920634920636,0.17957142857142866,Moderate
14,1,7.8,61,47,23,17,57.8,3,5,2,4,24,-1.2333333333333334,0.6484603174603174,0.2443571428571428,Moderate
1,6,6.3,56,26,14,57,70.0,5,1,1,2,180,-1.5333333333333334,1.2323809523809526,0.7360714285714285,High
8,3,6.8,72,51,78,19,50.5,12,6,1,4,23,0.6,0.9578968253968255,0.36642857142857144,Moderate
3,5,5.3,74,22,63,54,48.1,2,6,0,11,8,0.1,0.22211904761904774,0.5194285714285714,Low
4,21,6.8,77,51,65,108,57.8,2,13,1,15,51,0.16666666666666666,0.9686190476190476,0.7529285714285714,High
7,9,6.4,85,14,140,31,51.0,5,12,1,7,65,2.6666666666666665,0.7413492063492064,0.7778571428571428,High
5,7,5.0,72,30,116,38,39.0,4,8,3,5,65,1.8666666666666667,-0.00039682539682540235,0.48857142857142855,Moderate
11,5,6.7,75,33,98,9,47.6,7,10,0,3,180,1.2666666666666666,0.6258095238095238,0.4612142857142857,Moderate
2,3,5.7,68,67,25,4,50.1,2,1,1,20,12,-1.1666666666666667,0.07799206349206364,0.2715714285714285,Low
5,8,6.3,69,29,25,104,36.8,2,5,0,3,147,-1.1666666666666667,-0.26653968253968263,-0.11814285714285722,Low
3,11,6.2,76,37,180,61,40.9,3,16,0,7,18,4.0,0.32970634920634917,0.7241428571428571,Moderate
10,2,6.3,80,44,98,92,56.0,3,4,1,20,145,1.2666666666666666,0.6150793650793652,0.6117857142857143,High
10,1,5.7,64,42,30,37,35.0,7,5,2,1,128,-1.0,-0.08865079365079366,-0.05464285714285718,Moderate
5,1,7.0,75,30,50,37,50.3,3,1,2,17,31,-0.3333333333333333,0.19032539682539673,0.11257142857142852,Low
4,2,8.0,78,45,34,35,35.0,2,3,1,7,42,-0.8666666666666667,-0.49563492063492065,-0.5042857142857142,Low
2,8,6.9,57,49,102,46,61.8,4,1,0,5,180,1.4,0.7844920634920634,0.6050714285714285,High
7,3,7.0,72,34,39,83,56.6,4,9,0,9,46,-0.7,0.8773174603174604,0.5026428571428572,Moderate
5,4,7.2,75,18,28,180,46.6,1,2,1,7,5,-1.0666666666666667,0.0850952380952382,-0.05985714285714287,Low
8,11,6.4,77,27,39,71,47.5,2,3,1,17,24,-0.7,0.10686507936507941,0.16321428571428565,Moderate
13,5,6.5,76,33,9,72,54.7,4,4,2,9,42,-1.7,0.6010238095238096,0.31528571428571434,Moderate
8,1,7.0,75,43,34,46,49.7,3,1,2,4,70,-0.8666666666666667,0.173325396825397,0.05457142857142866,Low
6,6,7.4,57,48,28,105,44.9,5,3,0,1,78,-1.0666666666666667,0.2276428571428571,-0.11728571428571438,Low
12,2,7.8,82,57,62,45,48.5,4,7,2,8,36,0.06666666666666667,0.39916666666666667,0.12000000000000005,Moderate
11,7,6.8,64,35,18,76,44.6,3,5,1,10,79,-1.4,0.12001587301587309,0.01085714285714294,Low
4,7,7.4,79,35,75,180,50.5,3,17,1,8,180,0.5,0.9296428571428571,0.5682142857142857,Moderate
9,4,5.6,76,26,145,27,50.3,5,3,2,20,133,2.8333333333333335,0.38397619047619036,0.6522142857142857,High
9,5,6.9,77,33,109,24,45.4,3,14,0,8,45,1.6333333333333333,0.4196666666666665,0.5019999999999999,Moderate
11,8,7.0,93,42,85,162,46.3,2,3,0,12,131,0.8333333333333334,0.15397619047619038,0.13721428571428562,High
6,2,6.8,70,39,46,50,54.0,6,5,3,10,85,-0.4666666666666667,0.7141269841269843,0.3628571428571429,Moderate
26,6,6.8,91,44,180,53,49.1,5,0,2,17,39,4.0,0.2517222222222223,0.40800000000000003,High
8,3,7.1,62,38,119,128,56.3,0,4,0,6,5,1.9666666666666666,0.46857936507936493,0.5332857142857141,Moderate
2,9,6.5,67,42,7,57,54.0,1,6,3,12,58,-1.7666666666666666,0.4242857142857143,0.3464285714285714,Low
2,2,4.9,93,57,82,13,67.5,3,3,2,6,33,0.7333333333333333,1.0090873015873016,1.1332142857142855,High
6,16,6.4,71,40,3,97,40.0,1,2,0,8,56,-1.9,-0.30412698412698413,-0.18035714285714294,Low
5,7,6.6,82,42,70,123,43.8,4,11,4,5,39,0.3333333333333333,0.41719047619047606,0.3232857142857143,Moderate
8,3,5.4,79,37,102,3,60.2,4,5,0,5,19,1.4,0.8075714285714288,0.9338571428571428,High
8,14,6.9,78,26,119,180,49.8,4,1,1,16,21,1.9666666666666666,0.3933809523809523,0.2875714285714285,Moderate
9,15,7.0,79,55,34,51,39.9,8,8,4,4,46,-0.8666666666666667,0.3212142857142857,-0.03942857142857147,Moderate
6,4,8.9,84,58,31,38,47.3,7,13,0,11,53,-0.9666666666666667,0.7516746031746031,-0.014571428571428666,Low
9,11,6.5,67,64,92,42,39.3,2,2,1,9,6,1.0666666666666667,-0.3300714285714287,0.003642857142857031,Moderate
12,15,7.0,56,43,10,4,55.5,3,3,1,5,180,-1.6666666666666667,0.45908730158730165,0.2257142857142857,Moderate
5,18,6.1,79,42,35,16,50.8,3,3,0,2,36,-0.8333333333333334,0.2609206349206348,0.30471428571428566,Moderate
1,6,7.3,86,17,180,154,35.0,6,12,0,14,50,4.0,0.2246825396825397,0.2403571428571429,High
8,13,6.5,94,70,117,22,41.8,1,7,1,5,102,1.9,-0.127888888888889,0.2839999999999999,Moderate
13,2,7.3,83,41,12,122,62.5,5,1,1,10,52,-1.6,0.9671031746031745,0.3310714285714285,Moderate
10,6,6.4,63,35,10,45,41.0,4,6,2,11,180,-1.6666666666666667,0.02595238095238095,-0.01857142857142864,Moderate
10,2,5.9,69,44,22,68,43.9,3,4,0,14,79,-1.2666666666666666,0.04391269841269835,0.12878571428571417,Moderate
16,8,7.6,77,48,26,156,51.7,2,9,1,9,55,-1.1333333333333333,0.6045952380952383,0.21814285714285733,Moderate
3,8,7.2,75,28,150,29,44.0,3,3,2,6,60,3.0,-0.030634920634920612,0.19571428571428567,Moderate
27,21,5.7,84,40,47,73,38.2,1,8,0,10,91,-0.43333333333333335,-0.1975079365079364,0.16957142857142862,High
3,3,7.1,65,34,47,52,55.5,1,7,1,3,49,-0.43333333333333335,0.5219444444444444,0.41500000000000004,Low
2,13,7.1,68,41,102,17,42.7,4,1,0,4,40,1.4,-0.10723015873015858,-0.0029285714285712805,Low
2,4,6.1,72,41,9,34,46.6,3,16,0,1,28,-1.7,0.5562063492063494,0.48514285714285726,Moderate
5,1,6.5,69,32,51,104,43.4,4,2,0,4,83,-0.3,0.056650793650793604,0.02414285714285707,Low
7,9,6.2,72,45,41,180,39.8,3,3,1,13,11,-0.6333333333333333,-0.05185714285714296,-0.027785714285714407,Low
6,3,6.6,83,55,20,86,41.9,4,8,1,16,55,-1.3333333333333333,0.18343650793650787,0.05557142857142859,Low
8,12,6.7,77,52,52,123,35.0,2,11,0,4,52,-0.26666666666666666,-0.11214285714285717,-0.0032142857142857494,Low
3,9,6.9,66,30,68,58,50.4,4,5,0,15,37,0.26666666666666666,0.42768253968253966,0.29235714285714276,Moderate
4,3,5.5,76,45,66,180,65.7,6,8,0,10,54,0.2,1.492214285714286,1.0770714285714285,High
8,15,7.3,69,43,90,63,41.5,8,7,2,5,117,1.0,0.37083333333333335,0.06750000000000003,Moderate
7,2,4.8,73,54,135,123,45.1,0,5,0,2,180,2.5,-0.005261904761904704,0.6683571428571429,Moderate
5,9,6.1,91,28,49,117,50.2,5,7,0,5,44,-0.36666666666666664,0.6223333333333335,0.43600000000000017,Moderate
5,5,7.9,89,46,65,22,42.3,3,5,0,12,140,0.16666666666666666,-0.04348412698412711,-0.13314285714285728,Low
11,0,8.1,67,45,50,87,52.1,2,12,1,5,24,-0.3333333333333333,0.6530714285714287,0.288357142857143,Moderate
9,2,7.1,77,57,29,33,35.5,0,5,2,12,24,-1.0333333333333334,-0.5372619047619048,-0.2871428571428571,Low
3,3,6.4,77,48,86,20,47.3,4,13,1,2,29,0.8666666666666667,0.5316746031746031,0.5604285714285713,Moderate
6,11,7.2,81,35,48,28,35.0,5,5,0,9,43,-0.4,-0.231984126984127,-0.27214285714285713,Low
10,9,5.3,78,24,149,83,62.8,1,10,3,9,150,2.966666666666667,0.992031746031746,1.2897142857142856,High
13,5,5.8,73,55,107,18,58.8,3,2,0,8,50,1.5666666666666667,0.5874285714285712,0.7486428571428569,High
6,13,7.4,83,26,20,100,44.4,2,8,0,10,70,-1.3333333333333333,0.17815873015873004,-0.009428571428571536,Moderate
17,5,6.0,69,39,48,38,48.0,2,3,0,9,12,-0.4,0.09269841269841277,0.2707142857142857,High
5,4,7.0,84,59,39,68,54.0,0,9,0,1,110,-0.7,0.476984126984127,0.42464285714285716,High
4,4,7.1,86,63,13,14,35.0,4,1,1,8,15,-1.5666666666666667,-0.45706349206349206,-0.45642857142857135,Low
5,2,7.1,83,45,20,19,35.0,1,2,2,13,170,-1.3333333333333333,-0.6157936507936508,-0.41035714285714275,Moderate
4,2,5.8,77,38,42,125,47.8,5,7,0,20,11,-0.6,0.523222222222222,0.39899999999999997,Low
2,10,7.5,91,43,34,180,49.3,1,4,0,11,44,-0.8666666666666667,0.27802380952380945,0.0407857142857142,Moderate
13,4,6.8,72,43,48,36,42.8,4,5,0,8,80,-0.4,0.06123809523809512,0.0318571428571428,Low
7,1,6.9,55,56,88,73,44.1,6,4,1,7,28,0.9333333333333333,0.258468253968254,0.12478571428571426,Moderate
9,5,5.9,69,22,180,122,36.0,2,2,1,5,54,4.0,-0.38968253968253974,0.22964285714285704,High
3,5,6.9,85,54,17,114,46.7,2,18,0,4,105,-1.4333333333333333,0.6543571428571429,0.4252857142857143,High
3,3,6.4,66,41,13,75,47.5,5,7,3,6,51,-1.5666666666666667,0.45416666666666666,0.2124999999999999,Low
11,17,7.4,79,22,90,77,61.5,0,11,1,8,46,1.0,0.8959126984126984,0.7642857142857141,High
1,6,6.6,80,33,83,18,49.3,7,8,1,13,97,0.7666666666666667,0.6408809523809522,0.43507142857142855,Moderate
4,6,6.8,67,34,16,150,70.0,3,7,1,4,137,-1.4666666666666666,1.4166666666666667,0.825,High
12,7,6.3,66,29,37,77,42.7,6,7,1,10,73,-0.7666666666666667,0.3070555555555557,0.14600000000000013,Moderate
2,9,7.5,67,45,33,109,70.0,3,6,1,5,128,-0.9,1.3353968253968254,0.7164285714285713,High
9,1,7.3,80,40,45,58,59.7,2,10,0,12,107,-0.5,0.891420634920635,0.5867142857142859,High
12,14,6.6,59,52,90,113,48.0,0,0,1,14,45,1.0,-0.06444444444444442,0.18500000000000005,Moderate
20,18,7.1,81,51,12,93,48.9,4,3,1,8,86,-1.6,0.3276428571428571,0.015214285714285736,High
8,6,7.3,75,53,43,108,41.5,2,14,0,7,49,-0.5666666666666667,0.27083333333333337,0.15000000000000008,Moderate
3,10,5.0,72,25,86,48,35.0,1,8,1,7,180,0.8666666666666667,-0.36928571428571433,0.2935714285714286,Moderate
11,7,5.5,77,56,3,74,57.6,6,2,1,2,136,-1.9,0.7956507936507938,0.5051428571428571,High
10,5,7.0,62,47,83,99,39.4,3,1,0,18,31,0.7666666666666667,-0.23128571428571432,-0.13192857142857148,Moderate
7,7,6.4,75,55,180,39,51.6,6,18,2,7,30,4.0,1.0581904761904763,1.0672857142857142,High
9,9,5.4,70,58,48,78,61.6,1,3,2,13,81,-0.4,0.6824761904761906,0.7837142857142856,High
3,1,5.6,68,35,177,64,46.6,3,2,2,8,57,3.9,0.08953968253968264,0.5926428571428571,Moderate
8,2,7.2,84,42,31,173,51.7,1,4,0,8,93,-0.9666666666666667,0.378246031746032,0.15778571428571436,Moderate
7,4,7.8,95,37,68,113,44.2,1,2,1,3,27,0.26666666666666666,-0.09734920634920624,-0.13685714285714276,Moderate
19,6,6.8,74,39,22,9,59.8,5,4,0,4,21,-1.2666666666666666,0.8271904761904763,0.4482857142857142,High
10,6,8.2,77,42,41,81,44.5,5,4,0,2,92,-0.6333333333333333,0.21869047619047616,-0.20821428571428555,Low
7,9,7.3,85,41,6,35,41.1,1,1,0,7,58,-1.8,-0.3592301587301586,-0.32592857142857135,Low
5,2,5.4,78,45,69,120,42.2,5,2,1,8,49,0.3,0.0870952380952382,0.2256428571428571,Low
8,6,4.9,78,30,26,68,47.0,5,14,2,0,180,-1.1333333333333333,0.6738888888888889,0.6924999999999999,High
8,4,6.8,80,49,38,22,35.0,5,10,1,4,180,-0.7333333333333333,-0.060079365079365094,-0.08428571428571424,Low
10,0,6.6,79,48,116,16,43.7,2,3,2,6,128,1.8666666666666667,-0.1252460317460316,0.20671428571428585,Moderate
18,7,7.4,74,44,109,96,47.5,4,3,2,6,100,1.6333333333333333,0.2679761904761905,0.16321428571428565,Moderate
7,5,6.8,57,36,56,7,45.1,3,0,0,20,34,-0.13333333333333333,-0.11272222222222217,-0.021999999999999957,Low
4,7,6.7,86,36,64,9,42.9,3,18,0,8,15,0.13333333333333333,0.43335714285714283,0.4637857142857142,Moderate
4,3,7.4,74,19,19,85,53.8,1,6,1,4,32,-1.3666666666666667,0.44639682539682535,0.21292857142857124,Moderate
8,3,6.6,65,59,52,86,42.6,2,3,0,3,86,-0.26666666666666666,-0.0969682539682539,0.013714285714285793,Low
1,7,6.5,69,46,15,51,53.5,4,2,0,6,24,-1.5,0.45226190476190475,0.23714285714285716,Low
8,2,6.9,72,36,50,29,61.5,2,12,1,4,46,-0.3333333333333333,1.0116269841269843,0.7803571428571427,High
4,4,7.7,91,45,65,18,43.4,2,6,2,1,180,0.16666666666666666,-0.029380952380952452,-0.036571428571428644,Low
1,3,7.9,85,50,82,52,49.3,1,6,0,11,53,0.7333333333333333,0.20723015873015865,0.1479285714285713,Low
3,7,7.1,66,50,49,80,42.9,1,3,0,10,16,-0.36666666666666664,-0.15680158730158733,-0.07228571428571426,Low
4,4,7.1,58,37,60,20,50.8,4,2,0,9,40,0.0,0.29631746031746015,0.16364285714285706,Low
10,3,7.3,71,42,77,29,40.2,5,5,0,11,38,0.5666666666666667,0.003126984126984242,-0.06114285714285701,Moderate
13,1,6.3,57,31,35,180,43.1,3,12,1,20,169,-0.8333333333333334,0.41807142857142865,0.29585714285714293,Moderate
6,7,6.0,79,39,33,18,55.1,3,9,0,9,32,-0.9,0.6709285714285715,0.6176428571428573,Moderate
9,1,6.0,79,30,31,180,39.9,1,8,1,12,100,-0.9666666666666667,-0.002119047619047673,0.12807142857142856,Moderate
14,4,7.1,89,32,54,86,54.3,4,4,0,4,46,-0.2,0.5985793650793649,0.3107857142857142,High
12,7,5.7,73,40,66,86,43.6,5,7,1,14,180,0.2,0.290888888888889,0.35050000000000003,Moderate
2,5,7.4,64,18,80,30,44.8,5,9,0,5,14,0.6666666666666666,0.3540952380952379,0.18114285714285697,Moderate
3,8,7.4,94,35,60,91,39.3,1,7,1,11,59,0.0,-0.16372222222222235,-0.09100000000000015,Low
3,4,7.4,74,23,30,111,60.5,2,10,0,2,150,-1.0,0.9863095238095237,0.5557142857142856,Moderate
7,12,7.2,69,38,19,35,52.6,5,8,2,1,94,-1.3666666666666667,0.6749365079365081,0.26907142857142863,Moderate
9,7,7.3,69,55,75,76,49.5,5,6,0,16,180,0.5,0.509563492063492,0.24142857142857144,High
10,10,6.8,77,16,47,48,35.4,2,13,0,9,100,-0.43333333333333335,-0.10604761904761911,0.03592857142857142,Moderate
10,3,7.1,65,31,75,40,54.7,1,3,1,4,46,0.5,0.32975396825396835,0.3467142857142858,Moderate
7,5,6.1,66,48,62,49,35.8,3,9,1,7,83,0.06666666666666667,-0.16312698412698423,0.09364285714285711,Low
7,2,6.2,83,40,79,11,57.1,4,19,1,6,32,0.6333333333333333,1.1769603174603176,1.0433571428571429,Moderate
3,7,5.9,77,23,33,100,37.4,2,16,1,7,85,-0.9,0.14887301587301582,0.30414285714285705,Moderate
5,7,8.2,55,41,40,83,51.3,3,10,1,2,96,-0.6666666666666666,0.6078650793650792,0.16471428571428579,Low
2,2,6.3,80,29,60,100,53.9,5,2,0,20,80,0.0,0.5913730158730157,0.3966428571428571,Low
4,5,7.1,63,48,173,81,44.3,2,13,2,9,142,3.7666666666666666,0.3311190476190474,0.5654285714285714,Moderate
6,11,8.0,84,52,34,41,52.1,2,7,1,8,54,-0.8666666666666667,0.423388888888889,0.12300000000000005,Moderate
8,3,6.8,81,59,73,46,35.0,1,5,2,8,5,0.43333333333333335,-0.47865079365079366,-0.1396428571428571,Low
11,14,5.9,72,34,19,90,55.0,3,4,3,15,100,-1.3666666666666667,0.567857142857143,0.4542857142857141,High
2,7,6.3,71,35,64,34,53.2,1,4,0,3,5,0.13333333333333333,0.2913015873015875,0.44278571428571434,Low
11,4,5.6,61,44,79,89,48.8,1,1,0,1,60,0.6333333333333333,0.04726984126984111,0.38507142857142845,Moderate
6,9,6.8,72,46,73,123,35.0,1,4,3,12,120,0.43333333333333335,-0.4288095238095238,-0.16821428571428568,Low
4,2,6.3,67,41,138,35,48.8,4,10,1,0,23,2.6,0.5086984126984125,0.6672142857142858,Moderate
6,5,5.9,64,46,40,86,49.4,2,5,1,7,64,-0.6666666666666666,0.28046031746031747,0.36735714285714266,Low
14,4,6.0,66,46,10,67,42.3,7,8,1,6,54,-1.6666666666666667,0.3803253968253967,0.14757142857142846,Moderate
13,2,6.9,76,44,64,79,51.4,5,13,1,4,110,0.13333333333333333,0.8483968253968254,0.5409285714285714,High
1,7,9.0,75,31,150,57,49.8,3,11,2,6,79,3.0,0.5471904761904761,0.2832857142857142,Moderate
4,9,5.9,55,45,121,66,40.2,3,2,1,11,150,2.033333333333333,-0.19623809523809513,0.20814285714285713,Moderate
7,4,6.8,75,48,61,73,44.3,2,4,0,7,18,0.03333333333333333,0.0008015873015871609,0.08078571428571424,Low
7,5,6.7,72,35,42,77,48.9,1,1,2,2,126,-0.6,0.03843650793650795,0.10307142857142847,Low
2,2,7.3,92,34,70,139,46.8,4,9,0,6,104,0.3333333333333333,0.49853968253968245,0.23364285714285707,Low
10,6,5.8,73,19,93,111,39.3,3,2,1,2,14,1.1,-0.18673809523809537,0.12864285714285706,Moderate
3,2,6.8,70,46,13,112,59.9,2,6,0,4,12,-1.5666666666666667,0.8175634920634921,0.4859285714285713,Moderate
7,8,6.3,81,55,50,103,42.8,3,18,1,5,22,-0.3333333333333333,0.5333015873015872,0.49578571428571416,Moderate
15,8,7.5,80,48,107,43,48.2,3,7,0,20,121,1.5666666666666667,0.31677777777777794,0.2760000000000001,Moderate
2,7,6.4,77,51,126,20,41.9,3,7,1,10,145,2.2,0.007722222222222158,0.32699999999999985,Low
7,3,7.4,76,45,38,103,48.9,8,4,1,1,45,-0.7333333333333333,0.6411349206349207,0.05628571428571419,Low
4,3,6.4,78,32,69,46,51.7,1,3,0,9,18,0.3,0.20142063492063514,0.36421428571428577,Moderate
3,6,6.1,76,35,19,180,49.8,8,20,0,12,48,-1.3666666666666667,1.3386190476190478,0.7204285714285714,High
12,8,7.7,83,38,176,79,53.9,2,10,2,3,111,3.8666666666666667,0.6537539682539681,0.6702142857142857,High
6,6,7.1,71,37,44,102,39.0,3,7,1,4,154,-0.5333333333333333,-0.03166666666666667,-0.08749999999999994,Low
3,9,7.0,71,41,180,180,39.7,6,9,0,16,58,4.0,0.3579285714285716,0.3481428571428572,Moderate
2,5,6.2,75,37,100,12,46.5,2,2,3,2,123,1.3333333333333333,-0.03940476190476186,0.2921428571428571,Moderate
2,9,6.4,75,28,36,63,46.7,4,3,1,0,101,-0.8,0.1953095238095239,0.13171428571428573,Low
5,1,6.0,90,32,56,21,57.4,3,5,1,9,43,-0.13333333333333333,0.6349047619047619,0.6298571428571427,Moderate
8,15,6.7,86,58,23,32,44.2,5,10,1,20,58,-1.2333333333333334,0.36503174603174615,0.17171428571428574,Moderate
9,4,5.2,61,37,98,37,54.0,5,7,1,2,22,1.2666666666666666,0.7044444444444444,0.8299999999999998,High
3,9,7.0,67,36,46,35,47.2,5,16,0,2,93,-0.4666666666666667,0.7176507936507939,0.4381428571428573,Low
5,9,6.5,75,64,38,102,59.9,5,1,1,7,101,-0.7333333333333333,0.8278809523809523,0.4580714285714284,Moderate
9,6,6.7,88,62,68,73,48.2,3,6,2,9,43,0.26666666666666666,0.31439682539682556,0.2899285714285715,Moderate
6,8,7.4,70,35,32,31,45.9,2,9,3,10,92,-0.9333333333333333,0.20470634920634914,0.09414285714285704,Low
12,1,6.1,76,38,31,86,46.8,4,7,4,10,27,-0.9666666666666667,0.3682222222222221,0.2889999999999999,Low
6,7,8.4,66,56,13,15,50.1,7,14,1,6,44,-1.5666666666666667,0.8878333333333334,0.1405,Moderate
4,4,5.6,69,56,19,30,49.0,1,8,0,3,93,-1.3666666666666667,0.24071428571428577,0.4410714285714287,Low
4,3,8.0,82,52,116,60,35.0,1,1,0,6,98,1.8666666666666667,-0.6059523809523809,-0.35642857142857143,Low
7,2,7.2,83,18,52,17,58.9,5,7,1,15,180,-0.26666666666666666,0.9027222222222221,0.5119999999999999,High
8,16,6.4,67,49,15,73,63.4,4,7,0,17,138,-1.5,1.1007777777777776,0.6944999999999999,High
6,3,6.5,72,47,49,53,54.6,2,4,0,18,77,-0.36666666666666664,0.44207936507936524,0.41228571428571437,Moderate
9,2,6.8,83,43,114,76,36.9,2,17,1,2,180,1.8,0.13542063492063489,0.36271428571428577,Moderate
20,6,7.7,66,45,69,19,49.0,2,4,1,4,94,0.3,0.15230158730158733,0.08428571428571427,High
6,6,7.9,86,46,99,29,49.7,4,10,3,5,164,1.3,0.5425317460317461,0.3167142857142857,Moderate
4,3,8.4,55,59,40,117,61.3,3,9,0,17,84,-0.6666666666666666,1.0599285714285716,0.401142857142857,Moderate
8,5,6.9,68,39,69,39,48.8,2,1,0,8,16,0.3,0.058380952380952256,0.13257142857142842,Low
1,6,6.8,74,44,32,22,45.1,4,6,0,7,109,-0.9333333333333333,0.1848968253968255,0.08942857142857148,Low
13,4,5.9,62,49,58,63,54.1,3,12,0,5,180,-0.06666666666666667,0.7830714285714286,0.7533571428571428,High
3,5,5.0,75,26,22,79,41.8,3,8,1,10,26,-1.2666666666666666,0.10449206349206337,0.3375714285714285,Low
12,18,6.3,62,39,44,34,53.4,1,6,0,11,9,-0.5333333333333333,0.37173015873015874,0.4559285714285714,High
6,8,6.7,78,34,93,100,38.9,4,4,0,4,135,1.1,-0.07886507936507943,0.01628571428571421,Low
6,12,8.0,68,64,104,59,49.2,3,6,2,8,6,1.4666666666666666,0.34384126984127,0.1824285714285715,Low
11,12,7.4,80,50,74,46,42.4,5,4,0,6,116,0.4666666666666667,0.08530158730158724,-0.04871428571428583,Moderate
2,3,7.0,73,43,38,41,39.3,4,5,3,6,51,-0.7333333333333333,-0.09070634920634933,-0.13314285714285723,Low
8,3,9.0,78,40,35,56,46.5,4,6,2,14,65,-0.8333333333333334,0.2856746031746032,-0.24607142857142855,Low
10,2,7.2,84,42,36,80,40.7,4,2,1,7,42,-0.8,-0.0915158730158729,-0.21685714285714283,Low
5,0,4.6,72,48,42,146,55.6,1,2,0,0,43,-0.6,0.4523174603174604,0.7001428571428571,Moderate
1,12,7.4,58,54,89,40,51.1,4,11,0,3,94,0.9666666666666667,0.6534682539682539,0.44978571428571423,Low
6,5,6.7,75,47,22,62,57.2,2,5,0,9,99,-1.2666666666666666,0.604793650793651,0.41635714285714287,Moderate
9,4,6.9,73,36,29,25,56.1,3,3,2,7,78,-1.0333333333333334,0.5094206349206349,0.30871428571428566,Moderate
11,1,8.1,68,68,5,21,38.1,2,20,0,13,73,-1.8333333333333333,0.23545238095238102,-0.01557142857142843,Low
7,7,7.2,60,52,19,169,48.1,3,8,3,5,24,-1.3666666666666667,0.4879920634920636,0.13407142857142862,Moderate
3,16,7.4,77,19,162,180,59.3,5,7,0,7,157,3.4,1.1018333333333334,0.7639999999999998,High
3,3,6.0,72,51,72,31,50.1,2,7,1,3,75,0.4,0.3222777777777779,0.508,Low
3,4,6.4,83,39,114,46,58.8,5,3,1,4,92,1.8,0.7875873015873015,0.6897142857142855,Moderate
5,2,7.8,75,38,55,36,35.0,2,0,1,11,31,-0.16666666666666666,-0.6016666666666668,-0.5025,Low
7,4,7.6,57,44,109,121,58.1,4,19,2,10,4,1.6333333333333333,1.3441825396825398,0.903357142857143,High
8,7,8.1,78,43,41,92,56.7,2,10,2,5,101,-0.6333333333333333,0.7941984126984128,0.346714285714286,Moderate
2,5,8.1,73,21,85,46,68.9,4,6,0,6,76,0.8333333333333334,1.282563492063492,0.7084285714285716,High
2,2,5.3,63,48,76,93,59.3,6,4,2,12,79,0.5333333333333333,0.9646904761904762,0.8307857142857141,High
5,3,7.8,66,20,24,71,47.4,0,6,0,10,53,-1.2,0.07617460317460313,-0.036571428571428574,Moderate
3,2,6.1,63,39,96,39,41.6,4,7,2,4,123,1.2,0.08200000000000005,0.2955000000000001,Moderate
5,17,7.9,55,62,30,56,42.1,1,10,0,2,77,-1.0,0.030531746031746083,-0.0837857142857143,Moderate
2,5,5.8,78,54,8,25,49.5,5,5,2,4,24,-1.7333333333333334,0.41718253968253965,0.30785714285714283,Low
11,7,7.2,76,36,43,16,50.3,6,7,1,10,55,-0.5666666666666667,0.5812777777777778,0.23149999999999993,Moderate
3,5,8.6,70,45,106,111,69.1,3,4,2,7,94,1.5333333333333334,1.2256904761904759,0.6222857142857141,High
8,7,6.5,65,34,81,79,60.3,4,7,1,12,144,0.7,0.9679444444444444,0.7489999999999999,High
5,4,5.9,60,48,90,38,47.4,1,5,2,8,49,1.0,0.07046031746031743,0.4323571428571427,Low
4,10,6.0,57,25,121,69,54.6,3,3,0,18,31,2.033333333333333,0.4908095238095239,0.6512142857142857,High
4,10,5.5,68,40,180,10,37.9,1,7,0,5,10,4.0,-0.3167222222222223,0.4994999999999999,Low
5,3,7.9,77,16,45,130,47.8,3,7,0,13,53,-0.5,0.3954444444444443,0.03899999999999985,Low
5,2,7.4,86,18,147,87,47.4,5,0,0,7,140,2.9,0.21299999999999994,0.16949999999999987,Moderate
6,14,7.5,83,58,73,62,45.5,4,12,0,1,53,0.43333333333333335,0.4616269841269842,0.2528571428571429,Moderate
6,9,5.2,85,32,8,37,44.3,3,4,3,2,37,-1.7333333333333334,0.027468253968253836,0.2282857142857141,Low
12,15,5.8,70,36,47,47,57.2,3,4,1,4,9,-0.43333333333333335,0.6190793650793652,0.6077857142857143,High
13,1,5.8,71,32,18,88,48.8,5,15,2,3,134,-1.4,0.8128253968253967,0.5975714285714285,Moderate
21,9,6.3,76,53,92,180,42.0,1,8,1,8,33,1.0666666666666667,0.0923809523809524,0.2910714285714286,High
8,1,7.3,70,40,51,81,54.1,4,13,0,19,42,-0.3,0.905452380952381,0.5194285714285716,Moderate
1,2,5.8,55,49,21,89,59.9,5,8,0,9,42,-1.3,1.063436507936508,0.7380714285714285,Moderate
10,17,7.8,64,32,35,180,48.1,5,1,1,5,60,-0.8333333333333334,0.38354761904761914,-0.13092857142857134,Moderate
5,6,5.9,63,57,38,49,58.8,2,9,4,6,15,-0.7333333333333333,0.805206349206349,0.758642857142857,High
7,8,8.6,71,43,61,107,50.0,3,4,1,5,28,0.03333333333333333,0.36174603174603176,-0.06321428571428564,Moderate
3,6,5.9,73,50,13,122,35.0,3,6,0,4,19,-1.5666666666666667,-0.22515873015873017,-0.10357142857142863,Low
4,14,7.0,82,54,82,40,35.0,1,2,1,5,8,0.7333333333333333,-0.5924603174603175,-0.23785714285714288,Low
1,10,7.0,69,52,48,38,42.0,2,13,1,4,84,-0.4,0.17984126984126986,0.20142857142857143,Low
4,3,6.1,70,20,39,124,37.6,3,9,1,2,26,-0.7,0.0012063492063492734,0.09014285714285725,Moderate
11,6,5.2,82,32,103,5,36.7,4,13,1,11,75,1.4333333333333333,0.0380079365079366,0.49492857142857144,High
7,6,8.1,75,37,61,68,54.3,3,3,1,3,66,0.03333333333333333,0.4761984126984125,0.12471428571428568,Moderate
15,8,6.6,73,39,52,57,62.4,4,8,0,6,91,-0.26666666666666666,1.0737142857142858,0.7505714285714286,High
11,8,7.9,82,19,27,134,52.2,4,9,0,8,90,-1.1,0.7359841269841271,0.1831428571428571,High
13,2,9.0,65,38,162,164,57.8,2,7,0,12,17,3.4,0.8165555555555555,0.43899999999999995,High
18,2,6.5,80,42,47,36,53.2,6,5,1,4,152,-0.43333333333333335,0.6625714285714288,0.3938571428571429,High
14,6,7.2,79,36,24,8,55.3,4,7,0,20,93,-1.2,0.6640555555555554,0.33399999999999985,High
2,13,7.6,72,53,104,140,42.4,2,20,0,1,40,1.4666666666666666,0.5611746031746031,0.44842857142857145,Moderate
7,9,4.8,77,72,113,25,50.5,6,4,0,1,40,1.7666666666666666,0.49313492063492076,0.7467857142857142,Moderate
6,2,7.1,78,54,180,20,48.5,1,1,1,6,104,4.0,-0.04289682539682538,0.3660714285714286,Moderate
12,4,8.7,60,30,57,77,44.5,3,15,1,2,4,-0.1,0.4737698412698413,0.0585714285714287,Moderate
5,9,6.7,76,61,88,89,55.1,2,3,1,15,48,0.9333333333333333,0.4688650793650795,0.4612142857142858,High
13,2,6.6,60,29,35,60,47.9,2,8,2,5,16,-0.8333333333333334,0.29121428571428565,0.2730714285714286,Moderate
2,3,6.1,66,40,126,78,51.2,2,10,0,6,56,2.2,0.5311428571428572,0.7442142857142859,Moderate
11,4,5.9,55,42,43,41,54.9,3,6,0,10,128,-0.5666666666666667,0.5803412698412698,0.5684285714285713,Moderate
7,3,5.9,62,37,81,85,58.7,5,13,1,2,39,0.7,1.183563492063492,0.9774285714285713,High
4,6,5.8,72,61,40,10,35.0,4,7,0,9,68,-0.6666666666666666,-0.24722222222222223,0.01000000000000003,Low
3,5,6.2,71,57,180,153,45.2,3,5,1,5,114,4.0,0.2325714285714287,0.5388571428571429,Moderate
4,4,6.0,77,53,145,75,49.7,0,10,0,1,134,2.8333333333333335,0.32697619047619064,0.7642142857142858,High
4,1,7.0,70,62,36,65,55.5,4,3,1,4,73,-0.8,0.5935317460317461,0.2907142857142857,Low
5,1,6.7,80,37,40,62,58.9,4,2,1,7,49,-0.6666666666666666,0.7074841269841269,0.42664285714285705,Low
11,2,6.1,90,38,68,167,56.5,4,8,0,17,39,0.26666666666666666,0.9304365079365078,0.7010714285714286,High
7,3,5.4,82,39,60,152,55.4,5,3,1,15,27,0.0,0.7523650793650792,0.6277142857142854,Moderate
10,2,6.3,70,31,180,19,40.0,4,3,1,1,62,4.0,-0.1550793650793651,0.3082142857142857,Moderate
1,3,8.5,73,56,10,63,54.5,2,6,0,8,110,-1.6666666666666667,0.5201190476190476,0.01892857142857146,Low
5,5,7.6,78,23,90,56,44.6,2,12,3,11,93,1.0,0.2811269841269842,0.250857142857143,Moderate
2,10,7.6,59,38,88,34,53.7,5,8,1,4,26,0.9333333333333333,0.723325396825397,0.40457142857142875,Moderate
8,8,7.7,78,39,72,15,39.8,4,8,0,8,29,0.4,0.010047619047618916,-0.06992857142857155,Low
5,1,7.3,80,56,73,32,37.8,3,7,2,3,27,0.43333333333333335,-0.1634444444444446,-0.08600000000000005,Low
3,3,8.1,84,23,142,67,41.1,2,4,0,4,112,2.7333333333333334,-0.14986507936507928,-0.04021428571428559,Moderate
7,6,6.1,70,49,52,67,35.0,3,6,0,4,180,-0.26666666666666666,-0.2862698412698413,-0.04107142857142851,Low
2,8,5.6,55,50,61,53,45.2,2,3,0,7,33,0.03333333333333333,-0.016634920634920516,0.28921428571428587,Low
10,4,7.4,77,53,70,180,58.5,5,15,1,9,3,0.3333333333333333,1.351547619047619,0.7385714285714285,High
4,6,6.0,62,46,78,95,57.9,4,2,1,5,14,0.6,0.6991507936507935,0.6141428571428571,Moderate
1,18,6.1,66,35,93,79,46.4,1,1,2,6,87,1.1,-0.07184126984126984,0.2605714285714286,Low
9,3,6.7,83,48,69,137,52.6,2,5,0,3,19,0.3,0.48112698412698435,0.39585714285714285,Moderate
5,19,7.5,79,48,51,13,35.0,1,13,0,1,62,-0.3,-0.22960317460317461,-0.08857142857142855,Moderate
16,1,7.4,92,45,21,90,50.5,3,4,0,0,36,-1.3,0.3653571428571429,0.06178571428571422,Low
6,2,7.9,81,36,52,43,52.6,0,11,0,6,17,-0.26666666666666666,0.4576349206349208,0.3147857142857143,Low
15,7,6.7,71,12,128,180,58.5,0,21,1,3,98,2.2666666666666666,1.2325000000000002,1.1775,High
4,4,5.9,77,60,4,17,58.9,3,5,0,19,61,-1.8666666666666667,0.6979603174603174,0.5623571428571427,Moderate
9,3,6.4,60,43,61,76,49.3,1,3,0,7,18,0.03333333333333333,0.12675396825396817,0.2722142857142856,Low
3,1,8.8,87,64,58,36,49.3,3,7,1,2,21,-0.06666666666666667,0.3584999999999999,-0.041000000000000196,Low
22,4,7.8,65,19,17,98,52.3,2,1,0,8,42,-1.4333333333333333,0.2814365079365078,-0.04992857142857145,High
2,4,7.8,87,45,82,146,49.7,0,7,1,6,23,0.7333333333333333,0.2987222222222224,0.20600000000000013,Low
4,9,6.1,65,61,37,44,37.7,6,5,0,11,140,-0.7666666666666667,-0.02603968253968239,-0.026142857142856996,Low
5,13,6.6,73,35,87,105,40.1,3,2,0,9,37,0.9,-0.15740476190476185,-0.002357142857142766,Moderate
4,9,6.3,73,51,58,17,50.2,1,6,1,20,63,-0.06666666666666667,0.20884126984126994,0.3949285714285715,Low
17,12,7.0,74,35,167,47,42.6,2,4,1,4,88,3.566666666666667,-0.10458730158730152,0.25978571428571434,High
7,10,5.5,59,34,7,27,38.7,3,1,0,7,21,-1.7666666666666666,-0.34278571428571414,-0.08042857142857138,Low
9,3,7.5,77,29,80,68,55.8,7,1,2,3,15,0.6666666666666666,0.7389365079365077,0.2650714285714284,Moderate
6,4,4.2,76,61,112,40,52.7,6,5,1,7,88,1.7333333333333334,0.6445158730158731,0.9438571428571428,High
14,2,7.1,83,46,139,44,42.1,1,14,0,10,55,2.6333333333333333,0.16005555555555562,0.44300000000000006,High
10,7,7.2,77,46,68,35,54.8,3,3,2,1,92,0.26666666666666666,0.462031746031746,0.3147142857142856,Moderate
14,10,4.2,71,28,96,80,35.0,2,3,0,20,45,1.2,-0.44563492063492066,0.3157142857142857,High
4,2,7.2,85,63,162,57,46.7,4,3,1,20,149,3.4,0.18864285714285722,0.3067142857142858,Moderate
3,6,6.2,72,64,24,46,48.3,6,8,1,3,36,-1.2,0.5603253968253967,0.3275714285714285,Low
7,2,7.3,87,57,19,44,47.4,1,2,2,4,39,-1.3666666666666667,-0.03001587301587305,-0.07585714285714289,Low
3,6,5.4,72,43,25,10,59.8,2,5,0,11,29,-1.1666666666666667,0.664015873015873,0.7293571428571426,Moderate
4,12,8.2,66,29,16,168,35.9,2,2,0,20,78,-1.4666666666666666,-0.3430714285714287,-0.5858571428571427,Moderate
8,10,5.6,81,65,22,20,44.8,2,7,1,4,112,-1.2666666666666666,0.07155555555555543,0.294,Low
20,6,6.0,86,45,26,137,43.3,3,3,0,4,23,-1.1333333333333333,0.05786507936507926,0.07471428571428565,Moderate
9,4,8.3,77,18,155,28,60.4,3,7,3,15,41,3.1666666666666665,0.8491111111111111,0.6219999999999999,High
6,10,6.1,82,51,37,43,49.6,2,13,2,5,17,-0.7666666666666667,0.5273968253968255,0.5594285714285715,High
3,0,8.7,76,59,115,101,63.0,2,15,0,13,37,1.8333333333333333,1.266269841269841,0.7585714285714286,High
14,11,7.3,92,41,97,9,51.7,1,4,0,6,118,1.2333333333333334,0.1960238095238097,0.3052857142857144,High
1,2,7.0,66,13,25,41,39.5,3,3,0,7,7,-1.1666666666666667,-0.21980158730158728,-0.2167857142857143,Low
8,10,6.6,70,46,35,77,45.2,3,10,1,3,36,-0.8333333333333334,0.3266984126984128,0.24921428571428583,Moderate
5,2,6.8,67,47,148,73,52.4,1,8,0,1,60,2.933333333333333,0.44149206349206344,0.6555714285714285,Low
3,7,7.6,83,66,180,94,37.8,1,4,1,7,43,4.0,-0.3350317460317462,0.04328571428571426,Moderate
1,4,6.6,84,52,168,96,48.1,4,12,1,2,71,3.6,0.616404761904762,0.725857142857143,Low
8,8,9.0,56,13,121,90,42.6,5,7,3,8,29,2.033333333333333,0.2503333333333334,-0.11949999999999997,Moderate
18,6,8.1,73,58,88,136,48.1,2,4,1,12,23,0.9333333333333333,0.2418015873015874,0.034785714285714406,Moderate
6,7,7.2,62,37,68,84,40.2,4,8,0,5,121,0.26666666666666666,0.10471428571428584,0.019571428571428625,Low
5,8,8.0,75,19,29,43,38.5,2,3,1,2,54,-1.0333333333333334,-0.32924603174603173,-0.41178571428571425,Low
2,10,6.3,80,35,50,16,37.8,5,7,0,9,42,-0.3333333333333333,-0.04788888888888902,0.031499999999999945,Low
7,6,6.6,70,50,125,113,40.7,2,14,1,11,34,2.1666666666666665,0.240388888888889,0.4535000000000001,Moderate
4,17,4.2,79,52,54,109,35.0,2,3,0,7,21,-0.2,-0.4134126984126984,0.2107142857142857,Moderate
2,8,5.4,80,52,29,37,52.7,2,9,1,4,16,-1.0333333333333334,0.517373015873016,0.6406428571428572,Moderate
5,3,7.9,72,38,24,52,53.9,7,5,2,10,48,-1.2,0.7785158730158729,0.11235714285714282,Low
11,2,7.2,71,32,127,115,45.3,0,7,0,10,69,2.2333333333333334,0.06627777777777764,0.29149999999999987,Moderate
8,5,7.1,73,42,140,91,55.3,3,11,1,6,71,2.6666666666666665,0.8324682539682537,0.7557857142857142,High
5,2,8.8,80,49,14,23,48.0,3,10,2,14,16,-1.5333333333333334,0.39269841269841277,-0.10428571428571441,Low
9,4,6.8,69,49,127,180,49.5,8,6,0,9,13,2.2333333333333334,0.8251190476190476,0.45892857142857146,Moderate
10,10,6.0,59,56,39,90,58.2,3,7,2,13,92,-0.7,0.8190000000000002,0.6685000000000001,High
4,8,6.7,78,63,31,89,58.3,2,6,0,5,48,-0.9666666666666667,0.7200079365079365,0.5004285714285712,Moderate
4,1,6.0,79,35,26,63,55.3,3,4,0,2,46,-1.1333333333333333,0.5513571428571428,0.4632857142857142,Low
7,11,7.4,61,39,94,62,49.0,1,1,0,8,44,1.1333333333333333,0.026269841269841335,0.11357142857142852,Low
7,3,7.8,80,38,96,137,42.7,2,6,1,9,12,1.2,0.07134126984126998,0.0024285714285715576,Low
9,5,6.2,90,23,107,28,35.3,2,6,1,7,14,1.5666666666666667,-0.38276984126984137,0.08792857142857129,Moderate
9,5,7.3,90,37,15,4,49.7,1,10,1,12,99,-1.5,0.3147539682539684,0.21171428571428585,Moderate
2,7,7.4,66,36,90,141,48.8,6,5,0,20,174,1.0,0.5812380952380951,0.2118571428571427,Moderate
18,2,7.3,76,45,23,15,57.9,1,6,2,19,94,-1.2333333333333334,0.5531190476190475,0.3634285714285713,Moderate
3,12,6.1,62,40,42,134,39.0,4,8,2,7,55,-0.6,0.10626984126984126,0.11107142857142864,Low
4,8,6.9,74,45,22,115,43.2,1,1,0,4,10,-1.2666666666666666,-0.1758412698412697,-0.1529285714285714,Low
2,4,7.0,74,41,21,42,35.0,3,9,0,5,41,-1.3,-0.20690476190476192,-0.19035714285714286,Low
2,4,8.5,78,46,117,87,58.1,7,2,0,5,27,1.9,0.8992619047619047,0.2801428571428572,Moderate
5,15,7.8,98,30,71,26,44.2,3,15,0,11,83,0.36666666666666664,0.4036031746031747,0.2420714285714287,Moderate
6,9,5.3,58,27,28,70,54.1,3,5,2,15,180,-1.0666666666666667,0.5408492063492064,0.5833571428571429,High
8,3,6.8,64,34,66,85,57.6,3,7,0,14,43,0.2,0.7864444444444446,0.5780000000000001,Moderate
7,4,5.9,77,36,5,62,51.9,2,19,0,7,23,-1.8333333333333333,0.8662936507936507,0.7548571428571428,Moderate
6,3,8.5,88,50,92,17,56.4,2,3,0,2,129,1.0666666666666667,0.4473650793650794,0.1952142857142857,Moderate
9,15,6.5,74,49,57,50,47.4,4,8,0,2,79,-0.1,0.39093650793650786,0.3305714285714285,Moderate
6,16,6.5,82,54,26,54,55.2,0,10,1,7,96,-1.1333333333333333,0.5511428571428573,0.5442142857142859,High
4,21,7.8,68,32,126,19,38.1,3,6,0,4,146,2.2,-0.20010317460317456,-0.06057142857142847,Moderate
1,2,7.1,66,46,41,108,36.6,6,4,1,13,53,-0.6333333333333333,-0.040142857142857064,-0.2527142857142856,Low
5,2,5.3,75,37,111,143,37.9,2,2,2,6,60,1.7,-0.2808492063492064,0.21914285714285706,Low
8,5,7.1,63,53,180,87,54.8,4,17,0,3,1,4.0,1.0864761904761904,1.0122142857142857,High
3,7,5.3,87,50,53,111,55.1,2,5,1,10,43,-0.23333333333333334,0.5647380952380954,0.6758571428571429,High
11,3,6.9,68,33,27,72,44.4,2,3,1,4,14,-1.1,-0.03152380952380961,-0.0472857142857144,Low
14,17,6.8,83,29,16,24,52.5,4,12,0,1,60,-1.4666666666666666,0.7344047619047619,0.44285714285714295,High
12,4,8.7,72,20,39,39,44.6,2,3,1,4,11,-0.7,-0.0591904761904761,-0.3262857142857141,Moderate
6,5,7.0,73,39,64,67,39.6,4,7,0,13,51,0.13333333333333333,0.02311111111111118,-0.0019999999999999567,Moderate
7,6,6.7,88,34,44,126,52.3,0,7,1,6,71,-0.5333333333333333,0.39349999999999985,0.3814999999999999,Moderate
3,6,7.5,71,50,109,74,37.8,4,4,4,6,29,1.6333333333333333,-0.15725396825396837,-0.1167142857142858,Moderate
4,11,8.0,69,39,180,76,45.5,1,7,3,19,145,4.0,0.09861111111111114,0.29000000000000004,Moderate
16,6,5.9,79,36,64,12,65.9,4,2,3,16,21,0.13333333333333333,0.9669285714285718,0.8366428571428572,High
2,11,6.8,76,31,130,4,35.0,3,1,1,1,25,2.3333333333333335,-0.5348412698412699,-0.11142857142857135,Low
8,13,5.1,81,43,6,45,42.1,4,5,1,8,58,-1.8,0.03973809523809531,0.2033571428571429,Moderate
7,19,6.7,81,37,43,106,37.5,3,9,1,11,168,-0.5666666666666667,-0.0232936507936508,-0.007857142857142889,Moderate
2,9,8.0,61,48,42,55,53.8,3,3,0,15,17,-0.6,0.4392539682539681,0.0797142857142856,Low
2,5,7.1,70,48,51,131,43.9,4,5,1,20,126,-0.3,0.2162936507936507,0.01985714285714288,Low
2,5,8.2,85,42,53,13,56.5,2,3,1,5,49,-0.23333333333333334,0.44742063492063494,0.15321428571428583,Low
3,6,5.8,55,54,131,33,48.1,3,9,0,9,31,2.3666666666666667,0.3725952380952382,0.6876428571428572,Moderate
10,3,6.7,77,53,94,78,47.7,1,11,0,7,108,1.1333333333333333,0.3426904761904763,0.48278571428571426,Low
3,12,5.3,79,40,14,15,41.8,1,5,1,5,11,-1.5333333333333334,-0.20709523809523822,0.17935714285714277,Moderate
4,5,7.2,71,43,72,10,50.4,3,4,1,8,16,0.4,0.27196825396825386,0.2212857142857142,Low
5,8,6.0,79,43,43,70,52.2,2,2,2,3,21,-0.5666666666666667,0.2815396825396827,0.35564285714285715,Moderate
8,1,5.8,78,57,23,110,39.5,5,10,0,6,54,-1.2333333333333334,0.2401984126984127,0.1882142857142857,Low
9,5,5.8,82,52,41,2,42.4,5,1,0,4,84,-0.6333333333333333,-0.0707301587301588,0.06307142857142856,Low
3,10,5.7,75,28,92,50,42.2,1,21,1,10,41,1.0666666666666667,0.42122222222222233,0.7735,Moderate
4,3,7.7,71,38,82,26,49.2,4,5,3,2,12,0.7333333333333333,0.3381269841269843,0.1513571428571429,Low
9,6,7.4,80,48,62,67,51.2,1,7,2,1,38,0.06666666666666667,0.34511111111111126,0.271,Moderate
6,4,6.5,70,51,101,52,50.4,2,6,0,3,180,1.3666666666666667,0.32339682539682535,0.47342857142857137,Moderate
16,15,4.7,66,39,67,47,54.2,2,4,1,5,85,0.23333333333333334,0.4174126984126987,0.7602857142857142,High
4,14,7.3,80,32,19,11,53.1,2,3,0,8,9,-1.3666666666666667,0.29219841269841274,0.12371428571428576,Low
4,0,7.0,69,63,37,51,54.3,5,3,4,8,105,-0.7666666666666667,0.5906428571428569,0.2572142857142856,Moderate
2,11,5.9,75,38,15,28,48.5,3,7,0,7,97,-1.5,0.3136111111111111,0.3349999999999999,Low
3,11,7.2,80,73,35,59,47.7,1,14,2,3,180,-0.8333333333333334,0.4287222222222224,0.3335,Moderate
2,8,6.7,94,29,17,104,58.2,5,21,1,6,39,-1.4333333333333333,1.467888888888889,0.891,High
8,18,5.9,72,35,13,35,55.5,1,7,0,5,83,-1.5666666666666667,0.5030555555555556,0.5399999999999998,High
5,3,6.4,66,39,13,41,36.5,1,4,0,5,60,-1.5666666666666667,-0.45242063492063495,-0.2032142857142858,Low
5,2,6.4,88,49,37,180,46.3,0,15,1,1,26,-0.7666666666666667,0.4692142857142856,0.46507142857142836,Moderate
7,6,5.5,73,53,19,9,41.2,0,2,1,2,26,-1.3666666666666667,-0.4145714285714285,0.05314285714285717,Low
2,2,7.9,78,42,32,38,41.4,2,4,2,6,11,-0.9333333333333333,-0.16858730158730165,-0.2712142857142858,Low
3,1,5.9,75,49,87,15,35.1,3,8,0,6,36,0.9,-0.2681190476190476,0.14157142857142851,Low
16,5,7.0,75,50,19,71,54.6,1,2,1,2,10,-1.3666666666666667,0.3239841269841271,0.19264285714285717,Moderate
3,3,6.2,85,46,130,40,38.0,2,2,3,2,38,2.3333333333333335,-0.3907936507936508,0.1121428571428571,Moderate
16,3,6.4,76,43,27,81,56.2,6,4,1,7,56,-1.1,0.8118571428571432,0.4227857142857142,Moderate
3,2,6.3,61,22,53,135,40.2,5,8,1,16,27,-0.23333333333333334,0.22804761904761917,0.1395714285714287,Low
12,16,7.2,76,72,117,43,35.0,2,3,1,4,61,1.9,-0.48674603174603176,-0.15678571428571433,Moderate
7,3,5.4,80,38,63,36,53.1,4,2,4,7,109,0.1,0.4175952380952381,0.537642857142857,Moderate
18,6,5.9,77,26,13,180,35.1,1,15,1,17,78,-1.5666666666666667,0.031880952380952426,0.15657142857142853,High
12,13,6.8,71,58,56,82,49.5,12,1,1,12,39,-0.13333333333333333,0.8043253968253969,0.13857142857142857,High
4,1,9.0,87,37,41,51,50.7,3,6,1,3,54,-0.6333333333333333,0.4024523809523811,-0.10507142857142848,Low
2,11,6.6,73,34,31,24,38.2,2,8,0,2,28,-0.9666666666666667,-0.18528571428571416,-0.027928571428571275,Low
5,7,5.4,66,31,22,39,48.2,3,6,1,4,69,-1.2666666666666666,0.27661904761904776,0.40242857142857147,High
3,9,6.3,71,32,35,38,53.8,2,4,3,5,20,-0.8333333333333334,0.3894126984126983,0.3882857142857141,Low
20,9,6.0,58,55,10,137,53.3,1,10,0,15,17,-1.6666666666666667,0.6245317460317459,0.5347142857142856,High
9,6,7.5,90,38,18,124,46.2,1,4,1,4,53,-1.4,0.07630158730158745,-0.09221428571428562,Moderate
5,7,6.5,71,39,129,94,47.1,1,5,1,10,94,2.3,0.1191825396825398,0.4158571428571429,Low
6,5,6.9,76,57,48,102,56.1,4,8,1,5,45,-0.4,0.8402142857142857,0.4990714285714285,Moderate
12,17,6.7,72,51,15,48,35.6,5,10,1,13,8,-1.5,-0.0041904761904761265,-0.10628571428571426,Moderate
2,13,6.8,78,41,53,34,58.7,5,9,3,7,26,-0.23333333333333334,0.9840396825396827,0.6356428571428573,Moderate
17,3,5.9,64,37,63,161,46.3,2,3,2,5,32,0.1,0.15286507936507926,0.2747142857142856,Moderate
4,5,6.1,81,38,45,49,47.3,4,5,0,4,85,-0.5,0.2781825396825396,0.2818571428571428,Low
8,17,6.6,83,56,4,88,54.7,3,3,0,20,54,-1.8666666666666667,0.516420634920635,0.2567142857142859,Moderate
7,9,6.2,76,56,117,180,48.2,6,12,1,7,47,1.9,0.8475714285714288,0.6713571428571429,High
6,5,5.2,74,49,41,8,46.5,1,6,1,20,49,-0.6333333333333333,0.03234126984126988,0.43392857142857144,Low
7,4,7.1,67,66,51,172,37.9,3,5,0,10,95,-0.3,-0.07481746031746037,-0.16014285714285711,Low
7,13,6.2,61,27,131,9,54.2,1,10,0,5,115,2.3666666666666667,0.5228095238095241,0.8292142857142858,High
7,6,8.8,65,44,180,33,49.9,3,1,0,3,180,4.0,0.16788095238095235,0.11057142857142838,High
10,6,6.5,76,53,136,110,41.3,1,14,0,8,33,2.533333333333333,0.19738888888888878,0.5164999999999998,Moderate
7,3,7.9,75,45,180,79,53.2,3,3,0,16,82,4.0,0.4389206349206351,0.4242142857142857,Moderate
5,21,4.9,65,30,52,60,47.8,4,9,1,2,57,-0.26666666666666666,0.4557619047619046,0.638642857142857,High
5,3,7.0,80,71,77,68,55.1,4,4,2,3,77,0.5666666666666667,0.6145793650793652,0.4097857142857143,Moderate
4,7,8.3,84,41,22,82,58.6,4,7,0,17,94,-1.2666666666666666,0.8947777777777779,0.23549999999999993,Moderate
5,2,8.0,67,48,19,160,47.2,2,9,0,12,180,-1.3666666666666667,0.4065396825396827,-0.004357142857142768,Low
2,1,7.4,71,65,57,85,50.0,0,11,3,3,19,-0.1,0.3873015873015873,0.3367857142857142,Low
15,4,8.2,64,48,132,127,40.5,4,3,1,8,88,2.4,-0.012579365079365065,-0.12928571428571412,High
5,6,8.0,58,48,112,180,43.6,4,18,0,7,142,1.7333333333333334,0.7215238095238096,0.37728571428571434,Low
4,4,6.8,88,57,50,112,52.9,2,5,1,13,19,-0.3333333333333333,0.4668492063492063,0.3398571428571428,Low
7,6,5.5,82,38,89,8,45.8,3,7,0,12,20,0.9666666666666667,0.16988888888888878,0.5089999999999999,Moderate
7,2,6.0,62,55,28,50,50.2,6,12,1,13,27,-1.0666666666666667,0.7931269841269843,0.5438571428571429,Moderate
5,4,6.7,76,38,103,9,45.9,2,9,0,4,81,1.4333333333333333,0.18026190476190468,0.3941428571428571,Low
4,3,6.7,63,46,128,56,61.2,3,21,1,17,27,2.2666666666666666,1.4162222222222225,1.2585,High
9,12,4.4,68,26,52,58,46.4,2,8,3,6,142,-0.26666666666666666,0.22149206349206346,0.6555714285714285,High
9,4,5.5,83,77,48,100,52.5,4,5,1,6,25,-0.4,0.5688492063492063,0.5503571428571428,Moderate
6,10,6.3,89,34,180,48,56.1,1,4,0,1,55,4.0,0.4373571428571429,0.8197857142857143,High
10,6,8.9,87,50,77,44,47.1,4,21,1,2,93,0.5666666666666667,0.8350555555555557,0.32300000000000006,Moderate
5,4,6.1,86,27,102,74,55.4,5,4,0,17,53,1.4,0.7014126984126984,0.6387857142857142,High
5,4,6.7,77,48,174,12,50.8,1,5,1,3,120,3.8,0.1945714285714284,0.6043571428571426,Moderate
15,8,6.9,79,50,161,41,64.0,3,4,3,4,19,3.3666666666666667,0.9184126984126986,0.9042857142857141,High
2,18,7.0,62,42,120,36,47.9,1,6,1,3,73,2.0,0.12645238095238087,0.3584285714285713,Moderate
18,10,5.3,74,67,38,39,48.8,0,11,2,2,138,-0.7333333333333333,0.282190476190476,0.6207857142857143,Moderate
6,10,6.9,75,50,27,23,41.5,2,3,1,14,160,-1.1,-0.21646825396825395,-0.13428571428571434,Low
4,8,7.8,78,42,37,77,50.0,4,5,0,15,88,-0.7666666666666667,0.4307936507936509,0.045357142857142894,Low
6,5,8.0,68,38,31,64,44.1,3,4,0,5,96,-0.9666666666666667,0.048468253968254056,-0.2102142857142857,Low
9,7,7.7,61,36,121,34,43.1,3,8,1,2,75,2.033333333333333,0.11299206349206353,0.15157142857142858,Moderate
4,6,7.9,75,28,60,42,50.7,1,6,1,3,25,0.0,0.2591190476190478,0.13492857142857143,Moderate
4,2,4.5,74,52,180,68,55.3,3,12,0,8,180,4.0,0.842626984126984,1.3393571428571427,High
12,5,7.3,58,60,9,114,52.7,1,4,0,12,19,-1.7,0.35769047619047634,0.11528571428571441,Low
3,5,6.7,83,50,100,78,53.2,2,10,0,7,180,1.3333333333333333,0.6211428571428573,0.6342142857142857,High
4,19,5.5,74,45,114,37,40.2,7,20,0,3,91,1.8,0.6810634920634923,0.7749285714285714,High
9,12,7.4,64,31,43,72,46.0,0,5,0,20,150,-0.5666666666666667,-0.021428571428571422,0.010357142857142794,Moderate
4,7,6.8,75,47,25,180,54.3,0,9,0,6,28,-1.1666666666666667,0.6149285714285713,0.433642857142857,Moderate
2,11,6.3,87,20,68,16,52.8,4,6,0,8,119,0.26666666666666666,0.5247301587301587,0.4979285714285714,Moderate
6,3,7.8,72,37,37,144,45.9,2,3,2,8,48,-0.7666666666666667,0.11597619047619045,-0.1347857142857143,Low
4,2,7.0,72,44,32,7,55.6,6,9,0,6,30,-0.9333333333333333,0.8812063492063493,0.4551428571428571,Low
16,3,7.0,85,33,43,48,53.2,1,4,0,13,32,-0.5666666666666667,0.30685714285714305,0.2677857142857144,Moderate
2,12,7.0,71,53,94,64,36.9,5,4,1,6,109,1.1333333333333333,-0.14219841269841277,-0.09371428571428578,Moderate
0,13,8.4,82,55,79,21,44.4,2,8,1,5,26,0.6333333333333333,0.09038095238095227,-0.03692857142857154,Low
13,5,6.9,89,30,27,66,46.5,1,5,0,13,180,-1.1,0.06107142857142861,0.0728571428571428,Moderate
5,9,7.7,82,43,71,5,51.5,3,5,1,7,59,0.36666666666666664,0.3516269841269841,0.1928571428571428,Moderate
6,3,8.0,84,24,50,62,46.7,3,8,1,6,146,-0.3333333333333333,0.3061031746031747,0.029571428571428648,Low
1,7,8.0,86,42,76,127,47.0,3,17,1,20,43,0.5333333333333333,0.7132539682539683,0.3607142857142857,High
3,15,7.2,87,49,39,73,44.1,1,5,0,4,5,-0.7,-0.03915079365079356,-0.02164285714285713,Low
7,8,6.5,58,43,48,78,40.9,3,8,1,20,86,-0.4,0.06288095238095232,0.11307142857142852,Moderate
12,9,6.3,78,44,14,156,44.7,5,2,2,9,80,-1.5333333333333334,0.2395952380952382,0.005642857142857241,Moderate
16,6,5.5,84,49,116,37,50.2,5,14,1,12,117,1.8666666666666667,0.7834444444444446,0.9085,High
2,2,6.2,70,42,125,28,43.2,2,2,1,10,9,2.1666666666666665,-0.17012698412698402,0.25564285714285717,Low
3,12,8.0,80,27,42,29,62.6,4,7,3,4,22,-0.6,1.015888888888889,0.45800000000000013,High
12,16,5.6,72,31,22,85,35.0,2,10,0,17,34,-1.2666666666666666,-0.1900793650793651,0.08571428571428578,High
14,5,8.1,86,51,50,27,46.3,2,3,2,5,20,-0.3333333333333333,0.003976190476190369,-0.14278571428571432,Low
8,5,5.5,75,36,54,13,50.9,7,10,1,7,63,-0.2,0.7787539682539681,0.6602142857142856,Moderate
3,3,7.8,85,61,30,22,51.3,3,17,1,6,74,-1.0,0.7900873015873013,0.4097142857142857,Moderate
15,4,5.0,78,45,98,82,35.4,3,9,1,9,5,1.2666666666666666,-0.14446031746031754,0.36414285714285705,High
2,12,7.5,77,57,63,113,52.7,5,4,1,8,13,0.1,0.6232460317460319,0.21528571428571439,Moderate
13,13,5.3,76,47,20,20,48.6,3,13,1,7,51,-1.3333333333333333,0.5235079365079365,0.6269285714285714,High
5,6,6.8,105,39,81,148,35.0,2,1,1,5,60,0.7,-0.44150793650793646,-0.23392857142857137,Moderate
3,4,7.6,67,44,81,53,41.8,2,13,0,3,9,0.7,0.1875079365079364,0.1729285714285714,Low
12,4,7.3,62,45,153,44,55.9,1,5,0,7,88,3.1,0.4596269841269841,0.5998571428571429,High
8,7,6.7,70,39,23,88,35.4,4,19,1,20,180,-1.2333333333333334,0.2860158730158729,0.16485714285714279,High
2,9,6.5,77,52,41,22,35.0,4,1,0,16,143,-0.6333333333333333,-0.44817460317460317,-0.2814285714285714,Low
12,1,8.4,68,67,88,10,48.0,2,4,2,10,2,0.9333333333333333,0.09730158730158735,-0.020714285714285782,Low
8,3,6.6,80,45,19,151,38.9,3,21,0,8,36,-1.3666666666666667,0.5182777777777777,0.3345000000000001,Moderate
3,2,7.8,67,28,33,16,47.4,5,6,0,9,36,-0.9,0.34839682539682537,-0.014071428571428582,Low
3,8,6.3,64,46,94,72,37.4,3,11,0,13,21,1.1333333333333333,0.005857142857142783,0.24378571428571427,Low
3,10,7.5,60,35,16,51,47.6,1,9,1,4,72,-1.4666666666666666,0.23676190476190484,0.08764285714285719,Low
6,3,6.6,80,52,103,20,60.6,3,4,1,7,9,1.4333333333333333,0.7420793650793651,0.7097857142857144,Moderate
8,4,7.5,69,46,20,64,70.0,2,21,1,12,68,-1.3333333333333333,1.7544444444444445,1.1124999999999998,High
2,3,6.9,64,38,52,6,54.1,4,4,1,12,152,-0.26666666666666666,0.5006904761904762,0.33478571428571424,Low
11,4,6.9,93,46,20,65,45.0,4,11,0,6,12,-1.3333333333333333,0.40674603174603174,0.18178571428571422,Moderate
5,4,6.4,78,66,126,45,52.5,5,8,1,8,9,2.2,0.681547619047619,0.6735714285714285,Low
9,3,6.5,59,43,31,56,47.0,2,15,0,5,69,-0.9666666666666667,0.4962698412698413,0.4535714285714285,Low
9,3,8.2,76,32,44,88,37.4,5,14,3,16,34,-0.5333333333333333,0.264111111111111,-0.12799999999999986,Moderate
4,8,6.3,74,45,155,46,49.8,4,6,0,7,41,3.1666666666666665,0.42306349206349203,0.6254285714285714,Moderate
7,4,6.3,82,54,30,140,63.7,3,6,3,4,18,-1.0,1.0863412698412698,0.7299285714285715,High
8,7,7.0,69,31,11,90,39.5,1,3,2,7,94,-1.6333333333333333,-0.2986904761904762,-0.2517857142857143,Low
11,18,5.9,78,59,42,65,42.4,3,8,1,4,113,-0.6,0.11593650793650785,0.24807142857142844,Moderate
2,2,7.4,73,23,63,72,53.5,4,19,2,8,109,0.1,1.0827380952380952,0.6853571428571428,Moderate
6,6,7.0,69,52,21,111,52.4,6,1,0,9,46,-1.3,0.567047619047619,0.10307142857142851,Moderate
9,10,7.4,78,49,25,152,40.8,2,15,2,3,59,-1.1666666666666667,0.3239365079365078,0.0950714285714284,Moderate
11,0,6.4,77,55,108,172,54.4,2,2,0,1,94,1.6,0.4938730158730159,0.514142857142857,Moderate
13,3,8.3,65,49,50,19,52.5,1,3,0,11,110,-0.3333333333333333,0.20742063492063495,0.008214285714285601,High
2,9,5.0,74,40,36,79,44.3,2,5,0,2,38,-0.8,0.04318253968253954,0.3618571428571427,Low
6,9,7.1,71,37,30,3,41.8,1,9,0,6,39,-1.0,-0.07757142857142871,0.018642857142857114,Low
8,9,6.8,88,48,137,95,49.7,5,2,1,15,99,2.566666666666667,0.39681746031746046,0.3756428571428573,High
14,3,7.7,81,51,7,80,35.0,3,13,0,11,68,-1.7666666666666666,-0.021825396825396845,-0.23357142857142857,Moderate
5,5,7.4,86,50,58,59,53.3,1,5,1,1,180,-0.06666666666666667,0.35929365079365067,0.2668571428571426,Moderate
3,12,8.5,72,53,30,167,41.4,5,5,3,9,47,-1.0,0.21046031746031738,-0.35264285714285715,Moderate
5,8,8.3,84,17,72,62,42.1,6,4,1,3,19,0.4,0.15624603174603183,-0.22021428571428583,Moderate
2,3,6.2,77,59,37,91,35.0,1,6,1,13,144,-0.7666666666666667,-0.3929365079365079,-0.09607142857142861,Low
7,7,5.8,59,51,41,180,45.3,3,1,0,4,71,-0.6333333333333333,0.12421428571428561,0.15007142857142847,Moderate
7,5,4.6,66,36,29,40,53.4,4,9,0,8,71,-1.0333333333333334,0.6855396825396824,0.8016428571428572,High
5,4,7.2,73,61,119,28,41.1,2,2,4,0,113,1.9666666666666666,-0.26462698412698404,0.0026428571428571412,Low
9,5,5.9,75,25,10,62,49.3,3,20,1,3,18,-1.6666666666666667,0.8516746031746031,0.7179285714285712,Moderate
4,5,7.1,89,34,43,180,35.0,3,21,1,2,25,-0.5666666666666667,0.375,0.1900000000000001,Moderate
2,3,6.7,86,75,30,64,48.3,6,8,0,5,30,-1.0,0.5803253968253967,0.25507142857142845,Low
4,7,4.6,60,49,83,76,51.3,1,3,1,5,46,0.7666666666666667,0.21675396825396814,0.7022142857142856,Moderate
3,5,7.0,81,36,20,36,49.1,5,21,0,12,99,-1.3333333333333333,0.9828333333333332,0.5730000000000001,Moderate
5,9,8.0,66,31,47,37,52.2,2,6,2,1,132,-0.43333333333333335,0.3877301587301589,0.12992857142857148,Moderate
9,10,7.2,59,51,154,180,51.6,3,3,0,5,70,3.1333333333333333,0.4791428571428573,0.4337142857142857,Moderate
2,3,7.3,79,49,180,50,53.9,2,4,0,8,75,4.0,0.4072460317460317,0.5787857142857142,Moderate
8,14,6.7,57,43,85,180,43.9,1,2,0,7,23,0.8333333333333334,-0.03640476190476197,0.08914285714285705,Moderate
18,5,7.0,56,39,20,43,35.0,5,21,0,20,80,-1.3333333333333333,0.3561111111111111,0.15000000000000002,High
5,1,7.2,70,38,91,27,56.6,3,8,2,9,59,1.0333333333333334,0.7127142857142859,0.5690714285714286,Moderate
10,7,8.2,76,35,74,22,35.0,1,8,0,1,32,0.4666666666666667,-0.3981746031746032,-0.2964285714285713,Moderate
8,1,7.8,77,51,34,7,59.3,1,21,1,12,121,-0.8666666666666667,1.1429444444444445,0.774,Moderate
3,6,6.7,63,17,73,70,50.9,1,6,0,16,180,0.43333333333333335,0.29923015873015874,0.38342857142857134,Moderate
5,4,6.3,79,63,142,49,57.4,3,3,0,5,64,2.7333333333333334,0.5945873015873016,0.7352142857142856,Moderate
10,6,7.7,60,61,38,76,52.0,2,7,3,20,106,-0.7333333333333333,0.45777777777777784,0.18249999999999997,Moderate
2,6,6.2,66,52,51,13,46.5,1,8,0,13,62,-0.3,0.10932539682539688,0.3410714285714285,Low
4,3,7.4,72,75,95,17,44.8,3,5,2,4,19,1.1666666666666667,0.06346031746031731,0.1043571428571427,Low
13,7,7.1,68,57,72,31,67.2,5,7,2,6,12,0.4,1.291777777777778,0.8285000000000001,High
3,6,7.7,63,43,89,70,58.2,5,7,0,18,127,0.9666666666666667,0.9301111111111112,0.496,High
2,4,8.7,76,48,27,72,53.2,4,1,1,7,128,-1.1,0.4263809523809525,-0.15542857142857125,Low
4,10,7.3,69,12,103,23,52.3,3,2,0,6,80,1.4333333333333333,0.30048412698412685,0.28114285714285714,High
7,5,8.2,61,42,34,84,35.0,4,3,0,5,29,-0.8666666666666667,-0.30785714285714283,-0.5392857142857141,Low
11,8,7.3,70,65,64,14,51.6,1,7,1,6,81,0.13333333333333333,0.3042222222222224,0.3055000000000001,Moderate
1,4,5.9,68,26,19,58,41.6,3,12,0,4,26,-1.3666666666666667,0.2150158730158731,0.28085714285714286,Low
13,21,6.8,69,44,115,42,51.3,2,9,0,3,38,1.8333333333333333,0.45992857142857124,0.5686428571428571,High
5,4,7.2,78,38,66,47,43.9,3,9,3,7,135,0.2,0.19915079365079358,0.15414285714285708,Low
17,1,4.9,72,36,66,70,37.5,1,5,2,5,3,0.2,-0.33948412698412694,0.2503571428571428,Moderate
7,2,8.7,79,54,157,74,59.3,2,8,1,4,102,3.2333333333333334,0.8197698412698412,0.5525714285714285,Moderate
13,4,6.1,70,61,83,105,43.1,2,7,0,1,33,0.7666666666666667,0.08950000000000007,0.3080000000000001,Moderate
9,5,6.8,73,41,97,23,62.1,3,8,2,0,15,1.2333333333333334,0.9557698412698413,0.8190714285714286,High
6,9,8.4,67,37,85,135,48.5,3,6,1,6,74,0.8333333333333334,0.3967857142857143,0.043928571428571386,Moderate
11,8,5.9,81,69,57,31,35.0,6,3,1,3,50,-0.1,-0.2334126984126984,-0.07928571428571435,Moderate
11,3,7.9,83,30,5,54,42.6,7,8,1,12,155,-1.8333333333333333,0.3793809523809524,-0.18842857142857145,Moderate
11,4,7.9,87,60,45,101,47.8,4,6,0,11,12,-0.5,0.39417460317460307,0.01042857142857128,Moderate
6,4,7.0,77,34,75,16,44.2,2,21,1,13,91,0.5,0.5401111111111112,0.5635000000000001,Moderate
3,4,5.6,80,47,47,83,43.2,4,9,1,2,101,-0.43333333333333335,0.2743174603174604,0.36564285714285727,Low
6,2,6.6,71,55,107,57,47.9,2,10,0,11,88,1.5666666666666667,0.35930952380952375,0.5102142857142857,Low
1,2,6.0,57,52,80,126,48.4,7,10,3,11,25,0.6666666666666666,0.7918095238095237,0.5627142857142857,High
10,7,6.2,55,41,29,89,53.4,4,18,0,10,38,-1.0333333333333334,1.0614126984126984,0.7787857142857142,High
11,5,7.6,67,63,72,37,44.1,5,0,1,4,75,0.4,0.008944444444444519,-0.15199999999999989,Low
2,7,6.7,73,47,154,113,48.9,6,2,0,7,34,3.1333333333333333,0.447484126984127,0.411642857142857,Moderate
2,13,7.1,69,67,97,112,56.8,4,1,0,1,4,1.2333333333333334,0.6328253968253967,0.4075714285714285,Moderate
8,1,8.4,70,36,14,33,48.7,5,3,0,9,91,-1.5333333333333334,0.3186428571428573,-0.21328571428571427,Low
10,1,7.7,78,36,58,19,45.3,1,7,0,2,55,-0.06666666666666667,0.02627777777777765,0.03149999999999987,Low
4,10,6.1,67,38,123,124,53.7,3,6,0,6,62,2.1,0.6185634920634923,0.6974285714285715,High
6,4,5.8,77,29,50,39,41.3,7,7,0,6,149,-0.3333333333333333,0.26849999999999985,0.22399999999999995,Moderate
7,1,6.6,68,42,16,139,48.3,3,16,1,1,30,-1.4666666666666666,0.7493730158730157,0.4661428571428571,Moderate
6,2,6.1,60,46,9,176,37.8,7,6,1,5,50,-1.7,0.22750793650793638,-0.0645714285714286,Low
3,14,7.8,68,64,108,75,57.2,4,8,0,1,18,1.6,0.8597142857142858,0.5245714285714287,Moderate
10,2,6.9,94,46,127,32,46.8,3,10,0,4,6,2.2333333333333334,0.34869841269841256,0.47471428571428553,High
12,1,6.1,72,18,36,20,45.9,4,21,0,6,22,-0.8,0.7543888888888888,0.6745000000000001,Moderate
8,9,7.5,76,34,1,39,35.0,1,4,0,6,63,-1.9666666666666666,-0.5221428571428571,-0.47071428571428564,Low
8,11,8.7,65,55,96,39,55.0,2,2,2,20,180,1.2,0.37309523809523815,0.0996428571428572,High
2,5,7.4,83,52,1,74,52.1,6,1,0,6,37,-1.9666666666666666,0.5124365079365081,-0.02592857142857144,Low
15,2,8.6,92,41,80,41,64.4,3,0,0,1,78,0.6666666666666666,0.7935555555555559,0.30200000000000016,High
6,3,7.0,81,50,27,60,55.9,1,20,0,2,148,-1.1,1.0131190476190475,0.7659285714285713,Moderate
4,2,8.1,76,64,93,2,44.5,3,15,2,8,134,1.1,0.3904365079365079,0.25357142857142867,Low
13,1,7.3,80,23,59,18,51.8,4,6,1,13,26,-0.03333333333333333,0.48195238095238085,0.2704285714285714,Moderate
12,19,6.5,68,28,87,123,37.8,7,19,1,7,57,0.9,0.6329047619047616,0.4318571428571428,High
6,19,5.9,66,42,62,67,42.3,3,5,1,3,28,0.06666666666666667,0.006515873015872892,0.20935714285714271,Low
6,3,6.9,90,41,48,85,41.5,2,8,1,0,36,-0.4,0.030992063492063494,0.0610714285714285,Low
6,9,8.0,65,41,123,47,52.0,4,3,1,4,15,2.1,0.4160317460317461,0.2282142857142857,Low
8,8,7.7,86,64,24,124,46.1,3,2,2,13,51,-1.2,0.13370634920634927,-0.17235714285714288,Moderate
9,9,5.5,70,44,112,93,35.0,3,4,1,2,56,1.7333333333333334,-0.3288095238095238,0.15678571428571425,Moderate
4,11,7.8,73,41,66,63,64.0,1,9,0,11,72,0.2,0.9880952380952381,0.6521428571428572,High
7,5,6.9,56,54,127,17,51.8,1,9,0,8,60,2.2333333333333334,0.3879841269841269,0.5961428571428571,Moderate
9,9,6.1,83,23,15,48,35.0,2,7,0,9,32,-1.5,-0.3383333333333334,-0.10499999999999993,Moderate
7,12,8.0,62,44,96,50,38.5,2,14,0,13,107,1.2,0.07138888888888889,0.07000000000000003,Moderate
5,5,6.0,80,27,117,36,45.0,2,2,0,4,27,1.9,-0.08023809523809525,0.32464285714285707,Low
6,8,6.2,71,58,51,71,44.7,3,1,0,11,18,-0.3,-0.023896825396825253,0.0870714285714286,Low
11,9,6.4,68,41,63,79,35.7,5,2,0,3,36,0.1,-0.25096031746031733,-0.15935714285714286,Moderate
4,6,5.9,78,41,35,63,42.7,1,2,1,11,67,-0.8333333333333334,-0.22040476190476177,0.06814285714285714,Low
9,12,6.0,74,58,87,27,46.3,5,3,0,7,32,0.9,0.2039761904761903,0.3172142857142856,Moderate
6,6,8.0,73,45,25,39,49.0,6,16,0,8,88,-1.1666666666666667,0.8697619047619047,0.2646428571428572,Low
10,21,6.4,76,33,89,135,57.6,3,10,0,10,62,0.9666666666666667,0.9491428571428573,0.7912142857142858,High
7,12,7.0,61,41,30,56,58.6,3,8,0,8,16,-1.0,0.834936507936508,0.5115714285714287,Moderate
3,2,7.2,67,40,70,60,59.6,2,8,1,2,82,0.3333333333333333,0.8177142857142858,0.6065714285714287,Moderate
19,9,7.4,55,46,83,30,51.6,6,4,0,10,14,0.7666666666666667,0.5481904761904765,0.24978571428571425,High
5,3,7.1,74,46,58,21,57.1,6,1,4,14,55,-0.06666666666666667,0.6785476190476191,0.3190714285714286,Moderate
5,8,7.2,68,36,39,64,49.4,2,2,1,16,21,-0.7,0.14887301587301582,0.05164285714285701,Low
5,9,7.3,65,64,17,49,54.4,2,5,3,5,180,-1.4333333333333333,0.4643492063492064,0.2148571428571429,Moderate
2,2,6.1,95,46,153,13,48.1,3,5,1,2,129,3.1,0.2075158730158731,0.5758571428571428,Moderate
8,3,6.5,55,46,73,85,48.6,2,2,1,11,29,0.43333333333333335,0.13620634920634928,0.23514285714285715,Low
8,6,4.7,74,41,12,66,62.7,4,6,0,7,87,-1.6,1.0257857142857145,0.9349285714285717,High
4,7,6.4,77,45,118,163,48.6,3,14,0,11,156,1.9333333333333333,0.7181111111111111,0.708,Moderate
8,16,8.6,80,59,113,46,51.3,2,3,0,4,158,1.7666666666666666,0.25008730158730147,0.0772142857142857,Moderate
3,3,6.6,79,53,24,47,43.0,3,6,2,3,120,-1.2,0.051507936507936516,0.04142857142857148,Low
5,3,6.2,81,37,84,76,50.4,3,12,3,2,36,0.8,0.6310158730158729,0.6548571428571428,Moderate
4,5,7.1,90,28,22,180,50.2,2,9,1,13,173,-1.2666666666666666,0.5637619047619049,0.2506428571428573,Moderate
8,3,6.5,81,34,59,70,38.5,3,3,1,11,31,-0.03333333333333333,-0.23257936507936508,-0.07428571428571429,Low
9,6,5.8,77,45,25,110,46.4,3,2,2,9,16,-1.1666666666666667,0.13165079365079363,0.1716428571428571,Moderate
19,4,6.5,77,68,68,57,48.8,2,4,0,0,45,0.26666666666666666,0.18552380952380937,0.2857857142857142,Moderate
9,10,8.4,78,30,71,20,51.7,1,11,1,17,32,0.36666666666666664,0.4582460317460319,0.2477857142857143,High
2,5,6.6,73,40,64,38,52.0,6,4,2,14,10,0.13333333333333333,0.5750793650793651,0.3542857142857143,Low
5,2,7.2,71,52,89,101,53.6,0,4,2,4,17,0.9666666666666667,0.3170793650793652,0.35978571428571426,Moderate
6,4,6.4,78,38,176,26,54.4,2,5,1,3,131,3.8666666666666667,0.43879365079365085,0.7698571428571428,Moderate
4,6,6.9,84,45,59,43,51.1,5,6,1,8,20,-0.03333333333333333,0.5448968253968254,0.3194285714285714,Low
4,12,7.9,81,39,106,46,39.2,1,15,1,3,11,1.5333333333333334,0.0674920634920636,0.1620714285714286,Low
6,6,4.6,77,56,19,85,45.9,4,3,2,18,30,-1.3666666666666667,0.1837539682539682,0.3802142857142857,Moderate
3,20,6.5,67,28,39,49,55.8,3,3,1,5,88,-0.7,0.5225873015873015,0.39471428571428563,High
7,3,8.0,89,37,158,53,43.4,5,5,0,1,58,3.2666666666666666,0.17379365079365072,0.11485714285714282,Moderate
9,5,6.3,66,51,16,89,44.7,3,0,0,0,53,-1.4666666666666666,-0.03961111111111098,-0.046499999999999875,Low
8,3,7.6,79,37,99,39,44.2,3,3,0,3,49,1.3,-0.010523809523809408,0.004214285714285879,Low
6,8,7.9,76,22,52,63,57.1,3,4,0,10,97,-0.26666666666666666,0.632357142857143,0.2497857142857142,High
5,11,6.1,62,52,32,99,48.3,4,7,0,5,92,-0.9333333333333333,0.45016666666666655,0.33649999999999997,Moderate
7,8,8.0,77,31,53,108,42.1,0,1,0,5,33,-0.23333333333333334,-0.2997857142857142,-0.3009285714285714,Low
8,5,6.4,84,57,105,11,35.8,1,1,1,6,22,1.5,-0.6243968253968255,-0.0799285714285716,Low
19,5,6.4,82,61,30,138,51.9,2,2,3,9,30,-1.0,0.34359523809523806,0.24414285714285705,High
8,3,6.7,77,49,82,21,49.2,4,6,0,2,44,0.7333333333333333,0.36828571428571444,0.3549285714285714,Low
4,10,5.1,72,38,65,91,57.0,3,8,1,8,23,0.16666666666666666,0.8018253968253968,0.8835714285714286,High
2,1,6.3,79,43,86,31,59.5,3,8,4,13,66,0.8666666666666667,0.8476587301587301,0.8010714285714287,High
8,4,6.2,65,44,36,59,56.6,7,6,0,2,35,-0.8,0.9435079365079366,0.5494285714285714,High
12,6,6.8,57,40,77,22,42.3,3,6,0,10,54,0.5666666666666667,-0.007769841269841399,0.11792857142857137,Low
7,7,7.7,62,43,49,114,38.2,3,7,1,13,35,-0.36666666666666664,-0.054333333333333206,-0.20399999999999993,Low
4,11,6.4,65,35,180,10,45.4,5,7,0,3,17,4.0,0.28744444444444434,0.567,Moderate
5,14,7.2,64,49,28,23,51.5,2,3,0,8,19,-1.0666666666666667,0.233531746031746,0.11571428571428567,Low
5,11,7.3,64,40,76,101,59.5,4,13,1,2,25,0.5333333333333333,1.170674603174603,0.7439285714285715,High
6,15,7.0,67,42,126,47,50.4,4,16,1,19,84,2.2,0.8083174603174602,0.7341428571428572,High
3,1,7.6,87,23,96,30,56.5,1,16,0,1,180,1.2,0.8639285714285714,0.7371428571428572,High
2,1,4.8,55,48,79,33,58.4,3,10,0,4,55,0.6333333333333333,0.8718095238095237,1.0702142857142858,Moderate
9,3,7.9,71,40,25,140,45.6,5,10,1,3,75,-1.1666666666666667,0.5480317460317461,0.008714285714285688,Moderate
3,6,6.7,70,19,158,73,48.7,1,4,1,4,12,3.2666666666666666,0.13213492063492083,0.47278571428571425,Moderate
10,5,7.9,65,69,55,114,58.1,2,3,1,15,91,-0.16666666666666666,0.6316428571428572,0.2587142857142857,Moderate
5,3,7.2,82,51,53,64,49.1,1,2,1,4,82,-0.23333333333333334,0.06870634920634933,0.07764285714285711,Low
5,3,6.4,65,56,150,169,35.0,6,1,1,4,23,3.0,-0.15150793650793648,0.00857142857142848,Moderate
7,6,5.4,69,68,54,72,43.8,6,6,0,7,23,-0.2,0.31528571428571417,0.3504285714285712,Moderate
6,10,7.5,76,60,79,52,56.0,5,3,1,5,20,0.6333333333333333,0.6682539682539682,0.3257142857142857,Moderate
2,4,7.2,81,49,8,23,59.3,1,4,1,3,79,-1.7333333333333334,0.5535793650793651,0.32828571428571407,Low
1,5,7.6,73,43,57,36,57.3,3,9,2,6,87,-0.1,0.7899285714285713,0.46364285714285713,Moderate
14,5,6.7,73,43,128,48,49.6,4,4,1,5,50,2.2666666666666666,0.3448571428571429,0.42478571428571427,Moderate
1,6,7.4,73,57,43,6,47.9,4,5,1,19,56,-0.5666666666666667,0.25740476190476186,0.06735714285714274,Moderate
12,6,7.1,71,49,13,144,46.7,2,2,3,11,32,-1.5666666666666667,0.11626190476190487,-0.07685714285714274,Moderate
6,5,5.8,74,60,46,8,62.8,4,17,0,8,40,-0.4666666666666667,1.3586984126984127,1.1447142857142858,High
4,2,6.1,64,44,19,58,37.9,6,2,1,3,43,-1.3666666666666667,-0.10862698412698418,-0.15085714285714286,Low
4,6,6.3,91,58,55,18,41.7,4,1,2,15,59,-0.16666666666666666,-0.1511190476190475,-0.01042857142857133,Low
7,3,7.5,74,45,148,93,48.6,6,6,1,7,46,2.933333333333333,0.5546190476190477,0.3619285714285714,Moderate
17,3,7.1,84,40,56,43,53.8,5,10,1,11,60,-0.13333333333333333,0.8092539682539681,0.4722142857142856,High
12,4,6.2,55,50,93,33,61.0,5,5,2,11,131,1.1,0.9435714285714286,0.7953571428571429,High
5,7,7.0,80,39,85,164,48.8,4,7,2,20,101,0.8333333333333334,0.5448888888888888,0.3264999999999999,Moderate
2,0,7.0,69,45,65,36,48.1,1,1,2,1,33,0.16666666666666666,-0.0431190476190475,0.08407142857142862,Low
7,14,5.9,74,36,106,43,61.3,1,5,1,3,51,1.5333333333333334,0.701515873015873,0.8893571428571426,High
4,6,6.5,73,62,144,11,60.1,5,2,1,5,36,2.8,0.771484126984127,0.7576428571428572,High
2,8,6.7,76,51,180,25,35.0,6,21,1,9,24,4.0,0.40277777777777773,0.6025,Moderate
6,1,8.0,79,39,78,49,38.5,3,3,0,3,23,0.6,-0.2559126984126984,-0.28928571428571426,Low
8,11,7.5,76,40,18,127,35.0,3,11,1,10,126,-1.4,-0.041031746031746044,-0.2282142857142857,Moderate
5,8,6.3,72,37,45,38,38.5,2,3,0,5,127,-0.5,-0.33480158730158727,-0.07428571428571426,Low
1,5,7.4,79,46,78,21,48.7,2,6,1,3,87,0.6,0.21245238095238117,0.2074285714285714,Low
4,7,7.4,61,53,115,33,55.8,2,8,1,7,57,1.8333333333333333,0.6167142857142855,0.5700714285714283,Moderate
14,3,6.9,63,46,3,39,57.9,2,5,3,7,103,-1.9,0.6107380952380952,0.35485714285714276,Moderate
6,4,7.2,61,47,29,25,57.0,2,14,0,5,103,-1.0333333333333334,0.8761111111111112,0.5975,Low
4,1,5.5,58,45,52,39,56.4,2,6,0,17,88,-0.26666666666666666,0.578952380952381,0.7059285714285713,Moderate
4,5,6.6,83,48,56,112,50.1,6,1,1,4,13,-0.13333333333333333,0.4646587301587302,0.19157142857142867,Low
4,2,6.0,63,62,50,30,42.0,1,21,1,1,41,-0.3333333333333333,0.39,0.61,Low
10,1,7.4,78,55,110,61,44.6,4,3,0,11,15,1.6666666666666667,0.09858730158730164,0.0787142857142857,Low
11,12,6.1,87,29,24,108,55.8,3,3,0,10,25,-1.2,0.5881428571428571,0.42721428571428566,High
11,14,8.3,81,44,24,90,46.7,6,10,0,7,29,-1.2,0.6086428571428572,-0.030785714285714333,Moderate
1,7,7.8,58,71,72,151,40.6,3,2,1,4,43,0.4,-0.08379365079365074,-0.2348571428571428,Low
2,7,5.1,72,45,43,13,60.6,4,8,0,1,23,-0.5666666666666667,0.9438253968253969,0.9365714285714286,Moderate
2,7,7.5,64,45,135,31,50.9,2,18,2,3,27,2.5,0.7511349206349205,0.7412857142857142,Moderate
8,4,7.9,87,43,76,155,49.8,3,6,1,12,74,0.5333333333333333,0.47750793650793644,0.1479285714285713,Moderate
2,4,6.3,76,65,97,38,52.7,2,8,0,10,51,1.2333333333333334,0.4827698412698414,0.6245714285714287,Low
2,1,7.2,55,40,180,58,57.5,2,7,0,2,174,4.0,0.6852777777777778,0.79,High
6,5,6.3,69,34,56,51,55.1,2,7,3,8,98,-0.13333333333333333,0.5695000000000001,0.5655000000000001,Moderate
18,2,7.7,69,43,33,96,45.2,3,1,0,6,14,-0.9,0.02638095238095252,-0.2054285714285714,Low
3,4,5.6,86,20,12,47,45.5,5,11,0,15,22,-1.6,0.47591269841269834,0.40428571428571436,Moderate
6,10,6.5,62,43,116,59,35.0,3,11,0,3,132,1.8666666666666667,-0.1165873015873016,0.19178571428571428,Moderate
2,5,8.1,78,44,39,77,51.3,1,9,1,0,5,-0.7,0.4321507936507935,0.15114285714285713,Low
6,9,5.9,84,45,72,59,36.9,3,6,0,10,40,0.4,-0.2096587301587302,0.10092857142857131,Low
4,3,7.2,62,47,80,64,49.6,4,13,0,0,15,0.6666666666666666,0.6840634920634922,0.4744285714285714,Moderate
6,10,5.1,82,38,80,37,51.2,2,10,2,3,29,0.6666666666666666,0.4855873015873017,0.8042142857142859,High
5,12,7.9,74,44,60,15,52.1,4,6,0,1,107,0.0,0.4921190476190477,0.1769285714285714,Moderate
7,7,7.4,72,40,105,36,36.9,6,7,1,14,66,1.5,0.0004999999999999449,-0.0505000000000001,Moderate
12,2,6.6,77,36,68,180,55.5,2,8,1,3,154,0.26666666666666666,0.766547619047619,0.5835714285714286,High
5,10,7.6,73,27,89,122,44.3,2,7,0,3,48,0.9666666666666667,0.16238888888888875,0.09649999999999999,Moderate
1,2,7.8,91,42,81,27,70.0,4,5,2,4,180,0.7,1.2752380952380953,0.7553571428571428,High
10,1,6.1,68,55,101,65,50.3,2,9,1,9,123,1.3666666666666667,0.44048412698412687,0.6261428571428572,High
7,6,6.3,88,19,99,176,42.3,3,10,1,5,87,1.3,0.3061984126984126,0.37471428571428567,Moderate
3,4,6.7,81,58,51,19,38.7,3,6,3,20,45,-0.3,-0.17310317460317448,-0.03757142857142852,Low
9,5,7.7,77,47,62,130,40.0,2,3,0,8,104,0.06666666666666667,-0.16507936507936505,-0.23178571428571432,Low
10,7,7.7,79,55,81,24,49.9,2,5,0,7,132,0.7,0.2340714285714285,0.16985714285714276,Moderate
4,11,5.6,65,57,94,32,44.1,0,4,0,5,23,1.1333333333333333,-0.18708730158730152,0.3672857142857143,Low
5,10,6.2,69,38,49,57,35.0,6,3,0,14,42,-0.36666666666666664,-0.2045238095238095,-0.1517857142857143,Low
7,8,6.1,77,44,77,93,44.0,0,2,1,0,45,0.5666666666666667,-0.19523809523809524,0.1771428571428572,Moderate
7,1,6.2,79,12,50,48,51.7,6,4,1,10,29,-0.3333333333333333,0.5726904761904764,0.38028571428571434,Moderate
8,3,6.7,71,36,180,82,62.5,2,8,0,8,17,4.0,0.9726587301587302,1.0560714285714285,High
11,3,8.1,79,53,23,68,56.9,4,9,0,5,96,-1.2333333333333334,0.8741507936507935,0.27914285714285725,High
13,1,5.3,81,39,64,82,37.9,3,7,0,11,45,0.13333333333333333,-0.10338888888888895,0.24449999999999994,Moderate
14,3,7.0,63,48,103,180,52.0,3,2,2,17,64,1.4333333333333333,0.4614285714285714,0.3246428571428571,High
5,18,8.5,76,49,32,135,50.5,5,15,0,15,133,-0.9333333333333333,0.9415476190476191,0.21107142857142863,Moderate
1,3,7.5,66,46,53,37,59.4,4,7,0,2,57,-0.23333333333333334,0.8807777777777778,0.4769999999999999,Moderate
2,1,7.5,76,68,74,28,70.0,8,15,0,9,156,0.4666666666666667,1.9001587301587302,1.0760714285714283,Moderate
9,1,5.8,75,33,26,180,53.0,2,4,0,8,149,-1.1333333333333333,0.5111904761904763,0.4292857142857144,Moderate
9,1,7.1,95,35,10,76,55.3,3,8,0,8,60,-1.6666666666666667,0.70865873015873,0.34507142857142853,Moderate
5,1,7.8,89,39,28,103,43.4,3,5,1,6,89,-1.0666666666666667,0.09601587301587296,-0.17514285714285716,Low
2,8,5.8,72,41,34,127,35.0,3,14,0,10,21,-0.8666666666666667,0.0661111111111111,0.195,Moderate
7,3,6.4,73,48,47,16,46.9,4,6,0,8,70,-0.43333333333333335,0.25923015873015864,0.2509285714285713,Low
7,2,6.5,87,46,39,55,38.7,5,5,1,14,14,-0.7,-0.03548412698412687,-0.06114285714285706,Low
13,7,7.1,72,37,15,180,47.4,0,5,1,9,158,-1.5,0.16157142857142853,0.03485714285714289,Moderate
3,7,6.6,79,51,11,88,35.0,3,10,1,5,22,-1.6333333333333333,-0.12007936507936509,-0.11678571428571421,Low
18,3,6.4,80,38,126,110,35.0,4,8,0,17,36,2.2,-0.10039682539682539,0.14857142857142852,Moderate
7,2,7.4,76,43,120,35,46.7,4,7,0,11,33,2.0,0.30705555555555564,0.281,Low
2,1,6.5,71,54,97,59,61.5,1,4,0,3,45,1.2333333333333334,0.6925793650793652,0.7392857142857142,Low
8,1,8.0,68,26,53,94,58.3,3,10,0,2,32,-0.23333333333333334,0.9350873015873015,0.4422142857142855,Moderate
3,2,6.8,69,23,95,115,41.5,3,8,2,8,28,1.1666666666666667,0.1309920634920635,0.19607142857142862,Moderate
14,8,6.5,68,12,25,137,59.0,0,6,0,2,23,-1.1666666666666667,0.6715079365079366,0.5414285714285714,High
2,11,8.0,77,48,66,69,65.0,5,8,0,5,60,0.2,1.2707142857142857,0.6185714285714285,Moderate
11,10,6.8,66,51,71,103,56.1,3,5,2,6,15,0.36666666666666664,0.6675158730158731,0.4883571428571428,High
6,10,4.7,82,17,25,135,49.0,4,3,2,3,60,-1.1666666666666667,0.3788095238095238,0.47071428571428564,High
11,3,7.5,89,43,116,41,39.0,3,5,1,5,42,1.8666666666666667,-0.17087301587301587,-0.03464285714285714,Low
9,2,6.2,87,42,121,12,48.9,5,15,0,4,103,2.033333333333333,0.7328809523809523,0.7880714285714284,High
14,4,6.8,87,26,39,72,43.8,4,3,0,9,32,-0.7,0.07480952380952367,-0.017785714285714342,Moderate
23,1,6.6,71,44,87,139,53.2,2,6,1,5,13,0.9,0.5460634920634923,0.5049285714285716,High
10,8,6.0,82,35,52,95,43.6,2,4,1,5,69,-0.26666666666666666,-0.006253968253968186,0.17728571428571432,Moderate
8,3,5.9,74,34,102,23,36.8,3,3,0,4,109,1.4,-0.36130158730158746,0.08721428571428555,Low
5,2,9.0,75,20,129,49,40.8,0,1,1,3,90,2.3,-0.42384126984127,-0.3249285714285715,Low
11,3,8.5,55,57,118,62,43.6,3,3,0,0,26,1.9333333333333333,-0.011968253968253902,-0.1237857142857142,Moderate
2,6,7.9,77,28,46,86,52.1,0,3,1,5,102,-0.4666666666666667,0.1971984126984128,0.05621428571428571,Low
3,2,6.5,72,27,32,144,51.1,4,6,1,0,96,-0.9333333333333333,0.590452380952381,0.3219285714285714,Low
12,2,7.1,76,34,120,63,53.2,3,10,1,15,52,2.0,0.6711428571428573,0.6142142857142858,High
6,10,7.0,74,23,53,50,35.0,4,5,1,10,40,-0.23333333333333334,-0.2742063492063492,-0.22464285714285712,Low
5,2,6.7,71,30,96,64,59.6,2,3,1,12,10,1.2,0.6435873015873018,0.6162142857142857,Moderate
4,2,6.4,76,44,90,94,46.1,2,6,0,10,27,1.0,0.17656349206349217,0.33442857142857135,Low
3,5,7.3,66,18,43,106,41.6,2,6,2,4,35,-0.5666666666666667,-0.012603174603174536,-0.07557142857142848,Low
7,8,8.1,82,21,104,72,48.9,2,10,1,5,15,1.4666666666666666,0.42097619047619045,0.27021428571428574,Moderate
3,6,7.0,60,46,125,65,55.1,5,8,0,5,80,2.1666666666666665,0.8207698412698413,0.6440714285714286,High
10,3,6.5,79,25,98,71,43.6,1,18,2,3,98,1.2666666666666666,0.40041269841269844,0.6047857142857143,High
9,0,8.2,62,43,69,163,39.2,4,13,0,5,26,0.3,0.32606349206349217,-0.040071428571428334,Low
6,8,7.5,75,31,114,151,46.3,5,7,1,9,50,1.8,0.48461111111111094,0.2364999999999999,Moderate
7,5,7.8,66,52,43,43,56.6,1,17,3,4,5,-0.5666666666666667,0.9185873015873018,0.6012142857142858,High
11,9,7.0,71,50,91,16,44.7,3,12,0,4,24,1.0333333333333334,0.30784920634920654,0.361357142857143,Moderate
1,3,5.9,65,50,82,167,57.5,5,3,0,6,13,0.7333333333333333,0.863531746031746,0.6582142857142856,Moderate
2,9,7.0,75,40,55,34,39.1,3,4,0,3,89,-0.16666666666666666,-0.2098650793650793,-0.12521428571428567,Low
11,12,6.7,71,31,22,70,39.1,4,5,2,11,68,-1.2666666666666666,-0.06748412698412692,-0.1266428571428571,Moderate
11,5,6.4,66,35,16,92,43.6,3,8,1,13,100,-1.4666666666666666,0.199936507936508,0.13157142857142856,Low
1,4,7.9,67,42,87,18,40.9,5,2,0,11,95,0.9,-0.0847380952380953,-0.20585714285714296,Low
6,9,7.4,67,51,160,19,43.9,3,20,2,9,80,3.3333333333333335,0.5608968253968253,0.6684285714285714,High
10,2,8.0,82,42,67,86,46.2,5,1,1,7,178,0.23333333333333334,0.19360317460317472,-0.14292857142857135,Low
1,2,6.9,59,37,53,55,59.1,2,3,1,4,108,-0.23333333333333334,0.6110873015873016,0.45871428571428574,Moderate
1,1,7.3,85,43,123,101,45.7,3,3,0,7,47,2.1,0.12586507936507949,0.1617142857142858,Low
13,2,6.0,66,35,59,112,61.9,2,16,2,7,22,-0.03333333333333333,1.2647063492063493,1.086642857142857,High
2,10,7.7,87,40,50,58,50.6,2,4,0,4,78,-0.3333333333333333,0.26763492063492067,0.08478571428571427,Low
16,6,7.2,60,39,28,61,47.3,6,10,2,12,16,-1.0666666666666667,0.6034206349206348,0.18971428571428556,Moderate
18,12,6.4,68,32,12,133,54.9,1,7,0,7,42,-1.6,0.5849444444444444,0.43199999999999983,High
13,4,6.8,78,38,13,112,45.4,5,7,1,3,71,-1.5666666666666667,0.4007777777777777,0.07949999999999999,Moderate
9,10,6.0,72,46,177,19,46.4,5,3,1,5,122,3.9,0.1995873015873016,0.5452142857142857,Moderate
4,3,6.8,61,53,90,65,40.9,3,1,1,7,51,1.0,-0.2015634920634921,-0.03442857142857145,Low
10,4,6.7,83,31,69,65,43.7,2,4,2,7,61,0.3,-0.03508730158730146,0.10028571428571431,Moderate
3,1,7.5,73,47,48,51,36.2,4,2,2,7,34,-0.4,-0.3262380952380951,-0.37435714285714283,Low
26,5,7.1,75,47,52,42,50.9,3,7,2,13,71,-0.26666666666666666,0.4371666666666666,0.2895,High
3,5,5.2,67,60,84,21,41.9,4,2,1,7,171,0.8,-0.10307142857142863,0.28914285714285703,Moderate
7,5,5.5,74,64,33,36,52.1,3,6,0,16,36,-0.9,0.4487857142857144,0.5294285714285714,Moderate
11,10,8.1,76,53,21,85,47.2,1,6,1,3,49,-1.3,0.1493968253968255,-0.10257142857142841,Moderate
12,8,6.7,81,48,30,23,41.3,1,4,0,11,148,-1.0,-0.25642063492063505,-0.06921428571428583,Low
4,9,6.5,69,45,44,24,48.7,3,4,0,6,133,-0.5333333333333333,0.2110238095238097,0.22278571428571428,Low
13,2,6.2,60,30,122,63,44.9,6,8,0,5,80,2.066666666666667,0.42621428571428566,0.47057142857142853,Moderate
6,1,6.6,91,41,92,174,44.5,1,12,0,3,68,1.0666666666666667,0.3410714285714286,0.427857142857143,Moderate
5,6,6.9,67,51,61,39,35.0,5,4,1,13,27,0.03333333333333333,-0.2554761904761905,-0.21571428571428578,Low
11,7,6.9,65,48,81,178,56.5,5,5,2,10,58,0.7,0.9021825396825396,0.5078571428571427,High
11,1,5.7,68,28,73,30,35.0,1,10,0,3,27,0.43333333333333335,-0.31785714285714284,0.19571428571428567,Moderate
19,14,6.5,73,54,62,50,64.5,6,13,0,13,1,0.06666666666666667,1.4723412698412697,0.9989285714285715,High
4,5,8.0,78,31,49,73,61.4,2,3,0,19,46,-0.36666666666666664,0.7345873015873016,0.3252142857142857,Moderate
7,3,7.4,70,36,24,103,40.6,2,7,1,10,86,-1.2,-0.025222222222222156,-0.14200000000000002,Moderate
0,8,6.1,60,78,180,60,45.9,1,5,0,7,39,4.0,0.02740476190476187,0.5773571428571429,Low
8,3,6.8,73,63,95,96,52.9,1,2,0,4,97,1.1666666666666667,0.27526190476190465,0.36664285714285716,Moderate
9,6,6.6,67,53,107,72,63.7,5,2,1,1,180,1.5666666666666667,1.0012619047619047,0.7556428571428571,High
5,3,8.0,78,44,40,20,43.7,4,2,0,15,79,-0.6666666666666666,-0.023182539682539555,-0.2568571428571428,Low
1,10,7.5,68,51,57,153,44.6,4,7,1,6,119,-0.1,0.34366666666666673,0.043000000000000045,Low
5,3,7.0,73,43,23,46,48.0,2,14,1,8,58,-1.2333333333333334,0.4944444444444446,0.34750000000000003,Moderate
5,2,4.7,79,45,51,148,50.3,5,21,1,20,45,-0.3,1.1612777777777776,1.089,High
5,1,6.8,68,28,116,57,45.1,3,8,1,3,146,1.8666666666666667,0.2285476190476191,0.35657142857142865,Low
5,7,5.5,55,39,180,159,40.7,4,9,0,8,12,4.0,0.2462619047619049,0.6406428571428572,High
4,12,5.7,73,37,114,19,37.9,2,6,0,13,40,1.8,-0.27576984126984133,0.27092857142857135,Low
5,6,7.1,62,52,89,78,50.4,1,11,2,7,52,0.9666666666666667,0.4641904761904761,0.48128571428571426,Low
3,8,6.8,76,45,103,55,51.0,5,1,0,8,33,1.4333333333333333,0.37515873015873025,0.3010714285714286,Low
17,1,6.6,71,44,58,16,41.1,1,8,1,3,98,-0.06666666666666667,-0.13034126984126976,0.12657142857142867,Low
9,2,7.3,73,38,35,48,50.0,2,2,0,19,132,-0.8333333333333334,0.15809523809523812,0.04214285714285715,Low
1,3,6.3,82,31,180,14,54.9,3,4,4,6,101,4.0,0.47891269841269835,0.7837857142857141,High
6,6,6.5,67,55,37,53,57.8,1,4,1,3,36,-0.7666666666666667,0.5194126984126984,0.4782857142857142,Moderate
5,8,6.6,69,39,42,87,54.4,9,21,0,8,106,-0.6,1.5446666666666666,0.857,High
3,21,7.3,69,53,109,40,42.6,6,2,0,5,37,1.6333333333333333,0.08287301587301593,0.005142857142857185,Moderate
2,8,6.1,60,16,8,57,48.4,3,5,0,5,25,-1.7333333333333334,0.2699047619047618,0.2223571428571428,Low
3,4,5.9,93,12,40,72,47.6,4,3,0,13,114,-0.6666666666666666,0.24580952380952387,0.2562142857142857,Moderate
7,8,6.2,79,22,26,68,35.7,6,5,1,17,42,-1.1333333333333333,-0.08937301587301573,-0.1311428571428571,Low
3,1,7.5,73,22,62,58,41.9,2,7,2,7,31,0.06666666666666667,-0.016722222222222284,-0.02550000000000004,Low
11,2,6.0,61,56,153,103,51.4,0,10,1,15,56,3.1,0.4345873015873016,0.8352142857142857,High
8,3,6.3,84,45,28,162,53.2,3,3,0,3,27,-1.0666666666666667,0.5311428571428574,0.3242142857142858,Low
7,9,5.2,79,52,95,92,40.9,3,8,1,7,89,1.1666666666666667,0.07843650793650787,0.4580714285714285,Moderate
1,9,6.7,60,35,70,18,58.7,2,5,0,4,81,0.3333333333333333,0.623404761904762,0.5813571428571429,Moderate
3,3,6.7,78,12,76,103,38.1,4,8,2,7,46,0.5333333333333333,0.03132539682539688,0.06407142857142858,Moderate
4,5,6.6,68,25,108,88,61.1,3,4,1,11,44,1.6,0.8401349206349208,0.7372857142857144,High
17,9,8.2,94,47,63,117,53.8,3,4,0,6,180,0.1,0.5438571428571428,0.1257857142857143,High
5,6,8.4,69,45,80,63,53.8,4,8,0,12,44,0.6666666666666666,0.6933809523809522,0.2475714285714284,Moderate
7,3,6.6,76,39,103,91,44.4,4,6,0,9,127,1.4333333333333333,0.23006349206349203,0.2809285714285714,Low
3,7,8.0,88,48,61,10,60.6,2,2,1,15,32,0.03333333333333333,0.5928730158730159,0.30264285714285716,Moderate
9,5,5.5,86,42,26,64,58.3,2,21,0,10,49,-1.1333333333333333,1.2279444444444443,1.1264999999999998,High
5,6,7.4,64,40,25,55,54.6,2,12,0,20,52,-1.1666666666666667,0.7300158730158732,0.4233571428571429,Moderate
4,4,6.5,77,46,29,36,42.5,2,16,2,6,65,-1.0333333333333334,0.3072619047619048,0.34214285714285714,Low
9,1,8.2,66,48,10,180,44.7,2,2,1,6,80,-1.6666666666666667,0.06626190476190491,-0.33685714285714263,Low
11,12,7.2,67,28,135,33,51.7,2,6,0,14,63,2.5,0.3607857142857145,0.4749285714285715,High
8,16,5.8,71,46,50,66,59.8,3,4,2,7,102,-0.3333333333333333,0.7571904761904762,0.6932857142857141,High
4,2,6.6,67,39,71,59,49.0,4,3,1,8,20,0.36666666666666664,0.2943650793650794,0.25321428571428584,Low
3,12,5.2,76,24,47,115,52.4,5,5,1,16,19,-0.43333333333333335,0.6476825396825396,0.5973571428571427,High
2,9,7.9,87,52,76,180,48.7,3,5,1,16,73,0.5333333333333333,0.42007142857142876,0.08635714285714287,Low
3,2,7.4,74,52,107,180,50.3,5,6,1,12,1,1.5666666666666667,0.6611190476190475,0.3279285714285713,Moderate
4,1,8.1,81,50,36,15,43.6,6,7,0,11,39,-0.8,0.27866666666666673,-0.14449999999999988,Low
3,13,7.3,77,44,180,13,61.1,3,12,1,2,135,4.0,1.042515873015873,1.023357142857143,High
2,3,5.9,85,42,100,21,36.5,5,7,0,20,135,1.3333333333333333,-0.10083333333333334,0.18749999999999992,Low
12,10,6.8,83,54,47,83,53.3,2,3,1,10,9,-0.43333333333333335,0.38119841269841254,0.28721428571428564,Moderate
3,6,7.2,87,46,166,60,63.3,1,1,2,1,180,3.533333333333333,0.6675476190476188,0.7575714285714283,High
4,3,8.5,55,46,23,84,48.7,1,13,1,1,102,-1.2333333333333334,0.4657857142857145,0.07742857142857154,Low
19,9,7.9,73,60,101,66,40.6,2,2,3,15,23,1.3666666666666667,-0.24490476190476185,-0.17985714285714288,Moderate
10,6,7.1,90,58,91,76,47.3,3,15,1,8,109,1.0333333333333334,0.5986587301587301,0.5075714285714286,Moderate
5,15,7.3,72,26,55,46,50.9,3,4,4,9,13,-0.16666666666666666,0.3344682539682539,0.17628571428571424,High
10,8,8.1,78,50,73,57,43.7,2,9,0,10,51,0.43333333333333335,0.1345952380952382,0.008142857142857306,Low
14,12,5.7,67,52,73,55,39.0,3,8,1,5,46,0.43333333333333335,-0.04817460317460318,0.25857142857142856,Moderate
13,2,6.5,84,40,77,100,40.4,3,21,0,4,63,0.5666666666666667,0.529111111111111,0.5419999999999999,Moderate
5,2,5.7,80,30,70,57,46.9,2,1,1,12,4,0.3333333333333333,-0.00711904761904765,0.2880714285714285,Low
1,4,6.7,70,61,97,102,66.7,2,4,1,4,44,1.2333333333333334,1.0410238095238098,0.8602857142857143,High
9,3,6.6,74,41,68,144,54.0,2,6,0,6,121,0.26666666666666666,0.5876190476190477,0.4814285714285715,Moderate
3,2,6.8,76,62,76,52,51.1,3,9,1,2,128,0.5333333333333333,0.5287063492063492,0.4651428571428572,Moderate
5,9,7.2,73,48,43,48,51.9,1,13,1,7,121,-0.5666666666666667,0.5697857142857143,0.4509285714285714,Moderate
3,10,5.9,76,43,73,47,46.1,1,4,0,8,43,0.43333333333333335,-0.013753968253968171,0.3222857142857142,Low
24,5,6.2,75,57,55,21,52.9,2,8,0,4,85,-0.16666666666666666,0.4728809523809523,0.5430714285714285,High
8,12,7.5,72,49,23,42,48.8,3,9,0,0,63,-1.2333333333333334,0.41409523809523796,0.14114285714285704,Moderate
4,5,6.2,84,62,28,12,54.0,2,7,0,16,34,-1.0666666666666667,0.4766666666666667,0.4799999999999999,Moderate
10,10,6.3,88,29,33,12,47.6,1,2,1,3,70,-0.9,-0.056571428571428495,0.14014285714285715,Moderate
3,3,7.8,67,47,3,40,43.2,4,17,2,8,68,-1.9,0.5122539682539684,0.0992142857142859,Low
3,9,8.3,83,49,40,32,52.7,1,3,1,3,10,-0.6666666666666666,0.2308650793650795,-0.010785714285714336,Low
14,7,7.8,66,40,6,84,38.6,2,10,1,2,35,-1.8,-0.029190476190476128,-0.2312857142857142,Low
5,4,7.2,68,41,158,74,48.1,1,7,0,4,114,3.2666666666666666,0.213388888888889,0.453,Moderate
11,2,7.5,90,47,69,68,37.7,2,11,0,7,7,0.3,-0.05175396825396812,-0.019714285714285636,Moderate
4,4,6.7,66,29,25,34,43.3,2,0,1,20,34,-1.1666666666666667,-0.23038888888888903,-0.13600000000000012,Low
6,6,6.3,63,42,69,101,35.0,2,1,1,5,144,0.3,-0.4937301587301587,-0.1764285714285714,Low
9,5,5.8,58,49,141,30,35.0,5,6,1,11,91,2.7,-0.19404761904761902,0.23392857142857149,Moderate
5,5,8.0,75,55,31,42,40.7,2,6,1,3,8,-0.9666666666666667,-0.12421428571428558,-0.2550714285714285,Low
8,9,7.3,57,48,55,36,56.5,3,4,1,2,52,-0.16666666666666666,0.5753571428571429,0.34428571428571425,Moderate
3,4,7.9,74,51,123,168,58.2,2,4,1,12,69,2.1,0.7318571428571431,0.4602857142857142,High
5,0,6.5,89,63,80,14,42.9,6,6,1,14,58,0.6666666666666666,0.21034126984126983,0.19592857142857134,Low
6,1,6.2,90,25,57,40,43.1,3,3,0,2,44,-0.1,-0.05891269841269834,0.11121428571428571,Low
5,3,5.9,65,15,150,127,49.5,8,6,0,8,38,3.0,0.7662301587301588,0.6739285714285713,High
5,3,6.8,62,39,104,14,55.9,5,13,2,7,56,1.4666666666666666,0.9786746031746031,0.7934285714285715,Moderate
5,2,7.9,81,43,60,89,35.0,3,5,1,11,26,0.0,-0.29753968253968255,-0.3646428571428572,Low
6,6,5.6,72,30,106,66,43.1,3,3,2,9,94,1.5333333333333334,-0.03002380952380945,0.3387142857142858,Moderate
1,3,6.9,70,43,136,23,49.1,3,8,1,1,161,2.533333333333333,0.37076984126984136,0.5090714285714285,Moderate
2,4,7.4,71,42,175,29,50.5,2,8,4,19,78,3.8333333333333335,0.3737698412698413,0.5610714285714284,Moderate
8,7,6.2,77,54,80,87,41.1,4,1,0,3,22,0.6666666666666666,-0.10145238095238088,0.05157142857142855,Low
8,11,7.2,80,42,106,15,59.8,3,8,1,2,90,1.5333333333333334,0.8433809523809522,0.7025714285714284,High
7,5,8.2,99,35,47,88,60.0,2,12,0,8,93,-0.43333333333333335,1.0096825396825397,0.5003571428571431,Moderate
6,3,6.5,59,51,69,30,56.4,4,12,1,12,81,0.3,0.9165714285714286,0.7448571428571428,High
12,6,7.7,73,41,92,141,50.6,1,0,1,6,15,1.0666666666666667,0.15033333333333335,0.07549999999999997,Moderate
3,7,7.0,69,33,17,72,35.0,5,4,0,4,59,-1.4333333333333333,-0.21880952380952384,-0.3432142857142857,Low
17,21,7.8,77,70,104,74,61.4,3,10,1,8,15,1.4666666666666666,1.0523650793650794,0.6977142857142857,High
5,3,4.8,88,45,45,44,52.1,4,5,2,20,70,-0.5,0.48862698412698424,0.6533571428571429,Moderate
5,6,7.7,76,48,17,62,47.4,1,5,2,3,60,-1.4333333333333333,0.09712698412698409,-0.06514285714285722,Low
1,6,6.5,65,30,21,29,51.9,7,2,1,9,105,-1.3,0.5558174603174603,0.2041428571428571,Moderate
3,6,7.5,77,47,16,58,60.9,2,14,1,2,27,-1.4666666666666666,1.0882777777777777,0.6294999999999998,Low
6,6,7.7,76,68,148,180,55.3,1,8,0,12,149,2.933333333333333,0.6908809523809523,0.5850714285714285,High
5,8,8.1,84,41,62,107,46.3,4,8,1,4,11,0.06666666666666667,0.4047698412698411,0.03007142857142854,Low
7,2,7.6,86,39,33,26,51.4,5,6,0,6,77,-0.9,0.5395079365079365,0.14092857142857146,Low
6,3,6.6,73,48,50,180,48.2,4,4,0,17,116,-0.3333333333333333,0.42852380952380964,0.20528571428571446,Moderate
10,19,7.8,87,72,46,78,35.8,1,0,1,7,55,-0.4666666666666667,-0.5856666666666668,-0.501,High
7,12,7.3,73,44,69,38,61.2,2,6,1,8,28,0.3,0.7938412698412699,0.5774285714285714,High
9,2,6.8,77,62,180,26,58.5,3,20,0,5,22,4.0,1.2256746031746033,1.2614285714285716,High
7,3,7.4,68,64,37,52,58.7,3,7,1,16,62,-0.7666666666666667,0.7992777777777779,0.4335,Moderate
7,3,6.2,78,58,32,21,53.5,2,6,1,4,62,-0.9333333333333333,0.42845238095238103,0.44642857142857134,Low
5,4,6.8,60,42,14,76,65.1,4,1,0,20,34,-1.5333333333333334,0.9663253968253965,0.5015714285714283,Moderate
0,3,6.2,77,24,88,93,35.0,1,4,1,12,33,0.9333333333333333,-0.46214285714285713,-0.02571428571428576,Low
4,1,6.2,74,59,48,122,58.7,2,8,2,2,60,-0.4,0.8461031746031747,0.6995714285714286,Moderate
9,2,6.2,84,39,38,180,55.3,1,8,1,4,91,-0.7333333333333333,0.6908809523809523,0.5725714285714285,High
11,3,7.9,73,37,51,79,50.9,8,3,1,20,80,-0.3,0.6687539682539682,0.03271428571428562,Moderate
3,10,7.7,66,38,76,24,49.9,2,7,2,1,97,0.5333333333333333,0.3055,0.2144999999999999,Low
22,11,7.2,73,75,47,76,45.1,3,18,1,2,42,-0.43333333333333335,0.6068015873015874,0.3997857142857143,High
1,4,5.2,65,54,117,135,61.3,3,10,0,4,53,1.9,1.1156428571428572,1.1822142857142857,High
6,1,8.3,84,28,164,57,44.7,3,3,0,1,88,3.466666666666667,0.031976190476190616,0.05921428571428572,Moderate
7,3,7.2,70,40,82,42,43.8,1,7,1,4,64,0.7333333333333333,-0.015666666666666794,0.13399999999999987,Low
9,10,5.8,57,34,46,99,56.1,3,0,0,1,64,-0.4666666666666667,0.48450000000000004,0.4580000000000001,Moderate
3,4,5.9,71,46,79,24,41.0,5,5,0,1,3,0.6333333333333333,0.033571428571428585,0.21285714285714277,Low
4,12,8.8,75,46,53,36,38.2,2,9,1,17,26,-0.23333333333333334,-0.13623809523809513,-0.3293571428571429,Moderate
4,3,6.2,75,39,54,20,51.2,1,4,2,14,19,-0.2,0.18574603174603188,0.37528571428571433,Low
3,1,6.8,75,60,47,99,47.2,0,5,1,14,7,-0.43333333333333335,0.0625714285714287,0.16135714285714298,Low
4,5,6.6,79,51,12,54,43.9,3,17,0,8,85,-1.6,0.49264285714285705,0.35271428571428576,Low
10,8,8.0,65,45,8,37,54.4,2,15,1,9,25,-1.7333333333333334,0.8081587301587302,0.35557142857142854,Moderate
3,4,8.9,66,47,22,72,67.8,4,17,1,13,13,-1.2666666666666666,1.6548095238095237,0.6922142857142857,High
7,2,6.0,72,39,71,52,50.7,3,9,2,11,8,0.36666666666666664,0.5107063492063493,0.5806428571428571,Moderate
8,4,7.4,85,53,56,176,59.3,3,4,1,20,66,-0.13333333333333333,0.8569126984126985,0.41328571428571403,High
26,3,6.7,76,37,61,74,35.0,1,7,0,5,109,0.03333333333333333,-0.3761111111111111,-0.09500000000000003,Moderate
6,9,6.6,73,50,85,106,57.2,3,21,0,8,113,0.8333333333333334,1.2917777777777777,1.0485000000000002,High
7,7,6.8,71,62,22,112,48.6,4,11,1,2,36,-1.2666666666666666,0.6209682539682541,0.31228571428571433,Moderate
2,1,5.5,75,32,37,76,35.0,6,21,1,3,55,-0.7666666666666667,0.45944444444444443,0.45499999999999996,Low
11,2,7.1,92,43,79,81,49.1,3,7,0,5,55,0.6333333333333333,0.3995000000000001,0.30300000000000005,Moderate
2,11,6.7,85,31,73,39,54.0,4,10,1,6,106,0.43333333333333335,0.7471428571428571,0.5907142857142856,High
19,2,6.1,72,54,8,30,44.7,4,3,0,3,38,-1.7333333333333334,0.06864285714285727,0.05421428571428588,Low
12,5,5.5,73,36,100,75,63.2,4,5,0,12,118,1.3333333333333333,1.022571428571429,1.0013571428571428,High
7,7,6.6,78,19,92,83,47.7,3,1,2,20,40,1.0666666666666667,0.1244365079365081,0.20957142857142874,Moderate
9,8,6.8,74,43,39,65,42.0,7,1,1,12,180,-0.7,0.11460317460317464,-0.1289285714285714,Low
3,5,7.6,77,26,84,27,35.0,4,4,3,13,173,0.8,-0.3354761904761905,-0.28071428571428564,Moderate
7,6,6.7,71,28,49,28,57.1,2,6,2,19,62,-0.36666666666666664,0.5982301587301588,0.5094285714285715,Moderate
15,9,6.7,81,48,109,42,49.3,1,9,0,8,60,1.6333333333333333,0.3032619047619046,0.5111428571428571,High
9,3,6.8,87,23,108,26,50.3,7,21,1,11,101,1.6,1.1590555555555555,0.864,High
13,8,7.9,67,41,24,48,40.7,4,3,1,3,85,-1.2,-0.09135714285714272,-0.34078571428571425,Low
10,16,7.1,73,43,40,41,43.1,1,6,2,3,51,-0.6666666666666666,-0.08399206349206342,-0.003071428571428454,Moderate
4,7,5.4,66,12,68,147,45.2,0,15,0,2,26,0.26666666666666666,0.3830476190476192,0.6845714285714285,Moderate
6,6,7.4,64,43,11,55,37.6,6,2,0,6,134,-1.6333333333333333,-0.12546031746031738,-0.4073571428571429,Low
11,5,6.3,88,31,75,142,45.5,2,3,2,5,59,0.5,0.09575396825396827,0.21071428571428577,High
12,10,7.8,71,51,119,57,35.7,1,9,0,10,59,1.9666666666666666,-0.2920714285714285,-0.06435714285714278,Moderate
17,1,7.8,65,44,72,25,37.6,3,8,1,11,126,0.4,-0.14450793650793645,-0.15342857142857133,Moderate
5,6,9.0,72,42,48,69,48.8,0,1,0,9,34,-0.4,-0.041619047619047764,-0.2874285714285715,Low
9,7,5.7,68,51,67,80,43.9,4,3,1,5,23,0.23333333333333334,0.08819841269841262,0.24771428571428564,Moderate
5,7,6.0,70,54,34,13,39.7,3,3,0,16,150,-0.8666666666666667,-0.24191269841269827,-0.01328571428571422,Low
2,2,6.0,93,33,114,41,47.8,1,6,0,9,10,1.8,0.12750793650793638,0.5154285714285713,Moderate
4,15,6.0,72,28,180,107,41.4,4,9,1,13,52,4.0,0.21998412698412692,0.5741428571428571,High
15,2,9.0,68,45,111,49,64.3,3,1,1,9,39,1.7,0.83365873015873,0.33507142857142846,High
5,6,7.2,75,40,36,56,48.2,2,8,0,4,62,-0.8,0.3002698412698414,0.17957142857142863,Low
4,1,7.5,62,55,93,103,43.8,2,3,1,11,9,1.1,-0.024079365079365197,-0.005285714285714366,Low
1,5,8.6,78,39,21,31,59.6,3,15,2,7,40,-1.3,1.1021587301587301,0.43907142857142867,Moderate
6,11,7.9,74,35,141,89,49.2,6,5,1,10,60,2.7,0.5414603174603176,0.2638571428571429,Moderate
3,7,6.6,61,49,78,19,51.1,3,7,0,3,171,0.6,0.42061111111111116,0.44800000000000006,Low
7,6,5.1,65,51,47,54,61.7,2,3,2,6,106,-0.43333333333333335,0.7269761904761907,0.8367142857142859,High
6,5,5.9,70,25,90,47,36.5,7,2,2,10,11,1.0,-0.1171825396825397,0.019642857142857045,Moderate
12,6,6.8,73,44,19,128,49.2,6,21,1,4,28,-1.3666666666666667,1.1562222222222223,0.6085,High
11,4,7.8,74,41,41,171,46.8,1,7,0,20,61,-0.6333333333333333,0.26266666666666655,0.016499999999999952,Moderate
6,6,5.1,67,34,166,89,47.3,6,7,2,13,37,3.533333333333333,0.5273888888888889,0.8164999999999998,Moderate
4,5,6.3,67,50,126,70,50.0,5,3,0,3,46,2.2,0.4182539682539683,0.4732142857142857,Moderate
5,2,9.0,71,36,121,165,36.5,1,10,0,6,75,2.033333333333333,-0.10035714285714284,-0.21678571428571422,Moderate
8,5,7.1,55,52,76,29,51.2,6,3,0,3,109,0.5333333333333333,0.4933650793650796,0.24421428571428586,Low
13,13,5.9,78,36,76,51,60.6,2,1,1,6,92,0.5333333333333333,0.6027142857142858,0.6790714285714285,High
11,8,6.2,65,37,58,180,61.3,6,2,0,19,171,-0.06666666666666667,1.0799285714285716,0.631142857142857,High
11,14,5.7,71,54,180,119,42.0,3,12,0,1,168,4.0,0.3007936507936508,0.7303571428571429,High
4,8,5.2,82,71,180,39,39.9,3,5,0,6,17,4.0,-0.13259523809523815,0.5548571428571427,Moderate
5,3,7.2,75,44,53,139,48.6,2,9,1,2,53,-0.23333333333333334,0.44620634920634933,0.2626428571428571,Low
2,11,6.0,79,62,102,180,36.3,3,6,2,2,56,1.4,-0.10221428571428584,0.14042857142857135,Moderate
5,4,6.8,73,56,53,85,60.1,0,5,1,7,66,-0.23333333333333334,0.6275158730158732,0.563357142857143,Moderate
1,13,6.7,80,53,57,82,57.6,2,5,2,2,11,-0.1,0.6450158730158733,0.5158571428571429,Moderate
2,10,8.1,55,50,73,98,45.0,5,6,0,2,39,0.43333333333333335,0.33150793650793653,-0.03857142857142849,Low
4,8,6.5,84,50,14,30,48.6,5,7,1,6,47,-1.5333333333333334,0.4536666666666668,0.23050000000000004,Low
13,1,5.3,80,47,180,21,44.5,5,8,1,9,66,4.0,0.29488095238095235,0.7610714285714286,Moderate
2,7,6.1,70,58,57,81,60.3,3,3,1,19,25,-0.1,0.7606428571428572,0.6447142857142857,High
6,3,5.5,67,46,36,36,35.0,2,6,0,9,23,-0.8,-0.3873809523809524,0.023928571428571396,Low
6,10,6.4,73,56,68,125,46.0,4,3,1,3,20,0.26666666666666666,0.2326984126984127,0.19071428571428564,Moderate
21,11,7.1,62,53,18,43,41.8,2,9,0,17,51,-1.4,0.03353968253968241,-0.011357142857142885,High
21,7,8.3,81,72,98,180,36.1,3,4,1,9,154,1.2666666666666666,-0.18264285714285708,-0.3352142857142858,High
6,8,6.6,78,47,103,164,54.4,2,8,1,15,76,1.4333333333333333,0.6992698412698413,0.6380714285714286,High
9,5,8.1,75,32,29,64,58.3,3,3,2,4,32,-1.0333333333333334,0.6517539682539683,0.16471428571428565,Moderate
2,7,8.1,77,59,34,100,46.8,3,2,1,11,42,-0.8666666666666667,0.1385396825396824,-0.1963571428571429,Low
4,3,6.5,67,40,3,70,36.6,8,11,1,9,106,-1.9,0.30096825396825405,-0.04271428571428566,Low
19,9,6.2,76,26,27,25,62.1,2,6,1,12,165,-1.1,0.8198968253968255,0.6919285714285713,High
3,3,5.7,55,55,180,57,55.7,2,13,1,9,83,4.0,0.8174523809523812,1.1699285714285714,High
4,10,6.8,71,45,39,112,56.1,2,11,1,10,88,-0.7,0.8251349206349208,0.5797857142857143,High
4,4,8.5,63,52,45,78,47.6,5,2,2,7,37,-0.5,0.2834285714285715,-0.2148571428571428,Low
18,7,7.8,74,48,148,37,42.2,2,7,1,13,118,2.933333333333333,-0.02655555555555543,0.1460000000000001,Moderate
12,5,7.1,86,18,111,130,50.5,2,4,1,11,142,1.7,0.3431349206349207,0.3392857142857143,High
3,1,7.0,74,41,74,131,46.1,0,4,3,7,29,0.4666666666666667,0.012912698412698487,0.1322857142857143,Low
3,6,6.9,71,45,105,48,48.0,10,0,0,8,46,1.5,0.5300000000000001,0.16999999999999993,Moderate
7,1,5.7,70,41,31,81,41.5,2,5,0,7,18,-0.9666666666666667,-0.08059523809523808,0.14285714285714285,Low
3,2,6.0,90,52,65,20,42.8,3,8,0,8,61,0.16666666666666666,0.08393650793650781,0.3000714285714285,Moderate
4,1,7.3,62,40,72,6,49.6,4,9,0,3,64,0.4,0.4767619047619049,0.32264285714285723,Low
1,15,6.4,71,47,24,8,49.5,4,12,1,19,34,-1.2,0.5816269841269841,0.44285714285714284,Moderate
19,5,6.9,82,32,121,139,53.8,1,13,0,12,65,2.033333333333333,0.7563968253968253,0.7554285714285712,High
3,1,7.4,75,65,65,114,47.0,1,11,1,20,138,0.16666666666666666,0.3511904761904762,0.26678571428571424,Moderate
3,2,7.2,70,37,34,118,53.7,1,5,1,3,36,-0.8666666666666667,0.44284920634920655,0.2538571428571429,Low
21,3,8.3,72,52,71,99,59.9,1,6,1,5,82,0.36666666666666664,0.736452380952381,0.3684285714285711,High
17,5,6.1,80,51,6,59,56.3,3,20,0,14,71,-1.8,1.1633412698412697,0.8829285714285715,High
2,5,5.0,73,35,81,70,56.8,5,5,1,11,101,0.7,0.7956825396825395,0.8493571428571427,Moderate
3,8,7.3,64,59,7,92,50.8,4,7,0,1,98,-1.7666666666666666,0.5548888888888888,0.13899999999999998,Low
3,7,6.7,90,49,58,16,55.3,5,4,0,3,124,-0.06666666666666667,0.6324682539682539,0.4207857142857141,Moderate
10,5,7.4,70,27,44,16,50.7,1,2,1,3,135,-0.5333333333333333,0.08737301587301605,0.06814285714285712,Moderate
16,10,6.7,74,46,107,10,49.8,5,5,1,7,27,1.5666666666666667,0.41401587301587295,0.40685714285714275,High
4,6,8.0,65,25,29,60,47.6,0,9,0,10,11,-1.0333333333333334,0.18009523809523817,0.03264285714285718,Low
5,11,7.9,77,16,22,89,52.6,3,2,1,8,28,-1.2666666666666666,0.38731746031746045,-0.017357142857142863,Moderate
1,3,6.6,64,43,29,17,53.1,3,2,0,7,90,-1.0333333333333334,0.3298174603174603,0.24264285714285716,Low
7,7,6.8,86,46,36,59,40.5,3,7,2,8,52,-0.8,-0.011944444444444442,-0.009999999999999967,Low
9,3,5.2,84,55,26,34,39.2,5,1,0,8,79,-1.1333333333333333,-0.17917460317460304,0.034571428571428614,Low
6,6,7.2,76,39,103,42,42.4,1,8,1,10,31,1.4333333333333333,-0.04295238095238103,0.1730714285714285,Low
6,2,8.3,69,44,81,83,57.5,5,13,0,6,124,0.7,1.1273412698412697,0.5214285714285714,Moderate
9,2,7.7,73,35,41,31,56.0,5,3,2,6,93,-0.6333333333333333,0.6449206349206349,0.19571428571428567,Moderate
4,4,7.5,75,48,109,76,57.1,6,9,0,2,57,1.6333333333333333,1.0253730158730159,0.6051428571428572,Moderate
3,4,7.4,77,35,57,6,39.3,4,15,2,9,32,-0.1,0.2275476190476189,0.1300714285714284,Low
11,3,7.6,65,41,42,127,42.5,4,7,2,8,31,-0.6,0.2202777777777778,-0.07499999999999993,Moderate
2,7,6.6,97,38,18,29,39.4,9,11,0,9,80,-1.4,0.448079365079365,0.06128571428571432,Low
1,6,5.9,82,27,128,9,35.0,2,3,2,10,52,2.2666666666666666,-0.5245238095238095,0.09821428571428563,Moderate
6,8,8.4,74,15,159,133,47.4,2,19,1,11,140,3.3,0.7426825396825397,0.5673571428571427,High
7,4,7.0,63,26,62,56,50.0,6,1,2,7,110,0.06666666666666667,0.3979365079365079,0.13357142857142856,Moderate
7,9,6.7,84,18,54,64,40.3,3,3,2,7,25,-0.2,-0.15824603174603186,-0.06778571428571441,Moderate
1,10,6.9,74,62,68,67,35.0,3,6,1,4,180,0.26666666666666666,-0.2862698412698413,-0.14107142857142865,Low
4,3,6.6,60,46,87,26,51.0,2,10,2,7,157,0.9,0.4643650793650794,0.5532142857142858,Moderate
4,5,7.5,63,43,36,29,52.0,2,2,2,5,90,-0.8,0.226984126984127,0.06964285714285709,Low
11,9,5.8,76,51,88,21,39.8,0,3,0,6,66,0.9333333333333333,-0.42852380952380964,0.15971428571428564,Moderate
12,3,7.0,69,33,12,51,37.6,7,9,0,3,51,-1.6,0.18676190476190482,-0.13485714285714281,Low
3,1,7.0,88,45,55,31,47.6,2,8,3,9,24,-0.16666666666666666,0.24549206349206357,0.2440714285714286,Low
6,1,6.6,63,38,68,23,35.1,3,3,1,20,29,0.26666666666666666,-0.43780158730158725,-0.17128571428571418,Low
2,6,7.9,82,44,17,35,37.8,2,4,1,18,64,-1.4333333333333333,-0.33392063492063506,-0.41671428571428587,Low
5,4,7.9,75,53,71,67,43.5,2,4,0,4,69,0.36666666666666664,-0.041865079365079355,-0.11071428571428579,Low
27,4,5.5,67,49,37,37,43.1,4,20,2,4,29,-0.7666666666666667,0.6115634920634921,0.6694285714285714,High
2,4,8.0,72,47,88,128,43.1,2,11,0,10,80,0.9333333333333333,0.2579126984126985,0.10228571428571433,Moderate
5,8,6.7,72,50,17,75,40.7,8,5,1,16,92,-1.4333333333333333,0.2767380952380954,-0.09114285714285708,Low
5,4,6.1,58,27,43,11,45.5,4,2,0,5,23,-0.5666666666666667,0.04781746031746034,0.13714285714285718,Low
6,8,6.7,68,43,153,79,48.9,6,13,0,9,165,3.1,0.8025634920634921,0.7234285714285713,High
9,7,6.8,77,32,43,63,42.7,2,16,0,5,72,-0.5666666666666667,0.3462619047619049,0.3306428571428573,Moderate
6,9,6.8,87,57,42,105,57.2,4,5,1,7,92,-0.6,0.7859047619047621,0.4488571428571429,Moderate
2,3,7.8,83,38,21,28,55.2,3,3,0,6,63,-1.3,0.4722539682539685,0.10421428571428584,Low
10,4,6.5,63,58,51,100,50.1,2,5,2,8,14,-0.3,0.3275158730158732,0.3108571428571429,Low
7,1,6.9,74,28,180,69,44.8,4,12,1,14,166,4.0,0.4379047619047618,0.6043571428571427,High
2,1,6.8,72,32,116,22,46.0,8,17,1,8,33,1.8666666666666667,0.8849206349206349,0.6407142857142858,Moderate
5,11,6.1,57,51,126,68,60.3,4,5,0,7,68,2.2,0.8842936507936507,0.8743571428571428,High
11,16,5.4,80,32,149,53,52.5,3,3,1,3,77,2.966666666666667,0.37853174603174605,0.7632142857142856,High
2,7,6.7,57,46,64,56,53.4,3,10,0,7,24,0.13333333333333333,0.6723650793650793,0.5502142857142857,Moderate
8,6,6.4,70,33,94,34,43.0,7,9,0,9,146,1.1333333333333333,0.4108730158730159,0.3371428571428571,Low
8,1,6.6,80,43,66,37,49.9,4,7,1,5,48,0.2,0.4532777777777778,0.382,Low
2,7,6.3,97,41,50,70,50.8,3,7,1,3,84,-0.3333333333333333,0.4637777777777776,0.4214999999999999,Low
4,2,5.8,90,36,57,35,46.9,2,7,0,1,9,-0.1,0.18272222222222217,0.4094999999999999,Low
3,1,7.4,72,55,16,59,54.4,5,2,0,14,56,-1.4666666666666666,0.5683174603174603,0.10914285714285707,Moderate
11,6,6.4,74,55,120,84,46.8,1,2,3,19,58,2.0,-0.012571428571428692,0.31614285714285695,Moderate
1,13,7.8,75,50,69,38,56.3,2,4,0,5,11,0.3,0.5019126984126983,0.28578571428571425,Moderate
7,9,5.6,66,33,77,25,43.8,4,9,0,19,131,0.5666666666666667,0.23687301587301574,0.45864285714285713,Moderate
8,2,6.1,73,41,103,48,37.9,3,5,1,3,74,1.4333333333333333,-0.21259523809523814,0.14485714285714288,Low
2,3,7.6,75,24,55,20,43.2,5,2,0,5,180,-0.16666666666666666,0.020984126984127077,-0.16435714285714273,Low
12,12,5.3,65,24,77,42,37.8,3,8,0,4,99,0.5666666666666667,-0.11661904761904776,0.30257142857142844,Moderate
5,12,7.3,78,41,31,83,51.0,9,20,2,16,100,-0.9666666666666667,1.3515079365079365,0.5764285714285715,High
3,2,6.3,67,40,19,90,41.9,3,5,1,7,63,-1.3666666666666667,0.014071428571428513,0.019857142857142865,Low
6,5,6.3,69,29,88,57,37.2,5,14,0,2,32,0.9333333333333333,0.2206666666666668,0.3085000000000001,Moderate
6,5,7.6,69,30,94,24,52.9,2,6,0,10,39,1.1333333333333333,0.4047857142857142,0.3384285714285714,Moderate
12,12,7.2,71,47,31,44,39.6,4,16,0,19,25,-0.9666666666666667,0.3189841269841271,0.13764285714285718,Moderate
9,5,7.2,77,45,22,24,50.5,2,15,1,6,135,-1.2666666666666666,0.6182142857142857,0.4135714285714286,Low
4,3,8.3,73,30,31,61,40.7,5,2,0,3,55,-0.9666666666666667,-0.04596031746031733,-0.42185714285714293,Low
10,6,6.3,74,70,11,56,53.4,1,13,1,10,129,-1.6333333333333333,0.6461746031746032,0.5734285714285714,High
4,6,4.7,68,53,57,43,55.9,0,6,2,4,44,-0.1,0.4275634920634919,0.8434285714285714,Moderate
9,2,7.9,80,25,30,128,50.7,2,4,1,6,85,-1.0,0.34991269841269856,0.002785714285714294,Moderate
7,5,5.3,77,33,35,26,50.2,2,4,1,7,156,-0.8333333333333334,0.2140793650793652,0.4552857142857143,Moderate
14,5,7.3,77,58,11,25,37.7,5,19,2,1,21,-1.6333333333333333,0.38618253968253974,0.09885714285714298,Moderate
4,3,6.4,56,46,41,75,42.5,5,6,1,1,180,-0.6333333333333333,0.193452380952381,0.10392857142857137,Low
8,4,6.4,79,34,40,66,53.1,5,5,0,8,83,-0.6666666666666666,0.6247380952380953,0.3908571428571428,Low
5,8,6.3,71,48,77,84,60.5,5,4,1,2,38,0.5666666666666667,0.9420238095238096,0.6942857142857142,Moderate
4,11,5.5,96,39,78,57,57.2,5,9,0,5,70,0.6,0.9420952380952382,0.8806428571428572,High
7,4,6.8,73,67,25,20,50.7,1,5,0,8,78,-1.1666666666666667,0.19896031746031767,0.2113571428571429,Low
3,4,6.7,82,40,113,93,47.5,3,16,1,11,29,1.7666666666666666,0.6622619047619048,0.6671428571428571,Low
9,5,6.0,85,51,3,27,44.7,3,3,3,3,138,-1.9,-0.0013571428571427097,0.0592142857142858,Low
3,11,8.4,83,29,36,87,47.6,3,18,2,3,151,-0.8,0.7315238095238096,0.23728571428571427,High
14,12,7.5,74,38,34,100,55.6,3,2,1,2,115,-0.8666666666666667,0.5345396825396825,0.17264285714285707,High
9,9,6.7,72,32,57,86,56.6,4,16,3,11,4,-0.1,1.1306507936507937,0.8001428571428572,High
11,5,9.0,80,48,116,52,43.4,3,5,2,5,41,1.8666666666666667,0.039349206349206294,-0.16514285714285717,Moderate
2,11,6.9,78,47,68,40,51.0,1,8,0,20,52,0.26666666666666666,0.3418253968253968,0.3960714285714286,Moderate
7,6,6.4,90,46,33,67,54.6,5,3,0,6,168,-0.9,0.621920634920635,0.36121428571428565,Moderate
1,3,6.7,71,21,82,44,36.2,3,15,1,3,51,0.7333333333333333,0.06360317460317472,0.22207142857142861,Moderate
2,6,5.5,87,36,127,99,55.5,4,12,1,3,138,2.2333333333333334,0.9527380952380953,1.0378571428571428,High
18,6,6.1,78,45,69,93,43.8,4,5,1,5,89,0.3,0.16957142857142843,0.23685714285714282,Moderate
4,1,6.0,60,12,73,71,42.7,2,13,2,2,85,0.43333333333333335,0.24800793650793665,0.45992857142857146,Moderate
16,3,6.4,68,32,53,99,42.5,3,4,0,4,100,-0.23333333333333334,0.015357142857142868,0.07678571428571422,Moderate
2,3,5.8,72,41,130,90,53.8,3,2,0,4,13,2.3333333333333335,0.4424285714285713,0.656142857142857,Moderate
2,10,5.8,73,36,27,26,47.6,4,3,2,4,44,-1.1,0.19469841269841276,0.24121428571428577,Low
2,8,5.9,66,45,75,74,50.3,3,2,0,5,28,0.5,0.2671507936507935,0.3961428571428569,Moderate
10,8,6.1,59,20,143,32,46.1,3,7,0,6,130,2.7666666666666666,0.2100555555555556,0.548,High
8,1,6.5,88,52,109,31,35.0,6,7,2,2,54,1.6333333333333333,-0.09055555555555556,0.06,Low
4,8,6.2,79,58,101,23,40.0,5,5,1,15,79,1.3666666666666667,-0.012539682539682545,0.18535714285714283,Moderate
3,3,7.5,66,35,151,23,50.1,1,8,0,7,7,3.033333333333333,0.2824365079365081,0.47157142857142864,Moderate
12,0,5.5,82,43,57,59,59.6,6,4,0,12,42,-0.1,0.9404126984126986,0.7572857142857143,High
5,6,6.2,74,57,47,42,45.3,3,19,1,0,13,-0.43333333333333335,0.6137380952380951,0.6093571428571427,Low
3,14,7.2,73,37,113,41,42.9,7,8,0,6,70,1.7666666666666666,0.37843650793650785,0.21307142857142847,Moderate
7,9,6.9,77,58,28,41,40.0,7,3,1,2,43,-1.0666666666666667,0.06936507936507938,-0.17678571428571435,Low
3,5,7.3,74,46,119,26,43.1,1,12,1,6,41,1.9666666666666666,0.1136269841269842,0.33085714285714296,Low
10,1,7.0,81,40,94,56,53.3,2,2,0,2,50,1.1333333333333333,0.31548412698412676,0.34114285714285697,Low
6,14,6.1,74,27,42,39,53.2,5,0,0,19,88,-0.6,0.42066666666666686,0.3085000000000001,High
1,7,7.0,85,26,157,8,41.3,6,5,1,6,57,3.2333333333333334,0.09596031746031736,0.22435714285714276,Low
3,12,7.4,78,45,19,114,43.1,3,10,0,7,12,-1.3666666666666667,0.2733095238095239,0.0062142857142857,Low
5,7,8.6,79,46,53,41,44.0,2,1,1,8,68,-0.23333333333333334,-0.15539682539682537,-0.34892857142857137,Low
1,8,7.5,75,42,180,62,53.5,3,7,0,14,47,4.0,0.576388888888889,0.6174999999999999,Low
3,2,7.3,56,51,48,77,35.3,1,1,1,4,154,-0.4,-0.5735634920634922,-0.3949285714285715,Low
3,3,6.7,68,63,73,47,52.6,2,10,2,2,50,0.43333333333333335,0.5596984126984128,0.5487142857142857,Moderate
9,9,6.3,79,37,8,63,47.7,0,9,1,3,46,-1.7333333333333334,0.18792857142857156,0.28064285714285725,Low
4,2,5.7,73,59,73,153,54.1,1,10,1,10,180,0.43333333333333335,0.6783095238095238,0.7687142857142857,Moderate
7,16,7.0,81,29,68,114,52.6,2,9,4,12,23,0.26666666666666666,0.5984285714285715,0.45514285714285724,High
1,9,7.0,70,36,180,41,62.4,3,2,0,16,106,4.0,0.774984126984127,0.829142857142857,High
11,5,6.4,65,66,80,115,67.0,1,2,0,20,26,0.6666666666666666,0.930873015873016,0.8221428571428572,High
19,2,6.6,74,66,71,77,52.0,2,11,0,10,39,0.36666666666666664,0.6017460317460317,0.5717857142857143,Moderate
6,2,7.3,80,36,87,69,53.7,2,4,0,10,130,0.9,0.41935714285714304,0.3402857142857144,Moderate
16,9,7.1,80,41,35,95,55.3,6,21,1,2,41,-0.8333333333333334,1.3940555555555554,0.7789999999999999,High
5,4,7.9,69,34,80,67,40.7,4,8,0,5,180,0.6666666666666666,0.10832539682539694,-0.05792857142857142,Moderate
7,7,6.7,72,48,121,76,55.7,5,2,1,14,68,2.033333333333333,0.6457063492063493,0.5331428571428571,High
10,2,7.7,58,46,91,82,65.5,3,7,2,3,80,1.0333333333333334,1.138611111111111,0.7199999999999999,High
12,2,8.7,73,49,89,50,49.6,5,4,0,5,29,0.9666666666666667,0.41374603174603186,-0.022714285714285562,Moderate
6,3,7.2,63,35,63,67,41.3,3,2,1,0,60,0.1,-0.14562698412698424,-0.13135714285714298,Low
11,4,8.3,81,42,47,54,48.3,5,6,1,7,135,-0.43333333333333335,0.4311190476190475,-0.03957142857142877,Moderate
14,9,6.4,57,53,8,87,46.6,2,8,1,20,66,-1.7333333333333334,0.2627142857142858,0.2015714285714285,Moderate
1,4,5.6,79,58,48,79,58.3,8,1,0,5,51,-0.4,0.9303253968253966,0.5925714285714283,Moderate
1,7,9.0,89,45,118,73,52.3,2,13,0,2,42,1.9333333333333333,0.6822301587301587,0.3354285714285714,Moderate
4,2,5.9,87,49,27,48,42.0,3,11,0,19,66,-1.1,0.1861904761904762,0.2842857142857142,Moderate
2,11,7.0,82,35,115,87,54.4,3,3,1,6,33,1.8333333333333333,0.5018095238095238,0.4552142857142857,Moderate
5,2,6.4,82,22,37,40,45.8,3,18,1,12,130,-0.7666666666666667,0.5983015873015871,0.5357857142857141,Low
9,3,7.8,100,42,110,29,49.8,2,12,1,6,86,1.6666666666666667,0.485126984126984,0.4218571428571428,High
5,9,7.3,72,51,79,141,36.9,4,4,0,4,71,0.6333333333333333,-0.12330952380952387,-0.18371428571428575,Low
6,2,6.9,65,43,66,68,36.5,8,6,0,8,52,0.2,0.1156746031746032,-0.10107142857142863,Low
3,1,7.1,70,57,55,58,50.7,2,6,1,7,180,-0.16666666666666666,0.34356349206349224,0.2624285714285715,Moderate
7,4,6.4,87,27,78,136,45.3,2,13,2,6,99,0.6,0.4372301587301586,0.4804285714285712,Moderate
5,10,6.1,57,66,126,58,51.8,5,14,1,9,20,2.2,0.8787777777777777,0.8765000000000001,High
6,4,5.7,91,52,33,67,50.7,0,7,0,8,64,-0.9,0.2559444444444446,0.481,Moderate
21,5,6.9,57,54,85,102,50.7,2,5,1,7,41,0.8333333333333334,0.3567380952380954,0.34385714285714286,Moderate
7,1,8.5,78,58,38,54,50.2,5,6,2,6,10,-0.7333333333333333,0.5166190476190478,-0.040071428571428466,Low
6,5,6.8,84,40,30,40,44.8,4,6,1,19,45,-1.0,0.19139682539682526,0.07542857142857136,Low
6,8,7.7,88,31,138,90,59.0,3,9,3,11,102,2.6,0.9264285714285714,0.699642857142857,High
1,18,7.1,74,28,106,95,63.7,1,1,1,8,89,1.5333333333333334,0.7244365079365079,0.6370714285714285,High
6,5,5.7,80,51,51,103,46.0,3,2,2,6,53,-0.3,0.10587301587301588,0.24214285714285708,Moderate
9,10,5.5,85,39,51,83,62.2,4,21,0,7,16,-0.3,1.5578888888888889,1.306,High
17,7,8.7,70,45,43,18,48.1,4,12,0,7,16,-0.5666666666666667,0.5297380952380952,0.045857142857143054,Moderate
6,5,8.5,68,35,177,32,50.0,1,19,0,1,102,3.9,0.6807936507936508,0.6728571428571428,High
10,4,6.6,72,59,34,49,38.4,2,1,1,8,26,-0.8666666666666667,-0.3985079365079366,-0.2144285714285714,Low
5,13,7.3,72,56,87,47,62.8,3,11,4,12,31,0.9,1.1210793650793651,0.8132857142857143,High
14,3,7.7,75,39,95,3,39.9,3,13,1,7,54,1.1666666666666667,0.11311904761904754,0.1334285714285714,Moderate
8,15,7.4,83,50,71,89,35.0,4,3,2,14,87,0.36666666666666664,-0.3023015873015873,-0.30678571428571433,Low
7,16,5.2,69,51,68,121,50.7,4,2,1,7,54,0.26666666666666666,0.40403968253968264,0.5131428571428571,Moderate
7,4,8.8,72,49,17,78,52.8,2,17,1,7,133,-1.4333333333333333,0.8531428571428571,0.2472142857142856,Moderate
2,3,6.8,78,46,31,22,55.8,3,3,0,6,136,-0.9666666666666667,0.4925873015873015,0.3222142857142856,Low
6,7,7.9,75,29,85,36,54.0,1,4,0,7,50,0.8333333333333334,0.32952380952380955,0.23928571428571424,High
13,4,5.7,60,65,145,79,50.0,2,4,0,11,180,2.8333333333333335,0.26396825396825396,0.6542857142857142,High
3,8,5.4,82,19,132,21,54.0,4,6,0,3,62,2.4,0.5842857142857143,0.8514285714285714,High
6,2,6.5,77,29,3,54,52.5,3,3,2,17,112,-1.9,0.37964285714285717,0.20571428571428577,Moderate
8,10,7.5,71,19,50,14,48.9,0,3,0,8,31,-0.3333333333333333,-0.02680158730158734,0.04021428571428569,Moderate
7,5,5.8,87,38,34,124,54.8,4,5,0,6,73,-0.8666666666666667,0.699015873015873,0.5318571428571428,Moderate
14,9,6.6,75,51,75,73,62.9,5,5,1,3,14,0.5,1.073515873015873,0.7373571428571428,High
10,13,6.1,74,37,180,44,67.7,4,7,0,8,15,4.0,1.2620555555555557,1.2885000000000002,High
2,12,6.7,61,55,119,24,55.4,8,6,1,2,108,1.9666666666666666,0.9172857142857143,0.6334285714285712,High
5,14,8.0,79,44,112,132,48.2,1,11,2,18,89,1.7333333333333334,0.4251904761904764,0.3152857142857144,High
16,3,6.3,58,43,156,67,51.1,6,6,0,7,34,3.2,0.6382301587301588,0.6669285714285714,High
6,2,7.4,66,59,32,102,37.7,3,7,1,3,54,-0.9333333333333333,-0.09016666666666653,-0.20899999999999996,Low
5,3,5.6,73,44,35,81,46.5,0,5,0,10,16,-0.8333333333333334,0.0110714285714286,0.3203571428571429,Low
2,12,6.7,64,46,85,72,42.7,5,5,0,6,131,0.8333333333333334,0.16340476190476205,0.13885714285714293,Low
8,12,5.5,66,34,33,179,64.4,1,1,1,3,65,-0.9,0.8492698412698416,0.7555714285714287,High
7,12,7.1,58,49,80,16,42.3,8,16,2,4,180,0.6666666666666666,0.6760396825396825,0.35864285714285715,High
8,3,6.5,70,49,39,52,55.6,2,7,0,8,28,-0.7,0.5931111111111111,0.503,Moderate
2,5,7.6,66,42,103,55,51.0,2,2,1,4,14,1.4333333333333333,0.21087301587301593,0.18964285714285722,Moderate
2,6,7.3,80,72,52,180,48.2,3,7,0,4,180,-0.26666666666666666,0.4690000000000002,0.17350000000000013,Low
2,2,7.7,82,21,16,73,49.5,4,4,2,4,30,-1.4666666666666666,0.3681349206349206,-0.03321428571428575,Low
8,4,6.8,73,50,47,25,49.9,1,4,0,16,43,-0.43333333333333335,0.1328015873015872,0.21378571428571425,Low
4,8,7.2,92,44,123,21,52.8,3,5,0,7,28,2.1,0.4279047619047619,0.4493571428571428,High
5,4,6.6,70,42,34,14,48.6,3,13,2,4,23,-0.8666666666666667,0.5168412698412699,0.4344285714285715,Moderate
7,5,6.5,74,13,81,79,51.3,4,1,0,2,78,0.7,0.34865873015872995,0.30757142857142844,Moderate
4,3,6.5,63,31,66,91,56.6,2,4,0,3,174,0.2,0.5743015873015874,0.5147857142857143,Moderate
8,13,7.1,74,42,120,115,46.2,4,8,1,6,44,2.0,0.4091587301587303,0.3470714285714287,High
11,3,8.0,67,33,7,46,50.3,5,1,3,8,92,-1.7666666666666666,0.33365873015873004,-0.16992857142857146,Low
10,0,7.5,85,38,37,10,44.1,3,8,0,10,99,-0.7666666666666667,0.1313253968253969,0.00657142857142861,Low
3,3,6.4,67,60,121,34,48.0,1,4,3,9,37,2.033333333333333,0.057301587301587346,0.4117857142857142,Low
9,2,7.9,76,34,170,77,60.2,2,5,0,20,43,3.6666666666666665,0.7564603174603177,0.6663571428571429,High
2,4,7.7,76,33,101,143,55.2,2,7,0,6,62,1.3666666666666667,0.6762222222222224,0.436,Moderate
4,1,7.7,84,37,76,74,59.1,4,4,1,19,134,0.5333333333333333,0.8012460317460318,0.40478571428571425,Moderate
5,2,7.8,72,49,48,82,43.8,2,14,3,2,88,-0.4,0.34544444444444433,0.14399999999999996,Low
8,7,6.1,76,54,41,54,49.0,2,2,1,13,18,-0.6333333333333333,0.11976190476190479,0.2371428571428572,Low
8,1,5.9,71,55,11,30,35.0,0,4,1,6,145,-1.6333333333333333,-0.5988095238095238,-0.1657142857142858,Low
13,8,7.4,62,27,63,25,47.4,4,0,2,12,30,0.1,0.07744444444444439,-0.040500000000000126,Moderate
9,0,5.1,78,21,104,156,54.1,3,10,0,1,25,1.4666666666666666,0.8149761904761905,0.9512142857142858,High
1,2,5.8,61,51,75,78,45.3,2,15,3,4,171,0.5,0.4442142857142856,0.6350714285714284,Moderate
23,8,7.1,68,30,49,4,45.0,2,21,0,2,13,-0.36666666666666664,0.5627777777777778,0.5050000000000001,High
10,9,9.0,78,35,98,46,38.3,2,4,2,5,80,1.2666666666666666,-0.2991984126984128,-0.3917142857142858,Moderate
3,4,5.8,68,49,90,56,46.2,2,21,0,14,75,1.0,0.6745555555555557,0.8710000000000001,Moderate
11,1,6.3,73,40,86,168,45.0,3,12,1,13,66,0.8666666666666667,0.49023809523809525,0.48035714285714287,Moderate
8,3,7.5,71,53,66,109,50.4,3,21,0,7,180,0.2,0.989111111111111,0.6395,High
6,2,6.0,77,55,58,132,47.8,5,2,1,5,18,-0.06666666666666667,0.35242857142857126,0.261142857142857,Low
4,3,5.5,78,54,11,103,47.5,6,5,1,8,145,-1.6333333333333333,0.4805158730158731,0.3078571428571428,Moderate
10,8,6.8,67,35,58,180,43.0,1,6,2,3,7,-0.06666666666666667,0.06595238095238097,0.09142857142857146,Moderate
5,8,7.7,76,44,180,45,44.8,6,3,1,5,32,4.0,0.22314285714285703,0.20721428571428557,Moderate
4,7,8.6,69,47,29,91,41.3,1,3,1,20,23,-1.0333333333333334,-0.21657936507936518,-0.4327857142857143,Low
16,4,8.0,65,30,44,51,42.6,2,3,1,7,73,-0.5333333333333333,-0.1358571428571428,-0.2512857142857142,Moderate
3,2,7.4,69,53,48,46,44.8,4,11,1,2,11,-0.4,0.3766349206349205,0.1582857142857141,Low
6,4,7.2,60,56,78,43,43.4,3,8,3,2,110,0.6,0.13649206349206344,0.1405714285714285,Low
3,7,7.2,62,49,79,99,41.5,2,9,3,3,116,0.6333333333333333,0.08226190476190476,0.1146428571428571,Moderate
8,9,8.4,71,61,50,32,58.6,3,6,2,10,38,-0.3333333333333333,0.73684126984127,0.2594285714285714,Moderate
12,8,7.0,67,54,71,13,53.0,4,3,0,19,109,0.36666666666666664,0.42325396825396827,0.30321428571428577,Moderate
10,13,6.2,58,42,85,55,49.4,4,4,0,5,51,0.8333333333333334,0.3436349206349205,0.3987857142857142,Moderate
1,3,7.2,69,34,32,12,52.7,3,6,2,19,17,-0.9333333333333333,0.44911904761904775,0.24742857142857144,Low
2,3,7.2,77,41,180,72,40.5,2,9,0,4,99,4.0,0.007261904761904761,0.3371428571428571,Low
14,3,7.7,76,41,77,71,43.8,1,2,1,1,16,0.5666666666666667,-0.16201587301587314,-0.108857142857143,Low
2,2,7.6,80,60,23,67,51.3,2,3,0,8,45,-1.2333333333333334,0.2734206349206348,0.027214285714285705,Low
3,13,7.7,62,43,50,66,40.2,4,3,0,5,6,-0.3333333333333333,-0.09385714285714272,-0.2557857142857142,Low
3,8,6.5,80,21,103,143,35.8,3,3,1,10,23,1.4333333333333333,-0.2729682539682541,-0.04528571428571436,Moderate
12,6,7.6,80,52,145,52,53.9,2,1,3,1,49,2.8333333333333335,0.3023253968253968,0.3530714285714286,High
4,2,6.0,68,35,56,125,52.4,4,11,0,17,47,-0.13333333333333333,0.8064126984126984,0.6512857142857142,Moderate
8,2,7.4,59,34,86,125,47.4,2,18,1,4,65,0.8666666666666667,0.698079365079365,0.5312857142857141,Moderate
4,3,5.6,75,45,68,7,46.0,4,4,0,20,86,0.26666666666666666,0.13730158730158729,0.3592857142857143,Low
18,1,5.3,75,44,13,80,57.0,5,2,1,7,17,-1.5666666666666667,0.7086507936507936,0.5471428571428572,High
1,1,7.7,91,48,92,138,39.3,1,7,3,7,84,1.0666666666666667,-0.11150000000000013,-0.0635000000000001,Moderate
4,3,7.5,55,36,29,135,54.0,3,5,2,2,116,-1.0333333333333334,0.6085714285714287,0.19785714285714284,Moderate
8,2,6.4,85,55,60,120,44.2,1,2,2,5,161,0.0,-0.08957142857142847,0.08814285714285713,Moderate
7,4,8.3,66,60,116,16,37.8,5,4,1,1,73,1.8666666666666667,-0.15503174603174616,-0.23921428571428596,Low
10,6,8.0,76,39,135,56,49.3,7,2,1,9,95,2.5,0.4688174603174601,0.14864285714285705,Moderate
15,6,7.5,87,58,57,47,42.7,5,9,0,5,51,-0.1,0.27848412698412706,0.04314285714285723,Moderate
6,5,6.4,71,24,74,129,49.0,2,4,3,4,0,0.4666666666666667,0.27452380952380956,0.32428571428571423,Moderate
15,9,7.2,86,44,45,30,53.9,5,4,2,1,39,-0.5,0.5850238095238095,0.2587857142857143,High
7,1,6.3,60,38,120,60,40.4,4,2,3,9,49,2.0,-0.12723809523809532,0.1416428571428571,Moderate
2,3,8.0,61,49,50,72,40.1,2,8,2,11,52,-0.3333333333333333,-0.04645238095238089,-0.16842857142857137,Low
2,3,6.4,68,55,19,18,35.0,3,13,1,5,8,-1.3666666666666667,-0.09071428571428575,0.02392857142857137,Low
8,7,5.4,72,47,37,66,43.7,6,4,1,20,40,-0.7666666666666667,0.23269047619047634,0.24778571428571428,Moderate
1,6,7.0,81,73,47,180,49.6,7,10,2,3,72,-0.43333333333333335,0.9058095238095238,0.3412142857142858,Moderate
18,5,7.7,68,27,82,40,42.6,3,12,0,16,108,0.7333333333333333,0.2400158730158731,0.15335714285714286,Moderate
6,13,6.2,58,30,85,20,47.4,1,13,0,4,113,0.8333333333333334,0.3361746031746031,0.5959285714285714,High
3,5,6.7,87,29,47,92,41.8,7,6,1,16,50,-0.43333333333333335,0.3141746031746031,0.045428571428571304,Low
13,5,6.5,66,33,25,64,49.1,4,4,3,3,108,-1.1666666666666667,0.3401349206349207,0.18728571428571428,Moderate
6,3,6.2,71,50,85,41,43.7,4,7,0,8,110,0.8333333333333334,0.17872222222222237,0.31350000000000006,Low
15,13,7.0,68,43,57,118,50.2,3,7,0,2,46,-0.1,0.4901111111111112,0.29850000000000004,Moderate
2,7,7.1,86,33,10,77,35.7,3,7,0,11,71,-1.6666666666666667,-0.20794444444444432,-0.27149999999999985,Low
10,6,8.9,86,44,34,108,49.4,6,2,1,19,5,-0.8666666666666667,0.4644285714285714,-0.25835714285714295,Moderate
11,5,6.1,85,37,90,167,44.1,3,15,0,2,50,1.0,0.5557698412698413,0.5840714285714286,High
3,7,5.0,72,40,84,150,41.9,1,9,0,2,81,0.8,0.0902619047619047,0.524142857142857,Low
11,2,5.8,80,61,41,116,46.0,5,11,1,6,51,-0.6333333333333333,0.575079365079365,0.45678571428571435,Moderate
4,10,7.4,77,42,15,52,52.2,2,5,0,20,12,-1.5,0.3686825396825399,0.12635714285714286,Moderate
5,9,7.2,74,35,47,39,60.6,4,5,4,8,57,-0.43333333333333335,0.8655714285714287,0.4933571428571428,High
8,7,6.2,74,64,106,30,37.0,4,16,1,10,7,1.5333333333333334,0.18642857142857144,0.42214285714285715,Moderate
14,14,7.7,75,52,70,97,44.8,3,12,0,12,168,0.3333333333333333,0.40234920634920623,0.18935714285714275,High
12,4,7.5,76,37,50,139,40.1,5,14,2,6,47,-0.3333333333333333,0.4422777777777778,0.09050000000000007,Moderate
3,5,7.3,74,58,93,10,43.1,3,1,2,2,37,1.1,-0.16367460317460308,-0.048428571428571335,Low
2,9,8.2,74,33,168,73,54.9,5,2,1,12,84,3.6,0.6063730158730157,0.3641428571428572,High
9,1,6.8,71,39,53,54,35.8,4,3,0,4,47,-0.23333333333333334,-0.30519047619047635,-0.22278571428571434,Low
12,4,8.1,80,41,88,77,37.4,1,10,2,8,62,0.9333333333333333,-0.1576349206349207,-0.11478571428571425,Moderate
8,3,5.4,85,57,64,116,42.1,4,3,0,13,81,0.13333333333333333,0.047198412698412774,0.2387142857142857,Low
7,4,9.0,70,58,106,102,38.9,3,1,2,8,45,1.5333333333333334,-0.25045238095238104,-0.4394285714285715,Moderate
15,21,6.1,78,43,27,75,35.0,1,6,1,13,74,-1.1,-0.4107142857142857,-0.10357142857142851,High
9,3,7.8,72,57,33,65,38.9,2,1,0,10,61,-0.9,-0.3582301587301588,-0.4119285714285714,Low
2,3,6.7,72,64,69,28,35.0,2,7,0,8,27,0.3,-0.3605555555555556,-0.07500000000000004,Low
2,3,7.4,71,47,49,57,50.1,5,6,0,5,42,-0.36666666666666664,0.5154523809523811,0.1769285714285714,Low
5,5,7.0,70,34,121,81,46.7,5,5,2,4,7,2.033333333333333,0.353404761904762,0.29635714285714293,Low
6,3,7.0,87,59,86,70,58.8,2,14,1,15,96,0.8666666666666667,1.007111111111111,0.8289999999999997,High
1,6,5.5,72,59,129,180,49.4,2,8,1,10,90,2.3,0.49204761904761896,0.7455714285714284,Moderate
10,9,6.3,81,70,68,33,66.3,7,4,2,7,65,0.26666666666666666,1.2796904761904762,0.8457857142857143,High
3,3,7.2,69,50,47,90,43.0,5,6,2,7,121,-0.43333333333333335,0.23261904761904761,-0.006071428571428606,Low
6,13,6.9,88,24,60,23,43.2,0,3,0,4,135,0.0,-0.27330158730158716,-0.0007857142857142646,Moderate
10,7,7.1,55,51,24,99,67.3,6,1,0,6,52,-1.2,1.2242142857142857,0.5400714285714284,High
1,10,6.0,61,53,39,19,45.6,3,4,1,4,34,-0.7,0.06596825396825401,0.20478571428571435,Low
2,3,7.1,68,51,46,42,54.2,1,17,0,7,42,-0.4666666666666667,0.8094761904761908,0.6592142857142859,Moderate
6,2,7.6,73,14,35,85,35.0,4,9,1,16,180,-0.8333333333333334,-0.09246031746031745,-0.26035714285714273,Low
5,6,6.2,59,54,16,41,52.3,3,4,0,20,24,-1.4666666666666666,0.39191269841269827,0.31328571428571417,Low
9,5,7.2,72,55,32,20,42.4,6,2,1,18,61,-0.9333333333333333,0.051650793650793586,-0.17585714285714293,Moderate
1,11,7.9,62,33,32,10,49.1,2,6,1,13,131,-0.9333333333333333,0.21823015873015883,0.016928571428571404,Low
24,5,7.9,87,52,34,28,50.3,8,8,2,3,31,-0.8666666666666667,0.7636587301587301,0.11507142857142846,High
11,6,5.9,76,58,35,24,41.5,3,2,0,10,45,-0.8333333333333334,-0.1844047619047619,0.032142857142857056,Low
3,3,6.7,78,54,31,4,52.6,5,5,1,12,57,-0.9666666666666667,0.5333492063492065,0.3008571428571428,Low
11,4,6.2,56,50,87,57,50.7,4,9,2,8,79,0.9,0.5829285714285716,0.5856428571428571,Moderate
8,2,7.2,79,29,124,77,44.7,1,10,1,5,11,2.1333333333333333,0.17086507936507947,0.35171428571428576,Low
9,7,6.8,78,47,48,48,48.8,6,14,1,9,180,-0.4,0.7993333333333332,0.469,High
5,0,5.7,55,40,32,22,44.1,4,2,2,1,46,-0.9333333333333333,-0.0029603174603173715,0.13764285714285712,Low
8,5,7.3,80,43,106,144,63.5,2,10,1,7,42,1.5333333333333334,1.1579761904761907,0.8532142857142857,High
15,11,6.6,72,43,41,117,62.4,3,5,4,6,55,-0.6333333333333333,0.9665714285714286,0.6373571428571428,Moderate
11,3,7.1,98,46,18,149,56.0,3,12,1,16,65,-1.4,0.9641269841269843,0.500357142857143,High
1,7,6.3,83,19,88,8,51.8,6,1,0,4,49,0.9333333333333333,0.42560317460317443,0.3750714285714285,Moderate
5,8,7.0,58,40,83,118,52.9,4,2,0,10,128,0.7666666666666667,0.49970634920634904,0.3016428571428571,Moderate
5,4,6.1,74,43,23,75,62.7,6,6,1,4,45,-1.2333333333333334,1.1691190476190478,0.7174285714285716,Moderate
4,5,6.8,71,38,48,65,42.7,4,6,0,10,11,-0.4,0.12467460317460334,0.05742857142857155,Low
10,10,8.1,63,50,17,102,51.4,4,4,0,11,87,-1.4333333333333333,0.4858571428571428,-0.043714285714285664,High
3,13,7.5,68,59,80,46,45.5,2,14,2,20,141,0.6666666666666666,0.3819444444444445,0.3275,Moderate
11,5,7.6,81,44,138,47,51.7,2,11,1,5,42,2.6,0.5549126984126985,0.5552857142857144,Moderate
8,3,6.5,76,60,48,28,44.0,2,8,1,3,134,-0.4,0.08015873015873018,0.20607142857142857,Low
1,9,4.8,68,56,110,118,59.6,3,6,0,1,18,1.6666666666666667,0.8773968253968255,1.0694285714285714,High
4,2,5.9,76,34,25,55,58.5,4,7,0,7,124,-1.1666666666666667,0.8602777777777778,0.6599999999999999,Moderate
17,7,6.7,77,45,89,180,60.1,2,9,1,9,24,0.9666666666666667,1.009261904761905,0.7851428571428573,High
5,2,6.5,72,49,54,26,53.4,6,7,2,5,79,-0.2,0.7318888888888888,0.4744999999999999,Moderate
17,7,7.6,80,33,17,36,52.8,5,7,1,11,29,-1.4333333333333333,0.6493333333333333,0.17150000000000004,High
22,12,7.9,75,48,23,45,44.6,2,1,0,11,99,-1.2333333333333334,-0.12395238095238086,-0.2834285714285715,High
5,2,6.5,65,33,31,85,47.0,5,1,1,4,59,-0.9666666666666667,0.22849206349206352,0.05357142857142856,Low
11,2,8.2,73,42,113,119,46.8,5,3,1,6,17,1.7666666666666666,0.3286984126984126,0.012214285714285747,Moderate
4,5,7.5,55,23,85,61,49.4,3,9,0,2,83,0.8333333333333334,0.4622063492063491,0.31414285714285706,Low
5,8,6.6,76,43,28,45,35.0,5,4,0,9,21,-1.0666666666666667,-0.2488095238095238,-0.24571428571428566,Low
9,3,7.6,92,31,44,162,48.9,1,2,0,3,35,-0.5333333333333333,0.1685952380952381,-0.020857142857142845,Moderate
5,2,7.0,66,60,65,86,50.6,1,4,1,16,28,0.16666666666666666,0.23207936507936508,0.2447857142857143,Low
9,6,7.0,73,36,115,73,35.0,2,5,1,20,52,1.8333333333333333,-0.38198412698412704,-0.06964285714285715,Moderate
8,5,7.9,64,66,180,8,38.2,3,3,1,11,26,4.0,-0.31496825396825384,-0.025785714285714245,Moderate
2,2,5.9,79,33,139,73,47.7,2,0,0,12,19,2.6333333333333333,0.0109444444444446,0.42099999999999993,Low
3,3,6.2,74,49,10,17,51.1,4,9,0,20,36,-1.6666666666666667,0.556484126984127,0.40514285714285714,Low
0,3,7.5,63,15,121,39,45.4,4,2,2,15,76,2.033333333333333,0.07442857142857134,0.08414285714285707,Moderate
8,3,7.8,87,39,106,48,36.6,3,7,1,7,96,1.5333333333333334,-0.1996666666666666,-0.1269999999999999,Moderate
20,5,7.3,63,39,50,18,66.7,3,14,1,12,4,-0.3333333333333333,1.3715000000000002,0.9235000000000001,High
4,14,5.0,82,28,82,138,55.6,2,4,3,7,45,0.7333333333333333,0.5815238095238097,0.7872857142857141,High
8,7,6.2,73,52,13,23,45.5,4,2,0,5,32,-1.5666666666666667,0.06115079365079368,0.04464285714285707,Low
3,1,7.0,58,55,74,63,50.2,5,10,0,11,37,0.4666666666666667,0.6694761904761906,0.42671428571428577,Moderate
8,9,8.7,85,27,12,29,41.5,3,2,0,9,49,-1.6,-0.17884920634920637,-0.5153571428571427,Low
19,4,6.7,64,23,31,1,50.3,1,7,2,7,34,-0.9666666666666667,0.2312777777777777,0.2889999999999999,Moderate
14,4,6.4,65,58,94,82,47.9,1,15,3,7,64,1.1333333333333333,0.49899206349206343,0.6555714285714284,Moderate
4,1,6.2,77,12,34,114,53.1,2,15,0,6,42,-0.8666666666666667,0.8352142857142857,0.6965714285714284,High
2,2,6.3,80,58,75,36,55.8,3,4,1,3,14,0.5,0.5438571428571428,0.5482857142857142,Moderate
7,2,7.0,63,50,81,11,35.0,1,7,0,17,60,0.7,-0.4461111111111111,-0.0975,Low
11,11,7.4,61,29,67,31,47.9,6,12,1,3,14,0.23333333333333334,0.6685158730158729,0.32735714285714274,High
7,6,8.1,64,52,51,100,57.9,4,15,1,1,123,-0.3,1.1689920634920634,0.5505714285714286,High
5,1,5.8,69,27,81,54,45.7,2,6,1,10,146,0.7,0.11411904761904776,0.4049285714285715,Moderate
5,6,7.9,58,45,114,155,52.6,3,6,0,5,9,1.8,0.6035079365079367,0.32692857142857146,Moderate
6,4,6.8,70,31,56,34,44.8,1,7,3,1,130,-0.13333333333333333,0.0204444444444443,0.16899999999999993,Moderate
2,14,6.4,76,44,90,31,44.4,2,17,1,13,35,1.0,0.4229206349206348,0.5977142857142856,Moderate
12,0,7.9,69,23,119,37,43.5,4,12,2,15,152,1.9666666666666666,0.34384920634920635,0.23785714285714282,High
9,5,7.2,55,37,18,164,39.0,5,7,0,6,80,-1.4,0.17055555555555554,-0.17000000000000004,Low
21,1,6.6,59,40,43,65,39.3,1,5,1,1,118,-0.5666666666666667,-0.2640396825396827,-0.05064285714285716,Moderate
7,19,8.2,61,69,46,180,41.7,1,12,1,10,37,-0.4666666666666667,0.2217380952380954,-0.05114285714285687,Moderate
13,7,7.1,80,38,28,74,47.3,1,8,0,6,54,-1.0666666666666667,0.21310317460317452,0.15007142857142858,Low
2,6,6.9,70,76,58,17,59.7,3,7,0,8,57,-0.06666666666666667,0.8053888888888889,0.6035,Moderate
22,6,7.1,66,37,64,68,35.0,2,1,0,19,46,0.13333333333333333,-0.5303968253968254,-0.32892857142857135,High
17,5,7.1,65,30,41,88,42.9,5,3,0,4,99,-0.6333333333333333,0.11875396825396818,-0.09228571428571425,Moderate
6,2,5.4,80,47,180,136,46.1,5,5,0,12,22,4.0,0.3875158730158731,0.7058571428571427,High
15,2,6.3,85,53,53,86,47.1,0,3,2,6,147,-0.23333333333333334,-0.02780158730158719,0.20371428571428582,Moderate
9,12,6.6,85,36,77,180,50.2,8,13,0,5,75,0.5666666666666667,1.1066190476190478,0.5899285714285716,High
14,7,6.0,77,47,33,68,48.3,1,5,0,5,25,-0.9,0.1442936507936507,0.29935714285714277,Moderate
9,8,7.6,96,36,17,12,37.9,6,4,0,18,180,-1.4333333333333333,-0.08830952380952385,-0.36121428571428565,Low
4,7,7.2,87,28,140,90,56.9,5,8,1,7,29,2.6666666666666665,0.929547619047619,0.7005714285714285,High
4,11,6.9,82,60,42,44,44.2,6,2,1,2,44,-0.6,0.15931746031746044,-0.04435714285714286,Moderate
9,7,7.1,82,62,83,32,42.0,0,17,0,4,118,0.7666666666666667,0.1826984126984127,0.3857142857142858,Low
7,1,7.8,70,31,102,77,70.0,0,5,2,13,32,1.4,1.0641269841269843,0.8078571428571428,High
8,8,6.2,85,40,56,52,57.9,4,0,0,15,93,-0.13333333333333333,0.5799444444444443,0.4669999999999998,High
18,4,7.0,74,50,43,44,36.3,3,2,1,11,21,-0.5666666666666667,-0.3961825396825398,-0.29635714285714293,Low
17,20,6.0,66,41,53,136,48.0,1,2,0,2,121,-0.23333333333333334,0.09920634920634924,0.2546428571428571,High
4,1,6.0,55,54,170,97,49.2,1,12,1,11,93,3.6666666666666665,0.4670158730158732,0.868857142857143,High
16,6,7.9,72,35,48,42,39.1,2,7,2,8,163,-0.4,-0.16049999999999995,-0.21450000000000002,Low
11,3,7.1,69,39,34,55,36.5,3,13,0,7,55,-0.8666666666666667,0.017896825396825383,-0.0160714285714285,Low
2,1,6.2,76,33,37,75,46.1,2,7,0,3,9,-0.7666666666666667,0.19116666666666676,0.26549999999999996,Low
8,3,6.2,60,45,180,33,39.5,3,2,2,4,103,4.0,-0.2644047619047619,0.2821428571428571,Moderate
2,2,8.5,65,46,35,134,36.8,2,10,1,3,87,-0.8333333333333334,-0.05463492063492075,-0.3352857142857143,Low
8,3,7.4,64,60,61,46,49.6,2,4,1,18,180,0.03333333333333333,0.2093015873015874,0.13478571428571426,Moderate
8,1,7.2,76,35,46,13,55.3,5,4,0,3,19,-0.4666666666666667,0.6291349206349206,0.3032857142857142,Low
17,2,7.6,62,55,56,114,67.7,3,17,0,6,49,-0.13333333333333333,1.630309523809524,1.001714285714286,High
8,4,6.2,83,41,54,53,57.8,2,7,0,5,21,-0.2,0.6932222222222222,0.6589999999999999,Moderate
3,3,7.0,78,45,37,57,41.4,2,6,0,7,72,-0.7666666666666667,-0.07604761904761911,-0.04407142857142862,Low
9,4,7.8,79,38,87,107,44.4,0,5,0,7,45,0.9,-0.054539682539682624,0.002357142857142863,Low
2,2,8.6,74,20,83,27,55.2,2,1,0,5,89,0.7666666666666667,0.3330476190476192,0.06207142857142873,Low
4,1,7.2,88,34,180,68,43.6,3,5,2,4,26,4.0,0.06612698412698419,0.31585714285714284,Moderate
15,5,6.7,82,56,52,90,48.1,3,5,2,6,67,-0.26666666666666666,0.29307142857142865,0.21835714285714286,Moderate
2,21,8.3,62,37,26,52,49.4,4,18,0,2,24,-1.1333333333333333,0.8403015873015872,0.2837857142857141,Moderate
4,6,7.6,80,84,30,13,47.0,2,8,0,15,80,-1.0,0.1984920634920635,0.05857142857142865,Low
1,2,6.1,61,51,180,104,45.5,4,9,1,3,5,4.0,0.40115079365079365,0.6796428571428572,Moderate
1,10,6.5,55,68,70,70,38.7,6,2,0,4,5,0.3333333333333333,-0.059293650793650676,-0.06935714285714281,Low
16,3,6.8,59,42,28,37,60.9,4,7,1,5,117,-1.0666666666666667,0.9482777777777779,0.582,Moderate
6,6,6.4,68,20,51,68,48.6,5,4,0,9,34,-0.3,0.38874603174603184,0.2547857142857142,Moderate
1,5,6.4,72,40,39,55,43.2,5,14,0,16,38,-0.7,0.48844444444444457,0.34850000000000003,Low
8,3,7.0,80,44,65,97,39.6,3,5,1,13,85,0.16666666666666666,-0.08165079365079358,-0.056642857142857106,Low
12,8,7.7,69,61,19,49,58.4,0,17,2,7,95,-1.3666666666666667,0.9395873015873015,0.6127142857142855,High
4,1,6.7,72,32,42,67,55.7,3,2,0,2,169,-0.6,0.502373015873016,0.3356428571428572,Low
11,2,7.0,68,26,158,66,54.0,2,5,1,5,36,3.2666666666666666,0.4652380952380953,0.6078571428571429,Moderate
6,5,5.3,65,49,134,20,55.0,4,13,0,3,75,2.466666666666667,0.8781746031746032,1.1039285714285714,High
2,9,7.3,74,41,26,27,56.0,4,8,1,1,45,-1.1333333333333333,0.7523809523809525,0.3710714285714286,Moderate
4,1,7.7,66,12,121,84,51.0,4,6,0,4,36,2.033333333333333,0.5192857142857144,0.3314285714285714,Moderate
4,8,7.3,69,47,76,58,60.2,4,13,0,19,88,0.5333333333333333,1.1543968253968255,0.7649285714285716,High
2,6,6.5,75,49,165,132,55.2,5,8,1,15,39,3.5,0.8997142857142858,0.8345714285714287,High
4,7,5.4,73,33,54,44,42.2,3,13,1,6,52,-0.2,0.2621746031746033,0.5024285714285713,Moderate
2,9,8.2,83,33,48,44,57.1,4,4,0,8,48,-0.4,0.6779126984126985,0.18728571428571444,Moderate
11,0,7.7,66,50,167,17,38.3,4,11,1,9,57,3.566666666666667,0.05191269841269826,0.20828571428571419,Moderate
9,4,6.9,73,49,82,60,46.7,2,12,0,12,34,0.7333333333333333,0.3800714285714287,0.41635714285714287,Low
15,13,6.9,97,50,91,50,47.4,1,2,0,12,63,1.0333333333333334,-0.02334920634920639,0.174142857142857,Moderate
3,8,5.2,75,45,77,35,44.0,2,12,0,3,34,0.5666666666666667,0.23079365079365083,0.6203571428571428,Low
11,18,7.6,96,37,85,43,48.6,2,11,0,13,133,0.8333333333333334,0.41096825396825404,0.32978571428571435,High
1,2,8.9,60,46,128,31,53.3,1,5,0,13,30,2.2666666666666666,0.3281825396825395,0.1793571428571427,Low
2,3,5.9,69,49,75,138,43.5,1,5,0,4,45,0.5,0.006071428571428582,0.2778571428571428,Low
5,5,7.5,66,42,41,20,35.5,5,5,1,10,11,-0.6333333333333333,-0.21837301587301589,-0.3271428571428571,Low
19,5,5.8,81,34,108,180,41.5,1,12,0,4,106,1.6,0.21273809523809525,0.5178571428571429,High
2,1,7.7,86,40,45,105,48.3,3,6,3,8,135,-0.5,0.35445238095238085,0.060428571428571325,Low
17,4,6.2,82,31,21,29,49.2,4,11,2,4,28,-1.3,0.5557460317460318,0.43278571428571433,High
1,8,6.6,83,36,157,84,50.4,3,4,4,3,180,3.2333333333333334,0.3541904761904761,0.5387857142857142,Moderate
6,8,6.0,69,61,61,55,52.3,7,18,2,13,150,0.03333333333333333,1.1741349206349203,0.8607857142857142,High
4,0,8.0,77,44,47,146,56.4,2,19,2,6,59,-0.43333333333333335,1.1621269841269841,0.6273571428571428,Moderate
4,7,7.2,98,37,87,13,35.0,3,21,1,5,16,0.9,0.18944444444444447,0.2825,Moderate
3,5,5.1,75,61,26,66,45.1,3,5,2,6,90,-1.1333333333333333,0.13140476190476197,0.3433571428571429,Low
4,11,7.1,87,45,105,101,52.2,4,7,0,1,133,1.5,0.627888888888889,0.4610000000000001,High
15,13,7.1,68,45,61,93,50.4,1,5,1,7,70,0.03333333333333333,0.2665714285714285,0.23985714285714285,High
3,5,7.1,67,18,59,9,48.6,4,5,3,4,13,-0.03333333333333333,0.29223809523809524,0.18085714285714294,Moderate
14,7,8.1,76,32,55,18,47.4,4,11,0,7,15,-0.16666666666666666,0.4625238095238094,0.13128571428571428,Moderate
2,6,7.0,68,42,77,61,58.2,4,13,1,1,98,0.5666666666666667,1.0677301587301589,0.7599285714285715,High
11,2,6.1,61,44,46,82,59.8,3,13,0,7,138,-0.4666666666666667,1.0963968253968253,0.8879285714285713,High
18,9,5.9,76,34,39,92,42.1,4,10,0,11,10,-0.7,0.2705317460317461,0.2887142857142857,High
14,2,7.7,60,42,90,57,47.0,1,10,3,7,67,1.0,0.2521428571428571,0.24821428571428567,Moderate
2,4,7.2,64,54,107,39,63.5,1,3,0,11,73,1.5666666666666667,0.7246428571428574,0.6732142857142855,Moderate
5,15,7.3,55,41,111,152,48.5,0,2,0,14,11,1.7,0.07281746031746031,0.18714285714285717,Low
24,6,6.0,76,33,29,36,55.8,1,6,0,6,113,-1.0333333333333334,0.48195238095238085,0.5429285714285712,High
8,5,6.8,80,37,78,121,55.5,3,7,1,1,72,0.6,0.7319444444444445,0.545,Moderate
3,21,8.0,79,50,57,155,61.6,1,11,0,3,102,-0.1,1.0537460317460319,0.5797857142857143,High
12,3,7.2,79,25,59,101,46.7,3,13,2,5,10,-0.03333333333333333,0.5280079365079366,0.33492857142857146,Moderate
4,1,5.8,87,35,66,151,48.2,3,20,1,6,13,0.2,0.9010634920634922,0.8424285714285715,High
9,3,6.2,68,27,67,26,42.1,3,21,0,5,47,0.23333333333333334,0.5233888888888889,0.6204999999999999,Moderate
5,1,7.1,59,22,20,66,48.0,4,6,0,12,29,-1.3333333333333333,0.3642857142857143,0.09392857142857149,Low
10,4,6.8,83,54,13,43,41.4,3,4,1,3,43,-1.5666666666666667,-0.09636507936507943,-0.12621428571428572,Low
5,5,5.5,67,42,52,43,51.7,5,1,0,6,130,-0.26666666666666666,0.39332539682539697,0.4220714285714286,Moderate
2,3,7.3,83,38,29,110,42.8,5,3,2,1,170,-1.0333333333333334,0.13869841269841257,-0.16028571428571434,Low
21,7,6.1,62,51,15,73,45.7,3,5,1,4,21,-1.5,0.1661825396825398,0.15885714285714297,Moderate
7,5,8.1,55,39,94,31,43.8,3,17,0,11,40,1.1333333333333333,0.46258730158730144,0.29221428571428576,Low
12,6,5.2,87,41,48,17,49.4,6,10,0,3,41,-0.4,0.649031746031746,0.6527142857142856,High
3,0,6.4,76,37,36,74,45.4,5,9,0,5,2,-0.8,0.4299841269841269,0.26414285714285707,Low
8,8,6.2,81,69,61,29,42.3,4,11,0,13,41,0.03333333333333333,0.2452460317460316,0.3257857142857141,Low
4,6,7.5,71,44,60,46,39.2,4,2,1,8,7,0.0,-0.1967936507936507,-0.2543571428571428,Low
6,2,6.9,86,33,43,41,41.9,3,5,1,12,14,-0.5666666666666667,-0.04037301587301593,-0.02514285714285725,Low
2,7,6.9,81,59,37,41,40.9,3,6,1,12,53,-0.7666666666666667,-0.049658730158730215,-0.041571428571428676,Low
2,3,6.9,73,39,19,112,44.5,3,5,0,1,67,-1.3666666666666667,0.15551587301587302,-0.007142857142857187,Low
3,12,6.6,77,31,34,100,42.1,3,11,1,3,20,-0.8666666666666667,0.248468253968254,0.18228571428571438,Low
4,6,6.5,69,85,102,25,38.8,5,16,2,8,68,1.4,0.3285396825396824,0.4136428571428571,Moderate
5,8,7.5,69,50,57,29,51.8,2,10,3,7,92,-0.1,0.5036984126984125,0.3447142857142857,Moderate
5,9,6.5,72,65,109,100,59.0,5,7,0,3,180,1.6333333333333333,0.9994444444444444,0.78,High
2,5,6.5,69,58,48,34,35.3,4,8,2,8,91,-0.4,-0.17134126984127,-0.054928571428571535,Low
4,18,8.6,81,46,44,85,58.5,0,4,2,9,45,-0.5333333333333333,0.5198015873015874,0.1492857142857144,Moderate
12,6,5.9,74,76,33,154,46.1,2,15,1,4,36,-0.9,0.5646587301587302,0.5365714285714285,Low
9,21,6.4,73,58,16,60,48.4,2,4,2,14,29,-1.4666666666666666,0.17085714285714282,0.16128571428571414,Moderate
4,2,7.7,68,46,81,31,50.7,2,6,0,20,84,0.7,0.3135634920634922,0.22242857142857145,Moderate
4,4,6.5,77,17,114,44,44.7,3,5,0,2,96,1.8,0.0889603174603176,0.306357142857143,Moderate
11,11,6.8,89,42,49,12,40.2,5,4,0,8,138,-0.36666666666666664,-0.051476190476190356,-0.07221428571428559,Moderate
3,5,8.3,80,42,7,14,54.4,1,14,1,7,27,-1.7666666666666666,0.6802222222222223,0.2719999999999999,Moderate
1,5,7.7,68,39,24,50,36.9,1,5,0,9,34,-1.2,-0.3887063492063492,-0.36264285714285727,Low
6,15,6.1,58,43,92,88,49.9,5,3,0,11,53,1.0666666666666667,0.4337539682539682,0.42021428571428576,Moderate
8,1,6.2,67,37,47,94,35.0,4,5,0,19,36,-0.43333333333333335,-0.2253174603174603,-0.09964285714285717,Low
6,6,7.2,76,56,180,21,44.3,4,4,2,14,54,4.0,0.07635714285714272,0.30828571428571416,Moderate
4,10,5.3,78,46,51,16,54.4,3,10,3,4,39,-0.3,0.6729206349206349,0.7927142857142858,Moderate
5,7,5.9,77,38,75,93,52.8,2,5,0,8,24,0.5,0.44123809523809526,0.5568571428571427,Moderate
14,7,7.5,83,53,29,99,41.7,3,1,0,4,61,-1.0333333333333334,-0.1277857142857141,-0.28542857142857136,Low
4,10,8.4,55,32,83,40,40.1,2,5,2,10,171,0.7666666666666667,-0.18915079365079357,-0.24164285714285716,Low
4,10,5.6,83,37,14,90,50.7,4,6,1,8,18,-1.5333333333333334,0.5124523809523811,0.4224285714285715,Moderate
2,5,7.9,87,31,64,36,46.0,1,7,0,4,12,0.13333333333333333,0.07666666666666669,0.03249999999999994,Low
5,6,6.1,71,38,64,16,45.5,4,17,1,17,30,0.13333333333333333,0.5890873015873017,0.6182142857142858,Low
6,5,7.1,98,33,80,66,58.1,4,4,0,6,66,0.6666666666666666,0.7473571428571429,0.4897857142857143,High
4,1,6.4,76,49,17,156,42.6,5,7,2,4,80,-1.4333333333333333,0.32366666666666677,0.07549999999999994,Low
4,10,7.5,74,28,49,48,43.0,1,8,0,17,119,-0.36666666666666664,-0.009285714285714279,0.003571428571428576,Low
14,5,6.8,71,57,13,91,48.8,6,10,2,7,144,-1.5666666666666667,0.704253968253968,0.2672142857142857,Moderate
7,5,6.2,81,35,30,18,65.1,4,11,1,2,63,-1.0,1.259023809523809,0.9322857142857142,High
3,6,7.3,78,71,70,22,42.1,8,7,1,11,17,0.3333333333333333,0.35227777777777786,0.03550000000000007,Low
5,6,9.0,89,27,140,37,43.2,1,4,0,14,46,2.6666666666666665,-0.15536507936507923,-0.13971428571428565,Low
11,4,8.9,83,46,31,90,51.4,3,9,1,6,110,-0.9666666666666667,0.5844285714285714,-0.005857142857142908,Moderate
9,17,7.9,60,33,8,94,56.7,3,5,0,9,40,-1.7333333333333334,0.6845158730158732,0.15635714285714286,Moderate
8,10,7.1,66,50,60,56,54.5,2,0,3,2,25,0.0,0.2980555555555555,0.21750000000000003,Low
7,5,7.0,84,50,122,117,49.4,5,6,1,2,14,2.066666666666667,0.5506190476190476,0.40842857142857136,Moderate
12,1,6.6,78,47,99,74,60.2,6,7,0,20,20,1.3,1.0912222222222225,0.7735000000000002,High
12,7,6.6,84,60,62,31,53.4,1,10,0,10,75,0.06666666666666667,0.5112539682539682,0.5627142857142857,Low
7,6,5.6,82,48,129,43,44.1,4,2,0,11,49,2.3,0.02037301587301596,0.3976428571428572,Moderate
5,4,6.6,64,56,154,6,65.7,3,7,2,13,45,3.1333333333333333,1.0631666666666668,1.076,High
11,1,6.6,75,49,74,180,47.7,2,9,0,5,68,0.4666666666666667,0.45126190476190486,0.3931428571428573,Moderate
5,6,6.3,84,22,90,47,47.1,3,3,1,2,79,1.0,0.1288650793650795,0.2962142857142858,Moderate
1,6,4.5,67,29,7,13,53.6,1,14,0,20,14,-1.7666666666666666,0.6431111111111112,0.9130000000000001,High
13,5,4.7,82,51,72,58,44.6,3,5,0,6,6,0.4,0.10001587301587309,0.5133571428571428,High
16,5,8.1,61,46,68,93,55.4,4,8,0,6,49,0.26666666666666666,0.7987142857142856,0.31807142857142856,High
6,4,6.0,94,36,70,147,38.6,1,8,0,7,52,0.3333333333333333,-0.09728571428571421,0.1865714285714286,Moderate
6,3,8.1,66,55,90,22,41.4,5,2,2,6,129,1.0,-0.05779365079365088,-0.21835714285714286,Low
6,8,6.9,67,43,131,30,38.5,1,7,0,8,28,2.3666666666666667,-0.2675,0.14999999999999994,Low
5,9,8.3,81,46,94,136,43.3,3,5,0,5,25,1.1333333333333333,0.12818253968253956,-0.10064285714285734,Moderate
3,12,7.3,65,37,159,32,47.2,1,18,1,20,33,3.3,0.5190793650793653,0.7252857142857143,High
16,1,7.2,81,43,16,66,55.4,6,7,1,10,111,-1.4666666666666666,0.8663333333333334,0.3169999999999999,High
10,7,7.8,83,51,88,48,56.7,5,15,0,8,79,0.9333333333333333,1.1238809523809525,0.6595714285714287,High
6,12,7.1,56,45,180,36,44.3,3,2,4,12,39,4.0,-0.04507142857142871,0.26864285714285707,Moderate
5,6,7.0,75,53,63,68,42.1,2,3,1,17,72,0.1,-0.1394682539682539,-0.04378571428571424,Moderate
11,0,5.7,81,42,52,61,38.2,2,5,0,3,12,-0.26666666666666666,-0.2513174603174602,0.0963571428571429,Low
6,6,7.1,67,39,146,57,65.9,4,7,0,13,55,2.8666666666666667,1.1955000000000005,0.9745000000000003,High
23,4,7.4,81,58,48,43,54.8,2,8,0,8,47,-0.4,0.5828253968253967,0.37257142857142844,Moderate
3,5,8.2,58,27,9,180,54.5,2,4,0,1,52,-1.7,0.5786904761904762,0.011785714285714427,Moderate
10,1,6.7,87,62,39,64,52.4,3,2,1,2,113,-0.7,0.35053968253968243,0.22914285714285698,Moderate
6,0,7.5,70,54,113,63,38.2,0,10,1,11,3,1.7666666666666666,-0.20385714285714276,0.07671428571428579,Low
2,7,6.4,56,63,37,127,60.0,6,12,0,6,59,-0.7666666666666667,1.3196825396825398,0.7903571428571428,High
8,1,7.9,82,30,39,36,49.1,0,1,1,8,123,-0.7,-0.0647857142857142,-0.10842857142857146,Low
2,5,7.6,74,59,35,19,46.6,4,11,0,9,33,-0.8333333333333334,0.4276349206349207,0.1447857142857144,Low
8,12,8.1,84,41,17,116,42.7,4,5,0,8,129,-1.4333333333333333,0.14562698412698427,-0.27614285714285697,Low
1,2,8.3,81,41,157,69,48.1,5,6,0,20,93,3.2333333333333334,0.43878571428571445,0.22942857142857134,Low
1,6,8.4,84,64,43,61,57.6,0,3,1,7,151,-0.5666666666666667,0.416920634920635,0.12621428571428572,Moderate
1,7,7.0,77,60,2,23,55.3,5,14,1,4,84,-1.9333333333333333,0.9973888888888888,0.5139999999999999,Low
13,1,7.2,76,40,12,28,35.0,1,13,0,3,107,-1.6,-0.21293650793650795,-0.1335714285714286,Low
6,14,6.0,64,36,79,103,45.5,0,4,0,2,125,0.6333333333333333,-0.04519841269841268,0.3017857142857142,High
5,2,7.1,65,20,65,64,46.0,6,8,3,4,24,0.16666666666666666,0.4768253968253969,0.20357142857142865,Moderate
9,14,6.6,55,51,143,56,46.5,4,19,0,4,5,2.7666666666666666,0.7499603174603174,0.8153571428571429,High
8,4,6.3,78,44,59,12,38.7,3,3,3,9,7,-0.03333333333333333,-0.2880238095238094,-0.03328571428571418,Low
8,13,9.0,66,51,27,57,50.2,3,8,2,8,20,-1.1,0.45804761904761915,-0.09792857142857136,Moderate
9,3,7.7,68,34,180,101,49.4,2,8,1,3,5,4.0,0.4042698412698412,0.4880714285714285,Moderate
6,9,7.9,72,19,26,30,55.0,3,13,0,6,40,-1.1333333333333333,0.8226190476190477,0.3789285714285713,Moderate
4,2,7.7,70,49,82,29,49.3,0,8,4,9,70,0.7333333333333333,0.1864365079365078,0.24007142857142846,Low
5,4,6.7,76,31,47,41,53.4,4,8,0,13,76,-0.43333333333333335,0.6509365079365079,0.4505714285714285,Moderate
3,8,7.2,75,40,7,110,52.6,3,2,0,5,50,-1.7666666666666666,0.41065079365079377,0.06764285714285717,Low
3,2,7.3,62,63,75,54,55.0,6,4,0,5,28,0.5,0.7278571428571429,0.3492857142857142,Low
3,6,5.6,67,52,56,72,46.4,2,4,2,5,149,-0.13333333333333333,0.09419047619047619,0.3412857142857143,Low
3,4,6.9,72,59,22,6,42.8,2,11,2,6,10,-1.2666666666666666,0.1088571428571427,0.12078571428571415,Low
23,10,7.7,69,54,36,180,37.5,0,11,3,7,65,-0.8,-0.06964285714285715,-0.14321428571428574,High
12,4,7.7,71,32,42,96,66.3,6,5,1,2,39,-0.6,1.3187380952380952,0.5643571428571427,High
7,9,7.3,78,34,88,35,35.0,4,6,0,7,11,0.9333333333333333,-0.25515873015873014,-0.16107142857142853,Low
8,3,6.7,79,29,119,113,46.4,4,3,1,1,50,1.9666666666666666,0.23736507936507933,0.2777142857142857,Low
4,5,8.5,80,27,50,72,43.2,1,13,0,5,77,-0.3333333333333333,0.20495238095238105,-0.020071428571428438,Low
2,11,7.1,64,64,78,93,43.9,3,13,1,3,128,0.6,0.39311904761904753,0.31592857142857145,Moderate
6,1,5.0,90,38,11,71,51.1,3,4,0,5,93,-1.6333333333333333,0.37124603174603177,0.4747857142857143,Moderate
11,0,7.8,80,29,25,45,47.3,3,8,1,9,37,-1.1666666666666667,0.3142142857142856,0.020071428571428518,Low
3,6,6.2,80,48,135,68,41.3,6,6,0,14,40,2.5,0.19834126984126976,0.3379285714285713,Moderate
11,5,6.7,85,49,141,135,58.3,2,6,0,3,56,2.7,0.7711190476190476,0.7754285714285712,High
4,8,6.9,87,59,49,98,46.8,3,11,2,5,20,-0.36666666666666664,0.4577460317460316,0.30828571428571416,Moderate
12,12,5.6,62,49,69,81,44.4,4,11,1,2,46,0.3,0.39752380952380945,0.5137857142857143,Moderate
4,4,6.4,70,52,80,109,35.0,3,4,0,6,43,0.6666666666666666,-0.311031746031746,-0.0807142857142858,Low
4,3,6.7,91,38,49,91,56.6,4,6,1,15,90,-0.36666666666666664,0.7790634920634921,0.49442857142857144,High
7,6,7.0,77,50,78,54,43.3,5,3,0,2,36,0.6,0.09897619047619036,0.029714285714285638,Low
3,19,7.4,65,30,141,38,42.1,2,4,0,10,59,2.7,-0.13708730158730154,0.10978571428571428,Moderate
6,4,8.3,83,48,65,24,42.5,6,13,1,5,165,0.16666666666666666,0.45345238095238094,0.03142857142857129,Moderate
12,16,6.3,84,52,67,111,58.7,3,9,4,3,113,0.23333333333333334,0.9362619047619049,0.7581428571428572,High
8,14,7.1,89,63,10,35,44.0,3,2,0,13,70,-1.6666666666666667,-0.05968253968253967,-0.1653571428571428,Moderate
10,3,6.0,76,47,180,76,52.3,4,5,2,2,47,4.0,0.5331825396825396,0.7868571428571427,High
16,6,7.4,60,21,82,33,45.9,3,9,0,20,33,0.7333333333333333,0.273595238095238,0.21914285714285703,Moderate
5,2,8.4,55,44,64,26,55.2,1,3,2,5,180,0.13333333333333333,0.3366984126984129,0.10671428571428573,Low
6,5,6.9,76,26,94,33,49.9,3,5,3,2,36,1.1333333333333333,0.31073809523809515,0.3423571428571427,Low
9,13,7.8,64,29,70,97,47.4,4,9,1,5,64,0.3333333333333333,0.4788730158730158,0.16414285714285712,Low
2,2,6.3,74,65,31,12,37.4,5,7,2,2,88,-0.9666666666666667,-0.0703333333333334,-0.027999999999999997,Low
16,4,8.3,81,50,85,20,47.6,1,7,0,20,97,0.8333333333333334,0.13088888888888897,0.06299999999999992,Moderate
16,9,6.5,64,52,111,92,65.7,3,2,1,9,5,1.7,0.9801507936507937,0.8431428571428572,High
1,2,5.9,70,54,28,60,36.5,3,3,0,5,16,-1.0666666666666667,-0.3336904761904762,-0.10678571428571436,Low
7,5,6.9,74,33,82,22,53.1,2,4,0,5,14,0.7333333333333333,0.3401349206349207,0.3797857142857142,Moderate
8,3,7.2,76,47,85,92,53.7,2,8,0,11,49,0.8333333333333334,0.5877698412698414,0.46707142857142864,Moderate
7,5,6.9,75,24,64,51,42.9,5,14,0,14,155,0.13333333333333333,0.4704999999999999,0.3144999999999999,Moderate
11,8,5.2,71,16,28,51,44.4,4,4,1,16,22,-1.0666666666666667,0.11419047619047612,0.2812857142857142,Low
10,5,5.3,73,58,32,13,55.4,5,5,0,4,62,-0.9333333333333333,0.6693492063492064,0.6323571428571427,Moderate
3,5,7.8,90,45,122,132,45.1,5,2,0,9,23,2.066666666666667,0.23092857142857148,0.02514285714285719,Moderate
3,8,5.4,61,63,19,71,52.0,4,13,2,16,37,-1.3666666666666667,0.7998412698412699,0.7089285714285714,Moderate
17,1,5.9,83,39,79,47,56.4,3,9,1,6,48,0.6333333333333333,0.7616507936507936,0.789142857142857,High
12,8,4.9,72,28,53,115,38.5,5,3,0,6,53,-0.23333333333333334,-0.049246031746031746,0.1907142857142857,Moderate
6,3,7.7,55,66,21,67,51.4,6,12,2,4,180,-1.3,0.8660158730158731,0.2648571428571428,Moderate
4,3,7.7,69,56,39,120,38.5,1,8,2,16,133,-0.7,-0.13178571428571428,-0.19142857142857145,Low
7,14,7.4,73,30,20,102,35.1,0,3,0,19,78,-1.3333333333333333,-0.5500238095238096,-0.4312857142857143,Moderate
14,0,6.2,69,51,15,74,35.0,4,6,0,9,14,-1.5,-0.2118253968253968,-0.15107142857142858,Low
4,5,6.7,86,36,20,62,48.3,5,8,1,3,31,-1.3333333333333333,0.5114365079365079,0.23007142857142848,Low
2,12,6.8,67,21,63,125,35.0,6,2,1,9,41,0.1,-0.16468253968253968,-0.25035714285714283,Moderate
4,4,7.2,57,30,85,13,42.3,5,2,0,4,85,0.8333333333333334,-0.027293650793650925,-0.046357142857143,Low
12,4,7.8,67,55,52,35,45.5,3,3,0,8,101,-0.26666666666666666,0.04353174603174606,-0.10928571428571424,Low
17,15,7.5,66,65,10,128,39.7,4,3,1,14,107,-1.6666666666666667,-0.04746825396825383,-0.3357857142857142,High
11,2,6.2,74,16,64,31,49.1,0,8,1,8,42,0.13333333333333333,0.1796587301587302,0.45157142857142857,Moderate
1,6,6.0,55,42,24,15,57.0,1,7,1,9,18,-1.2,0.5483333333333333,0.5950000000000001,Moderate
14,1,7.5,83,58,54,95,50.2,6,18,1,3,15,-0.2,1.0574126984126986,0.5177857142857143,Moderate
6,5,6.9,67,25,16,128,57.5,3,3,1,4,111,-1.4666666666666666,0.6868650793650793,0.3182142857142857,Moderate
4,4,7.4,92,62,116,135,54.6,3,7,1,20,135,1.8666666666666667,0.7070000000000002,0.508,Moderate
5,10,6.4,69,33,106,99,40.8,5,9,1,17,12,1.5333333333333334,0.25076190476190463,0.301142857142857,Moderate
6,6,5.0,84,26,7,62,38.7,3,2,0,6,180,-1.7666666666666666,-0.2681825396825396,0.0356428571428572,Moderate
13,9,7.3,72,55,19,159,37.8,1,9,0,11,73,-1.3666666666666667,-0.08423809523809535,-0.1638571428571429,Moderate
13,2,6.0,73,35,180,13,35.0,2,4,0,10,75,4.0,-0.4843650793650794,0.23928571428571427,High
5,14,8.3,64,48,121,30,62.1,1,4,0,7,87,2.033333333333333,0.687357142857143,0.502285714285714,High
4,1,6.1,89,52,134,180,55.2,1,3,1,8,68,2.466666666666667,0.507809523809524,0.6842142857142859,Moderate
13,5,6.3,80,20,83,121,43.1,5,7,0,4,109,0.7666666666666667,0.3072777777777778,0.2730000000000001,Moderate
6,5,8.5,73,49,52,37,45.8,6,21,0,12,13,-0.26666666666666666,0.902111111111111,0.2915,Moderate
3,4,7.7,63,57,14,85,50.2,4,5,1,16,103,-1.5333333333333334,0.4486825396825399,0.011357142857142885,Low
1,1,7.0,68,54,151,21,50.8,4,9,0,8,55,3.033333333333333,0.5474285714285713,0.608642857142857,Moderate
3,6,6.3,81,25,51,24,42.1,5,2,0,7,94,-0.3,-0.02407142857142852,0.020142857142857178,Low
18,2,6.9,62,12,121,103,65.9,5,1,2,14,6,2.033333333333333,1.098992063492064,0.7755714285714287,High
1,1,4.6,77,56,41,49,45.1,3,9,1,7,22,-0.6333333333333333,0.2553730158730159,0.5826428571428572,Moderate
1,1,6.6,73,45,38,121,48.8,5,3,1,7,74,-0.7333333333333333,0.4209206349206348,0.1647142857142857,Low
3,6,5.7,83,61,101,53,41.9,3,10,2,6,56,1.3666666666666667,0.15153174603174596,0.4727142857142856,Moderate
10,3,7.4,65,52,32,23,35.0,5,14,1,10,9,-0.9333333333333333,0.08388888888888887,-0.09000000000000004,Low
3,10,6.1,76,36,64,61,35.0,5,5,0,20,65,0.13333333333333333,-0.19531746031746033,-0.03964285714285708,Low
10,6,6.6,80,50,38,116,45.8,1,1,0,11,180,-0.7333333333333333,-0.05773015873015882,0.017571428571428543,Moderate
11,5,8.0,73,34,35,97,54.0,2,7,1,4,80,-0.8333333333333334,0.5711111111111111,0.1825,Moderate
3,2,6.6,62,39,123,39,35.0,3,4,1,11,180,2.1,-0.3888095238095238,-0.008214285714285646,Low
1,5,7.6,88,32,47,79,70.0,1,7,2,8,6,-0.43333333333333335,1.2044444444444447,0.7625,High
14,18,7.9,83,41,112,86,51.8,4,19,0,4,30,1.7333333333333334,1.0217936507936507,0.6693571428571428,High
12,4,6.5,82,34,131,30,50.5,5,6,1,6,180,2.3666666666666667,0.503452380952381,0.5514285714285714,High
7,12,6.8,82,35,12,164,57.2,7,5,3,12,72,-1.6,1.0514603174603177,0.3738571428571429,High
2,7,5.6,76,28,34,51,56.0,1,11,1,11,114,-0.8666666666666667,0.6861904761904764,0.7742857142857145,Moderate
10,8,7.0,76,34,50,93,49.7,3,5,1,7,86,-0.3333333333333333,0.36840476190476207,0.20885714285714296,Moderate
8,5,6.9,75,45,26,59,62.4,6,1,1,15,101,-1.1333333333333333,0.9592698412698413,0.43307142857142855,Moderate
8,12,5.7,83,52,115,44,54.7,1,2,1,6,86,1.8333333333333333,0.2984841269841271,0.663142857142857,High
7,3,7.0,80,54,67,24,35.0,6,5,0,20,163,0.23333333333333334,-0.16976190476190475,-0.18964285714285714,Low
4,7,7.6,60,50,180,107,64.0,2,4,0,5,20,4.0,0.9250793650793652,0.8292857142857142,High
5,2,6.3,76,49,62,107,41.0,2,8,0,2,30,0.06666666666666667,0.032936507936507944,0.1860714285714286,Low
3,5,7.9,61,33,4,90,57.0,2,4,1,7,142,-1.8666666666666667,0.5911904761904763,0.1267857142857142,Moderate
4,4,7.8,85,28,157,66,45.7,3,10,1,2,59,3.2333333333333334,0.3369761904761906,0.3592142857142858,Moderate
24,10,7.0,71,36,56,44,52.3,5,20,0,13,31,-0.13333333333333333,1.1000079365079363,0.7304285714285714,High
1,5,7.9,55,67,64,57,52.1,8,3,1,11,112,0.13333333333333333,0.698309523809524,0.1012142857142857,Moderate
4,13,8.0,77,40,152,35,44.9,3,1,1,17,69,3.066666666666667,-0.054896825396825444,0.030571428571428555,Moderate
24,3,6.8,82,33,93,49,36.0,2,2,0,6,46,1.1,-0.4707936507936509,-0.14535714285714285,High
9,4,7.4,88,49,62,40,54.1,3,9,0,4,142,0.06666666666666667,0.6503730158730159,0.41514285714285715,High
5,3,8.6,65,47,74,39,53.7,2,10,1,2,76,0.4666666666666667,0.600309523809524,0.2517142857142859,Moderate
5,7,6.6,76,47,169,39,50.3,3,7,0,9,34,3.6333333333333333,0.40683333333333327,0.6515,Moderate
4,16,7.0,67,50,42,55,52.1,8,10,2,9,37,-0.6,0.9460873015873017,0.40371428571428575,Moderate
13,2,6.1,81,53,50,35,35.0,7,14,1,8,56,-0.3333333333333333,0.2305555555555555,0.18250000000000008,Moderate
2,3,5.6,68,57,161,113,37.5,2,4,2,7,139,3.3666666666666667,-0.26075396825396824,0.33678571428571435,Moderate
2,4,6.6,81,56,19,63,42.8,3,9,1,9,67,-1.3666666666666667,0.1674285714285713,0.10864285714285711,Low
1,10,7.5,69,43,180,103,38.3,4,9,1,4,74,4.0,0.0760396825396824,0.21864285714285706,Moderate
6,7,7.1,65,33,41,72,44.1,3,2,1,6,127,-0.6333333333333333,-0.014071428571428499,-0.08485714285714277,Low
8,6,7.9,70,28,64,20,59.0,4,10,2,3,96,0.13333333333333333,0.9510317460317461,0.5082142857142856,High
5,6,7.6,78,36,51,41,38.4,2,3,2,8,115,-0.3,-0.335968253968254,-0.28978571428571426,Low
4,11,6.1,74,34,110,48,46.0,0,6,2,18,91,1.6666666666666667,-0.012380952380952374,0.43392857142857144,Moderate
10,3,7.2,67,50,180,50,58.4,1,13,1,5,32,4.0,0.8645079365079366,0.9884285714285714,High
1,4,6.4,68,41,85,22,48.5,4,3,1,3,65,0.8333333333333334,0.23075396825396827,0.30821428571428566,Low
3,11,5.9,72,51,52,180,51.4,2,2,1,5,93,-0.26666666666666666,0.36776190476190473,0.37164285714285694,Moderate
7,5,5.8,63,12,110,103,49.9,3,10,0,9,23,1.6666666666666667,0.5670873015873016,0.7177142857142856,High
9,2,7.5,67,42,44,116,45.2,3,5,1,2,40,-0.5333333333333333,0.19146031746031758,-0.02864285714285708,Low
12,13,5.4,71,54,48,77,48.7,1,5,1,6,12,-0.4,0.172293650793651,0.45385714285714274,High
7,9,7.2,66,56,102,31,49.9,1,3,1,11,27,1.4,0.10375396825396818,0.2527142857142856,Low
6,4,5.6,83,48,5,117,48.7,0,3,1,7,83,-1.8333333333333333,0.07864285714285732,0.25421428571428584,Low
8,2,8.0,81,27,18,31,42.6,6,11,1,4,5,-1.4,0.3943015873015874,-0.08771428571428568,Low
5,6,7.4,68,47,134,35,44.3,3,8,2,4,24,2.466666666666667,0.16810317460317448,0.2725714285714284,Moderate
8,4,6.8,89,59,84,88,68.1,2,4,0,8,172,0.8,1.088468253968254,0.8522857142857141,High
7,4,7.4,74,39,13,29,41.7,1,3,0,3,39,-1.5666666666666667,-0.2674682539682538,-0.2507857142857143,Low
9,6,6.3,60,25,41,79,65.5,5,3,1,4,122,-0.6333333333333333,1.1257539682539683,0.7257142857142856,High
2,21,7.9,76,55,108,139,46.7,5,6,3,11,66,1.6,0.45356349206349217,0.13492857142857143,Moderate
6,5,6.3,72,35,36,48,48.8,4,3,0,13,180,-0.8,0.27314285714285697,0.2122142857142857,Moderate
8,3,7.1,69,29,18,24,62.2,3,5,0,7,54,-1.4,0.8542380952380954,0.48635714285714293,Moderate
9,1,5.6,75,70,64,150,35.0,7,9,1,8,42,0.13333333333333333,0.17976190476190473,0.1621428571428572,Moderate
4,3,6.6,75,47,42,69,51.9,7,0,2,6,144,-0.6,0.5288333333333334,0.18200000000000005,Low
4,2,7.6,78,46,125,55,43.7,4,8,0,1,39,2.1666666666666665,0.2299920634920636,0.1970714285714287,Low
6,5,7.5,71,25,52,157,52.2,1,4,1,6,140,-0.26666666666666666,0.3829682539682542,0.17278571428571438,Moderate
1,6,6.1,70,37,18,180,35.0,4,10,0,6,49,-1.4,0.048809523809523817,-0.011785714285714219,Low
19,9,7.8,60,27,68,112,49.2,2,5,1,4,49,0.26666666666666666,0.30034920634920653,0.09885714285714299,High
6,1,6.2,62,38,62,180,56.8,0,13,3,8,52,0.06666666666666667,0.8702857142857141,0.8204285714285714,High
12,12,6.6,79,45,79,10,44.5,3,3,0,10,71,0.6333333333333333,-0.029246031746031728,0.1382142857142858,Moderate
4,12,6.1,74,53,31,80,38.4,0,8,1,12,7,-0.9666666666666667,-0.24739682539682548,0.0655714285714286,Low
6,16,6.3,79,44,87,50,43.3,2,12,1,7,40,0.9,0.21596031746031735,0.43185714285714283,Moderate
7,1,5.6,63,39,58,92,60.2,6,6,0,6,84,-0.06666666666666667,1.0755079365079365,0.8174285714285716,High
13,14,7.4,82,48,67,50,60.8,2,21,0,16,141,0.23333333333333334,1.3248888888888886,0.9714999999999998,High
1,4,5.2,79,49,48,48,52.7,3,10,1,2,155,-0.4,0.6319761904761906,0.7517142857142857,Moderate
9,3,8.1,88,34,101,99,49.0,2,2,1,13,143,1.3666666666666667,0.1697619047619048,0.037142857142857214,Moderate
12,3,7.1,76,43,99,90,41.7,3,4,1,10,30,1.3,-0.030642857142857,0.04528571428571444,Moderate
4,9,6.9,75,34,21,30,53.7,2,3,2,12,33,-1.3,0.340309523809524,0.21671428571428578,Moderate
3,7,8.2,68,62,124,180,48.5,4,21,0,0,51,2.1333333333333333,1.0491666666666668,0.6050000000000002,Moderate
7,11,8.4,75,35,13,40,45.5,4,3,1,4,180,-1.5666666666666667,0.1157539682539683,-0.31178571428571433,Low
8,6,6.9,81,50,176,80,47.7,3,4,1,6,68,3.8666666666666667,0.2282460317460319,0.45278571428571424,High
5,5,6.4,91,42,107,27,45.1,4,2,0,7,28,1.5666666666666667,0.047595238095238177,0.23264285714285707,Moderate
2,1,7.2,75,37,78,77,57.0,5,7,0,7,60,0.6,0.8838888888888888,0.52,Moderate
1,2,7.0,74,75,84,68,50.9,6,10,0,7,92,0.8,0.7731984126984125,0.4727142857142857,Low
7,3,6.1,66,61,123,33,60.1,0,3,2,8,33,2.1,0.498309523809524,0.8037142857142858,High
6,2,7.1,91,38,24,14,51.9,4,12,0,8,92,-1.2,0.6962936507936508,0.39235714285714296,Low
2,9,5.7,89,52,64,180,43.3,6,11,1,6,50,0.13333333333333333,0.5913571428571428,0.4507857142857142,High
1,1,7.0,79,53,20,149,39.9,1,8,0,2,89,-1.3333333333333333,-0.03656349206349212,-0.07442857142857146,Low
2,8,6.4,72,47,20,73,50.6,5,2,1,5,16,-1.3333333333333333,0.4128730158730159,0.18014285714285705,Low
3,3,6.4,69,29,20,6,49.8,4,3,2,2,68,-1.3333333333333333,0.2714761904761904,0.1847142857142856,Low
3,6,5.8,71,46,26,57,54.4,3,7,2,4,42,-1.1333333333333333,0.6113333333333334,0.557,Low
5,3,6.5,71,31,89,19,49.6,5,16,3,17,33,0.9666666666666667,0.807873015873016,0.7051428571428573,Moderate
21,6,6.2,69,48,137,85,44.3,3,7,2,11,85,2.566666666666667,0.1879444444444443,0.4614999999999999,High
1,4,7.2,91,52,12,24,66.1,4,1,0,3,4,-1.6,0.953547619047619,0.4565714285714283,Moderate
10,2,7.3,65,36,79,21,70.0,5,6,1,20,58,0.6333333333333333,1.370952380952381,0.8664285714285713,High
12,9,8.0,80,45,13,78,48.1,4,12,1,15,125,-1.5666666666666667,0.596404761904762,0.09335714285714294,High
18,7,8.1,63,34,11,64,42.2,3,2,3,12,47,-1.6333333333333333,-0.10846031746031734,-0.39185714285714274,Low
9,3,6.9,73,36,45,67,35.0,5,5,1,4,13,-0.5,-0.18865079365079365,-0.2271428571428572,Low
12,4,6.4,90,22,85,20,53.4,3,9,0,8,34,0.8333333333333334,0.5966507936507937,0.6266428571428571,High
2,6,5.6,84,57,25,52,42.6,4,6,0,6,34,-1.1666666666666667,0.10573015873015879,0.20692857142857146,Low
12,6,9.0,75,37,14,11,50.1,2,3,1,4,27,-1.5333333333333334,0.15719841269841284,-0.2762857142857142,Moderate
4,3,9.0,73,41,37,47,35.0,2,10,1,11,48,-0.7666666666666667,-0.23230158730158731,-0.47178571428571425,Low
6,3,7.3,63,44,22,20,41.5,5,12,0,4,2,-1.2666666666666666,0.30162698412698413,0.04035714285714291,Low
2,1,7.8,85,32,81,37,35.9,2,6,1,2,112,0.7,-0.34576984126984134,-0.2390714285714286,Low
3,9,6.9,58,51,78,13,50.8,3,14,0,2,18,0.6,0.6504444444444442,0.5864999999999999,Low
4,6,6.0,66,53,40,88,42.0,4,2,1,4,46,-0.6666666666666666,-0.024126984126984122,0.042142857142857114,Low
4,5,6.6,82,42,142,9,43.4,6,9,0,10,144,2.7333333333333334,0.33442857142857135,0.43414285714285716,Moderate
3,9,6.4,69,65,48,156,41.1,4,6,1,4,38,-0.4,0.15378571428571436,0.07942857142857139,Low
5,3,7.0,75,40,94,12,52.0,1,8,2,13,125,1.1333333333333333,0.35571428571428576,0.47357142857142853,Moderate
6,13,5.9,70,51,123,122,46.7,5,9,0,9,107,2.1,0.5418174603174604,0.6081428571428571,Moderate
7,5,6.8,86,62,8,64,43.7,1,9,2,8,49,-1.7333333333333334,0.07570634920634933,0.07314285714285726,Moderate
3,6,6.9,81,39,50,63,51.2,3,7,1,1,127,-0.3333333333333333,0.4740000000000001,0.3285,Low
18,4,6.1,64,47,44,56,45.1,5,8,0,20,180,-0.5333333333333333,0.3607698412698413,0.2990714285714287,High
1,4,8.7,75,46,44,53,53.1,1,9,0,20,112,-0.5333333333333333,0.486484126984127,0.11264285714285727,Low
7,6,6.6,69,55,92,180,47.3,4,1,0,15,16,1.0666666666666667,0.2808809523809523,0.19757142857142856,Moderate
11,14,7.8,72,37,20,139,54.8,2,13,1,5,50,-1.3333333333333333,0.868063492063492,0.3754285714285714,High
5,2,5.9,81,36,30,26,53.6,2,19,0,14,33,-1.0,0.9027936507936509,0.8683571428571428,Moderate
15,9,7.1,75,39,180,38,46.9,7,4,1,3,38,4.0,0.4122460317460317,0.4037857142857143,High
5,1,6.4,70,33,102,41,52.5,4,4,2,10,19,1.4,0.4675793650793651,0.4992857142857142,High
13,4,6.8,76,64,76,27,57.1,5,8,1,10,68,0.5333333333333333,0.8685476190476191,0.6165714285714287,High
2,3,5.4,83,42,119,101,58.5,3,11,1,3,89,1.9666666666666666,0.9875793650793651,1.0967857142857143,High
11,2,5.9,74,26,58,47,54.4,4,6,0,14,83,-0.06666666666666667,0.6311746031746032,0.5909285714285714,High
2,4,5.4,80,48,101,60,43.9,5,11,0,13,64,1.3666666666666667,0.4183571428571428,0.6137857142857142,Moderate
12,9,6.9,68,44,32,180,39.8,1,3,1,11,108,-0.9333333333333333,-0.18519047619047632,-0.17278571428571443,Moderate
17,5,7.0,79,43,72,12,56.0,5,2,0,4,150,0.4,0.5880952380952381,0.3671428571428571,High
12,6,7.3,92,32,29,15,47.1,6,1,2,10,65,-1.0333333333333334,0.22188095238095243,-0.08842857142857134,High
8,7,7.2,63,30,26,83,54.0,0,3,1,20,39,-1.1333333333333333,0.27936507936507937,0.1857142857142857,Moderate
11,13,7.8,99,53,38,32,50.5,3,8,1,5,23,-0.7333333333333333,0.44376984126984126,0.14857142857142863,High
2,11,6.3,88,28,85,105,59.5,5,6,0,15,145,0.8333333333333334,0.9917857142857143,0.7414285714285714,High
18,1,5.8,81,39,33,97,43.8,2,6,1,11,16,-0.9,0.07639682539682527,0.22792857142857137,Moderate
16,9,5.8,72,28,129,151,46.6,6,7,2,6,117,2.3,0.5647777777777779,0.5805,High
7,1,6.1,73,34,68,28,42.8,2,2,1,4,6,0.26666666666666666,-0.18812698412698425,0.11864285714285709,Moderate
7,11,7.3,56,43,121,97,65.2,1,5,0,8,180,2.033333333333333,0.9370158730158734,0.7988571428571429,High
13,12,6.4,71,26,105,27,54.4,7,5,0,4,35,1.5,0.7732380952380954,0.5923571428571428,High
6,4,6.7,81,42,95,72,40.3,3,1,0,12,180,1.1666666666666667,-0.22078571428571442,-0.022428571428571548,Moderate
5,3,8.3,69,43,61,63,37.6,3,3,1,4,33,0.03333333333333333,-0.2808571428571428,-0.41128571428571437,Low
2,3,6.2,65,26,83,135,43.8,1,4,1,3,33,0.7666666666666667,-0.01947619047619059,0.22578571428571417,Moderate
1,6,5.4,69,51,76,117,46.3,4,2,1,1,19,0.5333333333333333,0.20159523809523794,0.36614285714285694,Low
7,7,7.0,71,38,21,29,57.5,4,6,0,2,51,-1.3,0.7506746031746031,0.3989285714285714,Moderate
8,5,5.9,78,38,52,66,35.0,0,4,0,8,8,-0.26666666666666666,-0.5588095238095238,-0.06321428571428579,Low
3,20,6.2,63,46,61,180,42.6,6,2,1,4,27,0.03333333333333333,0.2384285714285715,0.0776428571428571,Moderate
3,20,6.2,66,41,148,82,35.0,3,14,1,5,103,2.933333333333333,0.016111111111111104,0.4099999999999999,High
9,7,6.4,69,45,96,107,41.7,7,3,2,6,67,1.2,0.21919841269841284,0.13171428571428573,Moderate
13,12,6.4,69,51,91,167,52.0,3,15,0,5,52,1.0333333333333334,0.9112698412698412,0.7710714285714285,High
1,8,6.7,71,56,49,62,51.0,3,3,2,12,37,-0.36666666666666664,0.3210317460317461,0.2407142857142857,Low
17,3,6.4,66,43,65,38,51.7,4,21,0,20,16,0.16666666666666666,1.0353888888888891,0.8685,High
14,3,5.1,63,56,62,64,52.6,1,9,0,6,45,0.06666666666666667,0.47620634920634936,0.7726428571428573,High
1,12,6.8,80,53,59,52,56.5,4,4,1,8,111,-0.03333333333333333,0.6598015873015872,0.4417857142857143,Moderate
2,3,8.0,74,39,69,62,47.5,3,1,0,6,15,0.3,0.09210317460317463,-0.09892857142857145,Low
2,1,6.2,88,43,48,73,48.4,5,10,0,1,93,-0.4,0.5995873015873016,0.4477142857142856,Moderate
3,4,7.6,74,36,41,96,57.1,5,6,0,13,28,-0.6333333333333333,0.8737857142857144,0.3319285714285715,Low
3,3,6.6,86,59,105,91,48.2,0,6,1,11,48,1.5,0.13439682539682557,0.3999285714285716,Low
12,4,6.5,88,34,8,77,42.5,3,3,3,5,89,-1.7333333333333334,-0.04480158730158729,-0.08178571428571431,Low
14,6,6.3,88,55,70,59,36.7,7,2,0,6,55,0.3333333333333333,-0.09484920634920624,-0.09435714285714278,Moderate
11,7,6.6,77,35,14,11,36.8,3,11,1,5,180,-1.5333333333333334,-0.08892063492063507,-0.026714285714285746,Moderate
1,1,7.8,76,68,64,21,52.0,0,7,1,10,76,0.13333333333333333,0.26333333333333336,0.23000000000000004,Low
6,10,5.9,69,34,39,42,35.0,1,6,0,1,34,-0.7,-0.4473809523809524,-0.038571428571428645,Low
6,13,6.4,68,46,43,64,39.7,2,11,1,3,83,-0.5666666666666667,0.03380158730158742,0.16778571428571432,Low
3,7,8.6,75,36,82,50,35.0,2,3,1,12,18,0.7333333333333333,-0.478968253968254,-0.48928571428571427,Low
8,4,6.3,66,29,85,31,52.2,5,2,0,6,42,0.8333333333333334,0.43820634920634927,0.40814285714285714,Moderate
6,3,7.2,73,38,167,39,58.3,2,6,1,9,12,3.566666666666667,0.6644523809523809,0.7529285714285712,Moderate
7,1,7.6,88,35,56,80,44.0,3,7,1,8,77,-0.13333333333333333,0.16888888888888892,0.005000000000000069,Low
10,3,5.6,93,18,11,133,46.2,3,7,0,12,94,-1.6333333333333333,0.32677777777777794,0.30850000000000016,Moderate
1,6,7.6,64,57,35,49,58.0,4,7,1,13,25,-0.8333333333333334,0.8311111111111111,0.3725000000000001,Moderate
1,5,6.4,62,35,36,28,50.2,0,2,3,1,121,-0.8,0.011539682539682655,0.20814285714285713,Low
13,6,6.7,74,45,130,64,53.4,2,5,2,10,14,2.3333333333333335,0.436015873015873,0.5723571428571428,Moderate
6,6,8.7,84,45,79,31,56.2,4,8,0,3,17,0.6333333333333333,0.765825396825397,0.2645714285714288,Moderate
16,6,6.6,70,56,82,11,50.7,4,6,0,3,75,0.7333333333333333,0.4246746031746033,0.41742857142857154,Low
13,3,7.1,79,39,13,74,44.1,5,4,1,12,58,-1.5666666666666667,0.19291269841269848,-0.0977142857142856,Low
9,3,6.5,55,48,5,65,45.3,2,9,0,13,180,-1.8333333333333333,0.21548412698412686,0.16614285714285706,Low
4,7,7.3,83,27,130,40,56.8,4,2,1,2,48,2.3333333333333335,0.5885396825396824,0.48364285714285704,High
5,7,7.1,80,49,112,19,46.8,2,10,1,20,39,1.7333333333333334,0.2675873015873015,0.4022142857142857,Moderate
4,21,6.1,62,40,139,38,66.3,3,4,1,6,30,2.6333333333333333,1.018579365079365,1.0582857142857143,High
3,1,7.4,84,43,114,15,43.3,1,2,0,1,16,1.8,-0.24673809523809537,0.02114285714285699,Low
5,14,7.0,75,39,26,146,45.4,7,5,1,4,62,-1.1333333333333333,0.5004603174603174,0.019857142857142823,Moderate
11,10,6.2,79,38,101,42,45.0,3,5,0,6,77,1.3666666666666667,0.10023809523809524,0.3353571428571428,Moderate
14,9,7.6,83,43,68,47,55.2,4,9,1,6,54,0.26666666666666666,0.7743174603174604,0.4281428571428573,High
1,6,6.8,72,30,122,38,42.2,2,7,3,3,28,2.066666666666667,-0.02544444444444431,0.2560000000000001,Low
4,2,7.6,72,53,131,23,61.1,3,12,0,7,40,2.3666666666666667,1.053626984126984,0.8483571428571431,High
1,7,6.4,58,12,58,133,50.7,5,9,1,9,56,-0.06666666666666667,0.7340396825396827,0.47814285714285715,Moderate
14,2,6.9,86,30,78,117,45.7,2,4,1,7,58,0.6,0.11269047619047633,0.1477857142857143,Moderate
11,4,7.3,64,43,69,57,57.0,4,13,1,9,53,0.3,1.0092857142857143,0.6514285714285715,High
7,1,6.2,64,42,134,57,40.5,2,11,1,8,50,2.466666666666667,0.06202380952380952,0.45428571428571424,Low
3,4,7.3,76,64,41,35,35.0,2,8,1,3,85,-0.6333333333333333,-0.3170634920634921,-0.22142857142857136,Low
5,1,5.9,69,44,104,21,46.0,2,19,2,4,35,1.4666666666666666,0.5552380952380953,0.8253571428571428,Moderate
19,6,6.6,69,66,25,64,50.2,2,3,1,6,62,-1.1666666666666667,0.22058730158730175,0.17421428571428582,High
6,10,7.3,59,62,62,110,48.5,2,2,3,4,64,0.06666666666666667,0.159484126984127,0.06464285714285717,Moderate
7,3,7.1,75,41,76,145,35.1,3,3,0,4,2,0.5333333333333333,-0.3022460317460317,-0.23878571428571418,Low
1,2,7.0,65,42,61,56,46.6,4,10,1,3,133,0.03333333333333333,0.4330317460317461,0.28621428571428575,Low
1,13,8.8,75,39,105,31,55.0,2,6,0,6,52,1.5,0.5070634920634921,0.21892857142857125,Moderate
2,6,8.3,66,48,37,123,44.8,6,13,0,6,57,-0.7666666666666667,0.6669523809523807,0.030428571428571215,Low
3,4,7.5,75,53,26,82,57.8,1,13,0,20,68,-1.1333333333333333,0.8730634920634921,0.5329285714285714,Moderate
4,3,7.1,70,39,146,180,59.4,4,4,0,3,79,2.8666666666666667,0.9325238095238095,0.6937857142857142,High
5,5,7.4,65,53,22,82,53.5,3,9,2,2,117,-1.2666666666666666,0.6700396825396826,0.29714285714285715,Moderate
9,10,8.3,72,32,57,177,52.8,1,7,2,2,103,-0.1,0.5393333333333333,0.14899999999999983,High
11,1,6.3,71,48,23,115,54.5,3,8,0,13,48,-1.2333333333333334,0.7159920634920635,0.49357142857142855,Moderate
1,3,6.3,82,58,84,18,50.8,3,11,0,15,30,0.8,0.5488571428571427,0.6207857142857143,Moderate
2,5,5.7,66,29,31,96,41.9,0,2,0,2,38,-0.9666666666666667,-0.286404761904762,0.06914285714285705,Low
1,6,7.5,77,38,48,47,54.9,2,3,2,7,63,-0.4,0.4131984126984126,0.21521428571428566,High
6,16,5.6,84,38,31,101,45.4,1,6,0,6,67,-0.9666666666666667,0.08617460317460308,0.30592857142857144,Moderate
12,2,5.8,77,70,88,126,51.7,4,2,0,9,44,0.9333333333333333,0.4545952380952383,0.48814285714285727,Moderate
12,2,5.4,75,24,35,76,60.5,4,3,0,14,25,-0.8333333333333334,0.8307539682539682,0.7182142857142855,High
9,5,6.3,77,50,46,21,46.9,2,10,0,5,126,-0.4666666666666667,0.2743095238095238,0.38021428571428567,Moderate
6,3,6.9,69,29,39,12,45.2,3,14,0,4,180,-0.7,0.3973333333333334,0.321,Moderate
4,6,6.2,75,41,33,38,39.8,3,5,0,4,91,-0.9,-0.13820634920634933,0.00935714285714273,Low
7,20,7.3,86,33,34,163,43.7,9,12,0,2,13,-0.8666666666666667,0.8261825396825399,0.136357142857143,Moderate
14,3,8.2,61,33,97,146,48.0,2,4,0,5,80,1.2333333333333334,0.24841269841269847,0.03678571428571442,Moderate
1,2,7.6,67,45,90,84,50.3,2,5,4,11,90,1.0,0.3187380952380952,0.22185714285714286,Moderate
6,12,6.5,71,80,99,180,35.0,2,10,1,3,13,1.3,-0.08452380952380953,0.12071428571428572,Moderate
12,1,5.5,83,34,82,85,41.7,5,6,0,9,51,0.7333333333333333,0.16856349206349222,0.33992857142857147,Moderate
6,4,7.6,73,24,90,172,49.7,6,7,1,3,6,1.0,0.7276111111111113,0.2610000000000002,Moderate
7,2,6.6,67,45,47,61,35.0,2,9,3,7,27,-0.43333333333333335,-0.2524603174603175,-0.05535714285714279,Low
5,8,7.7,84,18,84,45,46.3,8,12,2,2,50,0.8,0.7454047619047618,0.26935714285714274,Moderate
2,4,7.4,68,37,47,63,54.6,4,9,0,14,132,-0.43333333333333335,0.7650952380952382,0.3926428571428572,Moderate
20,3,6.0,80,28,43,51,45.1,4,1,1,3,27,-0.5666666666666667,0.038547619047619136,0.11407142857142859,Moderate
5,2,6.1,75,50,21,112,47.2,3,12,0,8,75,-1.3,0.5270158730158732,0.41885714285714304,Moderate
8,2,7.5,69,18,152,130,57.2,0,1,0,12,134,3.066666666666667,0.4041587301587302,0.4870714285714286,High
1,7,7.6,65,47,153,45,43.9,2,2,1,8,110,3.1,-0.11973809523809531,0.10164285714285715,Low
24,4,6.5,81,39,18,62,45.3,1,12,0,11,42,-1.4,0.25262698412698403,0.28435714285714275,High
5,6,8.0,78,42,180,43,44.4,3,4,0,11,130,4.0,0.038634920634920564,0.17128571428571424,Moderate
5,8,6.5,78,25,131,17,52.5,2,3,2,12,110,2.3666666666666667,0.27186507936507937,0.5257142857142858,High
6,13,6.3,71,58,69,116,45.9,5,17,0,8,94,0.3,0.7848650793650792,0.6077142857142857,High
2,6,5.8,70,19,129,53,41.3,3,9,1,2,26,2.3,0.0888174603174602,0.4786428571428571,Moderate
5,14,6.4,73,25,162,86,50.9,3,5,2,6,44,3.4,0.4146269841269841,0.6298571428571427,High
10,10,6.6,74,52,74,93,59.9,2,18,0,15,7,0.4666666666666667,1.2250238095238095,1.0162857142857142,High
7,4,7.7,77,33,60,66,46.5,5,12,0,10,8,0.0,0.5777380952380954,0.21535714285714286,Moderate
1,7,7.4,74,32,52,63,61.2,5,6,1,11,20,-0.26666666666666666,1.0216190476190476,0.5174285714285713,Low
4,3,7.5,55,40,51,6,52.6,1,12,1,7,25,-0.3,0.5189047619047621,0.410857142857143,Moderate
3,2,6.7,74,26,26,161,35.0,5,1,0,14,64,-1.1333333333333333,-0.22706349206349208,-0.3539285714285715,Low
0,3,7.6,77,32,15,33,37.1,2,4,2,12,8,-1.5,-0.3676428571428571,-0.39021428571428557,Low
2,4,9.0,75,23,53,37,55.5,2,5,0,9,46,-0.23333333333333334,0.5005158730158731,0.040357142857142855,Moderate
6,7,7.6,71,65,53,16,41.4,4,4,0,5,62,-0.23333333333333334,-0.059698412698412764,-0.16621428571428568,Low
5,3,6.6,70,34,44,60,62.0,4,5,0,2,75,-0.5333333333333333,0.9519047619047621,0.6328571428571429,Moderate
5,3,8.5,88,43,16,24,54.8,2,14,0,10,41,-1.4666666666666666,0.7759999999999999,0.27149999999999996,Low
2,10,6.7,66,44,76,112,59.5,1,12,0,8,32,0.5333333333333333,0.9471825396825397,0.8203571428571429,Moderate
3,8,5.8,80,43,10,32,51.1,8,11,1,8,27,-1.6666666666666667,0.9112460317460319,0.5322857142857144,Moderate
6,2,7.5,65,48,111,14,51.8,5,2,0,6,54,1.7,0.4013174603174602,0.2511428571428571,Low
10,1,7.3,71,42,26,135,43.2,5,8,2,20,40,-1.1333333333333333,0.3630476190476191,-0.012928571428571303,Moderate
8,1,6.8,73,58,110,5,51.2,1,9,2,3,31,1.6666666666666667,0.34765079365079377,0.5531428571428573,Low
8,14,6.0,63,66,54,45,45.5,3,2,0,10,34,-0.2,0.018928571428571447,0.1821428571428571,Moderate
7,9,8.4,60,40,110,32,36.2,4,20,0,11,89,1.6666666666666667,0.2955079365079366,0.13742857142857146,Moderate
11,2,6.8,79,16,19,57,49.6,3,2,1,2,46,-1.3666666666666667,0.21676190476190488,0.0776428571428572,Moderate
10,7,6.7,77,36,44,116,42.9,4,10,1,12,180,-0.5333333333333333,0.33319841269841266,0.1852142857142856,Moderate
3,7,5.9,76,29,19,143,46.1,3,8,1,10,66,-1.3666666666666667,0.36910317460317466,0.30157142857142855,Low
9,2,8.5,78,19,162,17,46.2,2,8,1,6,56,3.4,0.16693650793650805,0.20707142857142868,Moderate
6,3,7.1,81,46,55,3,46.4,4,14,2,5,46,-0.16666666666666666,0.508,0.36200000000000004,Low
10,6,6.9,81,52,118,9,42.4,1,6,2,7,9,1.9333333333333333,-0.15104761904761912,0.2059285714285713,Moderate
3,8,8.3,69,38,29,36,36.7,4,1,1,6,11,-1.0333333333333334,-0.3561190476190475,-0.5754285714285714,Low
7,3,8.0,65,50,57,74,54.9,4,2,1,20,35,-0.1,0.5408174603174601,0.12164285714285702,Moderate
8,3,7.6,71,62,70,112,55.9,2,5,1,14,77,0.3333333333333333,0.6018492063492064,0.33985714285714286,Moderate
5,1,6.8,73,56,106,9,56.8,2,6,1,4,24,1.5333333333333334,0.5636190476190476,0.6254285714285713,Moderate
6,1,8.2,63,32,75,55,54.4,3,11,2,11,28,0.5,0.7519682539682541,0.3737857142857144,Moderate
10,3,6.4,55,35,13,88,55.6,3,4,2,13,56,-1.5666666666666667,0.5926349206349207,0.3697857142857142,Low
1,4,6.5,55,43,180,66,50.7,5,1,2,5,48,4.0,0.3738809523809525,0.5370714285714286,Moderate
7,1,8.0,77,45,134,74,53.2,7,15,1,9,20,2.466666666666667,1.1286031746031748,0.6345714285714286,High
6,6,6.5,78,54,77,141,49.6,2,8,0,8,51,0.5666666666666667,0.45771428571428585,0.4465714285714286,Moderate
5,18,7.8,78,28,39,112,54.0,3,13,1,7,24,-0.7,0.8687301587301588,0.39892857142857147,Moderate
6,2,7.5,66,34,50,45,51.7,2,1,1,1,17,-0.3333333333333333,0.19554761904761925,0.06707142857142864,Low
2,1,5.9,73,43,92,48,43.8,4,6,2,2,12,1.0666666666666667,0.15528571428571417,0.35792857142857126,Low
3,7,6.4,69,59,94,32,35.0,4,6,1,7,23,1.1333333333333333,-0.2584920634920635,0.011428571428571357,Low
9,1,7.0,81,40,43,102,39.4,6,9,0,9,101,-0.5666666666666667,0.2577619047619047,-0.003357142857142899,Low
17,3,6.9,85,67,20,180,50.3,5,7,1,5,13,-1.3333333333333333,0.6968333333333332,0.22649999999999992,Moderate
3,2,7.6,79,54,49,67,40.0,1,11,1,5,43,-0.36666666666666664,-0.016031746031746036,-0.01821428571428564,Low
6,6,6.6,68,29,78,94,35.0,1,1,0,9,162,0.6,-0.5681746031746031,-0.20642857142857135,Low
11,4,6.3,81,12,46,29,36.3,4,2,3,19,54,-0.4666666666666667,-0.3461825396825398,-0.16635714285714295,Moderate
9,10,7.1,73,37,55,89,61.7,1,2,1,7,4,-0.16666666666666666,0.6634841269841272,0.47814285714285726,High
4,5,5.6,95,60,43,71,50.4,3,17,1,15,117,-0.5666666666666667,0.804031746031746,0.8002142857142858,High
4,7,9.0,76,51,100,47,51.6,5,6,0,3,24,1.3333333333333333,0.5718412698412699,0.06942857142857148,Low
9,21,6.5,85,33,44,110,48.4,1,6,1,1,104,-0.5333333333333333,0.23117460317460312,0.27092857142857135,High
26,3,7.3,60,40,39,29,65.3,7,5,1,1,22,-0.7,1.2659603174603173,0.5968571428571428,High
5,9,4.9,66,36,26,43,47.5,3,13,1,4,56,-1.1333333333333333,0.4995634920634921,0.6789285714285713,High
4,1,6.8,75,51,76,66,43.2,6,1,0,3,8,0.5333333333333333,0.1030476190476192,-0.000428571428571313,Low
7,5,8.6,87,70,34,130,47.8,3,2,0,4,76,-0.8666666666666667,0.21687301587301575,-0.2538571428571429,Low
18,5,8.0,83,50,65,180,64.3,3,21,1,5,162,0.16666666666666666,1.6935,0.9664999999999998,High
8,9,7.4,66,30,50,28,61.9,3,5,1,11,36,-0.3333333333333333,0.8451825396825398,0.5048571428571427,High
4,1,7.1,73,49,58,82,56.4,2,21,1,8,59,-0.06666666666666667,1.1624444444444444,0.8695,Moderate
22,12,6.0,68,12,150,38,38.6,3,6,1,19,11,3.0,-0.1564920634920634,0.32942857142857146,High
8,6,6.3,75,41,180,100,58.3,1,4,2,19,51,4.0,0.5941349206349206,0.8857857142857142,High
3,0,9.0,76,35,61,69,53.9,3,4,1,7,159,0.03333333333333333,0.49502380952380953,-0.016214285714285712,Moderate
3,4,6.5,70,31,13,66,54.2,2,4,0,6,34,-1.5666666666666667,0.43852380952380976,0.31028571428571433,Low
4,4,7.1,78,50,11,71,55.9,2,21,0,2,130,-1.6333333333333333,1.127722222222222,0.7369999999999999,Moderate
9,6,7.3,63,16,132,77,54.1,2,14,1,4,48,2.4,0.8033888888888889,0.7505,High
4,5,5.9,69,42,147,59,42.2,5,3,1,4,100,2.9,0.055031746031746154,0.36171428571428577,Moderate
1,1,5.8,62,34,50,22,55.7,4,15,0,6,16,-0.3333333333333333,0.983325396825397,0.8845714285714286,Low
5,16,7.5,68,46,52,25,52.7,2,15,0,10,180,-0.26666666666666666,0.718325396825397,0.5020714285714286,Moderate
6,3,7.8,73,30,62,100,46.2,4,3,0,4,180,0.06666666666666667,0.21392063492063504,-0.06328571428571415,Low
5,2,6.8,74,30,28,101,70.0,3,13,0,2,86,-1.0666666666666667,1.5765079365079364,1.0264285714285712,High
9,4,6.3,77,51,9,67,48.5,4,21,0,3,43,-1.7,0.9236111111111112,0.6500000000000001,High
3,1,5.7,82,22,81,48,39.4,2,2,1,5,32,0.7,-0.31890476190476197,0.11914285714285702,Low
9,8,7.8,66,64,156,23,63.4,2,10,1,13,58,3.2,1.019031746031746,0.8877142857142858,High
6,8,6.8,65,43,77,44,37.5,1,15,0,8,66,0.5666666666666667,-0.011230158730158757,0.2310714285714286,Moderate
2,3,6.6,76,36,13,15,54.1,1,5,0,13,30,-1.5666666666666667,0.346404761904762,0.31835714285714295,Low
12,7,5.6,60,66,39,95,50.0,4,4,0,18,83,-0.7,0.4150793650793651,0.4067857142857143,Moderate
11,14,7.5,84,31,81,79,56.0,3,11,1,14,164,0.7,0.8506349206349207,0.5592857142857143,High
9,9,6.2,63,43,13,36,41.5,5,11,0,4,57,-1.5666666666666667,0.2836904761904762,0.18178571428571422,Low
5,1,7.3,75,39,28,121,39.9,0,16,1,11,61,-1.0666666666666667,0.15137301587301583,0.12164285714285718,Low
6,9,7.2,65,32,19,122,40.8,3,8,0,14,64,-1.3666666666666667,0.10726984126984115,-0.08492857142857155,Moderate
3,11,7.0,90,27,31,54,53.0,2,4,1,7,48,-0.9666666666666667,0.3711904761904763,0.23178571428571426,Moderate
16,3,7.4,86,69,25,63,43.8,3,15,1,2,2,-1.1666666666666667,0.4267142857142856,0.1850714285714284,Moderate
9,5,8.7,69,32,174,27,57.8,4,1,1,10,55,3.8,0.5833809523809523,0.3500714285714286,High
10,14,5.5,72,39,102,18,42.9,2,4,1,6,27,1.4,-0.12330952380952387,0.36878571428571416,Moderate
0,2,6.5,58,42,13,72,49.8,5,7,1,8,72,-1.5666666666666667,0.5543333333333332,0.26399999999999996,Low
4,7,6.6,87,54,86,32,37.7,2,6,0,14,48,0.8666666666666667,-0.2703253968253967,0.03742857142857159,Moderate
5,5,6.2,83,39,31,65,51.1,3,4,0,13,36,-0.9666666666666667,0.3645793650793651,0.3147857142857142,Low
9,5,7.1,70,57,90,49,68.6,2,15,2,9,168,1.0,1.460492063492063,1.1440714285714284,High
5,6,6.6,73,42,37,39,46.2,4,6,0,2,89,-0.7666666666666667,0.25328571428571445,0.16992857142857154,Low
8,7,7.1,79,64,110,90,45.8,4,1,1,7,118,1.6666666666666667,0.11338095238095228,0.11007142857142854,Moderate
7,6,5.9,78,18,124,72,55.8,3,2,0,6,3,2.1333333333333333,0.5124285714285712,0.6836428571428569,High
2,11,6.6,75,43,60,59,44.0,3,6,1,5,37,0.0,0.10984126984126985,0.16142857142857148,Low
12,1,8.0,84,21,3,96,35.0,0,18,0,8,8,-1.9,-0.025476190476190527,-0.15321428571428566,Low
16,1,6.6,67,58,65,180,46.7,3,3,0,3,114,0.16666666666666666,0.2586428571428573,0.16921428571428587,Moderate
8,17,8.3,68,25,180,25,62.5,3,2,1,2,66,4.0,0.7617063492063492,0.6046428571428568,High
8,7,4.2,82,14,60,11,40.9,6,2,0,11,180,0.0,-0.025849206349206427,0.374142857142857,Moderate
1,8,5.8,85,39,46,64,49.1,5,1,1,9,67,-0.4666666666666667,0.2996587301587302,0.27657142857142863,Moderate
1,2,6.9,77,63,76,79,41.2,1,11,0,5,34,0.5333333333333333,0.051301587301587424,0.20778571428571432,Low
4,4,6.8,68,30,133,14,51.4,5,3,0,1,21,2.433333333333333,0.419031746031746,0.4452142857142857,Moderate
2,9,7.1,69,30,13,131,48.8,4,5,2,6,49,-1.5666666666666667,0.4367936507936506,0.07185714285714284,Low
3,4,6.9,72,40,108,68,67.9,5,10,1,20,42,1.6,1.4715317460317463,1.0602142857142858,High
9,3,7.2,74,42,44,76,60.3,3,3,0,6,33,-0.5333333333333333,0.7550873015873016,0.4197142857142856,Moderate
9,5,7.1,84,41,68,30,51.3,3,5,1,5,67,0.26666666666666666,0.3704047619047618,0.2843571428571428,Moderate
6,3,8.8,74,33,44,83,49.5,2,2,1,2,3,-0.5333333333333333,0.174484126984127,-0.21285714285714302,Low
4,7,6.7,60,50,37,8,49.9,5,8,0,10,51,-0.7666666666666667,0.5234365079365079,0.3205714285714285,Moderate
4,4,8.0,75,50,32,80,45.2,1,8,0,8,18,-0.9333333333333333,0.1252698412698414,-0.06042857142857136,Low
10,13,8.3,77,37,12,40,50.7,3,5,1,14,88,-1.6,0.3545158730158732,-0.08364285714285719,Moderate
8,7,8.3,76,59,157,46,48.6,5,12,0,3,105,3.2333333333333334,0.6500158730158732,0.41585714285714276,Moderate
10,16,5.1,81,49,61,64,37.7,5,5,0,20,13,0.03333333333333333,-0.07048412698412684,0.208857142857143,Moderate
2,13,7.7,77,24,81,32,54.7,5,17,1,12,19,0.7,1.087531746031746,0.6567142857142858,High
1,2,6.0,79,41,54,46,42.4,3,8,0,11,46,-0.2,0.09482539682539673,0.2605714285714285,Low
1,1,6.6,65,34,84,53,60.0,2,10,0,6,44,0.8,0.8993650793650794,0.8157142857142858,Moderate
3,8,7.0,55,56,39,180,52.0,6,19,0,12,71,-0.7,1.2685714285714287,0.6503571428571429,Moderate
8,11,6.1,59,42,57,65,44.4,2,1,2,20,22,-0.1,-0.1107301587301588,0.11057142857142854,Low
6,11,6.4,65,34,37,164,51.8,6,2,0,2,58,-0.7666666666666667,0.6346507936507935,0.25864285714285695,Low
7,7,6.9,79,34,103,87,42.7,2,1,1,5,41,1.4333333333333333,-0.16278571428571412,0.034571428571428586,Low
3,1,6.8,73,49,96,164,50.1,2,21,0,6,21,1.2,0.9700555555555557,0.8280000000000001,Moderate
11,11,5.8,77,62,180,129,48.8,3,6,0,2,26,4.0,0.4036190476190475,0.7454285714285713,High
9,9,8.0,72,42,36,71,59.8,2,2,1,9,34,-0.8,0.6246507936507936,0.21614285714285703,High
6,3,6.7,89,46,89,99,52.0,4,2,1,5,108,0.9666666666666667,0.4380952380952381,0.3421428571428571,Moderate
2,4,5.8,78,25,42,44,44.8,2,6,1,4,116,-0.6,0.06250793650793639,0.28042857142857136,Moderate
5,3,7.0,77,52,71,40,40.1,2,6,1,12,11,0.36666666666666664,-0.15343650793650787,0.001928571428571467,Low
4,13,8.7,55,49,47,40,53.8,5,10,1,4,44,-0.43333333333333335,0.8059206349206347,0.1697142857142857,Moderate
3,4,6.2,69,51,85,38,45.8,3,3,0,19,87,0.8333333333333334,0.060365079365079274,0.26221428571428557,Low
9,2,6.3,81,20,52,73,35.0,2,11,2,7,26,-0.26666666666666666,-0.16769841269841274,0.06678571428571431,Low
4,3,6.4,79,33,84,19,36.8,2,1,1,4,84,0.8,-0.50384126984127,-0.10242857142857159,Low
7,3,4.9,67,54,31,45,39.4,4,6,0,11,29,-0.9666666666666667,-0.046047619047619115,0.24842857142857133,Low
6,6,6.8,76,53,53,48,44.4,8,4,2,9,38,-0.23333333333333334,0.3775238095238095,0.06378571428571427,Low
3,10,7.4,69,57,22,52,41.2,4,4,1,5,59,-1.2666666666666666,-0.028698412698412563,-0.2147142857142857,Low
5,8,6.8,80,63,141,180,41.2,4,4,4,3,112,2.7,0.11352380952380967,0.18778571428571442,Moderate
4,2,7.5,74,54,64,55,46.0,8,3,1,6,33,0.13333333333333333,0.4215873015873016,-0.011785714285714283,Low
12,6,7.2,67,49,72,70,45.2,3,7,0,8,21,0.4,0.2117777777777779,0.15100000000000002,Low
10,4,6.4,78,43,133,76,56.0,4,9,0,7,5,2.433333333333333,0.8425396825396826,0.8246428571428571,High
2,14,7.8,74,66,53,28,41.7,2,4,0,7,53,-0.23333333333333334,-0.16619841269841257,-0.1922142857142856,Low
2,8,5.8,71,59,20,124,40.7,5,11,0,5,23,-1.3333333333333333,0.3454682539682541,0.24528571428571438,Low
4,3,9.0,77,41,42,158,51.7,3,6,0,6,88,-0.6,0.5663412698412701,-0.07257142857142845,Moderate
5,1,8.0,55,44,94,20,39.7,3,12,1,16,39,1.1333333333333333,0.08729365079365092,0.043857142857142956,Low
9,4,6.8,69,45,48,45,35.0,6,3,1,3,146,-0.4,-0.21785714285714286,-0.25928571428571423,Moderate
4,4,6.0,69,42,180,118,56.5,0,7,1,2,11,4.0,0.5736111111111111,0.97,High
11,1,8.1,75,48,81,46,52.7,5,11,1,8,108,0.7,0.7988015873015873,0.3552857142857144,Moderate
12,1,6.3,66,53,53,50,38.3,2,3,1,2,104,-0.23333333333333334,-0.33046825396825413,-0.060285714285714345,Moderate
2,3,6.7,67,13,25,66,43.5,5,7,0,5,62,-1.1666666666666667,0.26416666666666666,0.06999999999999997,Low
13,7,6.7,66,41,109,27,51.4,1,9,2,10,62,1.6333333333333333,0.3810952380952381,0.5741428571428571,High
12,13,7.2,64,56,41,19,47.8,5,11,0,13,69,-0.6333333333333333,0.5483015873015872,0.2657857142857142,Moderate
3,5,6.6,76,45,6,36,54.1,1,4,0,8,52,-1.8,0.3340238095238096,0.27228571428571435,Low
3,7,5.7,81,55,144,34,54.8,3,7,0,2,33,2.8,0.6037777777777777,0.8814999999999998,Moderate
6,9,6.3,86,36,26,76,60.9,5,19,0,6,58,-1.1333333333333333,1.4868492063492065,1.0073571428571428,High
27,14,6.9,71,46,27,45,43.3,2,3,1,9,26,-1.1,-0.11102380952380964,-0.08028571428571443,High
3,15,7.3,80,37,0,124,55.3,4,3,1,15,54,-2.0,0.6500873015873015,0.1422142857142857,Moderate
4,8,5.7,65,39,58,50,55.7,5,3,1,6,24,-0.06666666666666667,0.6525317460317462,0.5792142857142857,High
4,12,5.7,87,53,96,16,53.0,5,5,3,6,23,1.2,0.5646825396825398,0.6503571428571427,High
2,8,6.6,59,44,100,49,50.7,2,12,1,15,12,1.3333333333333333,0.5478492063492065,0.633857142857143,Moderate
9,5,7.0,83,39,25,114,54.5,4,2,1,7,92,-1.1666666666666667,0.5672619047619046,0.20464285714285713,High
4,6,6.2,91,39,52,110,42.9,2,3,0,1,52,-0.26666666666666666,-0.05680158730158734,0.09271428571428564,Low
6,6,6.7,79,56,106,50,54.4,5,11,1,5,19,1.5333333333333334,0.8797460317460318,0.7137857142857142,High
9,3,6.4,66,56,49,56,55.9,3,21,3,5,10,-0.36666666666666664,1.1777222222222223,0.9544999999999999,High
7,1,8.0,83,63,39,5,37.5,2,21,1,17,26,-0.7,0.22638888888888886,0.09750000000000003,Low
15,1,6.8,83,23,32,70,51.8,4,3,1,14,10,-0.9333333333333333,0.4325873015873015,0.20471428571428568,Moderate
4,7,7.3,92,33,126,180,41.2,6,6,0,18,180,2.2,0.3182857142857144,0.11992857142857156,Moderate
11,7,5.9,71,66,62,124,46.4,2,4,0,14,19,0.06666666666666667,0.15196825396825397,0.3037857142857142,Moderate
13,7,9.0,77,40,59,53,62.9,6,3,1,11,32,-0.03333333333333333,1.046531746031746,0.2202142857142857,High
2,21,6.8,84,32,95,37,57.4,1,7,1,4,88,1.1666666666666667,0.5907777777777777,0.6445,High
4,2,6.0,59,56,86,15,41.2,4,7,0,14,25,0.8666666666666667,0.037333333333333454,0.2760000000000001,Low
8,12,7.2,73,48,180,116,53.2,2,6,1,20,2,4.0,0.5205079365079367,0.6324285714285715,High
9,6,5.8,73,31,7,78,46.4,3,8,1,6,180,-1.7666666666666666,0.31038095238095237,0.29807142857142865,Moderate
2,4,6.4,69,28,37,45,57.6,2,7,0,6,103,-0.7666666666666667,0.6753333333333335,0.5755,Moderate
4,4,7.3,91,50,46,180,48.6,3,6,2,20,53,-0.4666666666666667,0.4512857142857144,0.14192857142857146,Moderate
9,7,6.4,79,48,113,35,49.3,3,5,2,9,21,1.7666666666666666,0.28596031746031736,0.4593571428571427,Moderate
3,2,7.5,70,40,22,22,35.1,1,10,0,5,20,-1.2666666666666666,-0.32224603174603167,-0.24378571428571422,Low
1,7,6.9,71,45,115,130,44.5,3,13,0,10,64,1.8333333333333333,0.46123015873015877,0.4614285714285713,Moderate
10,2,7.7,61,32,26,21,36.1,5,4,1,4,160,-1.1333333333333333,-0.2259761904761904,-0.41021428571428564,Low
2,8,6.2,80,43,149,43,42.6,5,2,2,9,84,2.966666666666667,0.019539682539682607,0.2976428571428571,Low
12,4,5.8,60,44,2,104,53.9,3,1,0,11,15,-1.9333333333333333,0.4267698412698412,0.3105714285714286,High
10,3,7.1,80,42,132,64,48.6,1,3,2,8,56,2.4,0.08192063492063498,0.30621428571428577,Moderate
6,4,6.2,59,53,16,27,37.3,3,4,1,6,102,-1.4666666666666666,-0.29864285714285727,-0.13671428571428584,Low
27,10,7.5,71,65,64,41,52.5,3,11,1,6,38,0.13333333333333333,0.6509126984126984,0.41178571428571425,High
8,18,5.1,68,30,22,73,57.4,1,9,1,8,165,-1.2666666666666666,0.7022063492063492,0.8166428571428571,High
14,4,6.2,68,36,23,152,35.0,5,7,1,14,14,-1.2333333333333334,-0.022777777777777786,-0.10250000000000004,Moderate
8,7,7.5,72,36,47,27,42.5,6,7,0,1,18,-0.43333333333333335,0.2425,-0.045,Low
4,10,7.5,63,39,91,36,45.7,3,18,1,12,108,1.0333333333333334,0.5893571428571429,0.47528571428571437,Moderate
27,5,7.0,78,36,16,24,51.0,3,5,1,3,69,-1.4666666666666666,0.35023809523809524,0.16285714285714287,High
3,9,7.4,66,38,49,74,50.1,3,4,1,9,96,-0.36666666666666664,0.3295793650793652,0.11978571428571427,Moderate
1,3,7.1,76,41,33,143,55.2,1,7,1,20,54,-0.9,0.6095555555555557,0.3710000000000001,Moderate
2,15,6.1,81,33,35,69,43.4,1,1,2,5,30,-0.8333333333333334,-0.217952380952381,0.02557142857142858,Low
0,5,7.0,69,37,168,40,58.6,2,5,1,7,30,3.6,0.6433492063492064,0.7708571428571429,High
11,8,6.9,70,25,91,63,47.7,4,4,2,4,164,1.0333333333333334,0.27602380952380967,0.24028571428571427,Moderate
4,6,6.2,82,47,138,35,42.8,0,8,4,3,102,2.6,-0.09939682539682555,0.44757142857142845,Moderate
6,7,6.1,78,55,41,82,47.8,2,13,2,1,153,-0.6333333333333333,0.4897301587301586,0.5154285714285715,High
8,10,8.5,63,69,31,61,47.3,3,8,1,10,35,-0.9666666666666667,0.3319920634920634,-0.08742857142857147,Moderate
5,1,7.1,71,45,126,52,41.3,2,13,1,16,93,2.2,0.16389682539682526,0.35792857142857143,Moderate
2,3,7.4,68,29,107,61,41.3,2,3,1,5,23,1.5666666666666667,-0.18324603174603188,-0.02778571428571444,Low
1,4,8.4,79,51,140,81,54.6,3,10,0,5,173,2.6666666666666665,0.7541428571428572,0.47871428571428565,Moderate
14,12,5.7,65,51,56,56,36.4,1,6,2,10,63,-0.13333333333333333,-0.3688253968253969,0.08092857142857135,High
5,21,7.1,62,46,35,71,43.6,3,1,1,11,81,-0.8333333333333334,-0.07339682539682532,-0.14342857142857132,Moderate
11,11,6.6,76,55,71,66,38.9,6,3,0,7,83,0.36666666666666664,-0.019023809523809578,-0.049785714285714266,Moderate
11,21,4.6,78,44,167,25,64.0,1,3,2,10,97,3.566666666666667,0.7315873015873018,1.2932142857142859,High
10,10,7.1,70,54,5,10,39.2,4,18,0,4,40,-1.8333333333333333,0.33463492063492073,0.13528571428571443,Low
4,7,5.8,65,27,104,7,44.1,4,7,3,16,44,1.4666666666666666,0.15894444444444453,0.44300000000000006,Low
4,7,6.9,80,62,16,35,44.1,3,5,0,8,118,-1.4666666666666666,0.05196031746031754,-0.026642857142857135,Low
6,3,5.5,72,62,105,30,59.5,2,4,0,6,61,1.5,0.6370238095238095,0.8742857142857141,High
4,3,7.0,61,38,117,46,52.9,2,14,0,3,76,1.9,0.7149444444444444,0.7294999999999999,Moderate
14,3,7.1,81,38,180,14,35.0,4,2,2,7,23,4.0,-0.42134920634920636,-0.010357142857142787,Moderate
3,2,6.3,83,62,72,29,35.0,0,5,0,7,40,0.4,-0.5642063492063493,-0.054642857142857104,Low
7,3,6.8,77,32,39,85,52.3,2,14,1,10,34,-0.7,0.7312777777777777,0.5515,Moderate
11,6,7.4,74,26,21,180,43.7,5,20,0,8,53,-1.3,0.8641190476190478,0.31492857142857145,Moderate
12,1,6.1,82,40,89,28,44.5,3,3,1,10,31,0.9666666666666667,-0.009246031746031724,0.25071428571428583,Moderate
20,12,7.0,67,37,60,107,46.6,4,19,0,14,25,0.0,0.8111269841269841,0.5408571428571429,High
7,4,5.9,72,52,180,21,50.1,3,7,0,11,28,4.0,0.37783333333333347,0.7954999999999999,Moderate
22,1,6.6,80,48,40,76,50.8,7,1,2,8,78,-0.6666666666666666,0.5228253968253966,0.17257142857142854,Moderate
9,7,7.6,71,26,92,67,56.0,4,17,0,10,49,1.0666666666666667,1.1182539682539683,0.7407142857142858,High
10,12,6.8,75,56,77,148,40.8,3,7,0,3,80,0.5666666666666667,0.10044444444444434,0.10149999999999994,Moderate
1,2,6.9,63,49,37,14,51.1,5,1,1,17,52,-0.7666666666666667,0.3341031746031746,0.12157142857142855,Low
12,1,7.0,83,63,59,44,41.3,3,4,2,2,55,-0.03333333333333333,-0.09975396825396837,-0.0492142857142858,Low
9,12,5.8,80,45,180,180,35.0,2,12,0,16,6,4.0,-0.013095238095238104,0.5028571428571429,High
5,19,7.3,86,51,41,91,38.4,6,3,0,20,98,-0.6333333333333333,-0.01374603174603179,-0.2622857142857143,Moderate
7,6,7.1,74,62,37,146,44.3,1,2,0,11,137,-0.7666666666666667,-0.05618253968253981,-0.08885714285714288,Low
13,4,7.8,68,43,21,163,54.7,2,7,0,8,71,-1.3,0.6759444444444446,0.2035000000000001,High
15,8,6.5,62,38,120,92,53.6,2,17,0,20,15,2.0,0.9046984126984129,0.9312142857142859,High
1,12,5.8,77,66,14,71,52.7,4,6,0,2,72,-1.5333333333333334,0.58134126984127,0.4474285714285715,Moderate
7,8,7.5,84,39,180,8,55.3,0,5,1,4,18,4.0,0.3259603174603173,0.6143571428571428,High
6,6,8.2,86,38,101,38,51.3,1,3,2,13,5,1.3666666666666667,0.17453174603174593,0.11721428571428577,Moderate
19,2,7.1,74,43,105,55,53.8,2,9,0,5,70,1.5,0.5868730158730158,0.5661428571428571,High
5,5,7.3,84,42,56,32,60.1,3,19,2,4,64,-0.13333333333333333,1.2686269841269842,0.883357142857143,Moderate
12,8,6.1,70,44,76,34,63.1,3,5,0,14,11,0.5333333333333333,0.9058492063492065,0.8333571428571429,High
4,8,6.2,69,12,23,99,49.5,2,20,1,4,76,-1.2333333333333334,0.8351190476190476,0.7039285714285713,Moderate
5,2,5.5,57,43,105,29,39.9,3,16,1,5,29,1.5,0.24915079365079362,0.629142857142857,Moderate
13,5,8.1,77,47,86,52,70.0,4,6,2,11,79,0.8666666666666667,1.3387301587301588,0.7439285714285715,High
5,4,5.7,88,49,31,97,42.5,1,8,0,7,68,-0.9666666666666667,0.022658730158730163,0.2585714285714285,Low
4,7,6.6,83,33,80,69,52.9,4,13,1,6,75,0.6666666666666666,0.8381190476190475,0.6784285714285715,Moderate
7,12,6.6,96,49,29,76,57.1,4,12,0,7,30,-1.0333333333333334,0.9991825396825398,0.648357142857143,High
8,5,6.6,64,40,66,70,37.1,4,1,1,20,99,0.2,-0.30034126984126974,-0.17342857142857132,Moderate
6,9,6.8,73,48,180,114,55.9,3,4,0,7,35,4.0,0.6350238095238094,0.7262857142857142,Moderate
6,3,9.0,77,45,102,114,59.5,1,9,0,1,27,1.4,0.8422619047619047,0.39714285714285713,Moderate
8,4,5.9,69,37,107,180,46.6,1,15,0,20,55,1.5666666666666667,0.5493809523809524,0.7365714285714284,High
11,9,5.7,75,46,29,12,50.0,2,13,0,10,45,-1.0333333333333334,0.5109523809523809,0.6214285714285713,Moderate
7,2,6.6,70,17,39,122,50.1,5,16,1,10,30,-0.7,0.9448174603174604,0.5776428571428573,High
5,6,6.3,72,12,74,53,44.0,4,5,3,3,71,0.4666666666666667,0.13412698412698415,0.2203571428571429,Moderate
4,2,7.6,72,32,114,23,38.5,12,5,0,7,10,1.8,0.38662698412698426,-0.07214285714285704,Moderate
3,3,8.0,78,22,64,42,45.7,3,9,1,2,56,0.13333333333333333,0.2745952380952382,0.06314285714285722,Low
8,2,7.1,106,34,43,40,41.2,3,5,1,1,51,-0.5666666666666667,-0.07298412698412685,-0.08114285714285699,Moderate
12,1,6.2,68,24,51,78,44.3,8,5,4,6,18,-0.3,0.44207142857142856,0.18935714285714278,Moderate
9,7,7.3,87,51,35,24,53.7,2,10,1,9,50,-0.8333333333333334,0.5836428571428572,0.3817142857142859,Moderate
13,2,6.7,69,35,47,27,40.6,2,7,1,1,12,-0.43333333333333335,-0.10966666666666659,0.038000000000000006,Low
14,7,6.7,82,53,12,78,57.0,2,10,1,6,111,-1.6,0.7921428571428571,0.5282142857142857,High
17,14,7.3,70,32,12,111,48.8,2,12,0,3,57,-1.6,0.5312380952380951,0.23435714285714282,High
9,4,6.2,75,43,82,5,60.9,3,1,0,7,133,0.7333333333333333,0.6317698412698413,0.6505714285714284,High
1,6,6.7,81,43,37,60,45.3,0,9,1,13,70,-0.7666666666666667,0.07659523809523797,0.21114285714285702,Low
2,1,6.6,87,21,9,114,49.4,6,2,1,10,26,-1.7,0.47109523809523807,0.0816428571428571,Low
3,1,7.2,61,49,10,56,60.5,2,7,1,10,21,-1.6666666666666667,0.8180555555555555,0.45499999999999985,Moderate
5,7,6.9,64,33,22,93,35.0,5,9,0,7,180,-1.2666666666666666,-0.016904761904761915,-0.17035714285714293,Low
4,9,7.8,92,36,114,29,66.6,4,8,1,14,84,1.8,1.2316031746031744,0.8215714285714283,High
11,2,5.3,92,40,36,36,40.0,3,8,0,7,47,-0.8,-0.024285714285714285,0.26607142857142857,Moderate
9,4,8.3,75,41,180,80,69.1,1,21,2,17,68,4.0,1.6650555555555553,1.3454999999999997,High
11,14,6.4,80,38,74,21,49.3,4,1,0,17,19,0.4666666666666667,0.19421428571428556,0.24757142857142841,Moderate
3,6,6.4,70,34,10,43,48.7,3,8,0,3,92,-1.6666666666666667,0.37499206349206365,0.2695714285714286,Low
8,1,7.2,73,56,180,70,53.0,1,7,0,5,47,4.0,0.4294444444444446,0.655,Moderate
3,4,6.9,55,58,109,6,52.1,1,3,0,14,29,1.6333333333333333,0.17497619047619062,0.38871428571428573,Low
6,9,6.7,80,63,45,178,35.0,3,5,1,1,117,-0.5,-0.19865079365079363,-0.19214285714285717,Moderate
4,3,7.2,73,37,130,26,43.6,3,9,1,4,59,2.3333333333333335,0.16231746031746036,0.30514285714285716,Low
14,11,6.7,68,52,25,21,41.6,4,1,0,8,109,-1.1666666666666667,-0.15228571428571425,-0.15842857142857142,Moderate
5,0,6.2,71,66,180,16,46.8,3,5,1,12,60,4.0,0.15234920634920623,0.5868571428571427,Moderate
4,0,6.8,99,44,180,109,59.3,2,2,0,3,78,4.0,0.6443730158730158,0.7711428571428569,High
5,5,6.5,71,41,70,31,53.4,4,19,0,7,62,0.3333333333333333,1.0326825396825396,0.8573571428571428,Moderate
2,4,7.6,80,52,41,34,53.9,5,5,1,8,109,-0.6333333333333333,0.6251825396825397,0.2073571428571429,Low
10,5,6.8,60,80,8,24,41.6,5,7,0,8,29,-1.7333333333333334,0.13200000000000006,-0.04699999999999993,Low
7,2,5.1,77,46,44,47,51.5,6,8,0,6,68,-0.5333333333333333,0.7054365079365079,0.6660714285714285,Moderate
0,5,7.1,73,27,180,41,45.0,3,14,0,14,21,4.0,0.4205555555555555,0.6325000000000001,High
5,2,5.7,65,36,11,29,47.2,2,3,0,5,44,-1.6333333333333333,0.046698412698412836,0.20671428571428574,Low
7,2,6.5,61,39,15,52,39.1,2,1,0,13,79,-1.5,-0.3636746031746031,-0.22342857142857137,Low
15,2,8.2,72,42,38,160,37.2,4,11,1,7,15,-0.7333333333333333,0.16130158730158745,-0.2347142857142855,Moderate
6,4,7.2,63,76,13,93,37.3,3,15,4,7,18,-1.5666666666666667,0.1675476190476189,-0.004928571428571546,Low
8,9,5.6,66,37,28,21,41.8,2,7,0,5,127,-1.0666666666666667,-0.06233333333333346,0.21899999999999997,Low
22,5,6.5,73,42,37,100,53.7,5,9,0,20,31,-0.7666666666666667,0.8323730158730159,0.4981428571428572,High
14,4,5.7,73,51,83,113,58.3,4,11,0,4,58,0.7666666666666667,1.058579365079365,0.9482857142857141,High
15,9,5.1,88,20,9,105,45.6,0,5,0,5,72,-1.7,-0.002761904761904712,0.3158571428571429,Moderate
4,12,6.1,68,53,59,158,41.4,1,8,1,6,156,-0.03333333333333333,0.04093650793650787,0.2255714285714286,Moderate
9,4,7.8,64,52,31,63,46.6,1,8,2,1,164,-0.9666666666666667,0.1693809523809525,0.014071428571428651,Low
7,9,6.5,76,51,64,46,40.8,5,8,2,5,52,0.13333333333333333,0.15615873015873002,0.1500714285714285,Moderate
6,1,7.7,81,42,52,164,47.5,6,3,0,3,178,-0.26666666666666666,0.4768650793650795,-0.031785714285714334,Low
2,4,6.1,67,34,35,57,44.2,5,5,0,5,59,-0.8333333333333334,0.2142380952380954,0.163857142857143,Low
17,4,5.4,76,34,47,42,62.5,4,9,1,4,44,-0.43333333333333335,1.0972619047619048,0.979642857142857,High
12,6,6.2,101,35,93,109,54.3,3,2,1,12,173,1.1,0.4860396825396824,0.508642857142857,High
3,12,7.2,68,29,63,180,49.5,2,20,2,4,78,0.1,0.9251190476190476,0.6289285714285714,High
4,4,8.5,86,55,84,40,50.8,3,12,1,13,101,0.8,0.6090158730158728,0.26435714285714285,Moderate
7,9,5.2,68,48,176,126,48.7,1,15,0,5,117,3.8666666666666667,0.5838809523809526,1.0945714285714285,High
4,4,6.7,78,22,108,143,49.5,3,1,0,10,91,1.6,0.2721031746031746,0.2860714285714285,Moderate
2,11,6.5,69,47,79,16,55.1,2,6,0,13,4,0.6333333333333333,0.49489682539682556,0.5594285714285715,Moderate
7,2,7.0,78,55,22,173,45.6,2,5,1,13,69,-1.2666666666666666,0.20612698412698421,0.015857142857142917,Low
6,4,6.9,71,54,28,44,51.7,7,3,0,4,21,-1.0666666666666667,0.5991984126984129,0.17421428571428577,Low
15,2,7.3,66,58,79,121,54.2,6,13,3,4,90,0.6333333333333333,1.0877301587301589,0.5924285714285716,High
12,5,6.3,99,65,41,24,47.8,3,7,2,5,92,-0.6333333333333333,0.2776666666666665,0.30899999999999994,Moderate
19,3,8.3,83,34,66,57,35.0,4,7,0,7,75,0.2,-0.195,-0.3625000000000001,Moderate
4,4,8.5,73,36,99,44,57.5,6,2,0,20,75,1.3,0.7578174603174603,0.2171428571428572,Moderate
4,6,8.5,70,46,142,104,51.1,3,4,0,3,49,2.7333333333333334,0.40791269841269845,0.18978571428571434,Moderate
12,0,5.7,89,51,57,25,54.3,2,14,1,4,61,-0.1,0.754611111111111,0.8489999999999999,High
1,4,5.9,77,63,64,68,54.1,2,7,0,4,40,0.13333333333333333,0.5433888888888889,0.6255,Low
6,9,6.3,82,45,61,36,46.8,1,3,1,11,15,0.03333333333333333,-0.030190476190476295,0.21471428571428564,Low
7,2,7.9,77,60,61,26,52.1,5,3,0,13,47,0.03333333333333333,0.46386507936507937,0.09371428571428571,Moderate
14,7,7.0,78,29,24,73,55.1,3,21,4,10,103,-1.2,1.160611111111111,0.7630000000000001,High
12,5,6.8,55,49,18,14,44.4,1,14,3,14,60,-1.4,0.23022222222222216,0.262,High
1,3,6.6,76,33,143,13,47.9,4,4,3,10,120,2.7666666666666666,0.22946825396825388,0.42878571428571427,Moderate
7,8,6.8,63,57,61,132,54.2,2,6,1,4,138,0.03333333333333333,0.5832857142857145,0.43492857142857155,Moderate
7,4,8.9,71,45,133,180,50.8,2,4,1,9,92,2.433333333333333,0.412190476190476,0.08828571428571413,Moderate
10,1,5.8,75,44,25,52,55.9,3,17,0,3,62,-1.1666666666666667,1.0304206349206348,0.8852142857142856,High
6,14,5.5,83,65,46,24,43.3,2,8,0,6,14,-0.4666666666666667,0.044214285714285595,0.3550714285714285,Moderate
1,5,8.8,69,54,30,90,40.4,3,10,0,6,34,-1.0,0.12514285714285708,-0.2922857142857144,Low
5,3,6.5,71,21,51,21,45.6,7,20,1,2,35,-0.3,0.9062857142857144,0.6044285714285715,Moderate
9,3,6.8,85,51,180,89,45.7,7,4,1,2,53,4.0,0.4149126984126985,0.4202857142857144,Moderate
5,5,8.0,65,41,45,80,60.0,4,5,0,2,119,-0.5,0.8841269841269842,0.33035714285714285,Low
3,10,7.8,66,53,87,48,54.3,3,15,0,7,114,0.9,0.8825476190476189,0.5850714285714285,Moderate
3,3,5.4,83,38,25,10,42.8,3,3,1,12,78,-1.1666666666666667,-0.10574603174603188,0.16221428571428553,Low
9,5,5.9,72,17,93,79,46.4,3,5,2,9,34,1.1,0.20434920634920634,0.40985714285714275,Moderate
2,1,8.2,75,29,35,52,38.7,3,4,0,5,29,-0.8333333333333334,-0.20786507936507923,-0.3972142857142855,Low
6,4,6.5,70,53,40,139,54.8,4,9,0,9,55,-0.6666666666666666,0.8585396825396824,0.538642857142857,Moderate
6,6,7.0,85,67,81,127,45.0,5,9,3,20,98,0.7,0.4708730158730159,0.2596428571428571,Moderate
9,5,7.2,78,24,33,16,44.5,2,2,0,5,61,-0.9,-0.12496031746031744,-0.1103571428571429,Low
9,9,7.3,72,36,37,80,55.9,2,14,1,4,102,-0.7666666666666667,0.8877222222222222,0.5670000000000001,High
2,6,7.6,79,38,129,18,60.3,3,8,0,2,118,2.3,0.8692142857142857,0.7050714285714286,Moderate
9,4,5.0,79,38,33,32,49.9,2,1,0,5,34,-0.9,0.10010317460317457,0.4080714285714285,Moderate
9,2,8.1,92,51,74,52,48.0,1,9,0,2,93,0.4666666666666667,0.2558730158730159,0.1396428571428572,Moderate
4,13,6.0,68,26,175,55,35.0,4,3,1,7,72,3.8333333333333335,-0.3400793650793651,0.19821428571428568,High
12,6,7.7,69,34,7,19,56.1,2,5,2,5,81,-1.7666666666666666,0.5075158730158731,0.1708571428571428,Moderate
3,9,8.2,94,48,53,153,49.5,2,3,2,8,47,-0.23333333333333334,0.2879761904761905,-0.05678571428571416,Moderate
13,19,6.2,63,60,132,118,53.1,3,2,1,0,6,2.4,0.4420396825396825,0.5701428571428571,High
9,6,8.0,76,41,22,180,35.0,1,10,1,14,98,-1.2666666666666666,-0.15119047619047618,-0.33428571428571424,Low
8,2,6.2,63,48,154,64,61.3,5,9,0,3,84,3.1333333333333333,1.1343730158730159,1.0711428571428572,High
6,4,7.3,67,46,56,10,43.5,1,7,0,11,99,-0.13333333333333333,-0.06472222222222222,0.04250000000000003,Low
6,1,6.4,71,39,75,83,39.1,4,4,1,6,103,0.5,-0.08875396825396818,0.029785714285714256,Low
6,1,8.9,84,36,180,123,38.2,7,7,1,3,25,4.0,0.22233333333333344,-0.08649999999999997,Moderate
4,10,6.8,79,46,10,83,48.7,3,5,1,2,42,-1.6666666666666667,0.312293650793651,0.11385714285714296,Low
2,1,6.5,65,25,19,41,51.9,0,0,1,9,55,-1.3666666666666667,0.031055555555555524,0.14200000000000002,Low
7,5,6.4,64,57,178,74,57.7,1,7,1,3,101,3.933333333333333,0.645388888888889,0.9309999999999998,Moderate
9,9,7.5,78,58,35,95,50.5,2,10,0,7,49,-0.8333333333333334,0.518531746031746,0.2507142857142857,Moderate
9,6,7.3,93,42,112,100,46.2,2,2,1,1,68,1.7333333333333334,0.04487301587301602,0.12064285714285725,Moderate
6,3,8.0,93,63,58,101,36.7,2,6,2,6,36,-0.06666666666666667,-0.23865873015873004,-0.3075714285714285,Low
5,9,7.9,72,50,120,79,51.4,2,9,0,3,3,2.0,0.5055396825396825,0.39164285714285707,Moderate
4,8,6.5,71,26,12,8,52.8,4,8,0,5,19,-1.6,0.5872698412698412,0.3800714285714285,Low
4,2,5.9,76,46,60,63,42.6,2,2,2,7,88,0.0,-0.15823809523809518,0.12764285714285709,Low
12,4,5.7,88,36,67,53,43.8,3,17,1,4,47,0.23333333333333334,0.4870317460317459,0.6447142857142856,High
5,15,6.5,74,50,30,71,64.0,1,5,0,3,156,-1.0,0.8541269841269843,0.6753571428571429,High
8,2,7.6,81,53,35,23,49.3,5,4,1,20,30,-0.8333333333333334,0.37024603174603155,0.025785714285714273,Low
6,13,6.7,72,66,98,180,54.8,4,11,1,2,29,1.2666666666666666,0.9755238095238093,0.7057857142857141,High
14,5,6.3,63,44,69,142,41.6,8,1,1,16,97,0.3,0.24882539682539695,0.021571428571428637,Moderate
6,4,7.2,71,40,71,17,42.0,4,7,0,14,15,0.36666666666666664,0.07555555555555556,0.05249999999999996,Low
13,4,6.6,91,43,180,87,45.4,2,1,0,10,63,4.0,-0.04128571428571438,0.36057142857142854,Moderate
6,9,7.0,71,40,66,29,46.6,6,4,1,20,36,0.2,0.3220793650793652,0.12728571428571434,Moderate
4,14,6.7,71,54,180,164,50.2,6,2,0,3,59,4.0,0.5626507936507937,0.5156428571428572,High
4,5,5.6,85,42,71,123,51.1,3,1,0,2,116,0.36666666666666664,0.32188095238095243,0.43407142857142866,Moderate
6,4,5.3,69,39,149,8,60.7,3,2,0,4,37,2.966666666666667,0.6618174603174604,0.9981428571428572,High
1,4,7.7,58,48,79,18,54.0,2,9,1,13,56,0.6333333333333333,0.5547619047619048,0.40214285714285714,Moderate
3,3,5.8,95,40,55,28,55.1,3,4,0,4,14,-0.16666666666666666,0.5034682539682541,0.5647857142857143,Moderate
10,5,5.5,73,44,76,41,49.3,4,6,3,1,29,0.5333333333333333,0.39500793650793636,0.5529285714285713,Moderate
6,5,6.8,70,34,90,98,54.3,2,3,3,2,60,1.0,0.44286507936507924,0.42471428571428566,High
23,8,6.7,76,39,30,72,49.8,2,3,0,5,135,-1.0,0.21147619047619037,0.15721428571428564,High
12,11,6.0,84,42,180,46,42.8,7,6,2,8,7,4.0,0.30806349206349193,0.5304285714285712,Moderate
4,8,7.2,64,57,139,53,42.4,4,2,0,17,60,2.6333333333333333,-0.045015873015873106,0.09164285714285703,Moderate
6,5,6.9,75,34,20,87,47.5,4,2,0,3,99,-1.3333333333333333,0.22226190476190477,-0.00035714285714295857,Moderate
11,6,6.1,85,62,72,107,40.0,0,1,0,7,113,0.4,-0.39539682539682536,0.016071428571428625,Moderate
7,1,6.4,69,30,74,11,56.2,5,2,0,13,39,0.4666666666666667,0.5959841269841271,0.48314285714285704,Moderate
6,2,5.8,72,33,67,74,43.8,5,19,1,1,80,0.23333333333333334,0.7151269841269839,0.6843571428571428,Moderate
8,5,4.5,73,36,40,96,38.2,3,4,1,2,56,-0.6666666666666666,-0.18147619047619035,0.24778571428571433,Moderate
1,7,6.8,69,52,37,68,41.7,2,10,0,2,56,-0.7666666666666667,0.09253174603174616,0.11421428571428582,Low
5,13,8.3,77,44,24,47,46.5,7,10,0,1,70,-1.2,0.618531746031746,-0.036785714285714394,Moderate
11,3,8.5,68,29,83,26,35.0,0,5,1,3,109,0.7666666666666667,-0.5675396825396826,-0.41214285714285714,Low
5,14,6.4,78,42,85,40,51.6,3,0,0,20,133,0.8333333333333334,0.21644444444444458,0.31549999999999995,Moderate
5,6,6.8,78,63,20,40,57.8,1,3,3,11,29,-1.3333333333333333,0.46925396825396826,0.3547142857142857,Moderate
3,4,7.1,79,33,66,92,53.6,4,10,2,6,180,0.2,0.7880317460317461,0.4912142857142858,Moderate
4,3,6.4,68,34,16,67,51.3,1,7,1,1,42,-1.4666666666666666,0.349611111111111,0.33399999999999985,Moderate
8,5,8.0,89,22,44,85,56.5,5,4,1,6,42,-0.5333333333333333,0.7631349206349206,0.19428571428571423,Moderate
7,5,7.4,68,42,65,31,35.0,3,10,0,7,67,0.16666666666666666,-0.18341269841269842,-0.12178571428571434,Low
12,10,7.0,80,44,84,129,35.4,3,6,1,9,58,0.8,-0.19938095238095244,-0.10657142857142862,Moderate
8,5,7.2,72,43,96,89,51.8,0,3,1,14,14,1.2,0.18703174603174594,0.2947142857142856,Moderate
9,16,7.1,70,32,123,121,51.2,4,2,2,1,49,2.1,0.4265396825396826,0.33314285714285724,High
0,1,7.5,57,53,49,150,45.3,9,6,1,13,99,-0.36666666666666664,0.6694523809523808,0.015428571428571333,Low
3,19,6.6,77,25,61,20,62.5,0,12,0,7,112,0.03333333333333333,0.9132936507936509,0.8903571428571428,High
2,6,6.5,80,38,113,39,47.1,3,4,0,7,66,1.7666666666666666,0.1556904761904763,0.3472857142857143,Low
7,4,5.8,68,56,140,84,63.9,3,7,0,2,160,2.6666666666666665,1.0688333333333333,1.1269999999999998,High
16,7,7.4,84,42,122,101,47.7,4,7,0,9,68,2.066666666666667,0.42538888888888904,0.316,High
1,8,7.0,82,30,43,97,53.9,2,4,1,17,89,-0.5666666666666667,0.4594682539682539,0.2887857142857143,Moderate
2,3,4.2,70,37,47,29,48.7,2,6,4,20,32,-0.43333333333333335,0.22134126984127006,0.6899285714285714,Moderate
9,11,7.1,86,54,94,36,40.3,8,10,0,8,13,1.1333333333333333,0.39397619047619037,0.1622142857142857,Moderate
2,6,8.2,70,50,30,36,40.4,2,7,1,12,118,-1.0,-0.10866666666666673,-0.2729999999999999,Low
8,12,6.2,55,28,40,54,37.1,5,0,0,4,56,-0.6666666666666666,-0.2871666666666666,-0.197,Low
3,10,8.3,79,54,51,85,52.5,2,3,2,4,24,-0.3,0.34742063492063496,0.0107142857142856,Low
4,12,5.7,79,53,83,152,46.9,3,5,3,6,46,0.7666666666666667,0.3079603174603174,0.4348571428571427,Moderate
3,5,7.5,70,39,12,30,35.0,1,1,0,2,19,-1.6,-0.6392857142857142,-0.5289285714285714,Low
9,2,8.2,89,25,47,15,37.3,4,1,0,4,43,-0.43333333333333335,-0.3524523809523811,-0.4949285714285714,Low
9,5,7.1,81,49,103,106,61.5,7,12,1,16,90,1.4333333333333333,1.430515873015873,0.8778571428571429,High
10,9,6.6,64,36,103,27,54.5,5,6,2,9,156,1.4333333333333333,0.6801190476190476,0.5839285714285716,Moderate
10,8,6.6,91,34,62,73,36.4,3,6,0,18,65,0.06666666666666667,-0.2166031746031747,-0.06157142857142855,Moderate
3,9,7.3,84,35,97,41,53.7,1,0,0,3,138,1.2333333333333334,0.17872222222222242,0.2510000000000001,Moderate
17,1,7.2,68,47,133,15,51.0,6,10,1,5,180,2.433333333333333,0.7188095238095238,0.5632142857142857,High
4,12,6.4,77,55,88,17,51.9,3,4,1,8,24,0.9333333333333333,0.3472460317460317,0.44628571428571423,Moderate
24,2,6.9,72,36,51,14,46.9,3,9,0,5,88,-0.3,0.29748412698412696,0.259142857142857,Moderate
4,0,6.4,71,35,102,23,45.9,5,2,0,14,153,1.4,0.14581746031746023,0.24414285714285705,Low
2,10,6.9,67,63,64,178,54.4,2,5,1,8,47,0.13333333333333333,0.6076825396825397,0.4023571428571428,Moderate
3,11,7.3,72,56,76,76,52.9,4,6,0,8,9,0.5333333333333333,0.5958968253968253,0.3459285714285714,Low
9,7,7.9,77,44,69,41,56.8,3,6,0,6,142,0.3,0.6658412698412698,0.34042857142857125,Moderate
4,12,4.8,83,45,21,40,48.2,1,7,0,6,60,-1.3,0.18011111111111128,0.5335000000000001,Low
8,1,6.7,55,53,81,142,60.9,1,1,1,3,74,0.7,0.6506587301587302,0.5605714285714285,Moderate
3,5,6.4,88,44,34,79,51.1,7,5,1,4,7,-0.8666666666666667,0.682515873015873,0.3158571428571428,Moderate
2,4,6.8,90,39,71,14,36.2,1,9,0,5,48,0.36666666666666664,-0.31734920634920627,0.005642857142857262,Low
13,4,7.3,76,51,23,19,56.5,4,5,1,11,84,-1.2333333333333334,0.6588492063492063,0.2928571428571428,Moderate
5,18,6.5,61,45,149,115,35.3,1,6,0,7,20,2.966666666666667,-0.35276984126984134,0.14042857142857135,Moderate
2,3,6.4,78,43,80,14,44.9,4,2,1,20,43,0.6666666666666666,0.024150793650793603,0.159142857142857,Low
9,6,7.3,73,44,62,112,59.0,1,2,0,2,40,0.06666666666666667,0.5675396825396826,0.37964285714285706,Moderate
10,3,5.7,84,36,73,17,35.0,7,7,0,2,38,0.43333333333333335,-0.03944444444444446,0.10999999999999996,Moderate
4,3,5.9,79,32,59,13,49.9,1,11,0,5,84,-0.03333333333333333,0.3694682539682539,0.6012857142857142,Low
6,7,8.0,62,33,10,72,45.5,4,17,0,7,11,-1.6666666666666667,0.6513095238095239,0.1507142857142858,Low
5,4,7.7,68,47,79,25,50.9,1,21,0,2,22,0.6333333333333333,0.7849444444444444,0.6519999999999999,Low
8,8,6.9,76,31,102,91,43.7,1,15,0,20,145,1.4,0.3199920634920636,0.4620714285714286,Moderate
4,7,4.8,71,66,99,80,45.6,6,9,0,8,14,1.3,0.5123174603174604,0.7076428571428572,Moderate
6,11,8.5,70,42,28,119,57.6,3,4,0,5,17,-1.0666666666666667,0.7170793650793653,0.09978571428571435,Moderate
3,5,7.7,85,63,44,31,59.2,4,17,2,12,30,-0.5333333333333333,1.2222539682539684,0.6992142857142858,Moderate
7,6,5.5,72,45,110,132,59.6,4,1,0,8,87,1.6666666666666667,0.7810476190476191,0.8040714285714285,High
3,11,6.8,72,55,84,95,36.9,3,7,2,9,55,0.8,-0.1339444444444445,0.001999999999999988,Low
10,5,6.8,86,25,162,109,52.0,4,4,2,20,30,3.4,0.5206349206349207,0.5642857142857143,High
3,5,6.9,79,69,73,56,51.0,5,6,2,11,71,0.43333333333333335,0.5548412698412699,0.3514285714285714,Moderate
5,0,5.3,84,43,129,120,41.5,1,11,3,12,27,2.3,0.11035714285714285,0.6292857142857142,High
4,8,6.6,85,69,6,115,48.0,3,2,1,15,123,-1.8,0.20920634920634926,0.03214285714285717,Low
10,2,5.8,87,73,68,28,35.0,3,10,0,8,93,0.26666666666666666,-0.18674603174603177,0.16571428571428573,Moderate
8,15,6.0,55,36,13,122,50.6,3,11,0,1,55,-1.5666666666666667,0.6554126984126984,0.4897857142857143,High
13,11,6.4,89,20,18,60,54.7,3,5,0,11,52,-1.4,0.5567380952380954,0.3838571428571429,High
6,2,6.4,80,43,106,91,55.7,8,3,0,8,37,1.5333333333333334,0.8980873015873019,0.5767142857142858,Moderate
2,9,6.1,79,49,58,73,50.1,2,6,2,6,180,-0.06666666666666667,0.3332301587301589,0.42692857142857155,Moderate
2,16,7.5,70,36,73,47,48.4,1,9,2,5,38,0.43333333333333335,0.2683174603174603,0.2541428571428571,Moderate
15,3,6.8,55,48,62,155,48.7,5,8,0,2,140,0.06666666666666667,0.6327698412698414,0.3295714285714287,Moderate
5,6,6.0,90,42,86,149,42.0,1,15,0,2,50,0.8666666666666667,0.30793650793650795,0.5285714285714285,High
6,9,6.7,67,40,59,13,53.1,7,6,1,2,20,-0.03333333333333333,0.7348968253968255,0.4144285714285714,Low
6,2,8.0,78,33,69,180,42.6,6,9,1,11,14,0.3,0.48842857142857143,-0.01735714285714282,Low
10,2,7.3,67,24,11,110,42.8,3,4,0,9,38,-1.6333333333333333,0.04107936507936495,-0.17671428571428577,Moderate
11,17,6.8,70,53,25,50,45.4,2,7,0,2,62,-1.1666666666666667,0.13188888888888878,0.10949999999999997,Low
2,3,6.8,57,32,171,42,59.4,1,16,1,6,30,3.7,1.0077619047619049,1.1516428571428572,High
4,12,5.9,85,63,105,16,47.9,1,14,0,10,37,1.5,0.3899444444444444,0.742,Moderate
10,2,6.7,86,56,109,94,65.8,3,12,2,6,50,1.6333333333333333,1.3440158730158729,1.0918571428571429,High
8,7,5.0,92,40,19,31,48.4,5,4,1,2,94,-1.3666666666666667,0.3386349206349206,0.41378571428571415,Moderate
8,9,6.6,66,43,37,110,59.2,1,10,2,4,36,-0.7666666666666667,0.8600317460317463,0.6742142857142859,High
1,5,6.7,81,49,10,43,40.6,3,6,3,9,57,-1.6666666666666667,-0.06093650793650787,-0.08307142857142856,Low
3,6,8.2,72,62,122,82,36.2,5,8,2,13,34,2.066666666666667,-0.01084126984126972,-0.14042857142857115,Low
7,6,7.3,90,37,127,51,51.1,2,10,0,7,66,2.2333333333333334,0.49664285714285716,0.5337142857142858,High
5,4,5.1,76,44,165,62,36.7,4,3,3,8,63,3.5,-0.25580158730158714,0.38171428571428584,High
4,5,6.8,80,34,91,36,47.3,5,20,1,12,50,1.0333333333333334,0.8661190476190475,0.7029285714285715,Moderate
2,1,7.2,69,54,180,65,63.2,3,12,0,20,45,4.0,1.1947936507936512,1.1038571428571429,High
2,16,6.4,67,45,162,47,43.8,1,4,1,9,30,3.4,-0.11725396825396837,0.3882857142857141,Moderate
14,6,9.0,71,35,131,69,41.7,4,9,1,6,31,2.3666666666666667,0.19126190476190488,-0.06435714285714275,Moderate
5,3,7.7,88,50,180,12,58.2,6,2,0,11,29,4.0,0.7537619047619049,0.580642857142857,High
4,6,7.0,63,57,35,154,56.7,2,12,1,2,43,-0.8333333333333334,0.9345158730158732,0.581357142857143,Moderate
13,14,6.2,66,56,46,71,50.0,5,8,0,1,16,-0.4666666666666667,0.597936507936508,0.43357142857142855,Moderate
7,21,8.3,73,33,29,58,40.5,4,5,0,9,79,-1.0333333333333334,-0.01781746031746031,-0.3471428571428573,Moderate
11,7,6.0,76,38,74,12,48.6,1,21,1,10,55,0.4666666666666667,0.667,0.868,High
7,14,5.7,70,56,53,76,46.0,3,4,0,19,116,-0.23333333333333334,0.14730158730158732,0.3042857142857142,Moderate
2,13,7.1,84,48,14,64,42.9,2,10,1,3,49,-1.5333333333333334,0.14208730158730154,0.040214285714285744,Low
9,9,6.9,82,31,9,24,54.9,2,1,0,12,54,-1.7,0.31621428571428556,0.16557142857142843,Moderate
1,11,6.6,64,56,32,82,36.5,2,7,0,5,47,-0.9333333333333333,-0.23305555555555557,-0.10499999999999993,Low
10,17,6.2,80,42,97,61,42.2,2,2,1,7,58,1.2333333333333334,-0.17846031746031735,0.15564285714285717,Moderate
5,6,8.2,90,48,71,24,44.5,4,1,2,19,12,0.36666666666666664,-0.018452380952380942,-0.21892857142857128,Low
2,2,6.2,73,40,39,10,42.7,2,3,0,7,46,-0.7,-0.17691269841269827,0.05421428571428575,Low
6,14,6.1,62,27,13,50,55.6,1,12,0,5,159,-1.5666666666666667,0.702793650793651,0.650857142857143,High
10,5,6.6,65,62,46,23,53.6,1,9,0,3,180,-0.4666666666666667,0.47565079365079377,0.5001428571428572,Low
6,4,7.1,58,36,156,142,35.0,2,4,1,2,15,3.2,-0.3410317460317461,-0.013214285714285623,Moderate
2,2,6.5,72,57,62,18,51.4,1,8,0,7,31,0.06666666666666667,0.3353809523809524,0.4630714285714286,Low
4,9,7.4,85,30,65,23,40.9,2,18,2,11,112,0.16666666666666666,0.2922460317460317,0.2837857142857142,Moderate
2,7,6.1,72,36,27,89,53.4,3,2,0,5,61,-1.1,0.42331746031746026,0.3341428571428571,Moderate
6,5,5.9,77,39,44,64,58.1,5,0,2,17,64,-0.5333333333333333,0.6689444444444445,0.4954999999999999,Moderate
2,4,5.4,72,46,135,92,50.5,2,11,2,3,43,2.5,0.5509126984126985,0.8967857142857143,Moderate
10,3,6.0,77,60,47,70,50.9,2,8,1,13,17,-0.43333333333333335,0.4373253968253968,0.4980714285714286,High
14,13,7.5,70,38,31,71,46.2,4,11,0,12,19,-0.9666666666666667,0.4674126984126985,0.14028571428571435,Moderate
8,5,7.5,74,32,112,84,48.4,4,5,1,8,11,1.7333333333333334,0.3665714285714285,0.23735714285714282,Moderate
3,15,6.4,70,45,27,103,50.5,7,6,0,2,23,-1.1,0.7178968253968255,0.30892857142857133,Moderate
4,4,5.5,70,34,41,115,47.8,3,6,0,19,122,-0.6333333333333333,0.34306349206349196,0.42042857142857126,Low
11,8,7.3,61,54,49,39,48.2,5,2,1,13,17,-0.36666666666666664,0.2670952380952383,0.023142857142857243,Moderate
22,21,7.4,70,56,20,92,42.2,4,7,0,4,76,-1.3333333333333333,0.167888888888889,-0.10399999999999997,Moderate
6,10,6.4,67,37,30,112,42.9,3,4,0,15,144,-1.0,0.04780158730158726,0.03128571428571418,Low
7,1,6.0,82,34,121,7,35.1,7,10,1,20,11,2.033333333333333,0.06108730158730161,0.26621428571428574,Moderate
14,2,7.2,75,39,31,180,48.2,0,2,0,4,59,-0.9666666666666667,0.09042857142857158,-0.004357142857142823,Moderate
12,1,5.8,83,24,49,110,54.6,3,0,0,10,55,-0.36666666666666664,0.42922222222222234,0.4205000000000001,Moderate
6,1,8.5,79,59,35,56,36.7,2,14,0,6,99,-0.8333333333333334,-0.00294444444444434,-0.22399999999999987,Low
11,15,7.8,77,67,83,33,53.1,0,4,0,15,22,0.7666666666666667,0.2190238095238095,0.22478571428571434,Moderate
10,10,6.2,77,35,54,68,42.4,4,8,1,1,50,-0.2,0.18593650793650784,0.22557142857142848,Low
10,8,4.9,69,58,41,102,46.0,3,18,1,18,118,-0.6333333333333333,0.6761904761904761,0.8142857142857142,High
7,11,5.9,72,27,21,79,44.4,4,3,1,20,45,-1.3,0.10958730158730154,0.11271428571428563,Moderate
5,2,5.1,77,46,28,15,50.4,5,4,2,7,29,-1.0666666666666667,0.4108571428571428,0.4787857142857142,Low
16,4,5.3,81,50,86,59,43.8,0,2,1,13,85,0.8666666666666667,-0.24201587301587316,0.33364285714285696,Moderate
6,10,6.9,85,57,51,67,36.9,1,6,0,3,144,-0.3,-0.3341031746031746,-0.12657142857142867,Low
3,4,6.1,76,31,22,180,48.7,5,3,1,2,43,-1.2666666666666666,0.48197619047619067,0.20921428571428585,Low
4,1,7.7,68,53,88,45,46.3,4,10,0,14,180,0.9333333333333333,0.4073095238095237,0.2222142857142856,Moderate
3,3,5.9,72,46,74,55,41.4,2,12,1,17,145,0.4666666666666667,0.13601587301587295,0.4123571428571427,Low
4,4,7.4,76,12,29,30,52.0,4,1,1,8,63,-1.0333333333333334,0.32571428571428573,0.041071428571428495,Moderate
10,7,7.8,72,46,24,65,43.7,1,3,0,8,103,-1.2,-0.13746825396825385,-0.23328571428571415,Low
1,3,5.7,75,37,78,75,55.3,3,10,0,13,53,0.6,0.7789761904761903,0.8172142857142857,High
11,4,6.4,71,30,85,66,46.3,3,9,1,4,68,0.8333333333333334,0.3282619047619046,0.413642857142857,Moderate
18,4,6.9,55,39,5,108,42.5,1,8,0,10,155,-1.8333333333333333,0.03488095238095239,-0.016428571428571487,Moderate
13,3,7.1,66,40,89,53,63.4,1,6,2,6,12,0.9666666666666667,0.8428412698412698,0.7284285714285714,High
7,7,5.4,71,48,28,38,64.9,3,7,0,7,20,-1.0666666666666667,1.0627222222222226,0.9470000000000002,High
3,21,6.6,68,39,60,47,35.9,1,11,1,18,74,0.0,-0.22275396825396834,0.061285714285714304,Moderate
6,7,6.2,68,60,33,139,56.3,5,5,1,4,63,-0.9,0.8498492063492061,0.5043571428571426,Moderate
6,8,7.7,94,36,10,54,70.0,3,8,0,5,49,-1.6666666666666667,1.3457142857142859,0.6810714285714284,High
13,6,7.0,70,64,21,23,44.1,3,14,1,19,26,-1.3,0.3600555555555557,0.22550000000000006,Low
8,13,7.2,73,51,75,73,49.4,2,2,0,3,27,0.5,0.1588730158730158,0.14164285714285701,Moderate
3,15,7.1,58,41,177,69,54.1,4,4,1,4,180,3.9,0.5706904761904763,0.6122857142857143,High
8,15,8.1,94,37,80,73,35.7,1,13,1,10,7,0.6666666666666666,-0.13143650793650782,-0.10007142857142842,High
5,4,7.6,65,37,15,33,54.6,2,1,3,6,20,-1.5,0.31271428571428583,0.04907142857142871,Low
16,6,6.8,81,58,118,54,55.1,5,9,0,12,81,1.9333333333333333,0.8442619047619048,0.6901428571428573,High
7,2,7.3,67,65,152,44,63.7,3,8,0,1,180,3.066666666666667,1.0511031746031747,0.9170714285714285,High
6,11,6.0,87,69,72,16,48.4,4,17,0,17,129,0.4,0.7195873015873016,0.7427142857142857,High
7,5,8.0,76,39,120,41,53.3,6,5,2,14,21,2.0,0.672626984126984,0.3168571428571427,High
8,5,7.4,88,34,31,77,41.7,3,1,0,9,101,-0.9666666666666667,-0.15223015873015858,-0.2629285714285714,Low
13,4,6.9,78,61,38,121,43.3,5,8,1,3,69,-0.7333333333333333,0.35199206349206336,0.09007142857142844,Low
11,1,8.2,75,67,102,27,49.4,1,18,0,1,38,1.4,0.6125238095238096,0.4912857142857143,Moderate
2,13,6.8,88,30,66,14,50.8,2,2,0,18,156,0.2,0.15631746031746013,0.23114285714285704,Moderate
6,6,6.0,73,57,98,34,49.0,4,9,1,9,115,1.2666666666666666,0.48087301587301584,0.5971428571428571,Moderate
6,7,6.8,72,46,8,88,47.4,6,5,0,6,36,-1.7333333333333334,0.4593492063492063,0.06985714285714287,Low
6,5,9.0,76,52,78,9,43.1,7,2,0,1,121,0.6,0.13759523809523816,-0.3548571428571428,Low
2,9,7.1,72,47,29,77,50.1,1,12,2,4,35,-1.0333333333333334,0.485293650793651,0.350857142857143,Moderate
2,15,6.7,68,42,49,42,47.1,1,12,0,4,61,-0.36666666666666664,0.311404761904762,0.3808571428571429,Moderate
3,1,6.5,62,25,61,22,45.7,1,9,0,7,41,0.03333333333333333,0.11903968253968265,0.3181428571428572,Low
4,6,7.0,71,32,89,135,47.2,2,1,2,3,180,0.9666666666666667,0.0930476190476192,0.11707142857142865,Moderate
5,1,7.2,73,18,31,70,57.5,4,14,0,15,19,-0.9666666666666667,1.0819444444444444,0.6174999999999999,High
2,4,7.6,69,46,127,43,44.6,2,3,1,1,64,2.2333333333333334,-0.054746031746031654,0.08621428571428584,Low
4,2,7.6,83,35,44,10,70.0,2,8,0,13,61,-0.5333333333333333,1.2301587301587305,0.7835714285714285,High
5,11,7.0,62,45,8,38,55.8,3,3,2,20,37,-1.7333333333333334,0.5103650793650792,0.2297142857142856,Moderate
6,9,6.7,84,21,33,18,40.3,5,2,2,6,138,-0.9,-0.11173809523809539,-0.14885714285714302,Low
4,13,8.0,64,36,17,180,43.9,1,6,0,7,154,-1.4333333333333333,0.1064523809523809,-0.19407142857142862,Moderate
12,8,5.9,55,29,16,38,41.1,5,13,0,7,91,-1.4666666666666666,0.33934126984126994,0.2869285714285714,Moderate
9,3,7.3,78,31,41,22,45.6,2,2,0,14,65,-0.6333333333333333,-0.06879365079365073,-0.07485714285714279,Low
5,11,8.7,81,49,51,99,48.0,6,9,0,15,32,-0.3,0.6414285714285715,-0.022857142857142743,Low
2,5,7.0,65,45,66,14,50.7,2,3,1,3,129,0.2,0.18753174603174622,0.2217142857142858,Low
3,12,8.3,78,47,26,48,48.0,2,1,0,11,107,-1.1333333333333333,0.03238095238095245,-0.24392857142857155,Low
4,5,7.0,81,44,31,180,41.4,3,5,0,18,103,-0.9666666666666667,0.09157142857142851,-0.08764285714285719,Low
9,7,5.3,69,62,180,39,48.7,6,4,4,4,15,4.0,0.4276904761904763,0.7727857142857142,High
7,5,5.9,66,31,115,81,44.7,9,2,1,6,37,1.8333333333333333,0.42292857142857154,0.3281428571428571,Moderate
3,7,8.0,86,33,71,93,52.7,4,1,0,5,61,0.36666666666666664,0.4272142857142858,0.06207142857142864,Moderate
12,6,6.4,72,69,36,101,54.8,5,4,0,7,70,-0.8,0.7044126984126984,0.4032857142857141,Moderate
6,2,6.3,68,56,28,62,49.9,3,17,3,1,137,-1.0666666666666667,0.771531746031746,0.6252142857142858,Moderate
4,7,6.6,91,67,68,43,50.1,0,6,0,7,22,0.26666666666666666,0.1665634920634922,0.36442857142857155,Low
3,13,6.9,74,27,70,26,47.5,6,6,1,5,56,0.3333333333333333,0.43067460317460327,0.23892857142857132,Moderate
5,5,6.4,65,38,71,28,56.6,6,11,0,3,117,0.36666666666666664,1.0209682539682539,0.7447857142857143,Moderate
27,10,7.4,83,38,77,109,47.7,3,21,1,6,55,0.5666666666666667,0.8676111111111112,0.6035,High
14,3,6.3,69,46,64,22,52.2,3,3,1,7,94,0.13333333333333333,0.33058730158730176,0.3842142857142858,High
12,16,5.8,80,41,71,51,40.8,0,15,0,4,41,0.36666666666666664,0.07838095238095222,0.4900714285714285,High
15,3,7.7,72,72,29,39,39.2,6,3,0,6,29,-1.0333333333333334,-0.035523809523809374,-0.33828571428571425,Low
14,9,5.0,80,41,48,22,36.1,4,19,1,6,57,-0.4,0.24418253968253972,0.5458571428571428,High
3,9,7.2,83,44,18,15,45.3,4,7,2,6,5,-1.4,0.2218333333333332,0.018999999999999864,Low
15,7,5.7,78,35,17,62,56.2,2,3,1,6,93,-1.4333333333333333,0.48836507936507956,0.4917142857142857,High
8,5,7.6,64,42,72,5,68.1,4,3,1,4,154,0.4,1.0938650793650795,0.6537142857142857,High
4,9,6.2,75,53,87,46,56.1,3,5,0,4,63,0.9,0.6041825396825398,0.6333571428571428,Moderate
6,3,7.8,81,35,76,19,37.6,2,6,1,6,61,0.5333333333333333,-0.2892698412698412,-0.20057142857142848,Low
7,8,6.1,76,33,46,72,56.8,2,11,3,9,180,-0.4666666666666667,0.8121904761904761,0.7407857142857143,High
7,9,7.0,70,48,135,54,49.5,3,7,1,5,69,2.5,0.38749999999999996,0.4725,Moderate
6,2,7.3,65,35,36,23,60.9,1,8,1,10,58,-0.8,0.768436507936508,0.5430714285714284,Low
4,12,6.6,75,48,53,26,40.3,2,0,1,4,104,-0.23333333333333334,-0.37427777777777793,-0.13850000000000004,Low
5,10,7.8,73,58,23,26,55.6,2,3,0,8,117,-1.2333333333333334,0.42136507936507944,0.12121428571428575,Low
4,3,8.0,86,47,23,64,49.1,1,2,1,10,27,-1.2333333333333334,0.06870634920634933,-0.13735714285714284,Low
4,0,6.2,77,39,26,91,52.7,6,7,0,18,8,-1.1333333333333333,0.7726111111111111,0.43600000000000005,Moderate
6,8,7.1,65,32,44,101,38.8,5,2,1,11,69,-0.5333333333333333,-0.08701587301587316,-0.2363571428571429,Low
14,1,5.4,86,82,30,24,51.8,5,4,0,5,90,-1.0,0.48385714285714276,0.47328571428571414,High
5,7,7.8,63,51,39,30,50.0,4,4,2,6,21,-0.7,0.3428571428571429,0.021785714285714318,Low
6,6,5.5,73,42,100,49,35.0,7,8,0,3,180,1.3333333333333333,0.03182539682539681,0.24107142857142855,Moderate
1,8,5.1,78,48,31,28,36.8,5,1,2,18,79,-0.9666666666666667,-0.29384126984126996,-0.007428571428571493,Low
3,7,7.3,68,69,36,88,42.6,6,9,1,10,138,-0.8,0.3862063492063492,0.022642857142857215,Moderate
9,1,6.8,64,54,58,54,52.3,0,4,1,3,23,-0.06666666666666667,0.2063571428571427,0.3132857142857143,Low
2,8,7.4,72,38,81,44,49.6,2,6,2,11,12,0.7,0.27850793650793665,0.24192857142857138,Low
6,3,7.4,79,61,157,80,41.7,1,7,0,1,13,3.2333333333333334,-0.06794444444444431,0.22350000000000003,Moderate
5,4,6.7,67,38,34,134,35.0,4,10,1,19,83,-0.8666666666666667,-0.0023015873015872976,-0.07678571428571432,Low
3,11,6.7,76,41,61,49,44.8,3,10,1,16,180,0.03333333333333333,0.27758730158730144,0.2847142857142856,Moderate
10,6,5.7,74,52,100,38,52.3,5,4,0,10,128,1.3333333333333333,0.5219126984126983,0.6107857142857142,High
8,6,6.1,72,49,72,91,43.8,4,10,0,2,46,0.4,0.3459206349206348,0.38721428571428573,Low
17,2,7.7,77,29,106,81,57.1,4,4,0,16,25,1.5333333333333334,0.7190238095238096,0.4197857142857142,High
9,8,6.6,73,48,83,61,36.2,3,12,1,4,9,0.7666666666666667,-0.024650793650793527,0.15635714285714303,Moderate
3,11,7.0,75,39,30,104,35.6,4,4,1,10,33,-1.0,-0.22292063492063485,-0.29271428571428565,Moderate
10,7,7.2,82,53,12,35,44.0,3,2,1,20,35,-1.6,-0.05968253968253967,-0.1778571428571429,Low
2,7,6.8,76,40,6,44,70.0,1,9,1,5,108,-1.8,1.236984126984127,0.8571428571428571,High
2,6,9.0,77,43,65,40,43.7,4,6,1,2,22,0.16666666666666666,0.14189682539682555,-0.25507142857142845,Low
1,3,7.5,74,64,71,150,44.3,4,3,0,5,68,0.36666666666666664,0.18397619047619035,-0.04528571428571436,Low
11,3,5.9,63,46,28,46,52.3,1,10,1,11,56,-1.0666666666666667,0.4784206349206348,0.5672142857142857,Moderate
8,3,5.6,75,50,146,71,68.6,3,8,1,2,18,2.8666666666666667,1.3016031746031744,1.3465714285714283,High
5,2,7.9,85,15,92,46,41.6,2,11,2,5,87,1.0666666666666667,0.09930158730158736,0.08478571428571427,Low
3,0,5.5,74,59,180,74,47.4,4,11,1,6,44,4.0,0.5247460317460316,0.8987857142857143,Moderate
11,2,6.5,57,46,79,90,42.6,1,10,1,5,58,0.6333333333333333,0.09080952380952387,0.2987142857142857,Low
12,6,6.3,84,65,80,21,44.2,6,5,0,8,145,0.6666666666666666,0.24090476190476207,0.24135714285714296,Moderate
3,2,6.7,73,40,3,50,50.6,3,7,1,3,84,-1.9,0.4325555555555556,0.22799999999999995,Low
2,5,7.6,76,54,107,77,57.6,0,5,3,10,72,1.5666666666666667,0.5061269841269842,0.48335714285714293,Moderate
9,2,6.5,81,54,51,59,46.9,1,5,0,6,84,-0.3,0.07129365079365074,0.2148571428571428,Low
19,6,5.7,76,25,55,79,45.1,8,1,0,4,51,-0.16666666666666666,0.33632539682539686,0.1965714285714285,Moderate
8,6,4.9,55,45,86,8,53.6,4,2,1,4,12,0.8666666666666667,0.408984126984127,0.697642857142857,Moderate
7,8,7.0,72,47,64,59,49.7,2,3,1,10,88,0.13333333333333333,0.19253174603174622,0.18671428571428583,Moderate
11,4,6.3,73,53,25,73,56.1,3,2,2,5,31,-1.1666666666666667,0.5270396825396826,0.3751428571428571,Low
5,2,4.5,68,37,52,105,69.9,1,7,0,4,97,-0.26666666666666666,1.2288333333333337,1.3145000000000002,High
4,12,7.4,69,31,129,32,51.9,2,6,1,7,29,2.3,0.36867460317460315,0.4309285714285713,Moderate
14,18,6.9,92,44,52,79,45.7,0,3,2,3,142,-0.26666666666666666,-0.09857936507936496,0.054214285714285715,High
7,3,6.1,81,47,71,45,44.8,5,9,1,9,180,0.36666666666666664,0.37076190476190457,0.3861428571428571,Moderate
9,8,6.5,82,52,3,162,57.2,1,7,1,3,35,-1.9,0.7206666666666668,0.4610000000000001,High
3,8,8.2,76,50,63,56,56.0,3,4,4,4,114,0.1,0.5750793650793652,0.19178571428571442,Moderate
2,2,7.4,57,61,38,180,35.0,2,11,1,20,17,-0.7333333333333333,-0.04880952380952383,-0.16071428571428575,Low
3,19,6.5,76,39,20,59,40.9,5,7,1,8,27,-1.3333333333333333,0.13938888888888884,0.014499999999999957,Low
2,8,5.6,68,39,33,32,49.6,1,7,0,6,8,-0.9,0.23422222222222228,0.46550000000000014,Low
8,4,7.3,63,49,158,131,40.6,3,5,0,7,106,3.2666666666666666,0.0011269841269841985,0.15335714285714294,Moderate
8,8,5.9,69,51,82,53,39.5,8,4,2,6,30,0.7333333333333333,0.1625793650793651,0.1467857142857142,Moderate
3,9,8.1,84,42,21,62,49.9,7,4,0,4,34,-1.3,0.5739126984126984,-0.07871428571428571,Low
15,9,8.0,55,29,40,8,42.8,3,2,2,11,103,-0.6666666666666666,-0.14368253968253983,-0.283857142857143,Moderate
7,14,5.7,83,51,86,50,47.5,2,3,1,7,76,0.8666666666666667,0.08353174603174607,0.40321428571428564,Moderate
5,2,6.5,68,21,49,31,37.3,1,6,0,1,32,-0.36666666666666664,-0.35610317460317475,-0.049571428571428655,Low
6,5,7.0,78,31,19,27,38.9,10,4,2,11,44,-1.3666666666666667,0.24002380952380953,-0.22121428571428575,Moderate
4,16,6.5,68,36,102,172,48.2,2,6,2,7,15,1.4,0.3577301587301589,0.4099285714285715,Moderate
8,2,6.4,79,40,138,46,46.6,4,6,0,6,85,2.6,0.2790634920634922,0.46942857142857136,Moderate
4,9,5.9,87,40,96,157,47.2,6,5,0,5,4,1.2,0.5270158730158732,0.4413571428571428,Moderate
1,3,6.7,78,47,36,47,56.6,3,16,1,6,44,-0.8,1.0206507936507938,0.747642857142857,Moderate
2,3,6.9,66,46,67,149,45.8,1,1,3,9,27,0.23333333333333334,-0.021063492063492145,0.03757142857142841,Low
11,4,6.7,82,46,27,93,53.0,3,9,0,2,28,-1.1,0.6597619047619048,0.41714285714285715,Low
5,11,6.6,68,48,12,144,56.5,3,1,0,9,72,-1.6,0.5882142857142856,0.2735714285714285,Moderate
3,2,6.4,77,50,28,79,49.7,4,3,0,9,43,-1.0666666666666667,0.3480873015873018,0.20171428571428573,Low
2,3,6.6,77,46,49,55,41.6,2,3,2,9,14,-0.36666666666666664,-0.17641269841269833,-0.023785714285714174,Low
3,4,7.2,66,24,67,37,43.9,3,7,1,3,74,0.23333333333333334,0.11661111111111104,0.09949999999999992,Low
11,12,6.6,69,30,114,13,55.1,4,2,1,12,26,1.8,0.4820396825396826,0.5151428571428572,High
5,3,6.2,91,37,30,102,45.0,2,8,2,2,17,-1.0,0.20738095238095236,0.2435714285714285,Low
5,11,6.4,67,52,102,64,54.6,2,6,0,16,105,1.4,0.5257301587301589,0.6194285714285713,Moderate
2,6,7.4,67,21,47,68,61.6,4,18,2,2,89,-0.43333333333333335,1.4070793650793652,0.8597857142857143,High
4,4,7.4,64,58,100,25,57.0,1,13,1,16,121,1.3333333333333333,0.7737301587301588,0.7114285714285714,High
5,1,8.2,71,35,25,79,45.6,2,2,0,7,48,-1.1666666666666667,-0.005460317460317393,-0.2723571428571427,Low
2,4,5.3,84,46,47,18,37.2,4,7,1,4,112,-0.43333333333333335,-0.1393333333333332,0.18100000000000008,Low
14,2,5.2,76,57,133,27,36.5,3,8,0,13,10,2.433333333333333,-0.19178571428571428,0.42107142857142854,Moderate
10,11,5.5,89,42,15,92,53.3,3,9,0,14,79,-1.5,0.6721507936507934,0.6061428571428569,High
11,1,5.9,80,36,104,32,50.2,4,21,0,10,148,1.4666666666666666,0.9612222222222225,1.0085,High
27,2,7.2,59,49,110,42,43.5,4,11,1,7,27,1.6666666666666667,0.3136904761904762,0.3092857142857143,High
2,9,7.3,59,50,41,51,53.7,4,6,1,4,29,-0.6333333333333333,0.6041190476190478,0.2824285714285716,Moderate
26,12,6.5,81,25,9,44,61.5,3,1,0,3,49,-1.7,0.7021031746031746,0.43357142857142844,High
3,1,6.4,79,12,148,73,46.0,1,8,0,6,41,2.933333333333333,0.1534920634920635,0.5335714285714285,Low
13,14,7.2,85,23,6,14,35.9,3,9,2,15,40,-1.8,-0.1975158730158731,-0.23585714285714296,Moderate
1,4,6.1,81,58,20,113,51.2,3,4,1,4,138,-1.3333333333333333,0.4224126984126985,0.30778571428571444,Low
4,5,5.7,88,28,180,84,56.0,2,5,0,5,154,4.0,0.5752380952380953,0.9503571428571427,High
5,6,8.1,74,33,35,121,58.8,1,7,0,11,130,-0.8333333333333334,0.7471111111111111,0.30899999999999994,Moderate
8,6,7.6,67,62,35,140,49.7,5,7,0,11,13,-0.8333333333333334,0.6253888888888891,0.12350000000000017,Moderate
3,9,7.4,81,52,34,29,53.8,2,5,1,4,128,-0.8666666666666667,0.41512698412698407,0.22185714285714264,Moderate
16,3,7.5,90,58,117,47,52.6,4,2,0,4,8,1.9,0.4073174603174604,0.2901428571428572,High
10,9,8.6,72,49,111,118,70.0,5,6,0,12,152,1.7,1.4787301587301587,0.7189285714285714,High
4,3,4.2,62,52,68,43,38.4,3,7,2,17,31,0.26666666666666666,-0.12422222222222229,0.4619999999999999,Moderate
1,21,5.6,64,34,147,31,35.7,4,2,0,3,85,2.9,-0.3709603174603173,0.19064285714285725,High
3,13,7.2,75,32,63,61,58.4,1,5,2,14,26,0.1,0.591015873015873,0.46735714285714275,High
5,3,8.6,77,23,63,113,49.4,3,8,1,20,47,0.1,0.4842698412698412,0.038071428571428576,Moderate
6,10,6.4,74,40,101,81,64.2,1,8,2,7,20,1.3666666666666667,0.9813809523809526,0.9620714285714286,High
1,4,8.7,82,51,139,92,42.1,5,9,3,1,95,2.6333333333333333,0.3014841269841271,0.020142857142857296,Moderate
2,7,6.2,65,30,8,111,45.0,4,10,0,5,108,-1.7333333333333334,0.42214285714285715,0.24571428571428566,Low
5,8,5.9,61,28,169,133,49.7,6,3,1,11,11,3.6333333333333333,0.5414206349206351,0.6417142857142857,High
6,11,6.8,77,44,77,79,53.3,3,6,2,7,7,0.5666666666666667,0.5505634920634919,0.4479285714285713,High
7,3,6.1,79,45,41,112,52.9,3,4,1,9,38,-0.6333333333333333,0.4978015873015872,0.41128571428571425,Low
9,1,7.3,73,33,35,65,52.6,2,0,0,8,39,-0.8333333333333334,0.22255555555555573,0.06300000000000011,Low
10,18,6.1,74,47,69,82,41.3,3,3,1,6,46,0.3,-0.09324603174603185,0.1047142857142857,Moderate
5,2,5.4,72,44,42,93,47.8,1,12,3,6,41,-0.6,0.39957142857142847,0.6118571428571427,Low
5,15,7.0,79,58,13,6,54.7,6,6,1,12,25,-1.5666666666666667,0.7324523809523811,0.2949285714285715,Moderate
8,19,6.7,84,30,35,129,43.0,4,15,0,6,139,-0.8333333333333334,0.5307142857142857,0.3085714285714285,High
8,1,6.3,82,43,26,21,44.7,4,1,0,9,48,-1.1333333333333333,-0.012785714285714164,0.007071428571428701,Low
4,2,5.0,71,37,50,118,57.9,3,12,0,8,44,-0.3333333333333333,1.0151825396825396,1.004857142857143,High
3,4,7.0,59,29,131,32,35.0,7,6,1,20,61,2.3666666666666667,-0.05849206349206351,-0.0010714285714285843,Moderate
5,4,7.1,74,38,26,14,65.0,3,7,0,10,12,-1.1333333333333333,1.0405555555555555,0.6475000000000001,Moderate
2,17,6.4,76,41,101,112,46.6,3,5,2,8,131,1.3666666666666667,0.25001587301587314,0.3483571428571428,Moderate
7,6,5.7,79,28,48,28,44.7,2,1,1,5,15,-0.4,-0.13834126984126968,0.16707142857142862,Moderate
5,7,7.7,63,55,41,46,49.4,0,4,1,2,52,-0.6333333333333333,0.0669682539682539,0.026285714285714183,Low
8,2,7.8,64,23,78,45,35.0,2,3,0,7,121,0.6,-0.4845238095238095,-0.3592857142857142,Low
7,1,6.0,55,52,61,159,39.8,5,1,0,5,41,0.03333333333333333,-0.0132857142857144,7.14285714284702e-05,Low
2,3,7.7,67,48,55,100,48.2,5,8,1,9,34,-0.16666666666666666,0.5491587301587303,0.13957142857142862,Low
6,5,7.9,81,60,9,11,41.7,3,10,0,13,19,-1.7,0.09586507936507949,-0.14828571428571424,Low
18,3,7.0,63,28,62,83,43.0,0,4,0,11,12,0.06666666666666667,-0.17992063492063493,0.009285714285714283,Moderate
7,1,7.1,78,58,47,22,46.1,10,5,0,7,8,-0.43333333333333335,0.5941825396825398,0.07585714285714296,Low
8,9,4.2,77,29,169,55,40.2,5,2,1,11,87,3.6333333333333333,-0.07512698412698401,0.6256428571428571,High
10,3,6.4,89,57,70,44,49.8,6,3,1,5,33,0.3333333333333333,0.44703174603174595,0.3097142857142856,Moderate
8,1,8.2,82,23,30,178,45.8,2,9,2,3,80,-1.0,0.36353968253968244,-0.053857142857142805,Low
20,9,8.8,81,41,84,15,40.6,3,4,1,10,43,0.8,-0.16347619047619041,-0.3227142857142858,High
7,3,6.2,81,24,110,36,57.7,3,4,1,14,107,1.6666666666666667,0.629357142857143,0.7102857142857143,High
3,4,6.9,89,29,44,77,56.4,0,1,0,7,51,-0.5333333333333333,0.3092698412698413,0.29807142857142843,Moderate
11,4,7.2,86,35,17,103,57.0,2,6,1,4,53,-1.4333333333333333,0.6770634920634921,0.3389285714285714,Moderate
16,3,4.8,75,42,33,25,41.2,1,6,1,6,101,-0.9,-0.18726984126984114,0.3249285714285715,Moderate
10,1,5.4,66,52,28,142,44.7,2,10,2,3,58,-1.0666666666666667,0.3097539682539684,0.42671428571428577,Moderate
3,2,7.0,73,37,64,30,44.9,2,6,2,8,11,0.13333333333333333,0.05145238095238089,0.1284285714285714,Low
2,17,6.9,78,18,35,56,46.9,4,7,0,17,111,-0.8333333333333334,0.3393888888888888,0.16199999999999987,Moderate
5,6,5.4,72,38,59,30,62.2,3,5,0,12,29,-0.03333333333333333,0.8609047619047621,0.8863571428571428,Moderate
9,3,7.1,65,43,63,71,56.1,1,4,1,5,58,0.1,0.46291269841269844,0.3872857142857143,Moderate
11,5,7.1,76,41,23,132,59.3,7,5,2,13,179,-1.2333333333333334,1.110404761904762,0.4118571428571427,High
1,4,6.8,68,43,180,41,45.3,3,4,0,4,18,4.0,0.0769126984126983,0.4082857142857142,Low
10,19,7.5,82,46,106,44,44.5,4,2,1,18,27,1.5333333333333334,0.03948412698412698,0.019642857142857142,High
7,9,6.7,84,43,60,76,63.7,3,5,0,11,180,0.0,0.9795158730158731,0.7063571428571428,Moderate
4,11,7.5,87,66,33,30,46.6,2,4,1,3,26,-0.9,0.05652380952380964,-0.04271428571428568,Low
3,9,8.2,67,73,149,63,36.2,0,12,1,2,169,2.966666666666667,-0.2224285714285713,0.04135714285714315,Moderate
9,11,6.2,78,23,55,39,45.1,3,3,2,5,56,-0.16666666666666666,0.029976190476190545,0.1662142857142857,Moderate
11,9,5.3,76,44,66,77,46.5,2,2,1,10,6,0.2,0.03281746031746037,0.36464285714285716,Moderate
1,5,6.9,72,42,41,42,37.7,1,6,1,8,62,-0.6333333333333333,-0.32588095238095227,-0.12757142857142853,Low
0,4,5.8,65,31,78,66,53.4,3,11,2,5,180,0.6,0.7191904761904762,0.7712857142857144,High
15,7,6.4,70,26,96,116,60.5,3,5,0,14,23,1.2,0.8799603174603174,0.7528571428571426,High
6,15,5.9,68,35,64,55,50.3,10,5,0,2,85,0.13333333333333333,0.8198492063492063,0.4543571428571427,High
7,15,7.5,69,52,53,49,47.9,1,11,1,8,111,-0.23333333333333334,0.31946825396825385,0.24628571428571425,Moderate
5,9,7.1,76,36,101,62,47.9,0,4,0,3,71,1.3666666666666667,0.017246031746031665,0.23628571428571427,Low
8,1,6.8,81,38,23,15,53.6,4,11,2,9,65,-1.2333333333333334,0.7381904761904762,0.46478571428571436,Moderate
2,5,7.4,79,47,17,12,55.2,5,7,2,1,173,-1.4333333333333333,0.7306666666666668,0.2785,Moderate
18,1,6.5,72,47,164,53,48.0,5,6,1,20,37,3.466666666666667,0.4165079365079366,0.5589285714285714,High
6,4,6.4,70,57,106,97,35.0,2,14,1,11,157,1.5333333333333334,-0.033888888888888906,0.26999999999999996,Moderate
4,4,6.4,71,52,108,36,64.8,2,21,2,20,125,1.6,1.4893333333333332,1.3689999999999998,High
4,12,6.3,83,22,79,86,35.0,3,10,0,6,63,0.6333333333333333,-0.12230158730158731,0.10571428571428573,Moderate
5,4,7.1,80,62,51,82,50.5,1,1,3,4,180,-0.3,0.11599206349206356,0.10357142857142862,Moderate
4,6,9.0,72,36,33,103,42.6,4,5,1,2,66,-0.9,0.12668253968253976,-0.39664285714285713,Low
10,5,7.7,89,38,2,28,41.6,1,8,3,7,23,-1.9333333333333333,-0.09450793650793644,-0.1909285714285714,Low
11,10,7.5,58,37,31,104,47.4,1,5,0,12,128,-0.9666666666666667,0.14379365079365075,0.004857142857142824,Moderate
3,2,7.0,82,18,180,97,36.7,2,9,3,7,41,4.0,-0.13596031746031736,0.25814285714285723,Moderate
11,7,6.9,77,49,115,69,35.7,3,2,0,11,39,1.8333333333333333,-0.39540476190476176,-0.11685714285714285,Moderate
1,5,6.5,68,27,180,63,40.9,4,4,0,9,64,4.0,-0.02997619047619053,0.32878571428571424,Low
4,3,7.9,72,63,56,75,37.6,0,3,0,3,29,-0.13333333333333333,-0.46752380952380945,-0.3537857142857143,Low
5,8,7.9,69,39,143,135,36.9,5,6,0,5,34,2.7666666666666666,0.008119047619047554,-0.0715714285714287,Moderate
5,3,6.9,72,54,38,47,55.7,3,3,1,9,92,-0.7333333333333333,0.5158650793650795,0.3192142857142858,Moderate
2,5,5.5,64,36,125,44,35.0,4,6,0,5,14,2.1666666666666665,-0.24515873015873013,0.24642857142857139,Low
4,6,7.1,85,55,44,144,35.0,3,4,1,3,180,-0.5333333333333333,-0.27214285714285713,-0.2932142857142856,Low
2,7,5.6,80,28,156,63,41.9,4,15,0,4,12,3.2,0.40788095238095234,0.7705714285714286,Moderate
12,7,7.2,55,56,46,39,35.0,5,5,2,4,35,-0.4666666666666667,-0.21976190476190477,-0.27714285714285714,Low
3,3,5.8,67,53,3,26,48.0,5,5,0,10,9,-1.9,0.3507936507936509,0.25035714285714283,Low
8,3,7.7,72,28,142,54,50.7,1,8,1,11,15,2.7333333333333334,0.3438809523809525,0.4320714285714286,Moderate
4,11,7.3,62,43,136,16,47.1,1,9,1,8,29,2.533333333333333,0.17537301587301599,0.4076428571428572,Moderate
11,4,5.2,90,42,130,23,46.9,4,2,0,8,54,2.3333333333333335,0.12415079365079357,0.554142857142857,High
0,6,6.2,68,48,38,89,56.8,7,4,1,3,22,-0.7333333333333333,0.9144126984126985,0.5032857142857141,Moderate
6,1,6.7,89,48,12,112,47.9,1,3,1,2,10,-1.6,0.1037539682539682,0.055214285714285605,Low
2,4,6.4,83,20,79,66,48.0,2,2,0,20,103,0.6333333333333333,0.08809523809523814,0.24964285714285703,Moderate
14,6,8.0,75,30,73,25,52.7,5,2,1,7,62,0.43333333333333335,0.4540396825396826,0.0956428571428572,High
0,5,6.9,88,57,37,180,46.0,2,7,0,8,59,-0.7666666666666667,0.30333333333333334,0.13999999999999993,Low
7,6,6.2,90,28,41,160,36.7,2,2,0,9,16,-0.6333333333333333,-0.31596031746031733,-0.14935714285714283,Low
12,9,6.8,62,31,73,73,55.6,1,14,0,3,180,0.43333333333333335,0.7997777777777779,0.7355,High
5,9,5.7,76,36,18,33,53.3,1,3,0,6,146,-1.4,0.2589761904761903,0.40721428571428553,Moderate
4,3,6.3,77,42,47,16,55.6,4,1,0,6,88,-0.43333333333333335,0.4721587301587302,0.38657142857142857,Low
13,5,7.1,60,41,91,23,43.4,3,4,1,5,152,1.0333333333333334,-0.028587301587301647,0.0762857142857143,Moderate
12,3,6.6,64,32,77,31,41.4,1,2,0,10,16,0.5666666666666667,-0.31446031746031755,0.011642857142857135,Low
2,6,6.7,65,35,59,64,53.9,4,6,1,7,53,-0.03333333333333333,0.627563492063492,0.43842857142857133,Moderate
9,3,7.2,73,39,34,46,56.1,4,9,1,0,56,-0.8666666666666667,0.8137063492063492,0.4401428571428571,Moderate
5,0,8.3,85,44,68,58,66.9,4,9,1,6,90,0.26666666666666666,1.3130396825396826,0.6566428571428571,High
1,1,6.5,73,45,64,111,38.8,5,3,0,2,35,0.13333333333333333,-0.04019047619047632,-0.05278571428571437,Low
1,8,6.7,76,55,169,109,50.2,3,2,1,11,9,3.6333333333333333,0.3015396825396827,0.4881428571428571,Moderate
12,6,8.1,75,53,64,24,50.1,3,12,2,16,14,0.13333333333333333,0.5597380952380954,0.263357142857143,Moderate
5,4,9.0,58,63,91,18,48.9,2,11,0,6,98,1.0333333333333334,0.39669047619047615,0.10878571428571426,Low
10,14,6.1,72,53,111,13,50.3,4,5,0,13,15,1.7,0.3731825396825396,0.5368571428571429,Moderate
11,4,7.0,82,58,67,127,51.0,6,4,0,4,40,0.23333333333333334,0.6289682539682541,0.2617857142857143,Moderate
2,10,6.3,83,35,41,71,64.7,5,5,1,15,79,-0.6333333333333333,1.152293650793651,0.7588571428571429,High
7,8,7.8,72,40,45,31,49.8,3,7,0,6,159,-0.5,0.37544444444444436,0.11649999999999996,Moderate
8,6,6.6,85,42,121,73,46.9,3,9,1,5,53,2.033333333333333,0.3630396825396825,0.48664285714285715,Moderate
9,9,5.7,75,57,30,44,54.5,4,16,2,4,45,-1.0,0.989484126984127,0.8446428571428573,High
11,1,5.5,61,46,60,49,64.3,5,16,0,12,41,0.0,1.502706349206349,1.248642857142857,High
2,4,7.0,82,34,83,31,41.6,3,3,0,9,26,0.7666666666666667,-0.13641269841269835,-0.008785714285714237,Low
6,4,6.6,71,34,79,124,61.3,2,2,0,9,59,0.6333333333333333,0.7510396825396826,0.613642857142857,Moderate
3,8,6.2,83,34,41,58,47.8,2,4,1,12,43,-0.6333333333333333,0.1416349206349205,0.24078571428571416,Low
8,6,7.6,70,57,49,85,41.0,2,4,1,2,64,-0.36666666666666664,-0.13436507936507935,-0.18821428571428564,Low
13,0,6.2,75,42,42,25,48.7,3,10,0,7,94,-0.6,0.4264206349206351,0.4417142857142858,Moderate
6,5,6.9,95,34,68,115,35.0,3,11,0,2,32,0.26666666666666666,-0.05436507936507938,0.0017857142857142204,Low
5,5,7.9,67,40,39,57,50.4,5,1,0,13,28,-0.7,0.3503809523809523,-0.06942857142857153,Low
6,9,7.0,60,50,32,16,54.3,3,17,0,3,110,-0.9333333333333333,0.9184206349206347,0.6447142857142857,Moderate
13,2,6.8,64,59,34,53,46.9,4,6,0,2,178,-0.8666666666666667,0.3003412698412698,0.14842857142857138,Low
1,4,5.3,72,55,136,55,53.5,3,5,2,1,48,2.533333333333333,0.4971825396825398,0.8353571428571428,Moderate
6,11,7.9,75,41,62,46,35.0,4,12,2,2,17,0.06666666666666667,-0.028650793650793642,-0.15964285714285717,Low
9,5,8.4,68,40,180,90,52.3,2,4,1,7,11,4.0,0.3796904761904761,0.3382857142857142,Moderate
7,3,5.8,58,56,44,180,59.5,1,4,1,3,177,-0.5333333333333333,0.7370238095238095,0.6692857142857142,High
4,13,6.5,73,18,100,130,42.0,4,2,0,8,21,1.3333333333333333,0.022539682539682547,0.1046428571428571,Low
6,2,5.9,68,25,49,73,40.7,4,4,1,5,46,-0.36666666666666664,-0.027865079365079235,0.10028571428571428,Low
7,10,7.1,68,48,26,69,43.7,5,7,0,11,107,-1.1333333333333333,0.27650000000000013,0.00850000000000016,Low
6,1,6.8,73,59,128,120,47.4,2,1,0,8,15,2.2666666666666666,0.08538095238095236,0.25557142857142856,Moderate
13,2,7.4,72,37,155,36,46.2,3,8,0,6,56,3.1666666666666665,0.25471428571428584,0.3820714285714286,Moderate
8,8,6.0,87,26,85,56,38.4,5,7,1,5,114,0.8333333333333334,0.02355555555555549,0.18949999999999995,High
2,7,6.2,76,55,61,87,44.5,4,4,1,3,91,0.03333333333333333,0.1586904761904762,0.19178571428571425,Low
6,4,7.0,87,51,180,40,47.6,1,9,1,2,60,4.0,0.22453968253968262,0.5851428571428572,Moderate
4,6,6.7,85,32,131,22,45.9,3,3,0,3,124,2.3666666666666667,0.04708730158730155,0.29271428571428565,Moderate
12,9,8.2,68,23,74,179,37.6,1,2,2,8,52,0.4666666666666667,-0.3210158730158729,-0.38985714285714274,Moderate
5,5,6.5,65,52,56,45,38.4,3,3,1,7,4,-0.13333333333333333,-0.2648571428571429,-0.08478571428571433,Low
10,1,7.2,70,59,49,63,45.7,0,5,1,4,104,-0.36666666666666664,-0.04492857142857132,0.05135714285714291,Low
3,4,7.0,71,27,18,83,35.0,3,0,1,12,107,-1.4,-0.48277777777777775,-0.45499999999999996,Low
4,7,7.2,71,55,128,39,48.9,4,10,2,3,153,2.2666666666666666,0.5176428571428571,0.4877142857142856,Moderate
18,5,7.0,71,41,32,87,65.6,3,9,1,6,95,-0.9333333333333333,1.220095238095238,0.7551428571428571,High
8,2,6.6,75,49,80,39,43.4,3,9,0,6,35,0.6666666666666666,0.1677619047619047,0.27914285714285714,Low
5,8,6.5,61,46,20,79,42.3,4,6,0,6,57,-1.3333333333333333,0.1222301587301586,0.027928571428571344,Low
1,1,8.3,67,44,103,96,40.5,5,2,1,1,17,1.4333333333333333,-0.016071428571428584,-0.24785714285714305,Low
6,6,7.7,76,37,40,113,56.3,5,3,0,5,10,-0.6666666666666666,0.7495317460317459,0.20221428571428557,Moderate
12,8,6.7,67,42,45,48,44.0,2,8,0,9,35,-0.5,0.1023809523809524,0.16357142857142853,Low
3,3,7.0,77,29,104,123,49.9,2,21,1,11,131,1.4666666666666666,0.9155,0.8069999999999999,High
1,2,6.3,58,57,73,56,36.4,5,4,0,6,78,0.43333333333333335,-0.17358730158730165,-0.03871428571428573,Low
4,5,6.5,69,53,54,45,58.8,4,6,1,6,21,-0.2,0.8269523809523808,0.6079285714285713,Moderate
7,5,7.3,86,41,39,101,53.4,2,15,2,20,148,-0.7,0.8342698412698413,0.5255714285714286,High
7,8,7.2,71,28,53,37,39.5,1,6,0,6,24,-0.23333333333333334,-0.2504365079365079,-0.0960714285714286,Low
2,4,6.8,76,49,40,180,54.8,6,4,0,13,104,-0.6666666666666666,0.8588571428571428,0.34328571428571425,Moderate
9,10,6.4,70,41,69,31,38.0,3,7,1,7,79,0.3,-0.15555555555555556,0.06749999999999992,Moderate
5,6,6.2,73,28,32,46,50.8,2,5,3,10,70,-0.9333333333333333,0.29901587301587285,0.3368571428571427,Moderate
7,4,5.5,77,44,1,33,56.5,5,21,2,9,20,-1.9666666666666666,1.3125,1.0099999999999998,High
4,4,7.1,63,59,38,91,39.8,1,4,2,4,7,-0.7333333333333333,-0.24836507936507946,-0.16421428571428573,Low
8,9,7.3,71,44,37,29,55.5,4,1,0,9,38,-0.7666666666666667,0.4821031746031746,0.18357142857142855,Low
5,3,7.9,87,64,35,35,48.5,2,6,0,3,111,-0.8333333333333334,0.21900793650793654,0.006428571428571381,Low
6,1,6.0,64,35,66,113,51.7,3,7,4,15,50,0.2,0.5520555555555557,0.541,Moderate
7,1,7.0,87,41,112,71,39.5,3,0,2,4,44,1.7333333333333334,-0.29361111111111116,-0.08500000000000002,Low
9,3,7.7,88,28,83,78,41.2,4,4,0,20,33,0.7666666666666667,0.00019047619047632587,-0.11471428571428566,Moderate
9,3,7.0,67,40,160,51,43.5,3,7,2,4,155,3.3333333333333335,0.11416666666666667,0.355,Moderate
3,15,6.4,75,31,15,180,63.2,7,3,1,11,23,-1.5,1.2678095238095242,0.5742142857142856,High
1,14,6.1,73,45,19,54,40.3,3,7,1,6,130,-1.3666666666666667,-0.026500000000000135,0.06399999999999999,Low
4,18,5.5,60,33,62,68,66.1,6,3,2,8,174,0.06666666666666667,1.2071984126984125,0.9362142857142853,High
2,4,7.5,61,37,128,78,61.3,3,2,1,7,86,2.2666666666666666,0.7665952380952381,0.578642857142857,Moderate
7,11,7.7,84,51,13,180,51.3,4,3,0,4,57,-1.5666666666666667,0.5323095238095237,-0.015285714285714389,Moderate
5,4,6.7,84,47,106,150,51.7,4,9,1,7,72,1.5333333333333334,0.7312619047619049,0.5756428571428572,High
4,5,4.7,80,49,95,36,53.9,3,6,0,5,123,1.1666666666666667,0.5297857142857143,0.8784285714285713,High
5,5,6.5,80,51,70,3,40.0,5,16,0,10,36,0.3333333333333333,0.35809523809523813,0.36964285714285716,Moderate
14,6,6.5,76,45,27,123,42.0,5,5,1,9,125,-1.1,0.18857142857142856,0.007857142857142854,Moderate
5,11,7.3,74,45,32,180,51.2,0,12,0,5,51,-0.9333333333333333,0.5825714285714286,0.356357142857143,Moderate
12,2,6.4,73,23,40,154,52.3,1,2,1,3,38,-0.6666666666666666,0.3127063492063491,0.281142857142857,Moderate
7,14,6.9,72,42,20,49,66.3,0,13,0,9,26,-1.3333333333333333,1.1522301587301587,0.8779285714285713,High
8,6,8.1,89,39,180,79,44.2,2,10,1,5,49,4.0,0.21725396825396837,0.3192142857142859,Moderate
4,5,8.5,60,52,52,10,55.6,1,7,1,5,16,-0.26666666666666666,0.47977777777777786,0.18550000000000003,Low
5,6,8.4,79,62,8,180,53.8,4,5,1,3,20,-1.7333333333333334,0.7162380952380951,-0.01814285714285732,Moderate
17,2,5.4,71,44,60,101,52.6,2,13,1,1,55,0.0,0.7268412698412701,0.8294285714285714,High
4,1,6.7,72,59,57,38,50.6,3,2,0,15,180,-0.1,0.24065079365079373,0.22014285714285706,Moderate
9,1,7.4,61,24,15,52,48.0,4,8,1,9,1,-1.5,0.4201587301587302,0.08607142857142852,Low
5,2,7.2,69,50,43,47,41.4,1,5,0,14,37,-0.5666666666666667,-0.1895396825396826,-0.09264285714285722,Low
3,4,6.6,72,62,68,93,57.1,4,6,0,10,60,0.26666666666666666,0.8037857142857143,0.5744285714285715,Moderate
6,1,6.3,82,27,78,102,47.4,6,14,2,4,25,0.6,0.7963333333333332,0.5895,Moderate
12,2,7.3,76,52,17,82,48.1,3,5,1,4,63,-1.4333333333333333,0.28418253968253976,0.025857142857142953,Moderate
4,2,9.0,86,13,61,17,47.4,3,9,0,17,91,0.03333333333333333,0.3233174603174602,-0.0683571428571429,Moderate
7,13,7.5,75,48,23,136,38.4,1,6,0,7,180,-1.2333333333333334,-0.18993650793650801,-0.2565714285714286,Low
14,4,8.2,71,24,38,22,43.1,3,4,1,10,68,-0.7333333333333333,-0.043198412698412625,-0.2577142857142855,Moderate
6,5,8.1,79,43,50,180,49.7,1,6,3,11,49,-0.3333333333333333,0.3674523809523811,0.04492857142857161,Low
12,3,8.0,65,30,125,180,56.4,2,10,2,14,106,2.1666666666666665,0.8784761904761904,0.5652142857142857,High
7,4,6.5,73,48,26,100,43.6,1,12,0,6,50,-1.1333333333333333,0.2183492063492064,0.25335714285714295,Moderate
5,2,6.4,84,49,67,26,41.6,4,3,0,7,22,0.23333333333333334,-0.07530158730158724,0.05621428571428569,Low
4,5,5.8,68,12,73,57,35.0,1,5,0,3,26,0.43333333333333335,-0.46642857142857147,0.035357142857142886,Low
6,1,6.0,78,28,35,180,44.5,2,10,2,8,20,-0.8333333333333334,0.34297619047619055,0.3332142857142857,Low
4,4,7.1,71,45,168,71,38.6,6,6,1,19,16,3.6,0.08017460317460325,0.18192857142857155,Moderate
9,3,6.8,75,32,102,20,42.8,5,17,1,1,61,1.4,0.5386984126984127,0.5097142857142857,Moderate
6,11,4.7,70,62,122,11,53.4,4,13,0,9,26,2.066666666666667,0.7961746031746031,1.1309285714285715,High
8,2,7.0,55,50,59,56,46.0,3,14,0,18,12,-0.03333333333333333,0.4822222222222222,0.3775,Moderate
6,6,8.0,70,46,104,97,47.7,2,3,0,11,60,1.4666666666666666,0.1447539682539684,0.05171428571428578,Low
3,3,7.1,67,17,37,109,52.9,9,8,0,3,7,-0.7666666666666667,1.0373253968253968,0.3405714285714286,Moderate
7,1,5.9,76,48,86,78,54.5,0,6,1,7,51,0.8666666666666667,0.40345238095238095,0.6639285714285714,Low
3,9,7.8,60,48,73,49,63.1,2,5,3,6,85,0.43333333333333335,0.8558492063492065,0.5283571428571427,High
11,2,7.1,62,51,51,60,49.7,4,4,0,13,95,-0.3,0.3626904761904764,0.16528571428571442,Moderate
5,9,4.5,76,70,25,91,42.7,3,16,0,18,54,-1.1666666666666667,0.4440396825396827,0.6881428571428573,Moderate
11,11,9.0,79,54,17,38,56.0,3,16,0,16,127,-1.4333333333333333,0.9836507936507938,0.2796428571428572,High
5,14,5.4,85,21,56,69,35.0,8,2,1,0,80,-0.13333333333333333,-0.09357142857142854,-0.022857142857142958,Moderate
7,17,6.3,73,59,98,29,47.3,2,10,2,9,48,1.2666666666666666,0.30119841269841263,0.5222142857142856,High
8,7,7.7,73,35,105,30,55.8,1,3,2,1,76,1.5,0.36814285714285705,0.34971428571428553,Moderate
10,1,6.5,68,26,17,47,42.1,3,9,2,3,62,-1.4333333333333333,0.1181507936507937,0.10014285714285716,Low
5,7,6.8,70,32,22,164,49.7,4,4,1,5,35,-1.2666666666666666,0.478246031746032,0.1452857142857144,Moderate
6,1,6.9,85,71,106,87,57.3,3,9,1,6,143,1.5333333333333334,0.846595238095238,0.708642857142857,High
18,3,6.9,84,22,109,69,42.6,3,4,1,15,118,1.6333333333333333,-0.013476190476190409,0.13228571428571423,High
2,8,4.9,88,53,10,132,54.8,3,14,0,9,112,-1.6666666666666667,0.9626666666666666,0.8864999999999998,High
9,7,7.9,73,44,147,114,59.4,2,8,0,5,132,2.9,0.8687142857142857,0.6705714285714285,High
5,1,7.4,74,58,121,58,40.5,7,0,1,2,15,2.033333333333333,0.0036111111111111274,-0.10250000000000006,Moderate
11,3,7.4,73,50,75,88,60.8,6,2,1,5,5,0.5,0.9552063492063491,0.4486428571428569,High
11,4,8.1,64,62,50,180,56.8,2,5,2,5,47,-0.3333333333333333,0.7179047619047618,0.22935714285714284,Moderate
14,8,7.2,79,53,60,78,58.9,5,7,0,14,118,0.0,0.9704999999999999,0.5319999999999999,High
7,1,7.1,67,39,69,76,47.2,4,13,1,7,128,0.3,0.5893968253968255,0.3924285714285716,Low
3,2,7.3,66,32,46,89,47.2,5,2,0,3,180,-0.4666666666666667,0.27765079365079376,-0.014357142857142756,Low
4,3,7.7,85,44,61,49,54.3,0,2,1,6,30,0.03333333333333333,0.21937301587301572,0.166142857142857,Low
9,4,8.3,86,22,8,54,37.4,0,8,0,20,5,-1.7333333333333334,-0.3212857142857144,-0.4069285714285716,Moderate
2,5,6.1,69,45,56,31,48.4,2,4,0,2,64,-0.13333333333333333,0.13863492063492058,0.3137857142857142,Low
5,11,6.7,82,54,53,20,52.9,4,5,1,9,175,-0.23333333333333334,0.4979603174603174,0.3648571428571427,Moderate
15,2,7.1,66,69,34,74,60.8,1,5,0,6,110,-0.8666666666666667,0.7134603174603174,0.48435714285714276,Moderate
11,17,7.6,67,64,77,41,41.8,2,10,2,9,91,0.5666666666666667,0.06703174603174591,0.07721428571428571,High
4,6,6.7,65,20,45,75,52.6,5,2,2,13,31,-0.5,0.5050952380952382,0.2501428571428571,Moderate
10,15,6.6,96,45,77,74,47.1,1,3,1,10,47,0.5666666666666667,0.02553174603174616,0.21121428571428585,Moderate
6,11,6.4,76,37,8,67,46.5,5,3,1,4,18,-1.7333333333333334,0.257420634920635,0.05571428571428566,Moderate
5,1,7.7,65,42,21,46,53.0,5,9,1,13,32,-1.3,0.7408730158730159,0.22714285714285712,Low
23,2,6.7,71,47,45,64,62.1,5,7,2,5,13,-0.5,1.0989444444444445,0.6779999999999999,High
4,4,6.5,55,44,110,51,51.3,3,4,1,7,90,1.6666666666666667,0.35802380952380936,0.46578571428571414,Moderate
3,5,7.5,62,54,147,46,48.4,4,8,0,7,44,2.9,0.4314920634920634,0.41057142857142853,Low
9,3,9.0,70,53,180,27,56.8,5,4,3,3,35,4.0,0.7121904761904762,0.3682857142857142,Moderate
2,4,7.9,71,47,60,73,58.0,8,7,0,0,39,0.0,1.1244444444444446,0.38249999999999995,Moderate
5,11,5.1,82,52,102,138,50.3,3,10,3,10,100,1.4,0.6239761904761904,0.8322142857142857,High
6,2,7.0,84,42,19,97,35.0,4,6,0,9,15,-1.3666666666666667,-0.18626984126984125,-0.2810714285714286,Low
11,5,9.0,71,44,79,66,40.7,1,1,1,12,180,0.6333333333333333,-0.34278571428571414,-0.45292857142857135,Moderate
3,7,8.8,69,49,33,15,44.6,3,9,0,4,96,-0.9,0.19509523809523813,-0.18735714285714294,Low
2,5,4.5,77,46,94,21,35.0,3,1,0,3,15,1.1333333333333333,-0.5159523809523809,0.20107142857142854,Low
7,6,7.1,73,47,134,40,40.1,1,1,1,5,67,2.466666666666667,-0.3986746031746031,-0.0009285714285713342,Low
7,5,7.1,72,45,65,76,35.0,4,3,0,12,55,0.16666666666666666,-0.3167460317460317,-0.2692857142857142,Low
16,5,6.4,74,54,20,111,53.1,5,2,0,5,60,-1.3333333333333333,0.567595238095238,0.2551428571428571,Moderate
14,2,5.1,79,35,180,102,35.0,1,6,1,5,31,4.0,-0.3807142857142857,0.45392857142857146,High
10,6,6.6,89,45,180,35,49.8,1,12,3,7,9,4.0,0.425126984126984,0.8068571428571429,High
7,5,8.0,65,19,31,143,52.1,0,2,0,15,29,-0.9666666666666667,0.22481746031746042,-0.027357142857142816,Moderate
7,1,6.4,80,35,59,89,58.8,2,5,2,14,68,-0.03333333333333333,0.7067936507936508,0.6093571428571427,Moderate
10,2,7.6,78,26,8,17,40.3,4,7,0,3,90,-1.7333333333333334,-0.000944444444444581,-0.22600000000000003,Low
10,4,7.3,78,72,39,8,35.0,3,6,0,5,36,-0.7,-0.3518253968253968,-0.28357142857142853,Low
16,3,8.2,72,44,64,54,48.1,4,10,0,20,52,0.13333333333333333,0.49830952380952387,0.12871428571428592,Moderate
10,12,6.2,70,49,98,180,58.7,2,5,1,6,97,1.2666666666666666,0.8034047619047621,0.7388571428571429,High
7,8,5.7,61,38,34,48,35.0,4,6,0,5,24,-0.8666666666666667,-0.2407142857142857,-0.01607142857142861,Moderate
2,2,5.9,72,39,90,78,38.4,2,4,0,1,84,1.0,-0.2591428571428572,0.13378571428571417,Low
7,1,5.8,74,23,75,22,48.1,7,5,0,5,118,0.5,0.4841825396825398,0.4333571428571429,Moderate
7,8,7.7,81,31,34,131,61.0,4,9,0,8,20,-0.8666666666666667,1.1286507936507937,0.4996428571428571,High
3,12,7.2,75,36,51,21,56.2,5,9,0,4,80,-0.3,0.8570952380952382,0.4856428571428572,High
7,5,7.8,65,60,31,70,37.8,4,15,0,6,95,-0.9666666666666667,0.23115873015873004,-0.049928571428571475,Low
13,3,7.2,65,29,117,137,49.9,1,7,0,4,66,1.9,0.3643888888888888,0.40449999999999986,Moderate
11,6,5.7,68,48,89,96,52.3,1,4,2,11,37,0.9666666666666667,0.3196904761904761,0.5832857142857142,High
12,5,6.1,73,33,57,37,40.1,3,3,0,4,31,-0.1,-0.19724603174603167,0.038714285714285805,Low
2,3,6.6,82,42,51,26,70.0,4,2,1,8,4,-0.3,1.166984126984127,0.8046428571428571,Moderate
3,8,7.1,69,46,39,51,40.7,5,5,0,6,28,-0.7,0.05007142857142871,-0.10614285714285698,Low
5,15,6.5,70,39,28,180,52.7,3,8,0,5,90,-1.0666666666666667,0.7072142857142858,0.4170714285714286,Moderate
5,4,6.8,81,66,33,135,55.2,4,11,1,5,17,-0.9,0.9435238095238097,0.5377857142857144,Moderate
3,3,7.9,78,28,30,103,39.5,1,1,1,1,11,-1.0,-0.35567460317460314,-0.4189285714285715,Low
0,4,5.6,69,25,163,67,48.8,1,3,2,5,28,3.433333333333333,0.09425396825396809,0.6522142857142856,Moderate
6,7,6.5,78,59,67,43,54.7,2,3,0,5,95,0.23333333333333334,0.39975396825396836,0.43171428571428583,Moderate
2,10,6.9,87,56,49,94,53.2,2,2,1,4,78,-0.36666666666666664,0.35320634920634936,0.2431428571428572,Moderate
3,4,5.7,69,52,12,55,35.0,5,4,1,3,32,-1.6,-0.23769841269841271,-0.12821428571428575,Low
5,13,6.4,73,25,85,50,42.4,2,6,1,13,148,0.8333333333333334,-0.038825396825396895,0.2109285714285713,High
2,6,6.2,63,38,175,50,43.9,4,1,2,2,4,3.8333333333333335,-0.016563492063492134,0.37307142857142844,Low
2,2,6.8,87,58,130,101,51.1,2,8,1,6,98,2.3333333333333335,0.48076984126984135,0.5715714285714286,High
2,8,6.2,65,48,9,124,40.9,1,7,1,12,139,-1.7,-0.055055555555555614,0.039499999999999924,Low
12,2,7.3,66,35,25,40,36.7,4,8,2,12,21,-1.1666666666666667,-0.10167460317460306,-0.21042857142857133,Low
7,10,6.7,76,41,56,46,53.2,1,1,1,7,180,-0.13333333333333333,0.19749206349206372,0.26707142857142857,Moderate
3,5,8.2,61,41,133,17,54.6,0,7,0,5,27,2.433333333333333,0.375888888888889,0.4105000000000002,Low
4,2,4.8,87,62,19,36,54.1,5,3,1,5,47,-1.3666666666666667,0.5649761904761905,0.5912142857142857,Moderate
1,5,6.6,71,47,65,23,55.8,3,7,0,3,76,0.16666666666666666,0.6365555555555554,0.5564999999999999,Moderate
4,4,6.8,58,35,53,46,49.3,4,11,1,20,54,-0.23333333333333334,0.5791349206349204,0.4107857142857142,Moderate
4,10,5.6,79,30,9,45,59.8,5,18,1,3,10,-1.7,1.367190476190476,1.0257857142857143,High
4,15,8.0,74,53,58,25,52.9,2,1,0,8,13,-0.06666666666666667,0.2273253968253967,0.03557142857142854,Low
18,9,6.0,72,48,94,78,58.0,2,6,0,8,180,1.1333333333333333,0.6942857142857144,0.7714285714285715,High
0,1,8.8,60,48,71,124,50.2,5,1,1,4,17,0.36666666666666664,0.415825396825397,-0.1529285714285715,Low
9,5,6.0,57,51,49,12,44.9,1,5,0,7,16,-0.36666666666666664,-0.07092857142857148,0.2373571428571428,Low
9,13,7.2,92,38,39,64,65.4,4,8,2,10,96,-0.7,1.2164920634920637,0.7030714285714287,High
3,3,7.4,85,37,57,77,52.4,0,3,2,18,43,-0.1,0.20069841269841263,0.1802142857142856,Low
7,4,7.2,75,56,3,118,48.7,3,7,0,9,35,-1.9,0.42261111111111127,0.08350000000000005,Low
4,4,7.1,67,33,36,131,35.2,1,4,2,6,133,-0.8,-0.41092063492063474,-0.30721428571428555,Low
7,3,6.9,75,62,132,12,46.4,1,5,1,7,38,2.4,-0.0034285714285714475,0.3323571428571428,Low
11,5,6.9,74,37,60,99,40.3,7,18,0,7,105,0.0,0.6830238095238094,0.34078571428571414,Moderate
7,13,7.0,58,44,32,67,49.6,2,3,0,1,32,-0.9333333333333333,0.19692063492063505,0.10371428571428577,Low
3,17,6.2,62,41,93,23,35.7,0,9,2,18,42,1.1,-0.3965158730158729,0.1506428571428572,Low
2,14,6.9,76,53,50,59,51.5,1,12,0,9,75,-0.3333333333333333,0.5282936507936509,0.4803571428571428,Moderate
4,3,9.0,72,30,73,40,48.4,4,2,3,15,51,0.43333333333333335,0.2105396825396825,-0.2083571428571429,Low
3,11,6.5,67,43,136,53,46.8,4,13,1,4,41,2.533333333333333,0.5458412698412697,0.6529285714285713,Moderate
2,7,6.7,77,52,108,36,54.5,1,5,0,3,36,1.6,0.38773809523809527,0.5503571428571428,Moderate
5,1,6.6,65,34,34,75,44.4,3,1,1,5,58,-0.8666666666666667,-0.03295238095238101,-0.03442857142857142,Low
2,4,6.2,101,40,53,84,46.9,2,14,2,6,63,-0.23333333333333334,0.48716666666666664,0.5295,Moderate
13,1,7.0,75,23,28,11,43.7,4,3,1,4,46,-1.0666666666666667,0.0025317460317461626,-0.0832857142857142,Low
8,11,6.1,64,53,36,96,65.7,5,6,1,2,20,-0.8,1.2607857142857142,0.8399285714285716,High
6,8,7.5,81,28,79,41,50.7,2,6,1,10,68,0.6333333333333333,0.32467460317460334,0.2524285714285715,Moderate
4,1,7.3,72,39,21,180,59.6,1,8,3,6,42,-1.3,0.8843809523809525,0.46657142857142864,Moderate
13,5,6.6,83,41,90,7,49.9,7,2,0,8,95,1.0,0.4413730158730158,0.2991428571428571,Low
5,2,4.8,75,34,40,83,51.5,0,3,0,9,70,-0.6666666666666666,0.16686507936507933,0.5657142857142856,Moderate
3,6,6.4,83,43,6,102,40.0,3,7,1,7,31,-1.8,0.013333333333333334,-0.030000000000000082,Low
3,2,5.0,72,25,42,39,51.8,9,19,1,7,70,-0.6,1.3029047619047618,1.0018571428571428,High
10,7,6.7,62,17,101,71,49.1,4,6,0,20,67,1.3666666666666667,0.4193412698412699,0.3994285714285714,High
3,2,7.3,78,54,83,3,54.1,1,5,1,12,18,0.7666666666666667,0.3330714285714287,0.3708571428571429,Moderate
17,4,5.5,83,56,22,12,59.6,3,3,1,2,57,-1.2666666666666666,0.6524761904761907,0.6412142857142857,High
2,4,6.5,90,60,102,69,44.4,6,4,2,2,155,1.4,0.26752380952380944,0.2387857142857142,Low
8,2,7.2,76,33,45,85,35.0,2,4,1,11,52,-0.5,-0.40436507936507937,-0.3082142857142857,Low
5,5,7.3,86,41,139,95,43.9,3,4,2,9,156,2.6333333333333333,0.07391269841269835,0.17628571428571427,Moderate
3,3,5.4,75,50,107,121,52.6,3,8,3,8,30,1.5666666666666667,0.6371587301587303,0.8040714285714285,Moderate
12,4,6.6,73,36,71,24,70.0,3,13,0,6,35,0.36666666666666664,1.490952380952381,1.1689285714285715,High
7,5,5.9,74,45,113,29,46.8,7,9,1,6,61,1.7666666666666666,0.5763174603174601,0.586142857142857,Moderate
8,7,7.6,87,50,74,96,52.7,3,5,1,8,24,0.4666666666666667,0.5067380952380954,0.253857142857143,Moderate
4,5,6.3,78,67,23,58,48.9,2,6,2,14,62,-1.2333333333333334,0.26256349206349205,0.26842857142857135,Low
8,3,7.5,70,61,109,61,45.1,2,4,0,2,19,1.6333333333333333,0.02346825396825402,0.10228571428571431,Low
19,9,7.7,61,17,36,27,47.2,4,3,0,13,114,-0.8,0.17780952380952392,-0.08078571428571422,High
16,2,6.7,78,55,160,59,58.4,4,0,0,6,84,3.3333333333333335,0.6102222222222222,0.6544999999999999,High
12,13,4.9,59,47,117,26,51.0,0,19,0,1,180,1.9,0.6524603174603174,1.1828571428571428,High
1,4,7.3,73,46,22,30,55.7,1,6,1,20,19,-1.2666666666666666,0.4707857142857145,0.29492857142857154,Low
3,5,7.3,64,51,85,53,59.2,3,4,0,5,48,0.8333333333333334,0.715746031746032,0.5002857142857143,Moderate
9,7,6.4,59,48,66,59,44.1,3,1,2,4,15,0.2,-0.06423015873015864,0.07157142857142855,Low
5,14,6.6,77,43,95,150,35.0,5,1,0,6,43,1.1666666666666667,-0.23928571428571432,-0.1639285714285713,Moderate
1,2,7.0,72,41,57,20,54.6,2,17,0,7,100,-0.1,0.8696984126984129,0.7162142857142858,Moderate
14,1,7.5,77,50,80,62,52.0,6,12,0,10,68,0.6666666666666666,0.8874603174603175,0.46535714285714286,Moderate
6,10,6.2,74,49,23,111,55.3,4,2,0,2,108,-1.2333333333333334,0.5999285714285713,0.36364285714285693,Moderate
12,7,8.0,62,40,30,50,45.2,1,4,0,3,71,-1.0,-0.05092063492063479,-0.17971428571428566,Low
12,6,7.7,75,31,123,61,35.0,5,6,1,11,10,2.1,-0.1596031746031746,-0.1435714285714286,Moderate
2,3,5.9,86,47,37,73,48.4,3,9,0,5,67,-0.7666666666666667,0.4305396825396825,0.44414285714285706,Low
7,2,6.4,66,59,27,130,39.8,5,6,0,18,23,-1.1,0.13306349206349194,-0.012071428571428733,Low
6,4,5.6,84,52,106,67,46.9,3,9,1,12,119,1.5333333333333334,0.35637301587301584,0.6241428571428571,Moderate
11,2,6.2,84,26,106,12,36.6,6,8,0,10,42,1.5333333333333334,-0.003952380952380888,0.18157142857142858,High
10,4,7.1,85,33,76,123,48.7,6,8,0,8,109,0.5333333333333333,0.6638809523809525,0.31207142857142867,Moderate
1,3,6.3,69,49,171,55,48.4,2,5,0,3,38,3.7,0.20101587301587298,0.5948571428571428,Low
11,7,6.7,61,42,77,69,58.3,1,6,1,3,102,0.5666666666666667,0.6311190476190476,0.6154285714285712,High
5,5,6.8,65,51,26,25,59.6,2,9,0,7,75,-1.1333333333333333,0.8145396825396827,0.5951428571428573,Moderate
3,6,8.5,57,47,20,139,44.9,1,1,1,5,45,-1.3333333333333333,-0.07267460317460323,-0.3869285714285714,Low
4,6,6.5,78,45,118,37,41.2,4,10,3,4,37,1.9333333333333333,0.16892063492063503,0.3542142857142858,Moderate
10,8,7.2,89,45,16,12,57.5,7,2,0,16,137,-1.4666666666666666,0.7889285714285714,0.2371428571428571,High
2,5,7.3,99,42,137,35,68.5,1,2,2,18,63,2.566666666666667,0.909484126984127,0.8521428571428571,High
11,7,6.1,79,60,27,52,37.1,2,6,1,7,22,-1.1,-0.2751031746031745,-0.04057142857142847,Low
12,15,5.3,75,52,88,61,46.3,1,4,2,10,34,0.9333333333333333,0.010801587301587166,0.4707857142857142,Moderate
3,3,5.9,65,52,30,25,48.9,2,10,2,4,3,-1.0,0.3687539682539682,0.47021428571428564,Low
3,5,6.2,82,49,86,98,47.6,2,9,0,6,22,0.8666666666666667,0.3556507936507937,0.49014285714285716,Moderate
2,6,6.2,66,44,57,27,46.4,3,3,1,4,108,-0.1,0.07514285714285714,0.2102142857142857,Low
6,2,4.3,78,42,83,53,44.1,2,4,0,8,119,0.7666666666666667,-0.030420634920634834,0.5672857142857143,Moderate
17,4,5.4,78,44,33,25,52.3,5,4,2,2,124,-0.9,0.5074682539682539,0.49578571428571405,High
5,4,7.3,86,43,56,51,41.4,2,6,1,20,130,-0.13333333333333333,-0.08271428571428578,-0.04907142857142858,Low
5,4,5.5,75,34,43,162,49.2,3,11,1,4,17,-0.5666666666666667,0.636857142857143,0.6102857142857143,Moderate
5,3,6.9,76,32,23,111,47.8,2,6,0,4,91,-1.2333333333333334,0.27195238095238083,0.13042857142857125,Low
4,5,7.0,80,46,19,141,42.0,4,6,0,5,48,-1.3666666666666667,0.17761904761904762,-0.07107142857142856,Low
8,6,5.4,74,47,88,53,43.1,4,11,0,4,154,0.9333333333333333,0.30791269841269847,0.5572857142857142,Moderate
12,5,6.9,76,52,41,93,52.8,1,10,0,17,25,-0.6333333333333333,0.553142857142857,0.4397142857142856,Moderate
4,3,6.0,60,47,41,36,49.8,4,2,2,9,59,-0.6333333333333333,0.269095238095238,0.2786428571428571,Low
10,2,5.9,74,27,46,117,45.9,2,10,1,8,180,-0.4666666666666667,0.33597619047619043,0.4202142857142856,Low
8,5,7.2,76,36,53,170,35.0,3,6,1,9,64,-0.23333333333333334,-0.17182539682539683,-0.2310714285714286,Moderate
4,2,5.5,65,22,180,30,55.3,2,10,0,7,29,4.0,0.6623095238095237,1.1072142857142855,High
10,3,8.0,75,47,74,170,44.2,3,8,1,7,39,0.4666666666666667,0.3136031746031747,0.014571428571428662,Low
6,6,7.0,64,31,54,33,36.1,3,3,0,2,62,-0.2,-0.38169047619047614,-0.24628571428571422,Low
7,9,7.1,96,43,19,104,46.9,2,4,0,2,117,-1.3666666666666667,0.15224603174603168,0.0012857142857142928,Moderate
7,12,7.3,82,32,11,23,43.0,3,7,0,3,43,-1.6333333333333333,0.06055555555555556,-0.08499999999999996,Low
10,12,7.2,75,27,53,35,63.9,3,1,0,12,23,-0.23333333333333334,0.8001031746031745,0.49307142857142844,High
7,3,7.4,76,34,93,114,41.1,3,3,0,9,171,1.1,-0.0666904761904761,-0.0687857142857143,Moderate
3,2,7.0,72,52,50,32,40.2,3,3,0,5,61,-0.3333333333333333,-0.1983015873015872,-0.1332857142857142,Low
9,4,7.7,73,42,7,86,66.8,4,7,0,5,5,-1.7666666666666666,1.2682222222222221,0.5489999999999999,High
15,6,6.3,70,48,102,47,41.4,6,21,0,9,66,1.4,0.7152222222222221,0.6695,High
4,12,5.4,55,25,34,41,57.8,4,4,1,1,173,-0.8666666666666667,0.7060793650793651,0.663285714285714,High
3,6,6.2,69,46,23,40,51.4,3,5,2,20,36,-1.2333333333333334,0.38601587301587303,0.3323571428571428,Low
2,6,8.6,69,43,80,81,52.1,3,6,0,4,23,0.6666666666666666,0.4987857142857144,0.10442857142857156,Low
8,5,7.1,89,47,120,67,48.2,3,15,0,15,11,2.0,0.6291587301587303,0.6070714285714287,High
7,8,5.3,88,48,180,37,52.8,3,8,1,7,180,4.0,0.5528253968253968,1.0100714285714285,High
2,3,6.8,70,25,36,25,48.9,0,5,0,4,37,-0.8,0.0568492063492063,0.18485714285714286,Low
4,4,7.8,85,28,65,54,57.2,3,15,2,1,63,0.16666666666666666,1.0197142857142858,0.6170714285714286,High
10,11,7.3,73,38,44,165,52.3,1,2,1,8,85,-0.5333333333333333,0.32492857142857134,0.13364285714285712,Moderate
19,11,8.3,67,61,70,137,48.1,2,9,0,9,44,0.3333333333333333,0.4214841269841271,0.09764285714285706,Moderate
5,5,6.0,81,44,34,122,60.4,1,3,1,8,90,-0.8666666666666667,0.6773650793650794,0.6077142857142857,Moderate
2,5,5.3,65,43,154,17,38.2,2,8,0,7,27,3.1333333333333333,-0.19306349206349196,0.5070714285714286,Moderate
10,4,5.2,57,39,115,75,42.5,4,15,1,6,16,1.8333333333333333,0.44821428571428573,0.7560714285714285,High
0,9,6.7,83,17,22,68,56.7,6,5,0,5,9,-1.2666666666666666,0.8556269841269843,0.40135714285714297,Moderate
1,2,5.5,75,72,132,22,38.0,2,5,0,9,33,2.4,-0.30365079365079367,0.3253571428571428,Low
7,11,6.5,64,25,116,118,48.8,3,3,0,3,30,1.8666666666666667,0.2842539682539681,0.3772142857142856,Moderate
6,9,5.3,80,50,35,170,49.3,2,11,2,14,29,-0.8333333333333334,0.5835793650793649,0.6282857142857142,Moderate
9,6,6.7,64,45,114,46,40.4,7,18,2,11,42,1.8,0.6286349206349205,0.5137857142857142,High
11,13,6.6,83,40,170,22,55.1,2,2,1,20,70,3.6666666666666665,0.3587063492063493,0.6551428571428572,High
3,2,6.6,66,33,34,180,52.7,1,7,1,12,78,-0.8666666666666667,0.5381666666666668,0.3860000000000001,Moderate
2,18,7.2,77,62,32,37,56.2,3,17,1,3,34,-0.9333333333333333,1.0272539682539683,0.6667142857142859,High
6,4,6.9,79,60,112,108,43.6,1,3,0,7,25,1.7333333333333334,-0.09419047619047612,0.14121428571428568,Low
5,6,7.4,72,44,51,102,53.5,0,5,0,4,84,-0.3,0.3494047619047619,0.2553571428571428,Low
7,2,6.5,82,32,32,73,48.1,6,21,0,7,13,-0.9333333333333333,1.0456111111111113,0.6605000000000001,Moderate
4,9,8.2,78,33,177,108,58.7,4,1,1,3,180,3.9,0.7138809523809525,0.47207142857142875,High
3,4,7.4,82,39,34,11,43.1,4,1,2,3,180,-0.8666666666666667,-0.09589682539682534,-0.21342857142857147,Low
3,5,8.4,82,52,25,41,38.6,4,5,1,8,60,-1.1666666666666667,-0.12220634920634912,-0.4316428571428572,Low
8,4,6.0,86,46,11,55,58.4,5,5,1,6,15,-1.6333333333333333,0.851015873015873,0.5473571428571427,Moderate
3,11,6.0,66,47,23,180,53.2,3,1,4,2,43,-1.2333333333333334,0.47971428571428587,0.30707142857142866,Moderate
8,10,4.9,71,64,113,180,45.8,5,2,0,2,53,1.7666666666666666,0.31576190476190463,0.5311428571428569,High
9,2,5.0,83,36,134,15,53.0,6,7,0,20,40,2.466666666666667,0.7016666666666668,0.925,High
7,4,7.4,82,38,104,40,45.0,4,6,2,20,68,1.4666666666666666,0.20039682539682543,0.16142857142857137,Low
2,8,6.4,88,68,85,27,42.1,1,4,2,3,96,0.8333333333333334,-0.21597619047619043,0.14478571428571427,Low
5,8,8.0,66,34,12,59,35.2,3,4,0,5,73,-1.6,-0.35758730158730145,-0.5247142857142856,Low
11,1,7.7,64,46,29,29,43.7,2,2,0,4,88,-1.0333333333333334,-0.1465158730158729,-0.23185714285714282,Low
12,8,7.3,71,31,82,53,48.1,5,1,1,4,180,0.7333333333333333,0.24243650793650806,0.07407142857142865,Moderate
17,8,7.4,69,34,115,24,46.9,1,6,3,11,57,1.8333333333333333,0.06811904761904755,0.24592857142857127,High
3,6,6.3,77,42,105,68,49.7,3,3,0,11,75,1.5,0.2691984126984129,0.4117142857142858,Low
3,9,7.5,75,53,2,50,43.4,4,2,0,14,7,-1.9333333333333333,-0.0033492063492064003,-0.2733571428571429,Low
15,5,6.9,61,46,69,127,42.2,2,8,0,20,51,0.3,0.10915873015873029,0.1345714285714286,Moderate
2,6,6.4,59,32,14,116,35.0,0,9,0,15,55,-1.5333333333333334,-0.32468253968253974,-0.10285714285714292,Low
9,3,6.4,81,28,37,55,52.2,4,5,1,5,53,-0.7666666666666667,0.5053492063492065,0.3563571428571428,High
3,11,8.4,87,53,107,180,47.8,1,4,0,9,41,1.5666666666666667,0.2105238095238094,0.02078571428571413,Moderate
6,5,6.7,74,64,180,73,49.2,2,3,0,7,76,4.0,0.18558730158730175,0.5142142857142857,Moderate
4,6,6.6,83,24,52,19,64.0,5,9,0,8,28,-0.26666666666666666,1.2058730158730158,0.8271428571428572,Moderate
10,6,7.6,73,63,56,32,53.5,4,10,1,9,51,-0.13333333333333333,0.7168650793650794,0.3757142857142858,Moderate
5,8,5.5,69,42,58,24,49.0,4,1,0,12,69,-0.06666666666666667,0.18404761904761904,0.35607142857142854,Moderate
3,3,6.5,67,39,61,68,50.8,4,16,1,1,128,0.03333333333333333,0.8496507936507935,0.671142857142857,High
11,8,7.3,74,29,67,115,55.3,1,21,0,12,34,0.23333333333333334,1.0829444444444443,0.824,High
8,7,4.6,77,42,41,28,47.0,4,7,2,6,50,-0.6333333333333333,0.31277777777777777,0.5825,Moderate
1,14,5.9,66,49,47,114,55.9,2,13,2,3,87,-0.43333333333333335,0.8897857142857142,0.8084285714285713,High
5,4,5.8,83,51,46,82,36.2,2,4,0,20,36,-0.4666666666666667,-0.35369841269841257,-0.0247142857142856,Low
3,1,7.9,63,27,47,68,49.8,3,4,1,20,139,-0.43333333333333335,0.3094126984126983,0.018285714285714155,Moderate
11,2,7.5,55,48,22,74,57.7,6,6,1,6,35,-1.2666666666666666,0.9430079365079367,0.31992857142857145,Moderate
8,3,6.1,75,57,52,32,41.3,4,6,1,4,8,-0.26666666666666666,0.025007936507936368,0.1479285714285714,Low
5,4,6.2,89,58,93,19,39.3,3,7,1,4,42,1.1,-0.11038888888888904,0.20149999999999987,Low
3,3,5.9,81,32,54,27,59.5,1,5,0,6,14,-0.2,0.6027380952380953,0.7053571428571427,Moderate
1,2,6.4,80,57,63,40,44.5,7,4,0,13,60,0.1,0.30646825396825395,0.16178571428571423,Low
8,2,6.7,89,34,75,93,37.8,6,10,2,0,38,0.5,0.21147619047619035,0.1097142857142856,Moderate
9,3,6.6,81,52,144,70,45.2,5,21,0,20,48,2.8,0.8451111111111113,0.8360000000000001,High
5,0,7.0,73,47,10,13,60.8,1,4,0,6,4,-1.6666666666666667,0.6099682539682538,0.41328571428571415,Low
3,8,6.6,70,15,20,68,50.5,4,7,0,16,68,-1.3333333333333333,0.5147222222222222,0.2850000000000001,Low
6,5,5.8,62,28,40,23,45.6,5,2,1,2,43,-0.6666666666666666,0.1323174603174604,0.1851428571428572,Low
7,9,5.8,72,36,59,120,51.1,1,5,2,4,4,-0.03333333333333333,0.3280714285714287,0.4833571428571429,Moderate
15,6,5.8,59,31,96,86,40.1,6,3,2,1,29,1.2,0.057198412698412776,0.18871428571428578,Moderate
2,3,7.2,66,33,33,31,43.0,1,2,2,9,19,-0.9,-0.24246031746031746,-0.15535714285714292,Low
17,5,6.7,88,45,97,94,61.3,2,6,1,3,57,1.2333333333333334,0.8605634920634921,0.7554285714285713,High
8,2,6.4,72,53,106,38,60.1,4,8,2,7,64,1.5333333333333334,0.9491031746031747,0.8515714285714285,Moderate
5,15,7.2,93,54,27,26,59.3,0,5,0,4,27,-1.1,0.5259603174603174,0.40435714285714264,Moderate
20,21,6.9,86,48,48,52,46.2,4,3,0,8,47,-0.4,0.16058730158730172,0.05921428571428573,High
8,13,5.7,70,44,130,180,54.8,1,12,1,3,106,2.3333333333333335,0.8112380952380952,0.9893571428571428,High
3,19,7.3,85,53,115,139,48.3,2,2,0,5,7,1.8333333333333333,0.1827063492063491,0.19114285714285706,Moderate
4,2,6.0,75,31,129,96,40.9,4,14,1,2,61,2.3,0.3638333333333333,0.5745,Moderate
3,2,7.3,73,41,142,109,60.3,1,15,2,3,80,2.7333333333333334,1.0869920634920633,0.9900714285714284,High
11,0,7.2,74,31,56,84,51.8,4,1,0,3,66,-0.13333333333333333,0.3767142857142856,0.13757142857142846,Low
12,7,6.9,66,37,35,54,66.2,7,8,1,11,108,-0.8333333333333334,1.4413809523809524,0.7695714285714286,High
8,5,6.5,87,68,132,18,50.3,3,13,0,9,64,2.4,0.5977857142857141,0.7479285714285713,High
6,8,6.9,75,31,86,37,39.4,4,3,0,12,100,0.8666666666666667,-0.16207936507936516,-0.04978571428571439,Moderate
6,2,6.4,68,64,105,173,45.7,3,8,3,6,92,1.5,0.3844365079365081,0.4170714285714286,High
5,9,6.9,71,42,92,66,45.1,3,4,0,1,16,1.0666666666666667,0.09569047619047626,0.16478571428571426,Moderate
12,4,8.2,77,44,91,86,40.9,3,3,0,13,180,1.0333333333333334,-0.10680158730158736,-0.21978571428571414,Moderate
5,7,6.4,69,46,37,40,42.5,3,12,3,4,19,-0.7666666666666667,0.23551587301587304,0.26535714285714285,Moderate
4,7,7.2,69,60,66,61,50.5,1,11,1,20,48,0.2,0.44980158730158737,0.40928571428571425,Moderate
4,5,6.5,79,49,100,52,51.6,3,3,0,3,41,1.3333333333333333,0.33692063492063506,0.4212142857142857,Low
1,1,5.3,69,38,28,74,52.6,6,5,4,9,21,-1.0666666666666667,0.677793650793651,0.5383571428571429,Moderate
5,11,5.4,72,41,60,173,49.3,4,6,0,7,160,0.0,0.541674603174603,0.5304285714285712,High
9,5,6.0,80,48,44,30,56.1,5,5,1,3,108,-0.5333333333333333,0.7197380952380953,0.5608571428571427,High
5,6,7.0,79,12,37,29,49.5,6,1,0,8,85,-0.7666666666666667,0.3454365079365079,0.05607142857142854,Moderate
5,8,8.3,85,31,95,27,46.4,1,5,0,9,19,1.1666666666666667,0.01323809523809523,-0.005142857142857268,Moderate
2,5,6.5,60,64,32,86,45.7,2,3,2,11,15,-0.9333333333333333,0.04253174603174617,0.0742142857142858,Low
6,6,7.8,66,38,43,100,45.0,3,1,1,9,31,-0.5666666666666667,0.021825396825396845,-0.2039285714285714,Low
11,11,7.0,68,55,51,35,57.6,2,6,3,4,37,-0.3,0.6285079365079367,0.4769285714285714,High
19,2,7.7,76,53,60,44,56.8,6,2,0,6,62,0.0,0.7263174603174603,0.23864285714285696,Moderate
2,8,7.0,72,52,72,96,54.5,4,20,0,20,144,0.4,1.1901190476190475,0.8364285714285715,High
2,9,6.1,74,51,150,37,41.2,2,13,2,9,118,3.0,0.14273015873015887,0.5899285714285716,Moderate
5,6,7.0,86,40,11,19,53.8,3,12,0,14,93,-1.6333333333333333,0.7206825396825396,0.4343571428571427,Moderate
6,20,6.0,83,23,31,29,42.3,5,13,0,4,34,-0.9666666666666667,0.3833412698412697,0.3429285714285713,Moderate
6,1,7.7,70,56,83,41,55.2,0,1,0,5,57,0.7666666666666667,0.21526984126984147,0.21957142857142858,Low
3,3,4.7,77,51,115,70,61.7,4,4,0,5,21,1.8333333333333333,0.9138015873015874,1.1052857142857144,High
5,4,7.1,66,33,180,88,58.1,2,1,1,12,115,4.0,0.5313253968253968,0.6540714285714286,High
7,16,6.6,80,32,35,120,50.9,3,7,0,12,38,-0.8333333333333334,0.5238333333333333,0.3345,High
12,9,8.4,55,19,7,22,45.4,3,7,0,5,43,-1.7666666666666666,0.16744444444444434,-0.21550000000000008,Moderate
9,3,5.5,83,50,99,29,44.1,1,5,0,6,37,1.3,-0.08803968253968246,0.4258571428571428,Moderate
12,3,6.0,76,43,48,131,59.6,3,11,0,5,47,-0.4,1.0704126984126985,0.8472857142857144,High
3,6,6.8,79,50,76,48,49.4,4,1,2,5,94,0.5333333333333333,0.22871428571428562,0.18557142857142853,Low
8,3,7.0,67,51,73,142,50.9,6,7,1,6,82,0.43333333333333335,0.7482777777777777,0.35949999999999993,Moderate
14,4,7.1,73,53,62,56,48.3,5,10,2,10,108,0.06666666666666667,0.5761984126984125,0.3222142857142857,Moderate
13,1,7.8,78,34,157,17,53.2,8,10,1,11,25,3.2333333333333334,0.9533650793650796,0.5842142857142858,High
5,3,7.1,82,42,35,17,38.8,1,6,0,20,61,-0.8333333333333334,-0.3041587301587303,-0.14457142857142857,Low
4,0,5.8,75,61,131,44,48.3,1,9,1,9,4,2.3666666666666667,0.2604841269841269,0.6936428571428571,Moderate
1,6,6.4,66,47,21,64,35.0,2,4,1,3,117,-1.3,-0.42769841269841274,-0.2282142857142858,Low
6,11,7.3,81,52,62,148,58.3,3,1,2,6,29,0.06666666666666667,0.67365873015873,0.3300714285714284,Moderate
7,7,7.9,77,52,97,46,38.4,3,3,0,4,29,1.2333333333333334,-0.2637460317460318,-0.2272857142857144,Low
19,6,8.0,91,42,180,25,46.3,5,5,0,20,113,4.0,0.2731825396825395,0.25685714285714273,High
3,7,6.8,62,64,33,48,52.2,2,3,1,4,31,-0.9,0.29280952380952396,0.2192142857142858,Low
10,1,6.2,64,49,37,28,57.8,3,14,0,11,49,-0.7666666666666667,0.982111111111111,0.8164999999999999,Moderate
6,1,8.2,71,64,12,50,57.5,3,21,1,7,180,-1.6,1.2430555555555556,0.5950000000000002,High
3,9,6.9,75,47,66,30,39.5,4,21,0,11,17,0.2,0.47750000000000004,0.4175,Low
5,3,5.7,61,50,51,101,53.1,0,16,1,10,81,-0.3,0.7231507936507937,0.8551428571428572,Moderate
14,7,8.7,91,53,80,107,47.7,2,10,0,11,54,0.6666666666666666,0.40586507936507954,0.0692142857142859,Moderate
19,5,9.0,73,46,164,107,35.0,3,11,2,2,63,3.466666666666667,-0.06325396825396827,-0.12571428571428572,High
11,12,7.5,65,46,55,50,47.9,3,5,0,10,33,-0.16666666666666666,0.23962698412698408,0.07985714285714281,Moderate
5,9,6.7,72,32,9,55,46.5,3,4,0,10,60,-1.7,0.146468253968254,0.03428571428571425,Low
14,9,7.0,77,38,61,26,59.5,3,20,0,3,56,0.03333333333333333,1.2706746031746032,0.9589285714285714,High
6,2,6.8,71,28,67,135,53.2,5,5,0,15,43,0.23333333333333334,0.7059047619047621,0.39135714285714296,Moderate
11,6,6.5,80,40,160,82,50.9,2,5,0,5,36,3.3333333333333335,0.343515873015873,0.6073571428571428,High
5,1,7.5,69,29,43,52,37.8,3,8,4,5,50,-0.5666666666666667,-0.10550793650793663,-0.1674285714285715,Low
2,2,8.8,70,56,143,61,46.1,3,9,1,3,60,2.7666666666666666,0.31370634920634927,0.13264285714285703,Low
8,1,4.5,76,35,88,47,54.7,4,4,1,9,37,0.9333333333333333,0.5732460317460318,0.8627857142857143,High
2,6,6.5,70,39,180,131,46.3,1,5,0,16,91,4.0,0.12429365079365066,0.5193571428571427,Moderate
6,9,6.9,64,58,62,56,48.4,4,8,1,4,43,0.06666666666666667,0.4426031746031745,0.3030714285714285,Low
10,1,5.5,74,36,10,55,40.8,1,2,0,3,84,-1.6666666666666667,-0.31479365079365096,0.01864285714285699,Moderate
8,3,6.1,84,32,86,52,54.7,6,21,0,16,67,0.8666666666666667,1.319277777777778,1.0635000000000001,High
4,6,6.4,77,57,51,54,44.1,1,2,0,1,10,-0.3,-0.16740476190476183,0.06264285714285711,Low
5,3,6.3,71,40,35,109,35.0,5,11,0,3,128,-0.8333333333333334,0.07230158730158728,0.024285714285714313,Low
5,9,7.0,76,29,37,18,56.6,2,4,1,19,125,-0.7666666666666667,0.49319047619047635,0.35478571428571426,High
1,3,8.2,85,60,82,70,49.7,1,15,0,20,165,0.7333333333333333,0.5666587301587303,0.3645714285714288,Moderate
7,2,5.1,73,58,129,69,47.2,1,12,2,10,35,2.3,0.34590476190476205,0.863857142857143,High
8,4,6.3,65,46,87,14,36.2,3,7,0,6,112,0.9,-0.2554444444444443,0.07600000000000012,Moderate
6,2,7.6,63,43,42,54,37.9,0,1,2,2,32,-0.6,-0.5487857142857144,-0.3844285714285714,Low
3,3,6.0,65,47,44,68,56.6,8,4,1,4,28,-0.5333333333333333,0.9487460317460318,0.5472857142857143,Moderate
3,4,5.6,81,38,5,147,44.6,0,3,0,11,101,-1.8333333333333333,-0.07252380952380945,0.13121428571428587,Low
16,4,8.7,67,32,14,90,48.0,3,10,0,4,76,-1.5333333333333334,0.4671428571428572,-0.08678571428571417,Moderate
11,9,7.4,79,42,13,49,53.0,4,2,2,6,72,-1.5666666666666667,0.42753968253968255,0.05964285714285708,Moderate
2,14,6.8,85,41,14,59,35.0,2,2,0,17,71,-1.5333333333333334,-0.5046825396825396,-0.37285714285714283,Low
5,2,6.2,75,69,180,110,59.9,4,3,1,9,35,4.0,0.8415317460317461,0.9227142857142856,High
8,4,6.7,76,73,65,55,54.9,4,5,0,2,21,0.16666666666666666,0.6268492063492063,0.4548571428571427,Moderate
9,3,7.4,59,35,103,66,48.3,5,10,0,7,100,1.4333333333333333,0.5873095238095237,0.37221428571428555,Moderate
13,6,5.0,82,39,107,110,38.5,3,1,0,5,23,1.5666666666666667,-0.2595634920634921,0.25107142857142856,Moderate
4,7,8.0,78,40,130,180,43.3,4,11,2,2,92,2.3333333333333335,0.4580238095238094,0.21328571428571425,Moderate
1,8,6.5,75,32,34,25,48.6,4,7,0,15,64,-0.8666666666666667,0.3814444444444445,0.2805,Low
10,5,7.1,80,44,61,39,44.9,1,2,4,13,121,0.03333333333333333,-0.14807142857142863,-0.010857142857142845,Low
13,5,6.3,102,30,133,28,63.7,2,8,0,3,67,2.433333333333333,0.9666587301587303,1.0445714285714285,High
4,15,7.0,70,35,160,22,45.1,4,4,1,9,60,3.3333333333333335,0.11346825396825404,0.3172857142857143,Moderate
8,7,5.8,72,41,94,153,46.2,2,4,0,3,12,1.1333333333333333,0.17519047619047634,0.39528571428571435,Low
4,4,7.6,70,36,16,74,46.7,4,9,1,6,35,-1.4666666666666666,0.42181746031746037,0.04314285714285729,Low
4,6,8.2,68,47,143,169,41.2,5,8,0,4,161,2.7666666666666666,0.31082539682539695,0.062071428571428805,Moderate
4,4,7.3,72,45,80,32,43.6,6,10,2,5,59,0.6666666666666666,0.4046984126984128,0.19121428571428578,Low
6,3,6.2,75,39,12,53,52.8,4,11,1,3,26,-1.6,0.7444126984126984,0.5182857142857142,Moderate
2,1,8.7,93,26,140,117,44.5,4,6,2,5,121,2.6666666666666665,0.263452380952381,0.008928571428571536,Moderate
18,3,6.0,62,56,133,111,48.0,2,5,2,20,75,2.433333333333333,0.2452380952380953,0.5403571428571428,High
5,4,5.0,74,56,68,153,52.3,2,11,2,3,145,0.26666666666666666,0.699690476190476,0.8532857142857142,High
5,19,6.6,65,55,44,180,40.6,1,5,0,4,88,-0.5333333333333333,-0.07776190476190467,-0.009142857142857036,Moderate
6,6,4.2,69,64,29,40,41.7,4,4,1,10,44,-1.0333333333333334,-0.019531746031745893,0.3777857142857143,Moderate
4,2,7.4,78,36,71,56,55.2,5,2,0,5,180,0.36666666666666664,0.6009841269841271,0.27064285714285713,Moderate
4,8,5.7,69,30,70,66,38.9,4,5,1,4,65,0.3333333333333333,-0.08092857142857149,0.16235714285714276,Low
14,7,7.2,68,46,42,67,57.4,2,2,2,20,78,-0.6,0.5122063492063491,0.299142857142857,High
9,5,5.9,76,62,169,6,59.8,2,13,1,8,180,3.6333333333333333,0.9452857142857142,1.2304285714285712,High
2,4,4.2,83,52,100,47,49.7,4,10,0,5,59,1.3333333333333333,0.5625317460317462,0.9667142857142857,Moderate
7,12,6.8,55,67,4,17,43.6,4,4,0,9,43,-1.8666666666666667,0.04041269841269848,-0.08271428571428563,Low
4,6,5.8,61,34,107,25,42.0,2,3,1,4,55,1.5666666666666667,-0.19174603174603172,0.27321428571428574,Low
3,12,6.5,72,67,40,79,52.6,4,10,0,13,52,-0.6666666666666666,0.7285873015873017,0.5012142857142857,Moderate
2,5,7.9,70,25,7,64,68.0,5,4,0,18,35,-1.7666666666666666,1.2573015873015871,0.4642857142857142,High
1,20,7.5,77,30,27,28,48.1,1,10,0,11,67,-1.1,0.269420634920635,0.15871428571428575,Moderate
4,1,8.1,64,58,49,45,38.5,3,10,0,1,19,-0.36666666666666664,-0.01035714285714287,-0.17928571428571421,Low
9,4,7.7,70,37,180,167,59.3,4,3,0,6,43,4.0,0.8778650793650793,0.6422142857142855,High
2,1,7.1,66,40,39,43,53.5,4,13,0,5,103,-0.7,0.8362301587301588,0.5064285714285715,Moderate
11,8,8.2,72,44,93,14,47.2,4,9,0,3,105,1.1,0.3776507936507938,0.14564285714285735,Moderate
13,9,6.4,84,28,179,47,59.9,6,0,2,3,77,3.966666666666667,0.7977222222222221,0.7994999999999998,High
4,3,6.2,85,26,83,87,57.4,3,17,0,7,2,0.7666666666666667,1.1368095238095237,1.0052142857142858,High
5,10,6.5,76,64,77,35,38.6,0,2,0,3,47,0.5666666666666667,-0.5026825396825396,-0.05485714285714284,Low
4,3,5.3,87,60,22,67,48.0,2,5,1,6,45,-1.2666666666666666,0.1963492063492064,0.38535714285714284,Low
12,3,7.9,72,17,37,44,45.4,6,11,0,2,124,-0.7666666666666667,0.5347460317460317,0.06128571428571417,Low
10,9,6.8,77,73,37,144,55.1,2,1,2,9,61,-0.7666666666666667,0.45854761904761915,0.2590714285714287,Moderate
7,2,5.5,60,35,53,71,46.9,2,9,1,16,39,-0.23333333333333334,0.2941507936507936,0.5091428571428571,Moderate
9,1,7.8,88,80,21,69,39.1,2,2,0,8,80,-1.3,-0.3090714285714285,-0.40735714285714286,Moderate
8,5,4.5,66,48,19,120,37.0,4,9,3,18,77,-1.3666666666666667,0.036428571428571414,0.3021428571428572,High
10,3,7.2,85,55,90,43,51.7,4,4,0,11,126,1.0,0.43380158730158747,0.3052857142857143,Moderate
15,1,8.0,79,51,62,107,38.8,4,4,1,1,116,0.06666666666666667,-0.07558730158730172,-0.2917142857142858,Low
6,2,6.7,85,43,80,17,55.3,1,16,1,5,162,0.6666666666666666,0.7954841269841268,0.818642857142857,High
8,3,6.3,84,39,27,36,49.1,0,21,2,1,126,-1.1,0.6495,0.7130000000000001,High
5,1,7.5,67,54,70,168,42.3,6,4,0,9,25,0.3333333333333333,0.2830238095238094,-0.0792142857142858,Low
13,9,7.0,88,42,73,28,39.9,9,9,1,8,3,0.43333333333333335,0.39803968253968247,0.0866428571428571,Moderate
9,3,5.6,72,53,47,36,52.5,1,3,0,20,103,-0.43333333333333335,0.22630952380952385,0.4732142857142858,Moderate
4,3,7.6,86,56,99,56,36.9,4,2,2,2,37,1.3,-0.28918253968253976,-0.24335714285714286,Low
11,2,6.7,84,28,47,53,48.8,6,8,1,4,27,-0.43333333333333335,0.5906031746031745,0.3125714285714285,Moderate
10,16,6.6,58,39,82,78,54.5,4,2,0,14,30,0.7333333333333333,0.5272619047619047,0.4171428571428572,Moderate
2,14,7.3,70,14,164,65,54.6,7,5,1,4,95,3.466666666666667,0.8244603174603177,0.5883571428571429,High
1,9,6.4,73,43,73,63,55.7,3,6,1,14,31,0.43333333333333335,0.6407857142857144,0.5799285714285715,Moderate
5,6,8.0,79,38,46,21,50.6,2,10,0,15,168,-0.4666666666666667,0.4408095238095239,0.19371428571428573,Low
7,12,7.8,78,36,147,147,54.5,1,6,1,17,33,2.9,0.5467857142857143,0.4839285714285715,High
5,10,7.6,83,35,54,178,38.6,1,1,0,1,131,-0.2,-0.31284126984126975,-0.3334285714285713,Low
10,16,7.5,73,36,35,75,54.5,2,6,0,5,89,-0.8333333333333334,0.5334523809523809,0.25642857142857145,Moderate
3,11,5.9,71,49,126,43,48.1,6,6,1,7,31,2.2,0.4765634920634922,0.5719285714285715,High
12,5,6.6,72,39,42,154,50.0,4,3,0,11,134,-0.6,0.444920634920635,0.2107142857142858,Moderate
6,3,7.1,55,15,73,51,63.2,2,5,2,6,70,0.43333333333333335,0.8625714285714289,0.6538571428571429,High
3,3,8.3,84,73,40,104,60.1,2,2,0,14,27,-0.6666666666666666,0.6748174603174604,0.18264285714285708,Moderate
4,3,8.2,63,60,34,46,49.7,1,3,3,1,20,-0.8666666666666667,0.11142063492063506,-0.09828571428571405,Low
1,2,5.4,73,44,68,57,41.2,4,3,0,8,16,0.26666666666666666,-0.05885714285714272,0.22171428571428572,Low
5,8,7.4,83,38,85,86,39.5,3,8,1,2,70,0.8333333333333334,0.008769841269841264,0.0060714285714285054,Moderate
7,1,7.3,69,44,81,77,64.6,3,4,1,4,33,0.7,0.9854126984126982,0.6522857142857141,Moderate
8,11,6.2,73,44,87,136,47.7,1,5,0,7,16,0.9,0.1928492063492065,0.38135714285714284,Moderate
8,2,6.6,88,44,5,113,36.9,2,4,2,8,125,-1.8333333333333333,-0.2877539682539683,-0.24621428571428566,Moderate
8,7,6.9,83,45,47,18,52.0,3,4,1,4,31,-0.43333333333333335,0.35285714285714287,0.25928571428571423,Moderate
20,6,7.0,88,45,68,32,35.0,2,3,1,7,20,0.26666666666666666,-0.498968253968254,-0.2442857142857143,Moderate
27,1,6.6,87,16,91,53,43.2,2,7,2,7,94,1.0333333333333334,0.03622222222222235,0.24350000000000016,High
2,3,7.3,76,31,50,46,49.3,2,7,0,5,9,-0.3333333333333333,0.30294444444444435,0.20149999999999996,Low
3,18,5.9,70,26,105,44,51.7,1,2,1,3,163,1.5,0.1634841269841272,0.5131428571428571,High
27,3,6.6,68,41,71,107,36.6,2,4,1,5,103,0.36666666666666664,-0.3079206349206349,-0.09021428571428561,Moderate
11,7,7.5,76,47,53,138,49.9,3,11,0,16,26,-0.23333333333333334,0.6416904761904761,0.3062857142857142,High
3,6,6.1,80,41,14,13,48.7,1,7,1,8,88,-1.5333333333333334,0.17261111111111133,0.3035000000000001,Low
6,1,6.6,60,66,103,44,55.2,3,2,1,2,78,1.4333333333333333,0.45431746031746045,0.4906428571428572,Moderate
17,2,6.1,68,47,45,12,35.0,2,21,2,5,22,-0.5,0.12166666666666665,0.3700000000000001,Moderate
9,4,6.8,66,33,32,5,42.0,4,8,1,3,21,-0.9333333333333333,0.09793650793650793,0.0535714285714286,Low
15,9,8.0,80,40,42,32,41.4,5,2,0,3,18,-0.6,-0.046682539682539784,-0.3208571428571429,Moderate
2,3,8.1,77,40,74,78,52.5,1,8,0,8,14,0.4666666666666667,0.4515476190476191,0.24607142857142866,Low
11,1,6.5,83,47,30,12,41.0,4,4,2,6,141,-1.0,-0.08214285714285714,-0.04321428571428572,Low
13,1,7.2,73,52,68,96,49.6,4,18,0,1,43,0.26666666666666666,0.8981904761904763,0.5872857142857143,Moderate
8,5,6.6,68,38,84,55,36.9,5,5,2,2,43,0.8,-0.11648412698412705,-0.02014285714285713,Moderate
8,5,6.8,75,39,38,39,39.5,3,1,0,14,49,-0.7333333333333333,-0.2934523809523809,-0.2064285714285714,Low
3,4,7.2,85,23,61,28,56.9,6,8,0,2,24,0.03333333333333333,0.9273253968253967,0.5030714285714285,Moderate
10,2,6.7,83,33,79,64,48.1,5,3,0,4,19,0.6333333333333333,0.3260873015873017,0.2287142857142857,Moderate
2,9,6.3,95,37,33,25,48.0,3,4,1,3,92,-0.9,0.18063492063492065,0.2092857142857143,Low
5,6,6.3,74,43,7,141,54.8,2,5,0,11,11,-1.7666666666666666,0.5845714285714285,0.3768571428571428,Low
4,6,7.1,87,29,13,92,55.2,1,8,1,12,3,-1.5666666666666667,0.5886031746031748,0.3495714285714287,Low
2,0,7.3,85,22,55,86,35.0,3,11,1,4,43,-0.16666666666666666,-0.0865873015873016,-0.10071428571428567,Low
4,4,6.5,60,65,47,61,57.0,5,1,1,5,84,-0.43333333333333335,0.6518253968253968,0.39357142857142857,Moderate
12,2,7.5,78,62,30,33,52.0,3,5,0,10,91,-1.0,0.4052380952380953,0.14035714285714285,Moderate
5,0,9.0,68,18,8,90,36.9,5,13,2,4,103,-1.7333333333333334,0.20811904761904754,-0.4015714285714286,Low
5,7,7.4,78,53,8,97,52.5,1,4,4,5,26,-1.7333333333333334,0.3298015873015873,0.08928571428571422,Low
5,4,7.7,86,62,11,129,37.0,5,7,1,8,34,-1.6333333333333333,0.04166666666666666,-0.335,Low
10,2,5.9,73,50,44,10,41.3,3,7,1,5,31,-0.5333333333333333,-0.030388888888889014,0.19149999999999984,Low
3,12,6.6,82,37,95,76,50.3,3,3,2,5,12,1.1666666666666667,0.3050873015873015,0.35221428571428576,High
12,2,7.3,72,25,35,61,67.4,4,11,2,4,30,-0.8333333333333334,1.4103015873015876,0.8212857142857145,High
10,4,6.8,77,61,39,31,55.1,5,8,3,1,3,-0.7,0.7829920634920635,0.4640714285714287,Moderate
6,6,7.0,62,35,52,38,55.0,3,7,0,10,109,-0.26666666666666666,0.6172222222222222,0.42999999999999994,Moderate
4,5,7.4,55,64,27,27,45.6,5,2,0,10,86,-1.1,0.13676190476190486,-0.1273571428571429,Low
10,12,6.8,74,34,84,151,51.7,4,13,0,8,36,0.8,0.875230158730159,0.6174285714285717,High
18,8,4.2,84,37,60,55,37.7,1,4,1,10,34,0.0,-0.3828650793650792,0.3352857142857143,High
11,3,7.4,80,54,131,43,42.6,2,5,0,11,127,2.3666666666666667,-0.07331746031746025,0.1283571428571428,Moderate
4,7,5.3,87,41,37,61,48.7,4,7,0,6,65,-0.7666666666666667,0.4259444444444446,0.501,Moderate
8,8,6.2,65,51,35,41,54.5,3,2,1,17,57,-0.8333333333333334,0.4194841269841269,0.36964285714285705,Moderate
6,11,7.8,92,43,8,22,62.4,2,2,2,4,51,-1.7333333333333334,0.6872063492063492,0.2591428571428571,High
3,13,7.5,91,36,99,82,59.9,8,8,0,6,13,1.3,1.25565873015873,0.6355714285714285,High
3,9,5.3,74,67,39,71,41.3,3,1,1,6,155,-0.7,-0.1768968253968255,0.11257142857142849,Low
12,6,5.6,73,53,29,32,45.7,6,12,0,20,56,-1.0333333333333334,0.5706269841269843,0.48135714285714304,Moderate
3,15,5.5,84,60,37,23,48.5,1,2,1,7,102,-0.7666666666666667,-0.003849206349206352,0.31714285714285706,Moderate
9,4,7.0,78,34,82,39,41.7,3,9,0,8,27,0.7333333333333333,0.0912619047619049,0.16314285714285723,Low
8,11,6.2,83,28,106,60,48.9,3,5,2,6,36,1.5333333333333334,0.29573809523809524,0.46485714285714275,Moderate
2,3,7.6,77,36,68,34,39.8,3,3,3,3,88,0.26666666666666666,-0.2140793650793652,-0.20528571428571432,Low
11,8,5.9,60,52,42,103,35.0,5,4,1,3,96,-0.6,-0.18436507936507937,-0.08821428571428579,Moderate
6,8,6.6,69,54,41,33,47.7,2,5,0,19,76,-0.6333333333333333,0.14507142857142874,0.19635714285714304,Low
6,13,6.3,69,66,67,136,62.6,2,1,1,7,36,0.23333333333333334,0.7871587301587303,0.6465714285714287,High
8,3,5.5,56,27,67,77,48.6,4,9,2,5,15,0.23333333333333334,0.5106507936507937,0.5951428571428571,Moderate
2,9,6.5,61,35,180,102,57.3,3,1,0,3,29,4.0,0.5775476190476189,0.7350714285714285,Moderate
10,2,7.6,62,23,32,14,47.6,0,8,0,10,88,-0.9333333333333333,0.09326984126984132,0.0815714285714287,Moderate
2,2,6.8,69,40,35,11,47.4,2,2,0,4,69,-0.8333333333333334,-1.5873015873052454e-05,0.05164285714285713,Low
7,1,5.8,72,57,58,10,49.5,5,9,0,6,77,-0.06666666666666667,0.5433730158730158,0.5471428571428572,Moderate
2,1,8.1,76,37,136,48,44.8,2,3,0,8,97,2.533333333333333,-0.04019047619047631,0.027214285714285663,Low
7,3,9.0,81,43,59,14,51.7,1,11,0,17,61,-0.03333333333333333,0.45157936507936525,0.11278571428571439,Low
4,5,5.2,78,50,62,105,52.3,1,3,0,12,38,0.06666666666666667,0.2939761904761904,0.5747142857142856,Moderate
4,5,5.4,70,24,97,96,67.4,5,5,0,2,152,1.2333333333333334,1.3015714285714288,1.137357142857143,High
3,5,6.1,75,46,33,15,43.4,3,7,0,3,11,-0.9,0.0696666666666666,0.192,Low
22,7,7.8,94,38,30,19,40.9,1,5,2,7,158,-1.0,-0.24315079365079373,-0.24514285714285716,Moderate
10,2,5.5,82,33,92,27,35.0,2,4,3,12,124,1.0666666666666667,-0.46880952380952384,0.10678571428571425,Moderate
11,6,6.8,82,47,25,180,52.2,6,3,0,11,23,-1.1666666666666667,0.7061428571428573,0.1992142857142858,Moderate
11,0,8.4,85,33,86,22,58.0,1,4,2,6,178,0.8666666666666667,0.4939682539682541,0.27428571428571424,Moderate
3,5,6.1,71,49,61,77,58.1,5,7,1,12,27,0.03333333333333333,0.9333888888888888,0.7030000000000001,Moderate
3,7,6.8,62,38,96,49,53.4,1,16,0,5,109,1.2,0.7455396825396825,0.7841428571428571,High
2,4,6.3,55,52,80,35,43.2,2,13,2,1,69,0.6666666666666666,0.2305079365079366,0.4399285714285715,Low
11,1,7.9,75,59,29,105,45.3,1,12,0,1,39,-1.0333333333333334,0.3004047619047618,0.06685714285714271,Low
10,10,6.3,73,31,84,41,50.7,2,2,0,6,102,0.8,0.1818174603174605,0.3606428571428572,High
15,10,6.2,83,42,34,166,39.8,5,12,0,7,6,-0.8666666666666667,0.3873492063492062,0.21185714285714274,Moderate
5,1,6.6,79,35,25,35,49.7,4,2,0,8,21,-1.1666666666666667,0.26348412698412715,0.13064285714285728,Low
19,18,6.2,81,56,29,156,46.2,1,4,0,15,81,-1.0333333333333334,0.111857142857143,0.16278571428571437,High
4,5,7.2,55,57,21,42,46.1,4,2,1,7,76,-1.3,0.10926190476190481,-0.09235714285714289,Low
11,11,6.9,72,66,180,29,45.9,7,4,0,13,118,4.0,0.35724603174603176,0.4087857142857142,High
8,5,5.1,74,51,111,150,48.9,1,5,1,20,61,1.7,0.2624047619047619,0.6698571428571427,High
5,2,8.5,84,49,78,122,44.2,3,6,1,6,23,0.6,0.18884126984126998,-0.12007142857142845,Low
17,2,6.5,67,48,108,64,49.9,2,3,0,17,63,1.6,0.20708730158730157,0.3902142857142857,Moderate
6,5,6.1,80,54,84,33,45.6,0,6,0,3,54,0.8,-0.047047619047619005,0.35692857142857154,Low
2,10,8.5,79,45,26,22,53.7,3,7,2,9,4,-1.1333333333333333,0.5409444444444446,0.06350000000000014,Low
0,6,7.0,71,53,71,27,51.3,2,5,0,2,60,0.36666666666666664,0.3004047619047618,0.3093571428571428,Low
19,8,5.4,81,12,84,20,42.1,2,2,1,20,77,0.8,-0.22851587301587295,0.2601428571428571,High
12,9,7.2,66,37,84,69,56.6,4,20,1,8,23,0.8,1.2546190476190477,0.8944285714285714,High
2,9,6.8,80,35,16,76,56.4,6,3,2,6,39,-1.4666666666666666,0.7795873015873016,0.30271428571428566,Moderate
7,4,7.6,58,35,43,80,49.7,5,2,0,20,119,-0.5666666666666667,0.3801507936507938,0.0006428571428572921,Moderate
3,2,6.2,70,52,38,103,49.2,4,5,2,8,143,-0.7333333333333333,0.4236825396825398,0.3038571428571429,Low
4,5,8.4,77,37,42,29,47.1,5,8,0,1,19,-0.6,0.42076984126984135,-0.04842857142857143,Low
14,9,6.9,87,63,28,107,51.7,3,4,1,7,83,-1.0666666666666667,0.43824603174603194,0.2027857142857143,Moderate
11,13,6.8,80,27,58,46,57.1,4,6,2,4,11,-0.06666666666666667,0.7515634920634922,0.5144285714285715,Moderate
3,5,6.7,61,59,35,81,35.0,3,8,0,7,41,-0.8333333333333334,-0.1992857142857143,-0.13142857142857145,Low
5,6,6.0,69,36,127,177,38.9,3,3,1,3,44,2.2333333333333334,-0.09569047619047624,0.19521428571428567,Moderate
9,5,6.6,69,50,70,55,38.3,4,4,1,8,25,0.3333333333333333,-0.15586507936507948,-0.041714285714285745,Moderate
7,11,7.6,67,30,43,41,54.0,4,10,0,5,124,-0.5666666666666667,0.7493650793650793,0.3582142857142858,High
6,2,7.2,68,41,32,97,39.2,3,2,2,9,22,-0.9333333333333333,-0.20679365079365067,-0.2718571428571428,Low
1,3,7.7,81,42,62,31,51.7,10,6,0,12,75,0.06666666666666667,0.8918968253968257,0.2049285714285715,Moderate
6,6,8.6,84,46,36,80,49.8,2,6,0,6,66,-0.8,0.3275079365079364,-0.07457142857142855,Low
21,3,7.2,56,42,41,52,44.7,2,14,1,0,170,-0.6333333333333333,0.35261111111111126,0.25850000000000006,High
2,6,6.7,68,42,29,43,47.5,5,5,1,6,80,-1.0333333333333334,0.3471825396825397,0.14285714285714285,Low
0,4,7.2,86,33,54,60,46.8,3,4,0,12,106,-0.2,0.1655238095238094,0.06828571428571416,Low
6,3,6.1,72,35,91,140,56.7,2,2,0,1,92,1.0333333333333334,0.5618174603174605,0.5931428571428573,High
10,3,6.3,84,66,48,34,50.9,0,9,0,5,36,-0.4,0.29970634920634914,0.47664285714285715,Low
5,8,8.5,86,51,38,66,35.0,2,4,1,5,3,-0.7333333333333333,-0.4254761904761905,-0.5532142857142857,Low
9,9,7.3,67,38,82,139,44.0,5,2,0,6,180,0.7333333333333333,0.1892063492063492,-0.02035714285714285,High
18,7,5.6,72,36,30,20,37.7,5,6,0,8,75,-1.0,-0.08365873015873003,0.07242857142857158,Moderate
4,11,7.2,70,51,62,85,37.7,1,4,1,18,22,0.06666666666666667,-0.34953174603174586,-0.18471428571428566,Low
11,5,7.0,83,19,26,180,35.9,0,9,3,13,180,-1.1333333333333333,-0.21307142857142866,-0.15085714285714288,High
25,5,8.8,78,39,13,82,43.4,4,7,0,11,2,-1.5666666666666667,0.21077777777777773,-0.3305000000000001,Moderate
8,5,7.0,67,23,63,18,45.5,2,5,0,15,33,0.1,0.029404761904761906,0.11535714285714288,Moderate
7,3,6.8,66,22,19,15,38.9,2,6,0,10,13,-1.3666666666666667,-0.2352142857142858,-0.1290714285714286,Low
8,5,6.8,81,12,138,29,56.1,3,13,2,8,95,2.6,0.8710079365079365,0.8844285714285716,High
11,10,6.0,64,55,112,68,48.0,1,2,0,1,46,1.7333333333333334,0.02365079365079369,0.40214285714285714,Moderate
4,16,6.6,70,38,151,115,49.8,2,21,1,0,31,3.033333333333333,0.902111111111111,0.9915,High
6,7,6.3,99,48,17,176,48.0,4,10,0,4,172,-1.4333333333333333,0.6293650793650793,0.3407142857142858,High
10,16,4.9,90,32,35,59,51.2,3,8,2,4,11,-0.8333333333333334,0.5052698412698413,0.6695714285714286,High
12,10,6.2,75,51,50,67,53.8,3,1,0,10,37,-0.3333333333333333,0.38115873015873003,0.3575714285714284,Moderate
4,4,6.2,76,64,180,65,69.0,5,6,0,9,161,4.0,1.3748412698412698,1.2814285714285714,High
5,1,7.2,74,46,129,66,42.3,5,1,1,1,70,2.3,-0.004119047619047741,0.03507142857142842,Low
6,5,8.1,71,43,32,40,46.5,1,3,0,14,118,-0.9333333333333333,-0.0392460317460317,-0.1817857142857142,Low
5,1,6.2,64,35,47,38,59.4,6,14,0,16,49,-0.43333333333333335,1.2652222222222222,0.8895,High
3,5,6.5,78,12,64,80,51.8,5,10,1,6,5,0.13333333333333333,0.7603650793650792,0.5372142857142856,Moderate
1,13,7.8,69,25,39,44,41.8,3,2,3,20,49,-0.7,-0.1486825396825398,-0.2813571428571429,Low
10,19,4.6,73,45,12,57,64.7,3,5,1,10,77,-1.6,1.0034047619047621,0.9838571428571429,High
8,4,6.5,63,34,43,105,47.2,4,4,0,7,56,-0.5666666666666667,0.3001904761904763,0.17528571428571438,Low
9,3,8.6,80,42,4,180,45.3,4,4,0,17,29,-1.8666666666666667,0.29802380952380936,-0.34671428571428575,Low
9,16,6.6,71,46,92,114,39.6,4,17,0,4,65,1.0666666666666667,0.43247619047619057,0.4237142857142859,High
3,3,7.5,75,41,50,31,45.4,6,6,1,17,27,-0.3333333333333333,0.34173015873015866,0.02092857142857139,Low
4,2,7.6,80,54,82,63,35.3,4,2,1,11,47,0.7333333333333333,-0.3534047619047621,-0.3338571428571429,Low
6,4,6.1,77,25,93,39,56.5,6,1,0,3,156,1.1,0.671547619047619,0.5635714285714285,High
8,8,7.2,74,24,115,180,41.2,1,5,0,4,76,1.8333333333333333,-0.05076190476190462,0.0813571428571429,Moderate
11,3,6.9,78,50,78,26,61.9,0,4,1,12,39,0.6,0.6072460317460319,0.6337857142857142,High
4,1,6.7,75,38,180,69,62.5,5,4,0,11,58,4.0,1.0153571428571426,0.9417857142857142,High
8,1,7.7,75,51,55,37,46.0,5,5,0,7,180,-0.16666666666666666,0.27301587301587305,-0.012142857142857172,Moderate
16,3,5.9,69,28,87,34,48.5,4,1,2,16,18,0.9,0.17265873015873015,0.34357142857142847,Moderate
6,4,6.9,57,29,180,32,50.6,5,5,0,11,46,4.0,0.4744603174603175,0.5783571428571428,Moderate
22,1,6.3,76,38,140,40,39.0,6,11,0,4,31,2.6666666666666665,0.24230158730158727,0.4067857142857143,Moderate
13,11,6.2,88,38,58,93,53.1,2,3,0,5,92,-0.06666666666666667,0.3833095238095239,0.41371428571428565,High
5,4,5.9,60,54,27,32,42.8,4,4,0,6,102,-1.1,0.021079365079364948,0.10828571428571414,Low
7,10,6.9,55,41,62,127,44.1,5,3,0,3,18,0.06666666666666667,0.21608730158730166,0.031214285714285705,Low
6,9,5.8,66,61,39,13,49.0,0,9,1,3,13,-0.7,0.19087301587301592,0.48464285714285715,Low
4,1,8.4,73,45,60,39,57.0,4,8,0,5,53,0.0,0.8107142857142857,0.29357142857142854,Low
7,6,7.8,66,46,63,102,66.4,4,15,2,12,103,0.1,1.553714285714286,0.8880714285714286,High
13,7,6.7,56,47,30,63,57.6,4,9,1,15,15,-1.0,0.9000952380952382,0.5626428571428572,High
3,11,6.9,67,35,78,40,40.8,6,10,1,20,110,0.6,0.28758730158730145,0.17221428571428554,Moderate
6,1,7.9,85,46,71,115,45.8,7,8,2,20,50,0.36666666666666664,0.59115873015873,0.07257142857142841,Moderate
5,0,6.5,72,40,36,107,47.9,1,6,0,14,46,-0.8,0.20534126984126977,0.23592857142857132,Low
2,12,8.1,65,40,158,122,48.6,2,5,1,3,76,3.2666666666666666,0.2844603174603175,0.25335714285714295,Low
8,15,5.9,74,41,49,29,50.7,1,9,0,3,24,-0.36666666666666664,0.3518174603174605,0.5431428571428571,Moderate
3,16,6.7,55,47,50,180,42.5,1,6,1,3,61,-0.3333333333333333,0.043452380952380965,0.07392857142857139,Moderate
5,5,7.5,69,47,11,180,55.0,2,13,1,5,38,-1.6333333333333333,0.9226190476190477,0.4114285714285713,Moderate
10,2,6.6,80,40,67,61,49.8,4,21,2,3,107,0.23333333333333334,0.9754444444444444,0.7815,Moderate
4,2,5.6,75,51,156,93,56.0,3,10,0,11,180,3.2,0.8304761904761905,1.0507142857142857,High
4,7,5.4,71,32,43,136,52.1,0,20,0,5,9,-0.5666666666666667,0.8598968253968255,0.9719285714285715,High
4,11,7.5,89,42,63,111,52.5,3,10,0,6,52,0.1,0.6929761904761904,0.3807142857142857,Moderate
6,8,7.3,71,26,35,26,46.1,4,6,0,1,75,-0.8333333333333334,0.2343412698412699,0.03942857142857149,Low
8,1,6.2,57,24,180,130,55.8,4,2,0,20,48,4.0,0.6435396825396823,0.7711428571428569,High
4,1,5.9,56,31,33,65,38.0,3,10,0,2,110,-0.9,-0.010634920634920653,0.15071428571428563,Low
1,3,6.7,75,31,29,66,45.6,3,1,2,12,29,-1.0333333333333334,0.011047619047619115,-0.028428571428571428,Low
8,2,6.8,74,44,23,88,52.6,1,11,1,6,73,-1.2333333333333334,0.5743015873015874,0.43478571428571433,High
2,4,6.2,72,46,71,50,50.3,0,3,3,3,4,0.36666666666666664,0.0761984126984126,0.3622142857142856,Low
13,2,5.8,76,51,180,56,46.0,3,3,3,19,43,4.0,0.0893650793650794,0.5757142857142857,High
3,3,6.0,70,25,64,91,44.3,2,8,0,15,32,0.13333333333333333,0.16365873015873,0.3425714285714285,Low
2,10,6.4,92,45,56,88,43.2,2,3,0,12,43,-0.13333333333333333,-0.06774603174603161,0.07671428571428573,Low
3,2,7.7,87,42,43,165,52.9,5,1,0,4,50,-0.5666666666666667,0.5828809523809523,0.05057142857142853,Moderate
6,9,7.5,68,32,92,32,45.1,5,6,0,4,84,1.0666666666666667,0.2626746031746032,0.11692857142857147,Low
11,6,5.6,80,36,28,46,42.6,4,10,0,9,25,-1.0666666666666667,0.24192063492063495,0.3287142857142858,Moderate
3,10,6.5,72,69,26,46,56.3,1,3,1,9,64,-1.1333333333333333,0.4084206349206348,0.3772142857142856,Moderate
3,4,6.7,85,27,173,121,44.3,4,7,1,20,8,3.7666666666666666,0.294611111111111,0.46399999999999986,Moderate
3,11,6.7,65,34,13,100,35.0,6,10,0,7,180,-1.5666666666666667,0.09325396825396826,-0.1292857142857143,Moderate
5,2,7.4,79,43,34,29,48.6,6,2,0,3,22,-0.8666666666666667,0.3406507936507937,-0.019857142857142934,Low
11,4,5.8,71,24,30,74,41.5,4,7,2,8,53,-1.0,0.11638888888888888,0.18,Moderate
10,2,7.8,86,21,44,93,49.4,0,1,0,4,61,-0.5333333333333333,0.01204761904761898,-0.06942857142857148,Low
13,6,7.0,66,51,180,110,35.0,1,2,2,9,89,4.0,-0.5146825396825396,0.0071428571428571175,Moderate
6,8,7.7,59,44,20,52,55.3,2,4,1,3,96,-1.3333333333333333,0.4724682539682539,0.1507857142857142,Low
16,4,8.0,78,59,121,17,54.3,6,4,2,14,24,2.033333333333333,0.6552460317460317,0.3207857142857142,High
1,11,6.8,67,47,106,76,41.0,6,5,0,1,48,1.5333333333333334,0.15801587301587305,0.12285714285714289,Low
11,7,6.3,71,48,65,104,49.0,0,3,1,14,95,0.16666666666666666,0.07769841269841272,0.2907142857142858,Moderate
9,4,6.8,86,55,51,109,40.2,4,3,1,9,54,-0.3,-0.04607936507936494,-0.09578571428571417,Low
13,9,7.0,74,47,52,45,35.3,4,6,0,20,51,-0.26666666666666666,-0.23054761904761917,-0.18957142857142867,Moderate
3,3,6.1,69,54,70,134,46.3,7,6,2,14,37,0.3333333333333333,0.5633412698412696,0.34292857142857136,Low
1,9,5.2,77,36,173,2,45.3,2,9,0,13,14,3.7666666666666666,0.14548412698412688,0.813642857142857,Moderate
14,9,6.6,68,51,56,65,46.5,1,2,2,5,94,-0.13333333333333333,-0.047182539682539645,0.1121428571428572,Moderate
2,1,7.4,81,23,152,13,62.6,4,1,0,4,117,3.066666666666667,0.783825396825397,0.6665714285714286,High
1,3,7.4,69,60,91,92,38.9,2,9,1,6,37,1.0333333333333334,-0.042515873015873076,0.031642857142857035,Low
9,3,6.6,84,20,9,42,49.6,2,7,0,12,7,-1.7,0.3120000000000001,0.2305000000000001,Moderate
3,8,5.1,79,63,91,105,44.5,1,3,1,6,66,1.0333333333333334,-0.057023809523809504,0.43071428571428577,Moderate
1,9,5.6,67,56,24,37,39.6,2,4,1,14,48,-1.2,-0.25069841269841264,0.057285714285714384,Low
2,3,7.4,69,42,13,180,45.0,3,1,1,6,93,-1.5666666666666667,0.11071428571428574,-0.2089285714285715,Low
4,2,6.6,74,47,33,57,38.2,1,6,3,1,39,-0.9,-0.2867142857142856,-0.08007142857142843,Low
10,0,7.5,78,70,7,6,47.7,1,8,1,5,148,-1.7666666666666666,0.1555476190476192,0.039571428571428674,Low
8,4,5.6,73,48,136,60,68.1,2,10,1,1,22,2.533333333333333,1.271642857142857,1.3637142857142854,High
6,6,7.4,87,31,144,44,54.8,1,16,1,7,57,2.8,0.8029841269841269,0.841142857142857,High
7,13,8.4,76,33,90,179,56.0,3,8,0,6,61,1.0,0.8546031746031747,0.3385714285714285,High
3,7,7.3,75,47,40,26,43.3,4,5,2,12,79,-0.6666666666666666,0.07262698412698403,-0.06064285714285718,Low
2,8,7.0,82,16,31,62,59.9,2,5,1,3,17,-0.9666666666666667,0.7262936507936508,0.4673571428571427,Moderate
12,3,7.6,83,24,42,104,45.4,2,11,1,4,34,-0.6,0.3347460317460316,0.12628571428571433,Moderate
4,9,7.5,71,34,62,147,46.7,3,5,0,10,74,0.06666666666666667,0.293404761904762,0.06135714285714293,Low
5,3,5.7,68,17,18,46,51.9,0,14,1,6,64,-1.4,0.536611111111111,0.6795,Moderate
7,4,6.8,81,35,46,25,47.0,3,3,0,3,27,-0.4666666666666667,0.09992063492063492,0.09571428571428572,Low
4,4,6.1,63,46,25,76,56.4,3,5,0,2,146,-1.1666666666666667,0.651015873015873,0.5048571428571428,Moderate
1,7,7.7,68,40,155,83,53.9,4,4,0,5,35,3.1666666666666665,0.5772460317460317,0.4462857142857143,Moderate
11,8,8.3,63,51,155,60,49.3,2,17,0,4,79,3.1666666666666665,0.6756428571428571,0.5747142857142855,Moderate
9,4,6.8,70,48,15,77,60.4,1,5,3,7,28,-1.5,0.6987936507936509,0.47735714285714287,High
4,2,8.3,87,58,79,118,46.2,6,10,0,11,101,0.6333333333333333,0.6172539682539684,0.09171428571428566,Moderate
8,2,6.6,66,62,150,137,62.6,2,10,1,20,102,3.0,1.1096984126984129,1.0587142857142857,High
14,7,6.9,78,40,118,146,61.4,7,8,0,10,12,1.9333333333333333,1.3276031746031745,0.8330714285714285,High
4,5,7.5,74,59,74,73,48.7,2,2,0,8,75,0.4666666666666667,0.12737301587301605,0.0656428571428572,Low
1,1,6.2,69,22,41,56,49.1,2,3,1,2,28,-0.6333333333333333,0.1621984126984128,0.2512142857142857,Low
13,5,7.9,71,72,72,135,35.0,4,4,1,11,79,0.4,-0.2154761904761905,-0.3632142857142857,Low
7,2,8.1,83,58,35,11,35.0,5,1,1,1,180,-0.8333333333333334,-0.39373015873015876,-0.5764285714285713,Low
4,6,6.2,82,45,108,50,42.1,2,4,1,5,77,1.6,-0.1237539682539682,0.2372857142857143,Low
7,7,7.4,67,46,78,39,36.6,4,12,1,17,19,0.6,0.03557142857142863,0.01585714285714286,Moderate
4,7,5.6,63,46,78,75,51.3,4,5,2,1,127,0.6,0.48707142857142843,0.5718571428571428,Moderate
4,19,7.7,75,67,180,109,57.2,2,8,0,7,73,4.0,0.7641587301587303,0.7220714285714285,High
7,7,6.9,94,46,149,30,35.5,1,11,0,13,105,2.966666666666667,-0.2596428571428571,0.2192857142857142,Moderate
7,5,6.0,72,45,171,57,66.0,4,2,1,9,46,3.7,1.0214285714285716,1.0896428571428571,High
10,4,7.6,70,41,61,45,46.1,4,5,0,9,106,0.03333333333333333,0.21973809523809534,0.023357142857142955,Moderate
12,5,5.0,66,26,122,176,35.0,3,12,2,16,106,2.066666666666667,0.04912698412698413,0.4978571428571429,High
9,6,7.3,60,22,10,23,64.1,2,7,1,15,30,-1.6666666666666667,0.9433888888888887,0.5454999999999998,High
4,9,6.3,75,36,53,45,59.6,2,4,2,2,64,-0.23333333333333334,0.6581904761904763,0.6072857142857144,Moderate
10,12,6.6,80,52,60,107,41.3,5,8,0,4,42,0.0,0.24643650793650784,0.13757142857142857,Moderate
9,7,7.3,70,73,37,73,48.5,4,11,0,3,25,-0.7666666666666667,0.5731349206349207,0.25928571428571434,Low
15,17,7.5,76,51,20,96,57.5,1,10,3,3,106,-1.3333333333333333,0.7679761904761905,0.42321428571428577,High
2,5,5.5,82,62,92,91,56.7,3,3,4,7,72,1.0666666666666667,0.6097539682539683,0.7292142857142857,High
2,21,5.9,64,57,98,121,49.2,1,12,0,7,81,1.2666666666666666,0.4936825396825399,0.7063571428571429,High
1,9,6.4,69,50,21,56,54.1,2,3,1,2,50,-1.3,0.38719841269841276,0.3162142857142858,Low
21,8,7.4,68,22,115,91,45.6,3,8,0,2,22,1.8333333333333333,0.2888253968253969,0.2640714285714285,High
12,5,6.2,72,26,133,96,35.0,2,12,0,13,158,2.433333333333333,-0.10642857142857144,0.3153571428571428,High
17,6,7.3,72,35,100,96,46.9,2,2,1,18,52,1.3333333333333333,0.07192857142857138,0.11164285714285709,Moderate
5,3,5.6,68,50,97,54,56.1,2,11,0,6,180,1.2333333333333334,0.7606904761904763,0.9347857142857143,High
20,2,6.6,62,49,107,41,35.0,2,3,1,7,132,1.5666666666666667,-0.488968253968254,-0.07678571428571423,Moderate
2,3,7.2,56,36,180,56,56.3,3,0,1,5,39,4.0,0.445722222222222,0.5539999999999998,High
10,6,4.7,75,53,53,78,35.0,3,7,1,2,69,-0.23333333333333334,-0.23833333333333334,0.23499999999999996,Moderate
8,3,8.1,68,37,153,55,43.1,4,7,2,18,20,3.1,0.16727777777777783,0.13300000000000012,Moderate
3,2,6.4,66,32,36,25,56.9,4,8,2,6,69,-0.8,0.7906587301587301,0.5805714285714285,Moderate
14,3,6.3,61,36,81,38,45.6,3,9,1,11,16,0.7,0.26565079365079375,0.40014285714285724,Moderate
8,6,6.5,72,20,41,21,52.7,6,6,0,6,31,-0.6333333333333333,0.6591190476190477,0.39242857142857146,Moderate
7,3,6.6,69,37,19,27,53.1,3,2,2,8,180,-1.3666666666666667,0.3409285714285714,0.2176428571428572,Moderate
2,18,6.9,58,39,22,53,45.2,3,3,1,2,95,-1.2666666666666666,0.05003174603174616,-0.03578571428571428,Low
8,2,6.8,76,55,180,13,47.5,3,8,0,4,21,4.0,0.28765873015873017,0.5885714285714285,Moderate
9,8,7.0,80,25,24,40,41.5,2,11,1,10,113,-1.2,0.08813492063492065,0.06928571428571428,Low
16,1,6.3,60,42,69,65,57.6,3,3,1,15,180,0.3,0.6213650793650795,0.5587142857142857,Moderate
2,2,5.7,55,56,119,45,62.2,1,9,2,5,38,1.9666666666666666,0.8870952380952382,1.098142857142857,Moderate
2,16,6.3,71,36,46,21,44.5,4,12,2,5,140,-0.4666666666666667,0.3710714285714286,0.365357142857143,Moderate
5,7,6.4,81,34,113,61,35.0,5,10,1,1,80,1.7666666666666666,-0.016746031746031766,0.17321428571428563,Moderate
3,21,6.7,82,45,6,62,51.3,3,13,2,10,11,-1.8,0.691674603174603,0.4279285714285712,Moderate
6,5,7.0,67,42,84,50,48.3,3,13,1,5,44,0.8,0.5433412698412697,0.48042857142857137,Low
1,5,9.0,61,47,34,97,40.8,4,5,0,4,78,-0.8666666666666667,0.0390158730158729,-0.44814285714285723,Low
1,13,8.3,62,34,14,99,52.4,0,4,1,2,91,-1.5333333333333334,0.2608571428571428,-0.0562142857142859,Low
8,3,4.7,70,58,47,24,49.4,6,7,1,6,7,-0.43333333333333335,0.5496666666666666,0.6519999999999999,Moderate
5,3,6.6,63,18,27,6,42.4,3,8,1,6,60,-1.1,0.05038095238095229,0.08807142857142859,Low
11,8,7.9,77,56,14,72,61.8,4,3,0,3,38,-1.5333333333333334,0.8848095238095237,0.26721428571428557,Moderate
11,2,6.8,74,49,21,49,42.0,1,6,1,7,47,-1.3,-0.12460317460317459,-0.03107142857142854,Low
11,7,8.3,73,54,174,74,59.3,2,3,0,2,177,3.8,0.6411984126984126,0.5222142857142854,High
4,3,5.9,62,43,55,34,39.6,1,18,1,11,56,-0.16666666666666666,0.17930158730158735,0.48228571428571426,Low
3,1,7.8,64,48,150,64,49.4,4,6,0,4,70,3.0,0.425063492063492,0.33842857142857136,Low
2,1,7.7,72,29,24,44,48.9,5,2,2,12,11,-1.2,0.30415079365079356,-0.08835714285714294,Low
4,1,5.8,61,37,26,40,41.1,3,13,4,14,152,-1.1333333333333333,0.2082301587301588,0.3294285714285715,Moderate
7,2,7.0,83,69,63,16,51.8,6,6,0,11,107,0.1,0.613063492063492,0.33292857142857135,Low
5,13,6.5,71,64,113,100,43.6,3,9,2,10,74,1.7666666666666666,0.24453968253968258,0.3851428571428571,Moderate
7,4,6.7,75,59,168,38,42.8,3,7,0,6,26,3.6,0.06822222222222209,0.40649999999999986,Low
2,3,7.5,73,39,55,29,38.9,3,7,1,10,46,-0.16666666666666666,-0.11727777777777784,-0.13300000000000003,Low
9,6,6.9,87,61,173,116,56.0,4,7,0,6,36,3.7666666666666666,0.8155555555555556,0.7799999999999999,High
10,2,6.1,60,46,34,29,48.2,6,3,0,5,134,-0.8666666666666667,0.35836507936507955,0.22421428571428587,Low
7,4,5.8,69,32,41,129,49.5,0,10,2,5,95,-0.6333333333333333,0.37797619047619047,0.5332142857142858,Moderate
5,5,6.5,85,31,113,26,39.9,1,11,0,20,46,1.7666666666666666,-0.06608730158730165,0.3312857142857142,Moderate
10,6,7.0,74,55,39,31,40.5,1,18,1,9,35,-0.7,0.21646825396825395,0.2767857142857143,Moderate
3,7,7.7,74,55,180,105,57.5,3,8,3,14,18,4.0,0.8398809523809524,0.7310714285714286,High
2,17,6.7,77,48,79,11,41.2,5,7,0,4,52,0.6333333333333333,0.09955555555555567,0.13600000000000004,Low
2,1,6.7,96,61,96,36,54.1,2,10,2,0,29,1.2,0.6149761904761906,0.6512142857142857,Moderate
7,12,5.7,84,55,118,119,37.1,2,5,0,12,27,1.9333333333333333,-0.23637301587301576,0.22835714285714287,High
2,6,7.8,80,69,131,134,63.5,2,4,0,12,40,2.3666666666666667,0.9325793650793652,0.6567857142857142,Moderate
6,5,6.1,82,38,113,88,39.5,3,3,0,13,23,1.7666666666666666,-0.16757936507936505,0.16071428571428575,Moderate
14,8,6.2,77,42,58,62,42.1,4,5,0,2,107,-0.06666666666666667,0.058626984126984194,0.14085714285714288,Low
19,5,7.7,68,49,47,43,44.4,2,10,0,4,39,-0.43333333333333335,0.18625396825396817,0.06271428571428564,High
9,4,5.1,65,49,85,62,46.6,3,12,0,12,133,0.8333333333333334,0.44446031746031756,0.735857142857143,Moderate
8,3,6.0,79,38,61,30,35.0,4,14,0,6,63,0.03333333333333333,0.02500000000000001,0.2275,Moderate
4,8,6.3,90,58,124,45,53.9,4,1,0,8,21,2.1333333333333333,0.4278809523809523,0.5280714285714285,Moderate
7,5,5.3,90,37,82,151,40.4,0,6,1,1,28,0.7333333333333333,-0.14993650793650803,0.33592857142857135,Moderate
8,7,6.7,68,26,32,105,63.8,2,10,3,14,68,-0.9333333333333333,1.1281428571428571,0.7822142857142858,High
9,13,5.9,79,63,50,24,52.1,3,6,2,5,15,-0.3333333333333333,0.43545238095238104,0.5019285714285714,Moderate
9,2,5.6,83,25,60,78,52.4,6,8,0,20,12,0.0,0.7803809523809524,0.6455714285714286,High
5,8,7.2,84,53,127,73,39.5,3,7,0,4,23,2.2333333333333334,-0.04138888888888889,0.11749999999999998,Moderate
2,8,8.4,73,66,63,135,56.1,7,5,2,11,148,0.1,0.9697380952380954,0.1883571428571428,High
3,2,6.6,71,54,67,7,57.9,2,7,3,4,48,0.23333333333333334,0.646611111111111,0.6244999999999999,Low
12,11,9.0,74,43,45,92,47.5,2,2,1,11,30,-0.5,0.09448412698412702,-0.3053571428571429,Moderate
6,6,9.0,81,58,68,53,44.6,3,3,0,13,118,0.26666666666666666,0.02303174603174611,-0.3062857142857142,Low
1,2,6.0,72,30,46,33,58.1,3,3,1,20,109,-0.4666666666666667,0.6083095238095239,0.5687142857142856,Moderate
10,2,7.2,67,48,46,38,39.7,2,3,3,6,63,-0.4666666666666667,-0.28080158730158716,-0.19328571428571423,Low
1,3,6.8,70,43,110,180,54.1,3,3,1,7,9,1.6666666666666667,0.5916428571428572,0.4687142857142858,Moderate
1,2,5.7,86,35,37,13,44.0,0,1,1,20,79,-0.7666666666666667,-0.3198412698412698,0.1185714285714285,Low
4,5,6.9,74,21,20,71,56.6,7,12,0,7,40,-1.3333333333333333,1.1711269841269842,0.5583571428571429,Moderate
5,5,6.7,55,48,150,54,42.9,2,2,0,17,51,3.0,-0.15473809523809529,0.221642857142857,Moderate
2,10,6.6,74,37,23,32,58.3,3,6,0,20,103,-1.2333333333333334,0.7233412698412698,0.4979285714285713,Moderate
14,2,7.0,72,20,66,63,48.1,4,5,0,2,40,0.2,0.3297380952380953,0.2008571428571429,Low
1,3,6.9,56,15,176,100,54.4,4,14,0,16,80,3.8666666666666667,0.9757777777777777,0.9395,High
19,2,7.9,69,60,15,64,47.4,5,13,1,3,180,-1.5,0.6517301587301587,0.12342857142857133,Moderate
16,4,7.8,66,56,52,40,37.4,3,6,1,6,7,-0.26666666666666666,-0.20826984126984133,-0.26657142857142857,Moderate
1,10,8.2,72,37,67,166,47.0,4,7,0,11,37,0.23333333333333334,0.4661111111111111,0.017500000000000137,Moderate
5,8,4.8,79,41,66,42,64.6,3,5,1,10,37,0.2,0.982238095238095,1.0808571428571425,High
8,3,7.2,85,40,10,68,51.3,4,9,0,20,91,-1.6666666666666667,0.6221507936507934,0.23614285714285704,Moderate
1,4,5.7,69,53,44,8,42.4,6,3,1,18,39,-0.5333333333333333,0.07403174603174598,0.1452142857142856,Low
4,6,6.0,66,57,59,137,54.5,0,2,2,14,33,-0.03333333333333333,0.32615079365079364,0.4646428571428571,Moderate
12,6,7.8,68,30,15,22,53.6,4,7,1,5,107,-1.5,0.6031111111111112,0.15550000000000008,Moderate
8,2,6.2,61,19,128,113,46.6,2,6,0,11,26,2.2666666666666666,0.2201746031746033,0.47942857142857137,Moderate
5,6,7.0,71,37,116,23,64.7,2,6,0,6,10,1.8666666666666667,0.9346746031746033,0.8524285714285714,High
16,11,7.8,55,35,5,20,58.6,3,8,0,12,35,-1.8333333333333333,0.794936507936508,0.30907142857142866,High
10,7,6.7,72,46,12,71,51.2,3,6,0,4,22,-1.6,0.4471746031746033,0.2399285714285715,Low
7,14,6.1,69,52,147,53,51.7,3,3,1,4,146,2.9,0.34253174603174624,0.6117142857142859,High
13,1,6.8,84,34,144,35,52.7,2,3,0,4,58,2.8,0.3008650793650795,0.5117142857142858,High
10,2,6.2,70,42,57,156,52.8,6,5,0,6,177,-0.1,0.777904761904762,0.45935714285714274,High
1,3,5.6,75,39,106,121,35.0,1,9,2,17,78,1.5333333333333334,-0.25246031746031744,0.2671428571428572,Moderate
2,12,6.8,62,33,95,26,54.6,3,10,2,4,89,1.1666666666666667,0.6930317460317461,0.6462142857142859,Moderate
1,5,5.2,88,70,71,114,45.6,9,2,0,4,39,0.36666666666666664,0.5000952380952381,0.36764285714285705,Low
21,4,7.3,74,27,68,20,50.2,2,4,1,8,64,0.26666666666666666,0.20741269841269855,0.18778571428571433,High
12,3,6.6,67,40,57,102,49.6,2,15,1,4,83,-0.1,0.6643809523809524,0.5790714285714287,Moderate
18,17,6.3,93,56,92,30,50.1,1,6,0,2,69,1.0666666666666667,0.21878571428571447,0.47692857142857153,High
4,7,8.1,74,37,44,30,60.4,4,18,2,2,92,-0.5333333333333333,1.310857142857143,0.6937857142857143,High
18,6,6.8,71,36,36,38,56.3,5,8,0,12,77,-0.8,0.844769841269841,0.4925714285714285,High
6,5,5.3,65,16,24,14,43.7,1,12,0,12,46,-1.2,0.1272936507936509,0.461357142857143,Moderate
3,12,7.8,76,41,56,48,50.1,0,2,1,17,24,-0.13333333333333333,0.02926190476190487,0.010142857142857212,Moderate
6,4,6.9,77,52,103,180,40.7,4,2,0,19,46,1.4333333333333333,0.01959523809523822,0.0031428571428571417,Low
6,3,5.9,83,26,180,149,56.3,6,15,0,4,14,4.0,1.2847698412698412,1.2100714285714282,High
2,7,6.2,82,28,89,16,40.7,6,5,0,3,61,0.9666666666666667,0.0778492063492065,0.17635714285714288,Moderate
3,9,7.5,67,39,39,13,45.6,8,2,1,7,130,-0.7,0.32120634920634933,-0.11485714285714282,Moderate
2,1,6.4,85,34,134,66,55.6,6,8,1,4,100,2.466666666666667,0.9110476190476192,0.7865714285714285,Moderate
4,3,7.1,65,65,83,87,66.8,1,2,0,13,98,0.7666666666666667,0.8907619047619048,0.7011428571428571,High
7,2,6.3,75,42,143,41,37.6,2,4,0,3,139,2.7666666666666666,-0.3362539682539682,0.17228571428571435,Low
2,9,8.7,70,59,12,50,44.7,1,20,2,5,180,-1.6,0.4980079365079367,0.09492857142857167,Low
2,3,5.5,80,63,86,89,42.8,4,16,1,20,33,0.8666666666666667,0.5129841269841269,0.6686428571428571,Low
7,5,7.3,67,51,31,169,35.0,0,1,0,5,41,-0.9666666666666667,-0.5515079365079365,-0.4464285714285714,Low
12,6,6.1,80,57,33,10,54.9,7,13,1,4,27,-0.9,1.0625634920634919,0.7084285714285713,Moderate
5,5,7.4,71,54,23,38,52.3,4,4,0,20,180,-1.2333333333333334,0.4552460317460317,0.12078571428571416,Moderate
7,5,8.0,65,58,36,25,48.5,3,11,0,8,10,-0.8,0.4531349206349206,0.13428571428571429,Low
6,3,7.2,55,50,46,31,56.8,4,4,0,4,28,-0.4666666666666667,0.6499682539682539,0.34828571428571414,Moderate
3,5,7.7,71,39,110,12,41.6,4,12,0,6,44,1.6666666666666667,0.23057142857142865,0.1933571428571429,Moderate
8,1,4.4,91,24,97,149,35.0,6,2,1,2,36,1.2333333333333334,-0.138015873015873,0.25464285714285706,Moderate
4,8,7.8,78,39,73,62,50.5,4,4,0,4,72,0.43333333333333335,0.40091269841269844,0.12178571428571433,Moderate
6,9,6.5,55,53,21,42,43.6,1,7,3,8,55,-1.3,-0.024666666666666608,0.09800000000000003,Low
11,1,6.7,73,49,102,21,52.8,4,7,1,4,136,1.4,0.566,0.5414999999999999,Moderate
4,9,7.8,89,40,12,71,48.5,2,15,1,11,41,-1.6,0.5804365079365079,0.22357142857142864,Moderate
5,2,6.4,87,30,121,16,36.3,2,5,0,4,29,2.033333333333333,-0.38681746031746045,0.08935714285714269,Low
10,3,7.9,68,62,71,26,50.4,4,2,0,4,42,0.36666666666666664,0.2849841269841269,0.03914285714285701,Low
8,1,6.9,79,53,98,125,44.0,2,1,1,8,5,1.2666666666666666,-0.06206349206349203,0.061071428571428485,Low
8,4,7.5,82,64,23,20,59.2,3,11,0,6,70,-1.2333333333333334,0.9290793650793654,0.5102857142857143,Moderate
21,4,6.4,75,53,81,6,42.3,4,3,0,11,42,0.7,-0.06602380952380967,0.11221428571428554,Moderate
10,17,7.2,77,52,73,49,44.9,1,11,0,14,39,0.43333333333333335,0.1844682539682539,0.2587857142857142,Moderate
10,3,6.2,84,35,42,24,52.1,5,4,1,4,58,-0.6,0.49735714285714294,0.3722857142857143,Low
4,5,7.5,87,12,142,39,49.8,1,2,0,3,160,2.7333333333333334,0.07242857142857129,0.26864285714285707,Moderate
3,5,6.4,82,50,74,43,59.2,3,10,1,4,23,0.4666666666666667,0.9189206349206351,0.8017142857142858,Moderate
2,11,7.6,75,56,15,45,35.0,7,7,0,2,98,-1.5,-0.008333333333333345,-0.3674999999999999,Low
13,9,7.6,68,27,32,95,49.1,5,7,0,8,44,-0.9333333333333333,0.5483888888888889,0.0980000000000001,High
6,2,7.1,68,35,39,31,51.9,1,14,1,10,77,-0.7,0.5866111111111111,0.4870000000000001,Moderate
5,8,6.0,66,30,44,42,35.0,1,5,0,13,20,-0.5333333333333333,-0.48309523809523813,-0.07214285714285715,Low
15,5,4.3,81,65,113,44,40.3,5,7,1,4,22,1.7666666666666666,0.0957222222222221,0.6139999999999999,High
8,9,7.2,74,69,16,97,35.0,2,14,0,3,26,-1.4666666666666666,-0.033888888888888906,-0.095,Moderate
4,4,6.6,75,32,102,39,62.6,4,4,1,6,20,1.4,0.919857142857143,0.7672857142857143,High
6,3,6.0,56,48,34,26,42.9,1,15,1,5,25,-0.8666666666666667,0.21176984126984122,0.42557142857142854,Moderate
15,10,9.0,90,62,71,67,48.3,2,21,2,9,20,0.36666666666666664,0.7812777777777777,0.3264999999999999,High
14,5,7.3,64,54,26,133,51.7,2,2,0,13,23,-1.1333333333333333,0.32903968253968274,0.07064285714285723,Moderate
9,9,6.3,73,47,18,42,65.4,4,10,0,5,112,-1.4,1.2634761904761909,0.8652142857142859,High
9,6,6.3,73,25,56,46,49.9,6,2,0,20,180,-0.13333333333333333,0.4180396825396825,0.26664285714285707,Moderate
1,5,9.0,74,36,107,21,48.6,2,21,1,10,13,1.5666666666666667,0.7436666666666667,0.42550000000000004,Moderate
9,2,7.6,67,39,63,86,43.1,4,14,2,4,6,0.1,0.4517222222222223,0.19550000000000012,Moderate
7,4,6.7,85,64,31,62,49.5,4,1,1,3,180,-0.9666666666666667,0.24876984126984122,0.09357142857142849,Low
9,0,5.7,76,39,23,45,45.7,1,3,0,6,33,-1.2333333333333334,-0.06969047619047607,0.19171428571428575,Low
11,3,7.3,72,55,13,112,44.3,3,12,0,7,16,-1.5666666666666667,0.3965158730158729,0.10185714285714284,Low
6,5,7.5,79,31,38,23,51.2,3,20,0,10,171,-0.7333333333333333,0.89384126984127,0.5649285714285714,Moderate
4,3,6.3,88,26,5,66,46.0,4,2,0,12,89,-1.8333333333333333,0.13142857142857142,0.02214285714285713,Low
5,3,6.2,60,51,26,122,57.9,2,13,0,3,20,-1.1333333333333333,0.9886746031746031,0.7634285714285713,Low
11,2,7.9,55,56,109,15,50.1,4,1,0,4,160,1.6333333333333333,0.22354761904761913,0.09657142857142856,Moderate
2,16,7.7,84,63,77,22,41.3,3,17,1,12,71,0.5666666666666667,0.3400873015873015,0.24471428571428566,Moderate
9,4,8.0,80,41,80,6,44.7,4,4,2,9,75,0.6666666666666666,0.0776904761904763,-0.06971428571428562,Moderate
11,6,7.4,74,40,96,18,44.5,3,1,1,3,22,1.2,-0.09178571428571428,-0.016428571428571487,Low
25,1,6.6,68,59,22,45,38.4,3,5,2,6,21,-1.2666666666666666,-0.1934285714285715,-0.13014285714285712,Low
8,3,5.6,60,47,65,29,55.8,3,12,0,2,114,0.16666666666666666,0.8217936507936506,0.8743571428571427,High
10,4,6.9,83,29,41,117,50.6,2,8,0,9,6,-0.6333333333333333,0.47604761904761905,0.31657142857142856,Moderate
9,5,7.5,94,59,113,124,51.7,6,17,0,11,83,1.7666666666666666,1.121420634920635,0.6817142857142858,High
19,4,6.1,73,49,90,54,52.6,0,21,0,4,174,1.0,0.8270000000000002,1.0105000000000002,High
13,0,5.6,78,56,31,129,45.0,1,4,1,10,32,-0.9666666666666667,0.027857142857142872,0.23678571428571427,Moderate
4,9,6.4,56,55,60,42,44.4,2,2,0,5,36,0.0,-0.10057142857142867,0.094142857142857,Low
4,5,8.3,86,41,103,49,54.2,2,6,1,8,58,1.4333333333333333,0.4910634920634923,0.2774285714285714,Low
3,7,4.7,57,46,67,146,48.7,5,10,1,5,13,0.23333333333333334,0.6941984126984128,0.7667142857142857,Moderate
6,9,5.3,83,48,46,73,40.6,3,6,1,15,36,-0.4666666666666667,-0.027603174603174536,0.25192857142857145,Moderate
2,1,7.2,60,58,14,128,42.9,4,15,2,3,117,-1.5333333333333334,0.5251031746031746,0.16557142857142848,Low
0,8,7.1,70,42,105,88,58.5,4,6,0,3,91,1.5,0.8612301587301587,0.6214285714285714,Moderate
6,3,6.3,85,61,36,180,43.0,3,3,0,8,44,-0.8,0.09214285714285717,0.03821428571428574,Low
8,2,7.1,78,21,128,6,50.8,4,3,1,7,55,2.2666666666666666,0.31647619047619036,0.36221428571428566,Moderate
14,6,6.6,82,32,36,107,45.1,3,14,0,4,18,-0.8,0.49838888888888894,0.3630000000000001,Moderate
11,5,5.5,67,44,180,24,42.1,3,6,0,9,43,4.0,-0.01454761904761899,0.5969285714285715,High
10,5,6.1,67,50,180,133,51.4,3,9,0,7,10,4.0,0.6322063492063492,0.8566428571428573,High
1,6,5.3,76,52,21,53,47.4,3,4,0,13,26,-1.3,0.1847460317460317,0.3362857142857142,Low
5,8,6.6,75,54,104,88,44.5,3,9,1,11,53,1.4666666666666666,0.2717063492063492,0.3721428571428572,Low
10,2,6.5,77,68,60,52,56.7,1,9,0,10,43,0.0,0.647373015873016,0.6456428571428573,Moderate
6,12,7.5,62,21,46,91,53.9,2,3,2,10,78,-0.4666666666666667,0.41708730158730156,0.18021428571428574,Moderate
18,3,6.4,79,62,50,21,45.1,5,5,0,8,97,-0.3333333333333333,0.21473809523809528,0.17585714285714282,Moderate
3,12,6.8,68,47,75,101,54.7,7,4,0,6,98,0.5,0.833246031746032,0.4277857142857143,Moderate
4,8,7.7,65,53,34,77,45.2,3,3,1,16,96,-0.8666666666666667,0.07669841269841284,-0.14578571428571424,Moderate
11,2,7.2,72,46,80,98,37.8,0,5,0,10,66,0.6666666666666666,-0.36153968253968266,-0.10814285714285726,Low
4,3,5.8,72,33,46,144,64.8,4,2,0,2,51,-0.4666666666666667,1.064095238095238,0.776142857142857,Moderate
9,6,6.6,55,45,18,38,38.8,3,21,1,8,29,-1.4,0.3882222222222221,0.329,Low
12,13,6.1,68,41,141,20,58.8,4,5,0,3,113,2.7,0.7634603174603174,0.8668571428571428,High
8,10,7.1,71,55,43,94,60.5,1,21,1,6,39,-0.5666666666666667,1.293611111111111,0.955,High
3,7,8.7,80,62,180,128,48.5,4,5,1,3,53,4.0,0.4199603174603174,0.20035714285714298,High
4,1,5.6,74,55,41,8,51.3,4,9,0,3,86,-0.6333333333333333,0.5554841269841267,0.5936428571428571,Low
8,8,6.9,70,36,66,10,69.7,4,8,0,4,28,0.2,1.3499920634920637,0.9520714285714286,High
10,1,7.5,84,25,33,89,52.1,3,5,2,17,83,-0.9,0.4719603174603176,0.15085714285714294,High
10,5,7.0,73,36,127,62,41.9,4,10,0,7,23,2.2333333333333334,0.22819841269841265,0.31021428571428566,Moderate
8,3,6.9,83,43,56,58,43.1,4,2,2,3,52,-0.13333333333333333,-0.00796031746031741,-0.042357142857142906,Low
7,8,5.9,93,12,76,41,55.9,3,5,0,4,97,0.5333333333333333,0.5896269841269841,0.6523571428571427,High
2,6,7.8,81,28,126,24,63.6,5,4,2,12,28,2.2,1.0148571428571431,0.6472857142857144,High
9,5,8.5,65,58,11,156,39.9,3,7,0,7,122,-1.6333333333333333,0.06883333333333327,-0.388,Low
4,2,6.9,86,36,59,12,35.0,5,7,2,11,71,-0.03333333333333333,-0.17833333333333334,-0.13500000000000006,Low
3,1,6.3,61,55,134,71,50.8,7,7,0,10,59,2.466666666666667,0.7315555555555554,0.6315,Moderate
13,3,6.1,86,46,55,43,45.5,3,5,0,7,26,-0.16666666666666666,0.12384920634920638,0.2528571428571429,Moderate
16,2,6.2,56,45,180,180,53.7,2,9,0,3,73,4.0,0.7212619047619049,0.9081428571428571,High
6,6,6.8,70,37,86,54,45.1,3,3,0,1,101,0.8666666666666667,0.04664285714285721,0.1387142857142858,Low
7,15,5.1,75,23,76,41,43.9,7,7,1,4,37,0.5333333333333333,0.38772222222222213,0.48949999999999994,High
17,3,6.5,100,61,29,13,64.0,0,3,0,4,120,-1.0333333333333334,0.6515873015873017,0.6157142857142857,High
6,3,7.2,75,51,103,180,59.0,1,4,1,16,25,1.4333333333333333,0.7145238095238096,0.5567857142857142,High
4,2,7.8,85,48,180,77,47.2,4,7,0,12,180,4.0,0.37622222222222235,0.3760000000000001,Moderate
14,5,5.7,72,13,46,54,50.7,4,3,3,6,12,-0.4666666666666667,0.365309523809524,0.39921428571428574,High
2,3,6.2,87,34,47,57,60.6,4,5,0,9,34,-0.43333333333333335,0.8855714285714287,0.6683571428571429,High
1,5,6.5,71,36,54,124,48.9,5,3,2,11,82,-0.2,0.4287539682539682,0.22521428571428564,Low
3,6,6.9,79,53,44,180,52.5,8,11,2,20,42,-0.5333333333333333,1.1386904761904764,0.4667857142857143,Moderate
15,5,6.2,70,40,66,79,40.5,0,5,1,10,35,0.2,-0.2611507936507937,0.11285714285714284,Moderate
24,3,5.6,72,37,180,83,65.2,3,8,2,11,37,4.0,1.1619365079365083,1.3295714285714286,High
3,2,6.6,71,34,65,73,43.7,2,2,1,11,103,0.16666666666666666,-0.097626984126984,0.05064285714285728,Low
4,9,6.0,67,27,3,36,56.1,5,5,0,12,44,-1.9,0.726404761904762,0.4583571428571428,Moderate
10,2,7.9,70,21,77,66,48.3,5,15,1,9,107,0.5666666666666667,0.7658809523809523,0.36257142857142843,Moderate
6,12,8.9,80,35,56,36,56.8,5,16,1,3,9,-0.13333333333333333,1.1507619047619047,0.41864285714285704,Moderate
7,11,9.0,68,24,11,117,49.3,5,2,1,11,24,-1.6333333333333333,0.4032619047619046,-0.3363571428571429,Moderate
5,7,5.5,78,46,5,28,40.5,5,10,2,7,124,-1.8333333333333333,0.19408730158730159,0.22571428571428573,Moderate
4,6,7.3,62,40,92,121,45.4,2,11,0,6,82,1.0666666666666667,0.3536349206349205,0.30378571428571427,Moderate
10,7,6.5,73,38,83,46,41.4,2,7,0,10,16,0.7666666666666667,-0.052555555555555626,0.18699999999999994,Moderate
13,3,7.5,65,59,100,41,41.0,6,8,2,5,20,1.3333333333333333,0.22626984126984132,0.07107142857142856,Moderate
14,13,6.8,85,29,58,52,41.6,3,4,0,4,35,-0.06666666666666667,-0.0773650793650793,-0.0077142857142856415,Moderate
13,2,6.2,67,61,25,29,35.0,3,7,1,12,91,-1.1666666666666667,-0.2927777777777778,-0.09750000000000004,Low
2,9,6.1,55,36,119,46,43.6,4,17,1,5,25,1.9666666666666666,0.536920634920635,0.6987142857142858,High
4,9,6.5,91,49,86,64,51.7,3,16,0,6,44,0.8666666666666667,0.8190396825396827,0.7606428571428572,High
7,6,6.0,79,43,135,69,36.5,3,21,1,0,62,2.5,0.3191666666666667,0.6575,Moderate
3,7,7.3,75,53,57,30,52.4,5,5,0,8,25,-0.1,0.5532380952380952,0.25485714285714284,Moderate
8,10,8.7,55,36,5,87,47.3,0,3,0,15,129,-1.8333333333333333,-0.01769047619047629,-0.3302857142857142,Moderate
3,9,5.4,83,35,15,133,57.9,4,5,1,12,34,-1.5,0.848515873015873,0.6473571428571427,High
1,10,7.8,66,31,103,35,39.2,4,2,2,16,68,1.4333333333333333,-0.2090158730158729,-0.19935714285714273,Low
8,6,7.5,72,25,111,110,42.4,8,6,0,5,36,1.7,0.4278412698412698,0.0834285714285714,Moderate
3,7,6.6,59,63,25,6,36.9,2,4,0,20,44,-1.1666666666666667,-0.4066428571428572,-0.1962142857142857,Low
7,10,7.6,82,54,95,30,52.7,1,12,0,1,40,1.1666666666666667,0.5500714285714288,0.5063571428571431,Low
18,4,6.1,55,31,27,85,35.0,0,13,0,15,14,-1.1,-0.21626984126984133,0.09642857142857149,Moderate
8,5,6.5,71,32,66,39,37.8,3,9,1,7,37,0.2,-0.08423809523809538,0.09364285714285704,Low
5,2,9.0,75,51,57,48,53.4,4,8,0,6,77,-0.1,0.6587142857142857,0.07307142857142856,Low
1,3,7.8,83,36,55,85,55.0,1,12,3,10,6,-0.16666666666666666,0.7146825396825398,0.44035714285714284,Moderate
4,2,6.2,79,56,92,18,42.1,2,11,0,9,58,1.0666666666666667,0.09069047619047621,0.3972857142857143,Low
2,6,6.9,86,33,131,180,41.7,4,11,1,4,96,2.3666666666666667,0.38602380952380966,0.3602857142857143,Moderate
12,3,6.3,74,32,82,180,62.7,2,14,1,10,88,0.7333333333333333,1.3048333333333337,1.0585000000000002,High
12,9,5.5,84,60,177,116,49.2,3,11,2,1,39,3.9,0.5857460317460318,0.9452857142857143,High
0,7,7.6,77,39,84,64,43.6,5,21,0,8,67,0.8,0.7664444444444446,0.46300000000000013,Moderate
3,7,6.5,68,36,98,25,50.4,4,12,0,3,106,1.2666666666666666,0.641015873015873,0.6373571428571428,Low
10,11,7.3,88,43,14,180,46.7,1,5,2,1,22,-1.5333333333333334,0.19673809523809535,-0.023642857142857035,Moderate
3,3,6.2,59,38,48,50,57.6,1,10,0,4,78,-0.4,0.7213650793650795,0.7237142857142856,Moderate
12,10,7.8,64,45,33,64,61.7,6,2,0,5,16,-0.9,0.9690396825396826,0.3006428571428572,Moderate
1,2,5.7,68,34,38,53,42.3,2,1,0,2,86,-0.7333333333333333,-0.21856349206349218,0.07007142857142845,Low
5,1,8.0,72,44,180,120,39.3,1,3,0,1,7,4.0,-0.27435714285714297,-0.010285714285714342,Moderate
5,8,6.6,78,51,61,96,37.6,3,5,0,7,30,0.03333333333333333,-0.1727619047619047,-0.05664285714285703,Low
7,15,6.5,71,41,146,33,43.0,9,5,1,9,47,2.8666666666666667,0.4002380952380953,0.33535714285714285,Moderate
15,6,7.4,65,46,96,83,45.9,3,9,0,15,11,1.2,0.3291507936507936,0.254142857142857,Moderate
13,3,6.2,66,35,16,151,48.9,2,4,0,8,115,-1.4666666666666666,0.29446825396825393,0.2112857142857142,Moderate
4,4,7.0,81,46,63,112,57.0,5,20,2,13,87,0.1,1.387063492063492,0.8889285714285714,Moderate
3,12,5.8,72,39,3,129,54.7,4,3,1,13,114,-1.9,0.6286428571428572,0.39421428571428574,Moderate
3,8,7.2,65,24,37,84,49.3,6,12,1,8,67,-0.7666666666666667,0.7904047619047617,0.3293571428571428,Moderate
6,3,6.7,82,44,28,32,52.1,2,9,1,20,16,-1.0666666666666667,0.48481746031746037,0.3926428571428571,Moderate
7,8,6.7,67,46,175,67,40.1,0,6,3,4,132,3.8333333333333335,-0.2567698412698412,0.3144285714285714,High
3,5,5.7,79,47,102,46,58.0,3,13,1,13,10,1.4,0.9753968253968254,1.0439285714285713,High
11,11,7.1,83,35,80,13,49.1,2,4,0,4,38,0.6666666666666666,0.15013492063492073,0.21978571428571433,Moderate
9,11,6.3,72,42,51,32,56.8,5,11,0,0,49,-0.3,0.9677460317460317,0.7182857142857143,High
8,10,5.5,86,26,22,46,66.3,2,9,1,5,104,-1.2666666666666666,1.1393730158730158,1.013642857142857,High
7,2,6.9,55,36,87,61,55.6,2,5,1,9,180,0.9,0.5316825396825398,0.4958571428571428,High
2,5,7.8,81,45,82,49,54.8,4,3,1,13,22,0.7333333333333333,0.5442539682539682,0.24471428571428566,Low
20,6,7.4,72,27,44,28,56.3,4,8,0,11,105,-0.5333333333333333,0.7669920634920633,0.4075714285714284,High
4,5,7.6,57,47,91,139,58.8,5,1,0,2,109,1.0333333333333334,0.8194920634920633,0.3650714285714285,Moderate
9,0,6.2,83,50,28,52,60.8,1,16,2,5,180,-1.0666666666666667,1.0818730158730159,0.941142857142857,High
12,5,8.5,85,40,14,37,54.0,3,7,0,4,74,-1.5333333333333334,0.5711111111111111,0.042500000000000024,High
10,5,6.1,78,65,129,117,39.7,6,1,2,4,37,2.3,0.002214285714285863,0.1495714285714287,Moderate
5,0,6.8,90,36,151,55,48.1,4,10,0,12,32,3.033333333333333,0.49942063492063504,0.5912142857142857,Moderate
6,12,8.1,78,68,21,28,69.3,5,11,1,3,33,-1.3,1.5258015873015873,0.7032857142857143,High
6,1,7.6,76,27,47,34,69.1,4,21,1,13,103,-0.43333333333333335,1.8139444444444441,1.1354999999999997,High
5,12,6.8,82,66,75,7,35.1,2,6,0,20,91,0.5,-0.4151031746031746,-0.10307142857142851,Moderate
2,4,6.5,74,82,87,104,52.3,2,9,0,7,10,0.9,0.5738174603174602,0.5811428571428571,Low
4,6,6.3,80,61,90,116,35.0,3,5,0,2,81,1.0,-0.2675396825396825,-0.009642857142857106,Low
4,7,6.0,70,43,112,171,35.4,5,4,1,3,27,1.7333333333333334,-0.09080952380952385,0.08128571428571424,Moderate
1,7,6.3,69,40,27,54,49.7,2,2,0,14,62,-1.1,0.15126190476190493,0.18814285714285717,Low
1,4,6.2,85,30,180,39,47.1,0,4,1,20,86,4.0,-0.0443095238095237,0.5672857142857142,Moderate
4,8,7.7,69,47,5,40,38.8,4,3,2,5,88,-1.8333333333333333,-0.18574603174603185,-0.41028571428571436,Low
21,11,6.8,76,46,86,42,44.0,1,4,2,8,60,0.8666666666666667,-0.11380952380952378,0.1342857142857143,High
5,2,5.5,75,43,85,44,52.1,2,15,0,5,39,0.8333333333333334,0.712436507936508,0.9165714285714285,Moderate
8,1,7.1,59,46,165,59,46.1,4,4,0,5,49,3.5,0.19957936507936513,0.3422857142857144,Moderate
5,2,6.2,55,55,36,26,65.9,2,10,1,10,81,-0.8,1.1348650793650799,0.9427142857142858,High
3,8,7.2,77,32,27,62,49.0,1,3,1,11,44,-1.1,0.09769841269841276,0.0382142857142857,Moderate
4,7,6.6,85,35,95,50,39.7,4,11,1,6,97,1.1666666666666667,0.1515793650793652,0.26278571428571446,Moderate
1,5,6.7,64,44,21,37,39.5,2,21,0,9,7,-1.3,0.35194444444444445,0.33999999999999997,Low
15,12,6.5,61,32,115,38,42.0,5,8,0,2,25,1.8333333333333333,0.20126984126984127,0.31357142857142856,Moderate
10,2,7.9,84,50,41,24,46.4,2,14,1,5,24,-0.6333333333333333,0.398,0.18699999999999994,Low
4,6,7.9,83,45,67,112,49.7,3,3,0,11,59,0.23333333333333334,0.31808730158730175,0.036714285714285755,Moderate
5,7,5.8,77,30,107,53,56.1,6,5,0,9,31,1.5666666666666667,0.8119603174603176,0.7533571428571428,Moderate
2,3,5.9,64,22,79,126,52.0,4,7,1,1,90,0.6333333333333333,0.6466666666666667,0.5999999999999999,Moderate
11,14,7.2,78,60,26,87,49.4,2,10,0,9,17,-1.1333333333333333,0.4601428571428571,0.24771428571428564,Moderate
19,7,7.0,70,45,17,40,51.5,3,1,1,9,65,-1.4333333333333333,0.2476587301587301,0.06607142857142854,Moderate
12,11,7.9,66,41,47,62,40.6,4,19,0,8,69,-0.43333333333333335,0.4911269841269842,0.17085714285714285,Moderate
1,4,7.2,76,57,52,34,35.0,1,2,1,6,15,-0.26666666666666666,-0.5991269841269841,-0.3478571428571429,Low
7,2,8.2,72,31,81,37,38.6,1,11,0,3,57,0.7,-0.11236507936507929,-0.08521428571428552,Moderate
6,5,5.2,74,39,49,33,49.3,3,0,3,15,69,-0.36666666666666664,0.10516666666666653,0.3664999999999998,Moderate
7,7,7.5,76,47,32,14,52.5,3,6,3,8,18,-0.9333333333333333,0.44234126984126987,0.1889285714285714,Low
5,2,6.6,64,46,70,36,58.1,5,17,0,6,67,0.3333333333333333,1.2449761904761905,0.9237142857142858,High
2,9,6.7,55,40,117,23,50.0,2,9,0,16,44,1.9,0.3803174603174604,0.552142857142857,Moderate
14,6,6.8,76,47,6,6,52.6,2,2,1,13,101,-1.8,0.2284285714285716,0.13514285714285723,Moderate
4,7,7.4,67,42,29,94,35.0,0,5,0,5,32,-1.0333333333333334,-0.491984126984127,-0.3546428571428572,Low
2,14,6.5,72,29,130,102,52.9,6,7,0,7,8,2.3333333333333335,0.7938333333333333,0.6495,Moderate
2,21,6.8,73,45,150,37,56.6,5,16,1,1,51,3.0,1.1428730158730158,1.0151428571428571,High
7,15,7.5,83,57,66,34,57.9,2,3,0,4,86,0.2,0.5337539682539683,0.35021428571428564,Moderate
6,7,6.9,73,49,93,77,46.1,3,6,0,2,29,1.1,0.22434126984126992,0.2544285714285714,Low
6,10,7.7,81,42,49,139,42.8,2,5,0,3,21,-0.36666666666666664,0.04234920634920621,-0.12314285714285725,Low
4,2,5.4,73,41,43,63,35.0,2,7,0,11,44,-0.5666666666666667,-0.32166666666666666,0.08749999999999993,Low
7,7,6.4,68,35,11,45,54.3,0,1,0,7,82,-1.6333333333333333,0.17921428571428555,0.24007142857142838,Moderate
13,8,6.0,83,28,156,89,40.3,5,12,1,9,9,3.2,0.32429365079365063,0.5668571428571427,High
11,9,6.8,71,45,17,96,44.2,5,3,0,1,49,-1.4333333333333333,0.18614285714285728,-0.060785714285714165,Low
11,12,6.8,67,51,153,132,41.3,5,3,3,5,36,3.1,0.09564285714285703,0.19221428571428567,High
9,4,6.5,78,58,93,56,50.0,2,7,3,6,133,1.1,0.34555555555555556,0.47,Moderate
3,2,7.1,75,67,80,67,53.5,6,4,0,20,131,0.6666666666666666,0.6748015873015875,0.3517857142857143,Moderate
4,14,7.2,76,38,21,122,39.5,0,0,1,2,23,-1.3,-0.43694444444444447,-0.34750000000000003,Low
11,3,7.0,70,47,53,48,44.6,1,5,1,7,50,-0.23333333333333334,-0.04442857142857135,0.0633571428571429,Low
10,0,6.8,61,66,10,180,35.0,0,11,3,6,58,-1.6666666666666667,-0.1821428571428572,-0.12571428571428567,Low
7,8,7.4,76,54,34,32,59.5,3,14,1,6,17,-0.8666666666666667,1.0630555555555554,0.6499999999999999,High
3,6,6.8,70,61,50,10,41.3,1,8,0,3,41,-0.3333333333333333,-0.12800793650793663,0.07757142857142853,Low
17,4,5.7,80,60,114,180,55.1,4,6,2,8,82,1.8,0.810452380952381,0.7869285714285714,High
10,4,6.7,84,39,31,19,58.6,3,6,0,4,180,-0.9666666666666667,0.7223968253968255,0.5094285714285715,High
10,8,6.6,64,61,141,27,60.0,3,2,0,7,30,2.7,0.6514285714285715,0.7296428571428571,Moderate
1,13,4.6,90,53,6,39,39.4,3,6,1,6,35,-1.8,-0.11938095238095245,0.23842857142857143,Low
10,4,5.4,72,27,26,51,57.8,5,10,2,4,62,-1.1333333333333333,0.9981428571428571,0.8147142857142856,High
8,12,6.9,63,46,87,136,35.0,3,5,2,9,47,0.9,-0.24531746031746032,-0.12214285714285719,Moderate
8,7,7.1,86,47,47,116,48.9,3,13,1,20,85,-0.43333333333333335,0.6436746031746031,0.38842857142857146,High
11,6,6.8,74,64,60,59,47.4,5,4,1,12,91,0.0,0.32474603174603167,0.1712857142857143,Moderate
1,5,7.1,65,37,116,24,60.1,4,2,0,13,62,1.8666666666666667,0.7192619047619048,0.5826428571428572,Moderate
6,1,6.6,61,45,40,51,50.1,4,5,0,7,42,-0.6666666666666666,0.40640476190476205,0.26585714285714296,Low
9,4,6.1,74,53,32,22,37.9,2,13,0,12,83,-0.9333333333333333,-0.02243650793650802,0.19592857142857145,Moderate
7,4,7.6,75,31,69,36,41.8,2,13,1,8,51,0.3,0.1686190476190475,0.1429285714285714,Moderate
7,5,6.1,86,38,22,69,45.1,6,7,1,11,60,-1.2666666666666666,0.4061666666666668,0.21550000000000014,Low
5,7,7.1,73,41,163,154,46.6,3,17,0,13,53,3.433333333333333,0.7252539682539684,0.7237142857142858,Moderate
11,7,6.2,82,49,125,22,43.7,3,10,0,2,95,2.1666666666666665,0.1980873015873017,0.4992142857142857,Low
3,11,6.9,64,72,151,64,41.4,2,9,1,12,43,3.033333333333333,0.0388730158730158,0.344142857142857,Moderate
3,0,7.1,73,41,76,47,70.0,7,5,1,9,61,0.5333333333333333,1.4974603174603176,0.8653571428571428,High
0,16,6.2,89,46,17,91,43.0,4,9,0,9,147,-1.4333333333333333,0.2742063492063492,0.1796428571428571,Moderate
11,6,6.2,59,35,52,19,48.2,2,6,1,6,80,-0.26666666666666666,0.1877301587301589,0.3374285714285714,Moderate
19,11,6.0,74,57,59,74,36.6,1,2,2,8,6,-0.03333333333333333,-0.4826825396825396,-0.07235714285714284,High
5,15,6.7,76,34,126,54,46.8,6,2,0,10,41,2.2,0.28742857142857126,0.27864285714285697,Moderate
11,3,5.8,61,44,44,172,48.3,5,13,0,12,27,-0.5333333333333333,0.8122301587301587,0.5904285714285713,High
14,9,6.9,69,52,77,39,54.3,2,14,1,5,67,0.5666666666666667,0.7701666666666666,0.6889999999999998,High
2,16,5.1,56,58,12,58,45.0,1,1,1,1,32,-1.6,-0.15817460317460316,0.19107142857142861,Moderate
15,10,5.3,77,23,42,94,54.9,0,2,0,2,23,-0.6,0.29637301587301573,0.556642857142857,High
3,13,7.0,75,60,67,32,43.3,5,8,2,9,180,0.23333333333333334,0.25310317460317444,0.1450714285714285,Moderate
18,4,5.5,85,43,31,36,45.1,5,12,0,4,106,-0.9666666666666667,0.48140476190476195,0.4858571428571429,High
11,1,5.5,64,34,26,64,57.6,3,3,0,5,46,-1.1333333333333333,0.6202539682539684,0.5912142857142857,Moderate
3,7,6.8,62,64,21,84,44.9,3,2,1,10,62,-1.3,0.0352619047619047,-0.058357142857142885,Low
14,3,6.5,69,32,69,59,61.0,3,13,0,9,62,0.3,1.1248412698412698,0.9114285714285715,High
2,9,7.9,76,47,37,65,47.2,1,2,0,8,14,-0.7666666666666667,-0.015682539682539565,-0.14185714285714285,Low
2,4,4.3,76,60,50,57,54.9,4,4,0,2,180,-0.3333333333333333,0.5933571428571428,0.8087857142857141,High
3,16,6.8,77,19,3,49,42.2,6,12,2,4,64,-1.9,0.4320158730158732,0.101357142857143,Moderate
9,4,7.4,62,39,121,114,42.3,4,2,0,15,14,2.033333333333333,0.018261904761904615,0.00864285714285698,Moderate
0,8,7.3,80,47,41,59,45.3,1,10,0,13,58,-0.6333333333333333,0.17786507936507923,0.14471428571428566,Low
5,6,7.6,79,33,73,90,56.6,6,2,1,4,23,0.43333333333333335,0.7684285714285715,0.2826428571428572,Moderate
7,9,7.1,87,46,62,45,54.0,1,5,2,11,64,0.06666666666666667,0.3752380952380953,0.35035714285714287,Low
8,4,6.4,69,42,22,75,51.8,5,3,0,10,15,-1.2666666666666666,0.5048095238095237,0.2497142857142856,Low
13,9,7.0,80,29,69,19,51.9,5,2,1,3,49,0.3,0.4113730158730158,0.2366428571428571,Moderate
5,4,6.6,81,51,79,180,35.4,6,5,0,2,160,0.6333333333333333,0.02157142857142852,-0.07764285714285712,Low
2,9,8.3,56,63,11,71,54.0,2,13,0,8,56,-1.6333333333333333,0.7565079365079366,0.24142857142857127,Moderate
16,4,6.5,79,52,38,82,42.1,1,8,1,8,19,-0.7333333333333333,-0.012007936507936452,0.12407142857142861,Moderate
2,13,5.4,68,14,57,109,50.3,3,2,0,4,41,-0.1,0.30603968253968244,0.43864285714285695,High
5,6,7.0,77,52,72,41,46.5,4,7,0,13,37,0.4,0.3047222222222222,0.225,Moderate
8,4,5.8,89,27,69,61,51.9,0,19,2,7,16,0.3,0.7318492063492062,0.9323571428571428,High
4,7,6.2,73,64,97,40,46.6,6,11,1,1,48,1.2333333333333334,0.5843015873015873,0.5447857142857142,Moderate
2,2,6.3,88,38,50,11,42.8,5,5,1,4,12,-0.3333333333333333,0.10012698412698398,0.1243571428571428,Low
11,14,7.1,81,40,10,166,44.8,3,10,0,3,33,-1.6666666666666667,0.40758730158730144,0.08721428571428569,Moderate
6,4,7.4,73,39,151,35,44.6,1,5,1,8,26,3.033333333333333,-0.0588730158730158,0.23835714285714282,Low
6,5,7.9,74,31,38,38,35.0,4,8,1,14,20,-0.7333333333333333,-0.1803968253968254,-0.33392857142857146,Low
7,14,7.0,64,43,109,2,50.7,5,2,1,4,1,1.6333333333333333,0.33848412698412705,0.3006428571428572,Moderate
11,9,6.4,78,64,52,49,47.9,2,11,2,2,52,-0.26666666666666666,0.38613492063492055,0.4362857142857141,Moderate
14,1,7.3,81,45,75,39,50.7,1,8,0,4,120,0.5,0.3272142857142859,0.33457142857142863,Moderate
1,3,5.6,70,42,51,140,48.5,1,3,0,1,102,-0.3,0.16186507936507938,0.3632142857142857,Low
7,3,7.1,80,63,39,107,46.2,2,3,1,1,83,-0.7,0.08836507936507952,0.0017142857142858695,Low
5,10,9.0,72,52,55,63,35.0,2,8,0,2,48,-0.16666666666666666,-0.28595238095238096,-0.48392857142857143,Low
10,2,6.8,75,53,82,46,63.7,4,9,0,11,41,0.7333333333333333,1.155706349206349,0.8581428571428571,High
1,2,5.9,69,61,10,180,60.0,3,5,0,20,7,-1.6666666666666667,0.9285714285714286,0.6103571428571427,High
4,2,7.1,77,46,38,32,64.9,2,4,1,7,92,-0.7333333333333333,0.8822460317460321,0.5887857142857145,Moderate
8,13,6.6,80,33,62,76,36.1,3,12,0,12,60,0.06666666666666667,-0.012484126984126915,0.10085714285714299,Moderate
7,4,7.5,79,37,136,69,40.6,1,10,0,4,141,2.533333333333333,-0.022523809523809463,0.20621428571428574,Moderate
5,14,6.2,80,43,180,55,35.0,2,20,0,16,134,4.0,0.13373015873015873,0.6614285714285715,High
8,0,5.6,55,64,152,180,61.8,5,2,1,9,161,3.066666666666667,1.0357619047619047,0.9861428571428571,High
18,16,6.7,75,52,37,169,52.2,4,3,2,2,32,-0.7666666666666667,0.5605873015873017,0.24671428571428572,High
10,9,7.2,76,53,70,22,62.1,5,3,4,13,59,0.3333333333333333,0.9094206349206351,0.5387142857142856,High
4,7,5.3,66,64,37,51,51.7,3,2,0,11,180,-0.7666666666666667,0.30459523809523825,0.4481428571428572,Moderate
9,4,7.1,75,53,111,52,47.7,4,5,1,6,112,1.7,0.2995158730158732,0.28385714285714303,Moderate
4,5,6.8,71,36,124,8,54.4,1,4,1,8,14,2.1333333333333333,0.3164126984126985,0.5412857142857144,Moderate
2,1,6.5,75,39,180,120,60.8,4,12,0,3,153,4.0,1.2145714285714286,1.1543571428571429,High
1,10,6.9,65,50,56,28,52.6,3,5,0,6,178,-0.13333333333333333,0.4266825396825399,0.32835714285714285,Moderate
2,15,7.2,72,38,73,54,35.2,4,8,2,13,65,0.43333333333333335,-0.1536190476190475,-0.11792857142857135,Moderate
4,3,7.7,85,22,101,80,36.9,5,0,2,20,27,1.3666666666666667,-0.2672777777777779,-0.3130000000000001,Moderate
8,5,6.6,88,67,102,31,63.7,3,21,1,5,85,1.4,1.5009444444444444,1.286,High
1,15,7.1,85,33,11,59,47.2,2,3,2,7,180,-1.6333333333333333,0.08003174603174618,-0.03828571428571413,Moderate
7,7,6.6,71,41,37,62,48.9,3,15,1,18,18,-0.7666666666666667,0.6551031746031746,0.5080714285714286,Moderate
7,9,6.9,75,23,74,3,67.1,4,7,1,2,17,0.4666666666666667,1.1894999999999998,0.8654999999999998,High
2,2,7.5,75,49,140,16,47.6,3,9,0,17,180,2.6666666666666665,0.3312063492063493,0.3976428571428572,Low
9,1,4.9,82,54,62,73,51.5,0,20,0,6,25,0.06666666666666667,0.7628968253968255,1.0889285714285712,High
5,5,6.0,67,31,95,51,59.1,7,7,0,8,180,1.1666666666666667,1.0828333333333333,0.8355,High
6,11,6.7,81,26,44,24,45.0,3,8,0,8,56,-0.5333333333333333,0.1873809523809524,0.19107142857142853,Moderate
8,6,5.2,71,40,178,142,43.6,5,9,1,4,122,3.933333333333333,0.4245396825396826,0.7751428571428571,High
9,12,6.9,80,38,52,27,47.7,3,9,1,14,38,-0.26666666666666666,0.34792857142857153,0.28564285714285714,Moderate
5,7,5.2,76,54,68,38,40.3,3,10,0,5,80,0.26666666666666666,0.06286507936507923,0.4297142857142856,Moderate
3,7,6.5,67,31,154,69,62.3,1,15,1,7,49,3.1333333333333333,1.1325476190476187,1.2200714285714285,High
7,6,6.6,78,61,172,89,51.1,3,9,0,11,21,3.7333333333333334,0.5698174603174604,0.7401428571428572,High
14,4,8.9,60,50,94,100,39.9,4,7,3,8,106,1.1333333333333333,0.0732777777777777,-0.25050000000000006,Moderate
7,10,5.7,66,51,41,84,64.3,1,2,0,4,28,-0.6333333333333333,0.7749285714285713,0.7661428571428569,High
4,4,6.4,85,56,22,46,59.7,1,3,1,20,30,-1.2666666666666666,0.5614206349206351,0.48671428571428565,Moderate
27,3,7.0,81,46,17,21,44.9,7,12,0,10,51,-1.4333333333333333,0.5890714285714286,0.18235714285714283,High
3,4,5.4,72,38,54,30,55.1,7,3,0,9,58,-0.2,0.7366428571428574,0.6037142857142856,Low
6,6,8.8,64,36,120,52,48.2,1,7,1,20,98,2.0,0.1934444444444446,0.08099999999999996,Low
7,8,6.8,73,50,17,180,35.0,6,21,0,2,39,-1.4333333333333333,0.575,0.17750000000000005,Moderate
3,6,6.6,76,36,49,36,35.0,1,15,1,3,158,-0.36666666666666664,-0.13261904761904764,0.12107142857142864,Moderate
11,4,8.4,93,56,60,153,56.7,1,2,1,10,61,0.0,0.5095952380952382,0.11314285714285718,Moderate
9,8,7.5,99,68,49,65,56.9,5,1,2,16,71,-0.36666666666666664,0.6517698412698412,0.22057142857142856,High
4,7,5.7,95,69,24,119,54.2,1,9,1,7,47,-1.2,0.6093174603174606,0.6206428571428573,Moderate
7,5,6.1,75,29,44,60,57.2,3,6,1,5,89,-0.5333333333333333,0.7049523809523811,0.6049285714285715,High
6,1,6.8,72,36,8,4,50.2,3,21,2,2,66,-1.7333333333333334,0.8634444444444445,0.6110000000000001,Low
7,5,6.2,81,47,33,61,49.7,5,6,1,9,28,-0.9,0.5018968253968256,0.33492857142857146,Low
6,11,7.6,82,31,22,54,41.0,2,1,1,7,7,-1.2666666666666666,-0.27595238095238095,-0.34142857142857136,Low
10,9,6.0,74,34,10,43,41.8,2,6,1,5,35,-1.6666666666666667,-0.07360317460317473,0.07542857142857132,Moderate
11,4,7.0,92,34,42,20,58.9,5,11,0,6,102,-0.6,1.0489126984126984,0.6362857142857142,High
2,7,5.7,83,19,90,6,50.0,2,7,2,17,47,1.0,0.29000000000000004,0.6024999999999999,High
16,11,7.7,57,60,90,108,45.0,0,8,0,9,43,1.0,0.08071428571428571,0.13107142857142853,Moderate
3,4,4.9,76,39,35,180,57.5,3,9,2,4,15,-0.8333333333333334,0.9589285714285714,0.8871428571428571,Moderate
3,21,6.1,86,40,34,14,53.3,4,5,1,17,108,-0.8666666666666667,0.5092936507936506,0.4343571428571427,Moderate
3,5,7.5,78,36,33,20,40.1,2,14,1,14,63,-0.9,0.11005555555555563,0.048000000000000057,Low
8,2,5.5,70,31,43,61,36.4,5,11,0,15,52,-0.5666666666666667,0.08196825396825388,0.2262857142857142,Moderate
6,8,8.4,86,19,73,104,43.1,4,6,1,11,125,0.43333333333333335,0.18600793650793657,-0.1480714285714286,Moderate
2,8,6.6,67,43,31,60,45.7,2,4,0,12,103,-0.9666666666666667,0.049357142857142995,0.08278571428571442,Low
2,4,6.4,73,43,89,42,57.6,1,5,0,14,19,0.9666666666666667,0.5339047619047621,0.6483571428571429,Low
11,1,6.8,81,61,118,13,59.6,5,5,0,4,47,1.9333333333333333,0.8583492063492064,0.710857142857143,High
2,5,5.4,61,34,28,163,46.2,1,7,2,5,36,-1.0666666666666667,0.2267777777777779,0.38599999999999995,Low
6,11,7.2,66,57,7,55,57.8,2,3,2,20,28,-1.7666666666666666,0.5525873015873016,0.2522142857142856,Moderate
2,8,8.6,76,31,73,25,54.1,3,5,1,20,29,0.43333333333333335,0.4908492063492064,0.118357142857143,Moderate
9,5,7.4,70,37,85,59,46.6,3,12,1,4,48,0.8333333333333334,0.4411269841269842,0.33335714285714285,Moderate
5,3,6.5,82,43,38,73,49.9,1,2,0,12,34,-0.7333333333333333,0.11470634920634913,0.18664285714285708,Low
3,12,6.8,75,48,33,126,42.5,2,8,0,19,180,-0.9,0.12154761904761906,0.07107142857142859,Moderate
4,9,6.7,77,35,50,36,35.0,3,2,1,5,11,-0.3333333333333333,-0.4635714285714286,-0.2653571428571429,Low
1,10,5.1,70,48,54,32,42.9,3,9,1,7,6,-0.2,0.13748412698412693,0.46164285714285713,Moderate
4,12,6.1,84,49,83,14,36.3,2,1,0,12,180,0.7666666666666667,-0.5318968253968255,-0.06742857142857145,Moderate
2,8,7.3,64,51,96,62,53.4,3,9,1,7,22,1.2,0.6433174603174603,0.49664285714285716,Moderate
4,7,5.6,75,38,29,66,37.7,1,5,1,8,12,-1.0333333333333334,-0.3349285714285713,0.04135714285714302,Low
23,15,6.0,84,56,31,180,35.0,3,7,1,9,132,-0.9666666666666667,-0.125,-0.0475,High
6,10,6.8,60,39,106,180,53.2,4,4,1,3,33,1.5333333333333334,0.6535238095238097,0.4602857142857144,Moderate
13,3,6.4,76,47,59,16,47.2,6,19,1,5,33,-0.03333333333333333,0.8703492063492064,0.661357142857143,Moderate
6,5,6.0,76,35,42,25,45.9,2,14,1,20,50,-0.6,0.37661111111111106,0.507,Moderate
7,4,7.5,78,31,49,49,43.8,3,15,0,9,180,-0.36666666666666664,0.41115873015873,0.2275714285714285,Moderate
10,1,5.9,55,35,38,43,44.4,1,5,0,5,180,-0.7333333333333333,-0.058984126984127055,0.21235714285714274,Moderate
1,1,6.8,78,48,93,35,37.6,2,14,0,11,82,1.1,0.014222222222222303,0.2455000000000001,Low
11,2,6.7,76,48,30,44,51.9,2,21,1,8,23,-1.0,0.9177222222222222,0.7345,Moderate
5,3,6.6,79,37,144,120,47.8,2,5,1,8,73,2.8,0.24623809523809512,0.4568571428571428,Low
10,9,6.3,69,48,45,24,52.9,1,1,1,9,71,-0.5,0.159547619047619,0.30057142857142854,Moderate
5,6,5.1,78,36,155,48,49.4,1,5,0,8,84,3.1666666666666665,0.17157142857142854,0.7948571428571427,Moderate
4,9,6.5,84,45,145,46,51.6,3,6,2,4,52,2.8333333333333335,0.43739682539682556,0.6194285714285714,Moderate
2,2,7.5,83,33,71,73,44.9,3,6,1,17,132,0.36666666666666664,0.16589682539682532,0.0584285714285714,Moderate
6,7,5.7,89,41,49,17,49.5,3,4,1,17,81,-0.36666666666666664,0.2392460317460317,0.39928571428571424,Moderate
3,4,6.9,73,52,22,57,49.3,2,2,2,3,16,-1.2666666666666666,0.136595238095238,0.05864285714285701,Low
10,2,5.5,75,27,30,20,54.0,3,6,1,4,78,-1.0,0.5165079365079366,0.5789285714285713,Moderate
9,6,5.7,68,43,120,84,48.4,3,1,3,5,10,2.0,0.15704761904761902,0.45807142857142846,Moderate
5,1,6.9,74,46,155,34,57.8,1,2,0,9,68,3.1666666666666665,0.4268730158730158,0.6461428571428569,High
2,3,8.0,67,44,92,28,50.1,3,14,1,11,10,1.0666666666666667,0.6356111111111112,0.4080000000000001,Moderate
5,5,6.4,72,33,27,51,50.6,4,12,0,4,35,-1.1,0.678904761904762,0.4833571428571428,Moderate
8,9,9.0,75,42,34,85,47.3,4,4,1,10,8,-0.8666666666666667,0.28246825396825387,-0.2817142857142858,Moderate
14,2,5.2,75,34,92,83,47.4,2,8,1,0,73,1.0666666666666667,0.29426984126984124,0.6455714285714285,High
20,5,7.3,61,50,82,72,49.3,2,8,1,1,17,0.7333333333333333,0.3675476190476189,0.3100714285714285,Moderate
9,8,7.8,77,42,84,42,41.9,3,5,0,8,74,0.8,-0.039261904761904824,-0.08014285714285715,Moderate
17,0,7.6,69,36,45,33,56.3,4,2,2,4,22,-0.5,0.5582619047619045,0.20364285714285707,Moderate
4,3,7.0,82,62,121,27,52.3,2,3,0,5,35,2.033333333333333,0.2739761904761904,0.40721428571428564,Low
4,4,8.5,83,49,12,33,46.0,4,7,2,3,25,-1.6,0.2733333333333333,-0.20249999999999996,Low
8,3,7.6,79,43,43,52,43.9,1,2,1,10,61,-0.5666666666666667,-0.1786269841269842,-0.17335714285714282,Low
4,6,6.6,58,39,26,180,48.5,3,3,0,4,27,-1.1333333333333333,0.33964285714285714,0.1257142857142858,Low
5,2,6.6,68,38,145,35,50.6,4,5,0,8,48,2.8333333333333335,0.41112698412698423,0.5433571428571429,Low
8,5,5.2,61,42,28,62,47.4,1,4,4,2,28,-1.0666666666666667,0.06141269841269838,0.37128571428571416,Moderate
7,2,6.3,80,33,15,69,62.1,3,8,0,3,71,-1.5,1.0068809523809523,0.7015714285714285,Moderate
5,5,6.8,60,41,52,111,40.6,2,15,0,11,6,-0.26666666666666666,0.26938095238095244,0.2615714285714286,Moderate
1,4,6.2,74,34,57,39,61.4,8,4,2,2,83,-0.1,1.1325238095238093,0.6887857142857141,Moderate
7,21,6.2,78,52,9,74,53.0,7,1,0,3,30,-1.7,0.6196031746031747,0.2310714285714286,High
12,2,5.8,68,23,89,85,45.4,4,15,0,12,78,0.9666666666666667,0.5898253968253968,0.6730714285714285,High
3,4,6.5,74,36,2,86,53.5,4,2,0,9,112,-1.9333333333333333,0.49115079365079367,0.20464285714285715,Low
10,2,6.5,80,59,32,71,51.1,6,6,0,5,41,-0.9333333333333333,0.6426746031746032,0.3219285714285714,Low
5,5,7.6,64,53,89,117,53.5,2,21,0,7,56,0.9666666666666667,1.0708333333333335,0.7725000000000002,Moderate
2,3,5.8,66,25,43,64,37.6,2,8,1,7,165,-0.5666666666666667,-0.16784126984126976,0.12407142857142865,Low
1,3,6.0,70,49,32,44,44.3,3,4,2,7,126,-0.9333333333333333,0.03524603174603162,0.14828571428571424,Low
12,5,6.3,72,37,45,37,59.3,2,21,1,10,34,-0.5,1.2429444444444442,1.0639999999999998,High
11,2,6.1,59,47,44,46,60.3,1,3,0,9,135,-0.5333333333333333,0.588420634920635,0.6122142857142856,Moderate
2,10,7.3,61,53,45,95,40.9,4,2,0,15,52,-0.5,-0.06584920634920642,-0.20585714285714288,Low
4,5,6.5,65,50,67,56,47.1,4,11,0,3,89,0.23333333333333334,0.49124603174603176,0.43228571428571433,Low
14,10,6.9,69,60,20,39,49.5,3,21,1,3,6,-1.3333333333333333,0.8708333333333333,0.6024999999999999,High
2,8,7.3,87,43,139,130,55.1,5,10,0,2,104,2.6333333333333333,0.9644206349206349,0.6837142857142858,High
12,3,6.0,76,32,7,48,59.1,4,21,1,20,19,-1.7666666666666666,1.3795,1.0155,High
17,4,5.8,74,74,23,46,41.7,2,1,0,8,98,-1.2333333333333334,-0.2533412698412697,-0.0029285714285713083,Moderate
8,6,7.0,87,39,44,90,55.7,3,11,0,3,27,-0.5333333333333333,0.8493571428571429,0.5452857142857144,High
5,4,6.1,83,50,70,31,52.7,3,15,0,4,28,0.3333333333333333,0.7916587301587302,0.7920714285714286,Low
1,4,8.0,64,66,22,180,38.6,2,3,0,3,40,-1.2666666666666666,-0.17252380952380944,-0.4262857142857142,Low
11,8,7.8,65,53,128,52,43.3,3,2,0,14,95,2.2666666666666666,-0.07229365079365091,-0.013857142857142929,High
3,5,8.6,80,61,50,6,46.3,3,10,0,9,35,-0.3333333333333333,0.2973095238095237,-0.030285714285714308,Low
8,14,6.7,79,42,10,9,42.8,5,2,0,5,54,-1.6666666666666667,-0.009238095238095392,-0.131357142857143,Low
11,11,7.8,67,46,49,53,53.4,3,5,0,6,111,-0.36666666666666664,0.4904603174603175,0.17735714285714288,Moderate
2,8,8.8,60,28,74,55,46.9,6,4,0,9,170,0.4666666666666667,0.3644682539682539,-0.1587142857142859,Low
1,5,6.4,59,54,115,84,35.0,4,2,0,14,54,1.8333333333333333,-0.3435714285714286,-0.05035714285714296,Low
10,6,6.7,66,50,8,124,53.2,0,6,0,5,44,-1.7333333333333334,0.3960634920634923,0.2899285714285714,Moderate
13,1,7.1,71,43,59,80,43.3,2,4,1,9,45,-0.03333333333333333,-0.036420634920635034,-0.0067142857142857264,Low
1,10,7.0,79,52,61,10,58.5,5,5,4,4,124,0.03333333333333333,0.805515873015873,0.5003571428571428,Moderate
16,5,6.0,64,67,7,26,45.2,4,6,0,4,95,-1.7666666666666666,0.19384126984126998,0.1699285714285715,Moderate
6,2,5.3,86,30,77,45,53.3,3,8,1,11,123,0.5666666666666667,0.5842142857142855,0.7675714285714285,High
3,4,5.6,79,37,89,180,46.0,3,5,1,8,77,0.9666666666666667,0.2985714285714286,0.4403571428571429,Moderate
4,4,6.7,98,35,180,9,35.0,1,21,0,4,67,4.0,0.05166666666666665,0.6025,High
4,7,7.5,77,24,65,44,52.8,1,9,0,11,133,0.16666666666666666,0.46298412698412694,0.36614285714285716,Moderate
3,2,7.4,87,43,159,43,43.6,1,5,0,2,26,3.3,-0.09498412698412692,0.22835714285714281,Low
21,10,6.7,80,52,128,56,37.6,4,17,2,3,113,2.2666666666666666,0.2780317460317461,0.4362142857142857,High
3,13,6.4,82,42,154,52,49.5,1,8,2,2,27,3.1333333333333333,0.28765873015873017,0.6535714285714285,Moderate
5,10,8.6,66,46,51,58,37.0,3,1,2,10,17,-0.3,-0.3848412698412699,-0.5639285714285713,Low
13,4,6.3,82,43,21,51,56.8,5,3,0,8,14,-1.3,0.703142857142857,0.4147142857142856,Moderate
15,3,6.0,79,62,65,54,48.8,0,1,1,8,85,0.16666666666666666,-0.05828571428571444,0.28007142857142847,Moderate
9,13,4.8,66,47,19,13,56.9,4,13,2,12,111,-1.3666666666666667,0.9558968253968252,0.9609285714285714,High
2,7,8.6,74,27,85,148,44.5,3,13,2,4,49,0.8333333333333334,0.4812301587301588,0.08892857142857152,Moderate
5,11,8.3,82,35,35,80,35.0,3,7,0,9,22,-0.8333333333333334,-0.2361111111111111,-0.4400000000000001,Low
18,6,7.4,83,68,29,50,43.1,2,3,0,6,16,-1.0333333333333334,-0.11446825396825389,-0.16878571428571432,Low
6,0,6.6,74,51,36,53,52.1,1,2,1,12,64,-0.8,0.1914841269841271,0.23014285714285726,Low
8,13,6.8,83,71,104,80,35.0,3,4,1,1,52,1.4666666666666666,-0.34325396825396826,-0.09071428571428569,Moderate
4,2,5.3,70,52,112,24,47.0,2,16,0,8,70,1.7333333333333334,0.49642857142857144,0.8946428571428572,Moderate
3,15,6.8,69,30,113,180,40.4,2,21,1,12,19,1.7666666666666666,0.5513333333333332,0.5795,High
6,4,5.5,81,31,66,92,67.3,6,19,1,10,57,0.2,1.8592936507936506,1.4393571428571426,High
6,1,7.7,64,54,37,32,54.2,0,4,2,18,44,-0.7666666666666667,0.2674126984126986,0.1602857142857144,Moderate
3,5,7.6,91,45,163,119,35.0,4,10,1,16,118,3.433333333333333,-0.01896825396825396,0.08821428571428577,Moderate
16,2,8.5,74,42,36,106,56.2,5,6,0,7,41,-0.8,0.8443968253968256,0.13492857142857156,Moderate
10,5,5.7,70,43,23,119,46.5,2,6,2,16,22,-1.2333333333333334,0.22234126984126992,0.3014285714285714,Moderate
7,2,6.0,66,26,68,140,40.1,1,9,1,9,67,0.26666666666666666,-0.001849206349206288,0.25514285714285717,Moderate
8,2,7.3,65,37,130,52,44.1,1,8,0,3,25,2.3333333333333335,0.04465873015873024,0.27407142857142863,Moderate
6,5,5.6,82,55,34,38,45.2,1,16,1,2,44,-0.8666666666666667,0.3643174603174605,0.5931428571428574,Moderate
9,6,6.5,75,48,81,14,53.0,4,21,2,8,69,0.7,1.0672222222222223,0.93,High
8,8,8.3,65,51,53,56,42.5,0,6,2,3,72,-0.23333333333333334,-0.1609920634920635,-0.1985714285714287,Low
5,4,7.2,64,57,50,45,40.7,6,9,1,9,128,-0.3333333333333333,0.25292857142857156,0.018142857142857193,Low
5,5,6.5,73,53,49,21,40.5,2,7,1,4,108,-0.36666666666666664,-0.12083333333333333,0.075,Low
5,6,6.8,76,30,26,61,47.5,4,7,0,3,109,-1.1333333333333333,0.37194444444444447,0.17500000000000002,Low
6,9,6.7,64,59,14,57,35.0,3,4,0,5,91,-1.5333333333333334,-0.3688095238095238,-0.29821428571428577,Low
16,5,7.8,80,28,78,56,40.7,3,16,0,4,180,0.6,0.3151507936507938,0.18314285714285727,High
13,5,6.9,79,47,166,46,35.0,0,1,0,3,31,3.533333333333333,-0.6881746031746032,-0.038928571428571535,Moderate
6,2,7.3,74,32,53,77,49.1,4,10,1,9,144,-0.23333333333333334,0.5688650793650794,0.28871428571428576,Low
3,5,7.0,91,44,103,45,43.4,4,9,0,9,42,1.4333333333333333,0.24109523809523808,0.26664285714285707,Low
7,4,5.5,77,27,78,91,53.6,4,2,1,8,3,0.6,0.5012063492063492,0.5726428571428571,Moderate
7,9,8.7,71,50,180,34,39.0,1,1,0,8,80,4.0,-0.4548412698412699,-0.19892857142857134,Moderate
7,3,6.1,65,42,27,107,44.4,4,2,2,4,55,-1.1,0.10498412698412692,0.0641428571428571,Low
6,9,6.6,67,69,161,39,35.0,2,3,0,5,106,3.3666666666666667,-0.4911904761904762,0.058214285714285774,Low
3,3,6.4,76,77,42,88,61.4,5,6,1,6,175,-0.6,1.0583968253968252,0.6734285714285713,Moderate
0,5,7.4,74,44,30,107,50.9,2,3,1,8,94,-1.0,0.29986507936507933,0.06771428571428563,Low
1,0,6.4,85,55,61,22,56.8,1,13,0,4,50,0.03333333333333333,0.7613968253968253,0.7829285714285712,Moderate
13,12,5.1,90,41,87,16,38.3,2,2,1,12,180,0.9,-0.4039603174603176,0.20614285714285704,High
5,4,5.8,72,57,42,31,51.0,3,8,0,4,70,-0.6,0.4651587301587302,0.5235714285714286,Low
5,3,7.0,71,13,10,36,46.4,0,8,0,5,43,-1.6666666666666667,0.06371428571428568,0.09557142857142856,Low
4,5,6.3,81,33,88,13,59.2,3,4,1,10,90,0.9333333333333333,0.6713015873015875,0.6827857142857143,Moderate
1,6,6.8,68,27,104,84,43.3,7,12,0,5,11,1.4666666666666666,0.5870714285714285,0.3868571428571428,Low
3,2,4.8,76,41,130,25,60.7,2,1,0,14,36,2.3333333333333335,0.578325396825397,1.0095714285714288,High
2,1,6.1,62,52,89,65,41.2,4,8,0,10,53,0.9666666666666667,0.12860317460317472,0.2945714285714287,Low
8,10,7.6,70,38,29,40,45.9,4,10,2,7,62,-1.0333333333333334,0.3837539682539682,0.08021428571428575,Moderate
3,7,6.1,80,54,23,51,43.7,1,1,0,7,60,-1.2333333333333334,-0.22445238095238082,0.004571428571428698,Low
3,8,8.0,60,39,78,101,35.0,4,11,0,10,65,0.6,-0.003253968253968254,-0.1657142857142857,Low
4,2,6.0,65,34,91,22,47.5,2,2,1,3,87,1.0333333333333334,0.01670634920634924,0.33464285714285713,Low
4,3,8.1,69,52,64,89,60.5,1,18,0,5,25,0.13333333333333333,1.1809126984126985,0.7467857142857143,High
4,2,8.1,75,26,72,153,46.6,2,8,1,1,92,0.4,0.33604761904761915,0.06407142857142868,Low
7,4,6.5,81,34,94,180,43.4,2,19,0,20,53,1.1333333333333333,0.6149047619047618,0.6173571428571427,High
9,6,8.6,68,22,62,120,52.8,4,12,1,6,83,0.06666666666666667,0.8545714285714285,0.2518571428571429,Moderate
8,7,6.6,82,44,7,60,44.3,5,7,1,4,16,-1.7666666666666666,0.29349999999999987,0.0665,Low
3,4,8.0,73,46,30,72,47.6,1,14,0,6,79,-1.0,0.43866666666666676,0.17800000000000005,Low
3,2,6.4,55,19,81,33,55.4,2,1,0,8,79,0.7,0.34871428571428564,0.4480714285714284,Moderate
10,2,5.9,75,14,55,47,63.0,6,6,0,1,49,-0.16666666666666666,1.1515079365079364,0.8414285714285713,High
5,1,6.5,68,42,67,90,50.3,3,11,0,10,102,0.23333333333333334,0.6063571428571428,0.5282857142857142,Moderate
19,7,6.9,75,45,49,35,39.0,7,14,3,2,14,-0.36666666666666664,0.41055555555555556,0.15999999999999995,Moderate
3,3,6.5,86,30,51,45,36.4,2,6,0,3,82,-0.3,-0.3143809523809524,-0.07157142857142862,Low
26,1,8.3,76,71,24,100,51.5,5,9,1,12,122,-1.2,0.7333730158730157,0.08464285714285699,High
2,1,6.7,79,46,62,14,54.5,2,12,0,1,29,0.06666666666666667,0.6799603174603175,0.6353571428571428,Low
11,5,6.7,74,41,173,7,50.0,0,4,2,3,74,3.7666666666666666,0.050634920634920616,0.5492857142857142,High
6,3,6.8,61,42,53,130,42.3,2,21,1,3,77,-0.23333333333333334,0.5812777777777776,0.4865,Moderate
4,5,6.2,67,57,31,44,50.4,3,3,0,2,45,-0.9666666666666667,0.27403174603174596,0.2652142857142856,Low
5,11,7.5,72,53,32,68,55.2,3,2,0,1,13,-0.9333333333333333,0.4809841269841271,0.1556428571428572,Low
6,3,7.5,76,42,54,57,65.8,4,3,2,14,20,-0.2,1.048142857142857,0.5572142857142856,High
6,4,6.1,74,54,12,151,39.7,3,2,1,20,56,-1.6,-0.12429365079365066,-0.11435714285714274,Low
3,2,7.9,69,36,151,44,54.2,4,7,1,11,14,3.033333333333333,0.6545555555555558,0.49600000000000005,Low
14,4,6.5,74,45,66,48,49.5,4,10,0,5,85,0.2,0.5546428571428571,0.4732142857142857,Moderate
4,2,6.2,74,54,47,157,50.4,2,11,0,6,91,-0.43333333333333335,0.6186349206349205,0.5337857142857142,Moderate
4,2,6.9,76,30,84,86,38.1,2,2,3,7,30,0.8,-0.3351825396825396,-0.12235714285714289,Low
8,5,5.8,78,37,81,17,44.7,3,2,1,5,117,0.7,-0.04818253968253956,0.26064285714285723,Moderate
3,12,7.6,77,36,67,156,48.8,8,0,0,10,23,0.23333333333333334,0.5526666666666665,-0.023500000000000038,Moderate
6,5,8.0,75,35,73,72,58.2,4,11,2,13,55,0.43333333333333335,1.0085238095238096,0.5177857142857143,Moderate
2,4,5.3,76,37,37,29,54.6,3,20,1,7,37,-0.7666666666666667,1.0535079365079367,1.0494285714285714,High
15,5,7.6,70,51,18,77,45.6,4,8,0,9,108,-1.4,0.339936507936508,-0.013428571428571318,Moderate
2,4,6.6,68,42,31,124,44.9,4,10,3,6,71,-0.9666666666666667,0.4320873015873016,0.2302142857142857,Low
5,6,7.9,63,45,72,18,54.7,3,6,0,2,73,0.4,0.5457857142857143,0.2849285714285714,Low
5,0,7.6,57,45,135,124,44.5,5,2,1,5,176,2.5,0.1950396825396825,0.0746428571428572,Low
21,8,7.9,71,56,46,160,39.5,1,13,0,8,43,-0.4666666666666667,0.13623015873015873,-0.03607142857142861,High
7,2,6.4,76,48,126,60,41.1,2,6,2,3,61,2.2,-0.08621428571428565,0.2744285714285714,Moderate
6,12,6.5,70,41,41,88,35.9,0,4,2,6,88,-0.6333333333333333,-0.49386507936507945,-0.16871428571428576,Low
3,5,6.9,75,43,54,16,47.5,2,7,0,2,35,-0.2,0.18861111111111115,0.22749999999999992,Low
9,2,6.2,75,35,58,85,56.5,0,13,0,20,33,-0.06666666666666667,0.7512301587301587,0.8014285714285713,High
2,18,5.5,69,42,114,88,52.1,4,4,0,5,26,1.8,0.5018015873015874,0.6747857142857142,Moderate
2,7,7.3,84,53,10,15,42.0,3,3,0,7,128,-1.6666666666666667,-0.1361904761904762,-0.23178571428571426,Low
6,2,7.1,85,44,19,77,45.6,5,4,0,1,180,-1.3666666666666667,0.26374603174603184,-0.0377142857142856,Low
6,6,7.1,75,35,44,74,55.4,3,10,0,7,103,-0.5333333333333333,0.7823650793650793,0.49021428571428566,Moderate
2,4,5.7,81,29,109,5,57.1,1,10,4,6,41,1.6333333333333333,0.6488650793650794,0.9487142857142856,High
3,3,7.6,75,42,31,81,50.2,0,4,1,16,105,-0.9666666666666667,0.14185714285714296,0.04278571428571441,Low
15,8,7.1,86,26,71,55,54.9,4,5,2,14,111,0.36666666666666664,0.6268492063492063,0.3998571428571428,High
8,7,7.0,75,29,67,49,35.0,7,7,0,2,141,0.23333333333333334,-0.0038888888888889,-0.1325,Low
7,4,8.2,66,55,106,8,45.7,3,3,1,5,99,1.5333333333333334,0.022531746031746153,-0.038285714285714076,Low
8,4,5.7,85,62,180,55,50.0,7,4,2,8,19,4.0,0.5706349206349207,0.7417857142857143,High
2,7,6.6,84,49,140,43,56.9,4,10,2,20,142,2.6666666666666665,0.8820873015873014,0.8627142857142858,High
9,21,7.8,63,48,62,66,35.0,3,11,1,3,37,0.06666666666666667,-0.10880952380952383,-0.17071428571428565,Moderate
4,16,7.2,73,23,167,17,44.8,3,1,1,20,10,3.566666666666667,-0.07939682539682553,0.20507142857142846,High
8,8,7.8,75,33,83,150,43.0,3,5,4,10,16,0.7666666666666667,0.13023809523809526,-0.04964285714285709,Moderate
4,6,5.8,55,42,29,180,36.8,5,9,0,9,71,-1.0333333333333334,0.16076190476190463,0.09364285714285707,Low
3,5,5.2,79,44,18,137,47.9,2,10,0,1,120,-1.4,0.44819841269841265,0.5327142857142856,Moderate
7,4,6.5,70,33,69,26,47.3,4,2,2,9,87,0.3,0.14548412698412688,0.186142857142857,Low
17,7,8.1,88,35,41,61,53.2,2,4,0,6,121,-0.6333333333333333,0.3879682539682542,0.07028571428571445,High
9,6,6.1,82,68,19,38,40.6,0,3,0,20,89,-1.3666666666666667,-0.37363492063492054,-0.041285714285714176,Low
4,9,6.1,70,58,94,42,47.2,1,12,0,2,79,1.1333333333333333,0.315904761904762,0.601357142857143,Low
20,3,6.9,76,16,35,101,47.3,3,2,1,4,26,-0.8333333333333334,0.16215079365079355,0.031142857142856972,High
11,5,5.8,69,44,45,67,47.7,3,4,1,4,75,-0.5,0.21380158730158744,0.31778571428571434,Moderate
9,6,6.0,87,51,123,86,50.1,2,18,2,16,9,2.1,0.7762460317460318,0.9497857142857142,High
4,2,8.2,80,55,88,72,44.0,3,7,1,17,44,0.9333333333333333,0.16000000000000003,-0.019999999999999865,Low
13,6,8.7,71,70,57,14,49.5,2,1,1,16,148,-0.1,0.06210317460317462,-0.19142857142857134,Moderate
1,7,7.0,69,47,21,59,47.1,3,10,0,2,64,-1.3,0.3921984126984128,0.20121428571428576,Low
6,2,8.0,60,49,32,43,39.2,2,11,0,11,49,-0.9333333333333333,-0.012031746031745921,-0.1547142857142856,Low
4,12,8.4,86,34,18,87,51.2,5,21,1,4,36,-1.4,1.134,0.38600000000000007,Low
3,3,6.7,63,51,16,8,48.2,1,19,2,5,50,-1.4666666666666666,0.5731269841269843,0.531357142857143,Low
3,5,8.9,76,47,162,8,41.4,1,11,1,13,47,3.4,-0.018587301587301666,0.07878571428571418,Moderate
9,4,5.9,82,25,37,67,51.9,2,2,2,9,86,-0.7666666666666667,0.26470634920634917,0.349142857142857,Moderate
10,6,7.8,72,60,31,179,52.2,6,6,1,2,180,-0.9666666666666667,0.8121746031746033,0.12492857142857151,Moderate
2,7,7.4,73,43,66,98,40.5,4,18,0,4,88,0.2,0.4909126984126984,0.27428571428571424,Moderate
5,6,7.2,66,52,58,54,46.4,1,2,1,8,79,-0.06666666666666667,-0.06390476190476194,0.009142857142857067,Low
1,4,7.2,80,32,180,63,50.2,3,5,1,2,39,4.0,0.35757142857142865,0.5138571428571429,Moderate
4,9,8.3,72,34,15,34,37.3,2,7,0,5,117,-1.5,-0.25038888888888905,-0.4210000000000002,Low
13,11,6.2,67,47,50,116,48.7,2,7,0,6,81,-0.3333333333333333,0.35372222222222244,0.376,Moderate
14,1,7.1,84,54,78,13,41.5,4,18,0,0,98,0.6,0.441468253968254,0.38678571428571434,Moderate
15,2,7.6,80,65,3,125,46.1,3,6,0,3,109,-1.9,0.27767460317460324,-0.09307142857142846,Moderate
4,18,8.5,66,52,117,33,53.7,4,18,0,3,105,1.9,1.0126904761904765,0.6052857142857144,High
9,7,7.6,89,38,27,82,56.6,3,1,0,2,122,-1.1,0.523825396825397,0.13907142857142862,Moderate
9,4,6.1,75,65,120,75,55.0,3,1,0,7,75,2.0,0.4440476190476191,0.5860714285714286,High
13,4,6.3,82,63,85,27,56.7,4,11,0,17,34,0.8333333333333334,0.8910238095238098,0.8002857142857145,High
7,5,6.5,87,51,130,62,54.4,1,7,0,5,49,2.3333333333333335,0.4835555555555556,0.6945,Moderate
14,4,7.0,86,49,178,74,41.9,5,6,1,6,69,3.933333333333333,0.1653412698412698,0.32342857142857134,Moderate
2,11,8.0,74,37,74,82,49.3,1,2,1,5,49,0.4666666666666667,0.0977063492063491,-0.0038571428571429547,Moderate
14,7,8.2,68,48,9,72,44.0,7,10,0,3,80,-1.7,0.5338095238095237,-0.13178571428571415,Moderate
5,6,7.5,68,62,67,180,50.1,2,2,1,3,144,0.23333333333333334,0.3092619047619049,0.09014285714285718,Moderate
3,9,6.8,74,51,180,28,41.0,1,4,2,4,58,4.0,-0.26436507936507936,0.2792857142857143,Moderate
9,4,7.6,55,36,12,51,54.6,5,9,1,5,115,-1.6,0.8184285714285715,0.2701428571428573,Moderate
7,4,5.9,68,49,54,48,41.5,5,3,1,6,180,-0.2,0.011309523809523818,0.10821428571428565,Low
10,5,4.9,65,58,55,180,50.8,2,13,0,8,69,-0.16666666666666666,0.7336190476190474,0.8504285714285713,High
4,4,7.7,79,40,29,20,42.7,3,5,2,5,18,-1.0333333333333334,-0.027706349206349068,-0.1761428571428571,Low
8,0,5.7,79,39,78,110,42.3,3,4,1,6,56,0.6,0.018579365079364956,0.25578571428571417,Moderate
5,1,6.7,75,32,48,91,45.3,3,4,1,4,10,-0.4,0.13246825396825385,0.09578571428571414,Low
7,5,6.5,107,28,89,58,51.0,1,1,1,20,115,0.9666666666666667,0.11182539682539686,0.31857142857142856,High
2,9,7.6,71,46,32,103,46.6,0,3,0,11,42,-0.9333333333333333,-0.03141269841269832,-0.09128571428571416,Low
7,6,7.6,79,30,24,84,40.6,2,1,1,4,75,-1.2,-0.26061904761904753,-0.3484285714285713,Low
7,15,6.2,83,69,127,159,50.5,7,21,0,8,51,2.2333333333333334,1.3158333333333334,1.0225,High
11,8,7.5,57,55,31,95,40.9,6,4,0,4,86,-0.9666666666666667,0.13891269841269835,-0.21871428571428575,Low
16,5,6.9,67,53,168,45,55.7,4,7,1,6,16,3.6,0.7231666666666667,0.7585000000000001,Moderate
1,6,5.8,76,54,138,41,45.3,5,9,0,2,43,2.6,0.3888174603174602,0.621142857142857,Moderate
4,12,8.1,72,16,95,87,46.0,4,5,1,4,31,1.1666666666666667,0.2619047619047619,0.017857142857142946,Moderate
22,9,7.5,67,55,135,28,35.0,2,3,0,14,70,2.5,-0.5034126984126984,-0.16428571428571426,Moderate
8,5,6.0,68,22,29,17,41.6,3,10,0,6,180,-1.0333333333333334,0.0980317460317461,0.2312142857142857,Moderate
8,7,8.0,78,76,145,178,46.1,5,8,0,10,41,2.8333333333333335,0.5413253968253968,0.2490714285714286,High
5,14,4.2,76,55,38,115,57.0,0,7,0,14,26,-0.7333333333333333,0.5927777777777777,0.9450000000000001,High
7,2,6.6,74,32,25,111,53.4,2,8,2,18,58,-1.1666666666666667,0.5953809523809523,0.41307142857142853,Moderate
7,11,6.1,82,37,180,32,52.6,1,2,0,4,20,4.0,0.1906507936507938,0.6926428571428571,Moderate
2,16,6.9,59,24,93,35,51.5,2,8,1,3,136,1.1,0.4254365079365079,0.47357142857142853,Moderate
11,4,7.7,86,32,42,25,35.3,8,13,1,13,47,-0.6,0.2638968253968253,-0.13707142857142868,Moderate
3,7,5.3,67,44,83,162,49.0,5,9,1,7,109,0.7666666666666667,0.6897619047619048,0.6821428571428572,Moderate
8,7,7.0,76,36,90,172,38.6,1,6,0,3,47,1.0,-0.14093650793650783,0.004428571428571476,Low
2,11,8.3,71,63,84,178,52.9,2,1,1,7,33,0.8,0.39732539682539675,0.048071428571428404,Moderate
4,4,4.8,72,50,29,29,51.2,3,6,2,5,40,-1.0333333333333334,0.40050793650793665,0.6149285714285715,Low
8,5,6.6,76,45,174,56,52.1,3,5,1,10,68,3.8,0.4352936507936509,0.6608571428571429,High
3,2,4.9,64,26,118,58,40.2,6,3,0,6,51,1.9333333333333333,0.030587301587301725,0.40421428571428575,Moderate
7,8,6.6,62,56,51,32,49.1,4,7,1,1,117,-0.3,0.41172222222222227,0.32050000000000006,Moderate
5,5,6.9,78,64,116,103,48.5,5,2,0,19,179,1.8666666666666667,0.3517063492063492,0.2696428571428571,Low
1,11,6.0,72,64,100,23,46.7,5,11,0,7,132,1.3333333333333333,0.5032460317460318,0.5902857142857143,Moderate
5,5,8.7,59,24,85,22,39.3,3,0,2,9,42,0.8333333333333334,-0.3570555555555557,-0.45599999999999996,Low
4,13,7.4,68,37,73,109,46.3,2,2,2,1,21,0.43333333333333335,0.059373015873015744,0.008642857142856952,Low
8,3,5.8,83,36,65,125,45.2,4,10,1,2,38,0.16666666666666666,0.4466984126984128,0.46421428571428586,Moderate
9,5,7.5,78,54,177,107,50.2,3,2,3,10,38,3.9,0.2993174603174605,0.36814285714285716,High
9,12,6.6,70,33,32,91,54.4,2,3,1,7,20,-0.9333333333333333,0.43958730158730164,0.3177142857142857,Moderate
6,9,5.7,79,38,130,24,55.3,5,7,0,17,69,2.3333333333333335,0.7484999999999998,0.8614999999999999,High
4,3,7.6,71,51,66,21,51.9,6,9,2,2,24,0.2,0.7302619047619048,0.32414285714285723,Moderate
3,8,7.7,79,42,46,131,42.8,4,3,1,15,30,-0.4666666666666667,0.09536507936507925,-0.18778571428571442,Low
2,1,6.0,56,48,110,141,50.5,3,14,0,4,180,1.6666666666666667,0.7791666666666667,0.815,Moderate
2,7,7.6,86,31,104,66,53.6,2,5,0,20,180,1.4666666666666666,0.4472380952380954,0.355857142857143,Low
19,6,5.7,75,49,40,56,50.5,2,3,0,12,58,-0.6666666666666666,0.22519841269841276,0.3782142857142857,Moderate
4,3,7.0,64,41,89,88,51.2,3,5,0,6,157,0.9666666666666667,0.4303492063492065,0.3513571428571429,Moderate
3,5,6.8,87,49,37,96,35.6,3,7,0,5,22,-0.7666666666666667,-0.19133333333333327,-0.15449999999999992,Low
2,5,7.8,72,43,128,20,55.5,3,11,0,13,119,2.2666666666666666,0.7625793650793651,0.6092857142857142,Moderate
2,4,6.2,79,61,23,172,48.7,6,5,0,11,14,-1.2333333333333334,0.6111825396825399,0.25135714285714283,Moderate
9,8,6.5,84,41,48,47,42.7,3,6,0,20,78,-0.4,0.03800793650793664,0.10992857142857151,Low
8,9,6.0,66,13,109,60,62.5,1,12,0,18,180,1.6333333333333333,1.0244047619047618,1.1153571428571427,High
11,0,6.8,64,61,110,51,35.0,2,4,0,2,35,1.6666666666666667,-0.44214285714285717,-0.07571428571428568,Low
1,10,6.5,76,43,134,42,47.0,1,8,0,3,88,2.466666666666667,0.16404761904761905,0.5110714285714286,Moderate
10,8,6.8,67,16,100,90,55.4,3,1,1,2,11,1.3333333333333333,0.47871428571428565,0.4255714285714285,High
6,3,6.6,62,48,150,62,45.9,2,7,3,5,99,3.0,0.1677222222222222,0.472,Moderate
9,4,6.5,55,60,9,60,55.8,5,14,0,8,169,-1.7,1.0609999999999997,0.6339999999999999,High
4,9,7.0,58,49,47,49,50.8,3,16,1,6,103,-0.43333333333333335,0.7618730158730157,0.5486428571428571,Moderate
8,2,7.2,83,37,66,23,52.3,5,10,0,12,23,0.2,0.7195317460317459,0.4347142857142856,Moderate
13,14,7.3,59,36,180,26,54.2,0,12,1,14,13,4.0,0.5464603174603176,0.816357142857143,High
5,1,5.9,70,60,40,40,56.3,3,6,3,5,39,-0.6666666666666666,0.6422301587301585,0.6029285714285711,Moderate
4,5,7.1,75,47,119,79,54.0,3,4,0,5,60,1.9666666666666666,0.5106349206349207,0.4642857142857143,Low
5,3,6.5,77,17,24,137,46.9,6,10,0,19,148,-1.2,0.6698650793650793,0.29021428571428565,Moderate
3,5,6.1,71,48,81,56,49.4,5,8,2,4,41,0.7,0.5542698412698411,0.5205714285714286,Moderate
22,3,6.4,83,38,67,12,49.5,1,18,0,8,107,0.23333333333333334,0.6003571428571428,0.7217857142857141,High
3,7,7.8,83,34,15,29,60.5,4,21,0,16,45,-1.5,1.421388888888889,0.7625,Moderate
5,2,8.1,74,52,20,44,67.6,4,5,1,9,52,-1.3333333333333333,1.186126984126984,0.4783571428571427,Moderate
6,2,7.3,77,29,40,55,44.0,5,15,1,12,97,-0.6666666666666666,0.5601587301587302,0.2460714285714286,Moderate
8,5,5.9,86,32,28,64,47.7,5,3,0,11,55,-1.0666666666666667,0.3080873015873017,0.2292142857142857,Moderate
3,3,5.2,60,52,4,19,55.1,1,9,0,5,40,-1.8666666666666667,0.5387063492063493,0.6851428571428572,Moderate
6,0,7.2,79,32,53,62,38.9,3,3,0,8,99,-0.23333333333333334,-0.22346825396825404,-0.19978571428571434,Low
6,9,6.4,69,47,152,53,57.0,5,1,2,12,16,3.066666666666667,0.6429365079365079,0.6735714285714286,High
8,1,7.8,58,42,7,56,42.0,4,10,2,8,11,-1.7666666666666666,0.22603174603174606,-0.12678571428571422,Low
3,7,7.0,67,59,70,115,51.2,0,9,1,4,173,0.3333333333333333,0.40320634920634935,0.41814285714285726,Moderate
7,10,6.9,76,35,59,64,39.4,3,3,1,11,50,-0.03333333333333333,-0.1987460317460318,-0.1172857142857144,Low
10,17,8.1,58,50,116,140,55.9,3,3,0,11,37,1.8666666666666667,0.6281984126984126,0.31021428571428566,High
14,4,5.4,66,68,113,180,59.1,1,5,3,6,100,1.7666666666666666,0.7547380952380953,0.9283571428571428,High
13,8,6.7,85,52,59,135,42.9,1,7,1,1,10,-0.03333333333333333,0.04716666666666662,0.1369999999999999,Moderate
1,4,6.7,75,54,20,114,42.1,4,11,1,19,87,-1.3333333333333333,0.33069047619047626,0.12978571428571428,Low
12,2,6.9,66,28,41,80,57.9,4,9,0,6,102,-0.6333333333333333,0.9324841269841269,0.5641428571428571,High
2,10,5.5,74,45,122,51,47.1,2,9,2,3,62,2.066666666666667,0.2809285714285715,0.6876428571428572,Moderate
3,4,7.8,102,47,44,176,41.4,2,2,0,5,69,-0.5333333333333333,-0.08668253968253975,-0.28085714285714286,Low
13,15,4.9,78,31,111,67,44.4,3,7,0,5,10,1.7,0.17244444444444437,0.6269999999999999,Moderate
8,1,4.6,72,55,82,121,43.7,2,4,0,15,38,0.7333333333333333,0.02713492063492076,0.5002857142857144,Low
7,14,6.4,82,57,45,180,56.6,5,14,1,1,15,-0.5,1.2303333333333335,0.7655,High
6,14,5.8,62,25,98,129,41.1,2,11,1,5,13,1.2666666666666666,0.16902380952380958,0.4522857142857143,Low
4,2,5.9,76,69,60,20,50.2,7,5,4,3,21,0.0,0.5764603174603176,0.4413571428571428,Low
16,1,7.9,68,55,29,31,38.5,3,3,0,6,57,-1.0333333333333334,-0.2759126984126984,-0.39428571428571435,Low
6,4,5.3,67,52,61,66,44.7,4,9,0,20,15,0.03333333333333333,0.3229285714285715,0.4981428571428573,Moderate
4,1,7.3,76,43,180,32,38.7,3,8,2,9,13,4.0,-0.08723015873015863,0.23707142857142866,Low
13,3,4.9,74,29,55,82,50.4,3,8,0,15,21,-0.16666666666666666,0.4948253968253968,0.6955714285714285,Moderate
15,1,5.6,83,44,37,39,50.4,2,6,0,15,48,-0.7666666666666667,0.30895238095238087,0.47092857142857136,Moderate
18,15,7.2,73,57,15,81,60.8,1,8,3,1,45,-1.5,0.8283809523809522,0.5050714285714284,High
2,15,6.2,64,42,20,51,48.4,1,3,4,10,47,-1.3333333333333333,0.05847619047619043,0.17771428571428566,Moderate
12,9,7.5,70,43,26,145,50.2,3,4,3,5,71,-1.1333333333333333,0.4129682539682541,0.04778571428571435,Moderate
8,4,7.1,86,30,106,13,39.1,5,7,0,6,43,1.5333333333333334,0.007277777777777841,0.07050000000000012,Moderate
6,7,7.8,55,50,7,87,40.4,3,10,2,2,49,-1.7666666666666666,0.12180952380952376,-0.17478571428571427,Low
12,2,7.0,62,33,2,67,57.5,2,4,0,8,39,-1.9333333333333333,0.5881349206349207,0.29428571428571426,Low
6,1,5.6,69,51,76,24,35.0,4,10,0,5,27,0.5333333333333333,-0.12452380952380952,0.22071428571428578,Low
9,1,7.5,60,45,44,104,35.0,2,11,0,1,15,-0.5333333333333333,-0.1332539682539683,-0.1632142857142857,Low
1,7,6.9,70,46,41,25,51.6,6,6,0,2,135,-0.6333333333333333,0.6140634920634923,0.2894285714285714,Low
8,6,8.3,89,46,37,175,50.9,6,5,1,9,43,-0.7666666666666667,0.7135158730158729,-0.015142857142857305,Moderate
12,7,5.8,67,54,14,35,48.4,4,3,2,20,82,-1.5333333333333334,0.24069841269841263,0.2327142857142857,Moderate
7,15,7.0,80,54,121,60,48.0,3,1,0,8,76,2.033333333333333,0.11238095238095244,0.22107142857142856,Moderate
9,14,8.1,75,23,137,77,45.4,3,2,0,2,19,2.566666666666667,0.049984126984126895,0.019142857142857156,Moderate
16,0,7.5,83,43,147,34,43.6,2,1,0,13,71,2.9,-0.1811746031746031,0.06657142857142861,High
9,5,7.3,69,31,33,111,51.1,1,6,1,7,57,-0.9,0.35378571428571437,0.1844285714285715,Moderate
0,21,7.6,85,68,55,85,63.8,6,10,0,10,58,-0.16666666666666666,1.3725873015873016,0.6822142857142858,High
5,9,8.2,69,36,52,29,52.5,4,6,0,5,48,-0.26666666666666666,0.5256746031746031,0.11642857142857156,Moderate
11,7,6.9,89,46,36,20,63.5,4,7,1,15,180,-0.8,1.046388888888889,0.6624999999999999,High
10,3,7.8,90,37,74,43,35.0,4,8,1,11,91,0.4666666666666667,-0.17484126984126985,-0.22642857142857134,Moderate
7,0,6.6,63,74,56,5,53.3,4,6,0,7,25,-0.13333333333333333,0.5350079365079363,0.4304285714285713,Low
12,5,6.8,82,51,116,51,51.2,6,15,0,3,6,1.8666666666666667,0.9463809523809525,0.7395714285714287,High
11,5,7.5,65,41,94,128,60.2,4,8,1,5,76,1.1333333333333333,1.0536031746031749,0.6320714285714286,High
8,17,6.5,62,46,35,132,38.4,6,10,2,5,41,-0.8333333333333334,0.2818095238095238,0.06271428571428567,Moderate
3,3,6.4,64,20,76,33,47.6,3,2,1,5,106,0.5333333333333333,0.10009523809523817,0.2301428571428571,Low
19,4,7.5,79,40,61,78,61.9,3,1,0,3,180,0.03333333333333333,0.7578809523809524,0.40057142857142847,High
5,3,6.1,80,58,42,72,45.6,3,4,0,7,180,-0.6,0.1248571428571429,0.1947857142857144,Low
4,3,6.7,82,42,111,40,35.0,4,2,0,20,60,1.7,-0.3924603174603175,-0.1128571428571429,Moderate
8,3,7.3,76,63,52,26,57.7,2,13,2,16,21,-0.26666666666666666,0.8730079365079366,0.6299285714285714,High
8,2,7.9,80,49,2,34,52.6,2,1,2,2,31,-1.9333333333333333,0.22382539682539698,-0.09592857142857142,Low
12,2,8.3,64,32,94,72,47.0,2,1,0,20,6,1.1333333333333333,0.014047619047619073,-0.10392857142857156,Low
3,3,6.3,75,44,24,86,42.1,6,3,0,7,102,-1.2,0.1471984126984128,-0.018785714285714225,Low
13,1,6.9,84,46,52,147,58.6,0,11,0,13,64,-0.26666666666666666,0.8431904761904762,0.6697857142857143,Moderate
9,8,7.8,61,52,14,56,45.0,3,9,1,4,21,-1.5333333333333334,0.25865079365079363,-0.047857142857142834,Low
6,5,8.8,63,48,129,23,35.0,0,12,2,7,23,2.3,-0.3208730158730159,-0.1496428571428572,Moderate
7,1,6.4,79,50,13,30,54.6,0,8,0,17,167,-1.5666666666666667,0.4260476190476192,0.4540714285714285,Low
9,12,7.1,69,49,43,38,55.8,1,8,1,10,102,-0.5666666666666667,0.5556031746031744,0.4425714285714285,Moderate
9,3,7.1,72,37,13,65,43.3,2,9,0,6,89,-1.5666666666666667,0.12548412698412686,0.02114285714285713,Low
11,11,8.2,80,62,14,107,44.3,3,3,0,15,123,-1.5333333333333334,0.0695317460317459,-0.3102857142857142,Moderate
1,3,8.0,90,51,49,145,52.3,1,3,1,15,13,-0.36666666666666664,0.33842063492063484,0.05221428571428567,Low
7,1,6.3,71,43,30,77,45.1,1,7,0,18,72,-1.0,0.0817222222222223,0.20050000000000007,Low
2,12,5.5,68,47,57,16,42.0,1,8,1,4,29,-0.1,-0.08984126984126983,0.3435714285714285,Low
6,9,5.2,79,25,102,103,52.5,7,10,1,1,51,1.4,0.9507539682539682,0.8807142857142857,High
2,8,6.8,77,32,57,145,43.0,1,7,0,5,37,-0.1,0.0627777777777778,0.11750000000000002,Low
5,10,5.6,78,32,74,113,37.2,2,1,2,1,70,0.4666666666666667,-0.3813968253968253,0.02457142857142871,Moderate
7,6,6.2,83,55,90,26,50.8,5,3,0,1,56,1.0,0.4053650793650792,0.4247142857142856,Moderate
12,8,7.5,77,29,67,61,46.2,6,5,0,4,155,0.23333333333333334,0.3753492063492065,0.05885714285714294,High
8,8,7.1,94,38,89,49,50.5,6,7,1,1,111,0.9666666666666667,0.6269444444444445,0.37000000000000005,High
2,3,6.0,62,28,143,19,42.0,2,13,0,11,62,2.7666666666666666,0.15873015873015872,0.6139285714285714,Moderate
8,4,8.2,67,63,54,25,51.4,1,2,1,5,30,-0.2,0.12887301587301592,-0.02585714285714276,Low
6,17,6.1,64,55,14,69,51.6,2,2,0,5,154,-1.5333333333333334,0.25342857142857156,0.24764285714285716,Moderate
3,6,6.6,97,52,46,26,39.9,5,12,2,6,180,-0.4666666666666667,0.23629365079365072,0.1748571428571429,Moderate
5,7,6.8,75,49,56,76,42.3,2,4,2,8,36,-0.13333333333333333,-0.08586507936507949,0.008285714285714224,Low
7,7,6.3,82,36,25,64,51.4,2,8,2,2,90,-1.1666666666666667,0.45315873015873015,0.4055714285714286,Moderate
22,3,7.4,87,43,97,55,47.8,1,7,1,4,88,1.2333333333333334,0.17877777777777765,0.25649999999999984,Moderate
18,5,7.1,62,54,99,62,49.3,1,2,1,12,39,1.3,0.07548412698412688,0.21614285714285708,Moderate
1,5,5.5,71,46,45,25,50.7,4,3,1,1,56,-0.5,0.3330873015873017,0.4317142857142858,Low
9,6,6.1,74,41,28,72,58.3,5,3,1,6,13,-1.0666666666666667,0.7939761904761904,0.5122142857142856,Moderate
6,12,7.9,88,32,25,24,57.7,3,5,0,11,5,-1.1666666666666667,0.6517380952380953,0.22885714285714276,Moderate
5,4,6.8,63,57,19,50,47.7,2,6,1,4,43,-1.3666666666666667,0.19967460317460334,0.13492857142857156,Low
5,2,7.0,85,38,88,112,39.5,2,1,1,12,33,0.9333333333333333,-0.2790079365079365,-0.11642857142857145,Low
5,5,7.1,75,46,127,113,46.6,2,5,0,7,121,2.2333333333333334,0.18446031746031757,0.290857142857143,Low
7,7,6.6,75,67,47,180,42.7,2,1,0,9,22,-0.43333333333333335,-0.059452380952380784,-0.0529285714285713,Low
2,5,7.2,68,42,26,72,38.6,3,9,1,10,131,-1.1333333333333333,-0.01157142857142851,-0.10485714285714284,Low
14,4,7.5,70,40,8,42,53.0,2,2,1,11,56,-1.7333333333333334,0.2864285714285715,0.02964285714285711,Moderate
11,3,6.1,78,49,32,48,52.9,4,4,0,3,14,-0.9333333333333333,0.49335714285714277,0.38878571428571423,Low
3,5,6.5,84,49,45,54,37.9,1,3,1,4,64,-0.5,-0.4106904761904763,-0.12728571428571434,Low
12,2,6.6,69,44,99,40,46.6,2,10,0,3,180,1.3,0.281920634920635,0.4512142857142859,Moderate
3,9,5.5,73,52,109,158,39.5,4,5,2,6,39,1.6333333333333333,0.04829365079365079,0.31285714285714283,Moderate
15,2,8.3,83,44,37,88,42.1,5,8,2,6,16,-0.7666666666666667,0.26132539682539685,-0.1934285714285715,Low
1,7,7.0,73,38,53,46,35.0,1,5,0,6,21,-0.23333333333333334,-0.47865079365079366,-0.22464285714285712,Low
7,1,6.8,82,32,75,66,62.5,3,15,2,5,69,0.5,1.2715476190476191,0.9760714285714285,High
6,9,6.3,69,33,109,40,47.0,4,6,0,10,86,1.6333333333333333,0.2903968253968254,0.42642857142857143,Moderate
6,4,6.0,57,53,45,91,45.0,1,1,1,7,26,-0.5,-0.1215079365079365,0.11607142857142852,Low
7,3,7.1,68,37,116,65,55.9,6,21,1,4,42,1.8666666666666667,1.3877222222222223,0.9994999999999999,High
5,1,7.3,62,32,47,73,39.6,3,2,1,5,59,-0.43333333333333335,-0.2154603174603174,-0.2398571428571428,Low
8,11,7.3,62,45,39,25,48.1,2,8,2,3,86,-0.7,0.2613253968253969,0.16657142857142868,Low
10,11,8.2,58,57,34,71,50.2,2,5,0,8,33,-0.8666666666666667,0.2997936507936509,-0.026142857142856947,Moderate
6,3,7.9,71,25,80,14,61.5,8,2,1,12,106,0.6666666666666666,1.0378174603174601,0.3946428571428569,High
11,15,6.4,68,52,18,17,48.4,5,2,1,1,102,-1.4,0.25165079365079357,0.109142857142857,High
3,7,6.0,81,53,105,65,52.8,1,19,1,5,75,1.5,0.8434603174603174,1.0143571428571427,Moderate
10,3,7.0,61,35,10,180,44.8,2,4,0,10,73,-1.6666666666666667,0.1421904761904761,-0.06671428571428581,Low
16,1,8.8,68,43,57,47,56.8,3,6,0,7,83,-0.1,0.6725079365079364,0.1529285714285712,Moderate
9,4,6.0,74,53,44,180,53.1,3,0,0,1,46,-0.5333333333333333,0.4395,0.32800000000000007,Moderate
3,4,5.5,88,40,24,134,38.7,4,5,1,7,25,-1.2,-0.014373015873015739,0.0763571428571429,Low
7,7,8.6,76,27,32,82,40.1,4,14,1,4,118,-0.9333333333333333,0.3122777777777778,-0.14699999999999985,Low
5,2,5.6,67,51,50,75,43.7,4,2,2,6,55,-0.3333333333333333,0.03792857142857156,0.18814285714285728,Low
2,7,7.6,69,33,155,68,57.1,4,1,1,19,56,3.1666666666666665,0.5974365079365079,0.47407142857142864,High
14,5,7.9,76,45,13,40,40.7,1,9,3,6,102,-1.5666666666666667,-0.08596031746031732,-0.19685714285714284,Low
9,2,7.4,79,40,78,91,46.8,3,16,0,17,42,0.6,0.6285396825396824,0.436142857142857,Moderate
4,4,7.1,71,17,29,77,37.5,3,2,0,6,64,-1.0333333333333334,-0.305515873015873,-0.31285714285714283,Low
12,3,7.3,84,44,7,152,50.9,3,8,0,7,54,-1.7666666666666666,0.5951031746031745,0.17057142857142857,Moderate
5,12,7.1,62,27,180,49,52.8,4,12,0,7,139,4.0,0.7756825396825396,0.8093571428571429,High
6,1,6.8,79,40,121,77,50.7,4,9,0,6,102,2.033333333333333,0.6051507936507937,0.5656428571428572,Moderate
4,5,5.5,62,37,15,131,46.1,3,3,0,8,39,-1.5,0.1771984126984128,0.21871428571428575,Low
8,2,6.9,79,37,65,74,42.3,1,11,0,7,36,0.16666666666666666,0.0952460317460316,0.21328571428571413,Low
5,3,6.3,73,42,59,64,35.0,4,17,0,20,180,-0.03333333333333333,0.16992063492063494,0.2557142857142858,Moderate
15,10,5.0,71,54,43,40,53.3,3,7,4,7,36,-0.5666666666666667,0.5429444444444442,0.7064999999999999,High
6,6,7.1,90,45,39,158,52.6,4,21,2,1,74,-0.7,1.2092222222222224,0.7080000000000002,High
8,8,5.2,68,58,21,65,52.9,5,8,0,13,69,-1.3,0.7217698412698411,0.6330714285714285,Moderate
2,10,6.8,61,56,86,28,42.6,4,2,0,3,41,0.8666666666666667,-0.06379365079365074,0.035142857142857184,Low
3,2,6.5,71,42,134,53,47.3,5,4,3,7,44,2.466666666666667,0.31357936507936496,0.4057857142857142,Low
7,1,6.6,78,62,49,134,52.5,5,9,0,4,28,-0.36666666666666664,0.8161507936507936,0.47464285714285726,Moderate
26,1,7.2,65,21,83,38,51.0,1,1,0,4,87,0.7666666666666667,0.08960317460317464,0.18107142857142855,High
6,4,5.5,62,44,12,180,46.4,2,4,1,15,54,-1.6,0.2141904761904762,0.24878571428571417,Low
27,15,6.7,72,43,36,124,47.1,6,1,0,12,21,-0.8,0.34299206349206357,0.034071428571428586,High
11,2,7.4,80,22,57,86,46.5,4,10,1,16,63,-0.1,0.4618650793650794,0.20321428571428565,Moderate
1,2,7.1,73,35,156,73,35.0,6,1,1,1,91,3.2,-0.25817460317460317,-0.09892857142857137,Low
8,10,5.2,85,44,79,139,47.9,5,5,2,10,38,0.6333333333333333,0.4718492063492063,0.5423571428571426,High
7,16,7.5,80,40,12,28,47.7,1,4,0,1,43,-1.6,0.037134920634920784,-0.06221428571428564,Low
17,4,5.6,82,47,114,14,41.2,3,3,0,5,106,1.8,-0.17330158730158718,0.3017142857142859,Moderate
6,4,6.3,60,58,108,110,56.6,1,4,0,2,115,1.6,0.528746031746032,0.6547857142857143,Moderate
2,10,6.3,63,31,131,24,49.5,4,16,1,3,32,2.3666666666666667,0.7422619047619047,0.8421428571428571,Moderate
5,5,5.6,71,33,54,99,49.7,4,2,0,15,162,-0.2,0.3345952380952383,0.3781428571428572,Moderate
2,6,5.5,68,38,180,17,45.9,1,9,0,2,180,4.0,0.12248412698412693,0.796642857142857,Moderate
3,5,6.6,70,38,86,95,56.8,2,2,0,8,8,0.8666666666666667,0.5163174603174602,0.49614285714285705,Moderate
5,5,6.3,67,45,61,28,43.3,4,5,2,4,52,0.03333333333333333,0.07484920634920625,0.16685714285714282,Low
2,4,6.7,76,48,32,36,44.2,5,5,3,4,69,-0.9333333333333333,0.19090476190476208,0.05135714285714292,Low
4,7,6.8,76,32,135,90,50.1,4,7,2,18,139,2.5,0.5211666666666668,0.5255000000000001,Moderate
6,2,6.5,69,43,81,51,36.5,1,5,0,7,16,0.7,-0.4055952380952381,-0.02214285714285715,Low
7,3,7.5,70,24,25,82,48.6,3,11,2,16,59,-1.1666666666666667,0.5209682539682541,0.1972857142857143,Moderate
8,6,7.5,69,44,61,144,41.7,4,8,0,10,77,0.03333333333333333,0.23888095238095253,-0.0054285714285713365,Low
1,8,6.8,67,47,99,98,47.6,6,7,0,3,82,1.3,0.5508888888888889,0.36050000000000004,Low
2,5,5.6,76,41,80,140,53.1,2,1,0,20,31,0.6666666666666666,0.36410317460317465,0.5165714285714287,High
0,1,8.1,87,29,142,50,43.6,2,11,2,5,33,2.7333333333333334,0.19374603174603178,0.23478571428571438,Low
1,17,6.5,83,53,28,180,37.6,6,5,0,12,69,-1.0666666666666667,0.12057142857142866,-0.12164285714285711,Low
0,13,6.3,55,64,41,4,39.8,2,1,1,3,118,-0.6333333333333333,-0.38550793650793663,-0.10242857142857148,Low
21,11,6.8,75,52,68,31,49.2,4,19,0,20,138,0.26666666666666666,0.8436825396825398,0.6738571428571429,High
8,2,6.5,90,36,22,45,42.1,3,4,1,5,18,-1.2666666666666666,-0.06264285714285708,-0.03021428571428568,Low
9,0,8.2,96,54,32,180,48.2,1,15,0,12,41,-0.9333333333333333,0.6213809523809525,0.19457142857142878,Moderate
7,3,5.2,72,53,81,28,55.0,3,10,3,18,23,0.7,0.7132539682539683,0.9032142857142856,High
7,12,8.8,76,65,81,81,42.9,3,4,3,4,96,0.7,0.01335714285714281,-0.26121428571428584,Moderate
4,1,8.2,70,42,92,53,44.4,4,4,1,14,122,1.0666666666666667,0.11641269841269834,-0.08371428571428562,Moderate
5,19,7.5,79,55,53,35,58.0,2,7,1,6,84,-0.23333333333333334,0.6822222222222223,0.435,High
18,7,5.9,77,23,94,10,45.5,4,9,0,9,120,1.1333333333333333,0.2967063492063492,0.49964285714285706,High
3,5,6.2,70,48,49,23,47.3,2,4,1,13,104,-0.36666666666666664,0.08024603174603165,0.24578571428571414,Low
9,21,6.8,77,43,84,48,54.9,1,5,0,8,178,0.8,0.4190714285714285,0.48485714285714276,High
4,10,6.4,69,58,118,104,49.1,3,2,0,3,22,1.9333333333333333,0.24648412698412706,0.38014285714285706,Low
16,4,8.3,59,27,26,17,35.8,3,5,0,7,59,-1.1333333333333333,-0.3415396825396827,-0.4956428571428574,Moderate
6,11,7.9,80,43,20,55,41.8,5,1,2,3,180,-1.3333333333333333,-0.038841269841269954,-0.37492857142857156,Moderate
5,4,7.5,57,59,168,32,45.8,4,1,2,3,117,3.6,0.04893650793650782,0.1850714285714285,Low
2,9,4.9,77,36,171,18,44.0,6,11,0,5,53,3.7,0.4428571428571429,0.8792857142857142,High
5,14,6.8,80,12,111,41,35.0,6,4,1,10,46,1.7,-0.18658730158730155,-0.07321428571428568,Moderate
1,5,5.3,64,43,9,51,35.0,1,3,1,19,10,-1.7,-0.5445238095238095,-0.09428571428571429,Low
13,0,6.4,77,45,26,172,47.9,5,20,2,7,40,-1.1333333333333333,1.0442301587301586,0.6284285714285713,High
12,1,5.0,79,14,69,10,45.9,2,14,2,8,39,0.3,0.3599444444444444,0.7494999999999998,Moderate
4,10,6.4,61,48,76,149,54.6,5,14,2,13,26,0.5333333333333333,1.105888888888889,0.7829999999999999,High
7,5,7.2,83,34,26,23,48.5,4,5,0,5,96,-1.1333333333333333,0.3032936507936508,0.07785714285714285,Low
10,3,6.3,96,63,31,160,45.1,3,17,0,1,98,-0.9666666666666667,0.664420634920635,0.4887142857142859,Moderate
14,6,6.5,65,40,82,61,48.5,5,7,0,3,68,0.7333333333333333,0.48361111111111116,0.3975,Moderate
5,15,6.4,73,20,15,20,44.2,2,4,0,11,45,-1.5,-0.06258730158730147,0.03278571428571431,Low
4,2,7.5,83,56,95,94,37.0,3,9,2,5,26,1.1666666666666667,-0.05912698412698414,-0.03285714285714285,Low
8,1,5.2,75,49,138,58,36.4,5,11,0,5,5,2.6,0.07863492063492056,0.5162857142857142,Moderate
7,1,6.1,73,47,19,100,52.7,0,3,1,8,35,-1.3666666666666667,0.23975396825396836,0.32171428571428584,Low
7,7,4.6,66,61,104,111,55.2,1,14,1,16,180,1.4666666666666666,0.8240000000000002,1.186,High
6,7,7.7,66,49,101,63,64.1,6,1,1,1,76,1.3666666666666667,1.0402142857142855,0.5315714285714283,High
4,2,6.8,55,40,148,68,54.4,2,5,0,3,36,2.933333333333333,0.48546031746031754,0.6298571428571429,Moderate
5,7,5.5,72,48,80,85,51.5,1,1,2,9,7,0.6666666666666666,0.16432539682539682,0.4860714285714285,Moderate
17,16,6.6,86,49,25,9,61.7,1,3,1,8,24,-1.1666666666666667,0.6103095238095241,0.5192142857142859,High
2,7,6.1,75,42,18,20,40.9,2,9,1,9,3,-1.4,-0.03251587301587308,0.13664285714285718,Low
6,6,5.9,76,49,47,43,41.0,4,1,3,4,83,-0.43333333333333335,-0.15484126984126984,0.01857142857142849,Moderate
8,2,8.0,76,65,65,70,42.1,4,10,2,5,86,0.16666666666666666,0.24608730158730166,-0.013785714285714233,Low
6,6,7.6,91,46,10,20,42.8,6,16,0,7,9,-1.6666666666666667,0.5696507936507935,0.11114285714285715,Low
7,4,6.6,71,36,55,56,56.3,5,10,1,17,48,-0.16666666666666666,0.9361984126984124,0.6322142857142857,Moderate
6,14,7.1,88,57,39,60,52.0,2,12,2,12,59,-0.7,0.6185714285714287,0.43285714285714294,High
2,1,7.9,71,57,24,52,48.8,3,13,2,6,88,-1.2,0.5680634920634918,0.1879285714285713,Low
2,17,6.3,67,24,63,93,38.2,3,3,0,15,4,0.1,-0.2205238095238094,-0.038285714285714166,Moderate
1,6,6.0,76,34,101,130,56.1,1,3,3,13,180,1.3666666666666667,0.49275396825396833,0.6462142857142856,High
3,7,7.3,64,60,52,64,57.9,1,6,1,6,59,-0.26666666666666666,0.607563492063492,0.43592857142857133,Moderate
2,7,6.4,76,37,18,34,49.0,3,9,2,1,16,-1.4,0.4142063492063492,0.3271428571428571,Low
5,4,7.1,55,51,37,82,49.2,0,5,2,7,78,-0.7666666666666667,0.13368253968253982,0.143857142857143,Low
5,13,7.2,60,56,98,57,53.2,5,7,3,6,34,1.2666666666666666,0.6906666666666669,0.456,Moderate
5,5,6.7,76,37,23,37,48.2,3,19,3,20,22,-1.2333333333333334,0.7386825396825398,0.5488571428571429,Moderate
4,0,7.9,80,48,63,132,38.9,2,7,1,7,41,0.1,-0.06950000000000006,-0.1830000000000001,Low
6,1,6.6,55,30,124,89,51.3,3,4,1,8,141,2.1333333333333333,0.40024603174603157,0.4832857142857143,Moderate
6,1,6.3,71,19,93,76,35.0,3,13,0,16,28,1.1,-0.02626984126984129,0.22642857142857148,Low
10,6,7.2,65,53,125,38,46.3,4,6,4,2,77,2.1666666666666665,0.25667460317460306,0.28792857142857126,Moderate
7,9,5.3,75,45,79,64,47.1,5,3,1,9,14,0.6333333333333333,0.28108730158730166,0.4437142857142858,Moderate
11,1,7.1,67,58,65,58,54.4,4,3,1,6,6,0.16666666666666666,0.5362539682539682,0.3127142857142858,Low
5,5,6.9,75,60,37,16,43.5,2,14,1,5,69,-0.7666666666666667,0.2586111111111111,0.26499999999999996,Low
11,3,7.7,68,49,13,35,35.0,3,4,1,9,47,-1.5666666666666667,-0.39325396825396824,-0.4757142857142857,Low
9,16,7.2,71,49,81,168,47.7,2,4,1,11,91,0.7,0.259357142857143,0.1627857142857143,Moderate
9,1,7.7,75,38,48,80,50.1,3,7,2,14,92,-0.4,0.443388888888889,0.15050000000000002,Low
4,4,7.1,81,46,111,22,45.6,3,11,1,18,111,1.7,0.31930158730158736,0.3922857142857144,Moderate
4,3,5.9,84,47,52,180,35.0,4,11,1,15,16,-0.26666666666666666,0.08452380952380953,0.1367857142857142,Low
12,8,8.1,76,41,100,53,63.7,3,5,1,7,123,1.3333333333333333,0.9539603174603175,0.5613571428571429,High
6,4,6.3,84,34,53,69,39.4,3,1,0,20,48,-0.23333333333333334,-0.26461904761904764,-0.08442857142857145,Low
14,12,6.5,65,55,62,25,49.9,7,6,1,8,17,0.06666666666666667,0.6042301587301587,0.3609285714285714,High
16,3,7.9,72,41,61,156,54.1,6,2,0,13,102,0.03333333333333333,0.7292619047619048,0.12514285714285708,High
2,3,6.3,86,40,38,120,40.2,4,3,0,4,84,-0.7333333333333333,-0.03385714285714272,-0.04078571428571416,Low
6,6,7.4,63,24,72,53,47.3,6,2,0,5,101,0.4,0.30881746031746027,0.03614285714285698,Moderate
10,14,6.6,73,40,97,62,54.3,3,5,0,4,33,1.2333333333333334,0.5409603174603174,0.5343571428571428,High
3,13,6.5,69,38,104,47,39.1,3,4,1,5,22,1.4666666666666666,-0.19542063492063486,0.08478571428571431,Low
2,7,6.5,74,25,161,30,41.9,6,8,2,9,14,3.3666666666666667,0.254547619047619,0.42557142857142854,Moderate
10,5,6.0,55,47,40,152,66.8,3,1,1,5,36,-0.6666666666666666,1.0606031746031745,0.7575714285714283,High
4,8,6.6,77,38,18,97,51.9,4,11,1,18,114,-1.4,0.7528015873015873,0.4362857142857144,Moderate
2,7,6.3,80,67,100,16,43.8,5,13,1,8,93,1.3333333333333333,0.43639682539682534,0.5079285714285714,Moderate
4,4,7.1,84,40,87,14,54.6,2,2,2,10,176,0.9,0.32731746031746045,0.3451428571428572,High
5,2,7.0,72,48,72,73,55.7,5,7,0,7,126,0.4,0.8209444444444446,0.5010000000000001,High
8,3,7.1,76,37,10,48,53.1,4,3,0,9,13,-1.6666666666666667,0.4666428571428571,0.1362142857142858,Moderate
2,14,7.6,77,49,54,56,56.4,3,7,0,15,180,-0.2,0.7002222222222222,0.372,Moderate
3,1,7.4,62,48,10,98,40.0,7,3,0,4,13,-1.6666666666666667,0.1326984126984127,-0.30928571428571433,Low
6,10,6.8,66,31,139,59,44.7,2,1,0,6,58,2.6333333333333333,-0.10389682539682524,0.20207142857142868,Moderate
7,4,6.6,73,39,128,42,46.2,4,12,1,8,18,2.2666666666666666,0.47090476190476205,0.568857142857143,Moderate
8,9,6.0,89,64,18,85,43.0,2,9,2,17,180,-1.4,0.1342063492063492,0.2171428571428572,Moderate
3,7,6.0,70,47,29,14,41.7,5,11,0,4,140,-1.0333333333333334,0.2682460317460319,0.26278571428571434,Low
4,2,8.0,64,59,85,35,49.5,1,10,2,6,95,0.8333333333333334,0.3401984126984127,0.25821428571428573,Low
4,3,5.7,92,44,76,74,44.5,0,5,0,3,20,0.5333333333333333,-0.0867063492063492,0.34535714285714275,Moderate
0,7,8.1,66,38,25,58,37.2,3,1,0,2,25,-1.1666666666666667,-0.3758412698412697,-0.5354285714285713,Low
2,3,5.5,77,38,129,42,42.8,4,3,3,19,27,2.3,-0.0035238095238096442,0.4047142857142856,Moderate
4,9,5.9,74,43,35,5,35.0,3,16,0,3,51,-0.8333333333333334,0.001984126984127005,0.2371428571428571,Low
3,4,7.5,90,46,48,180,54.6,1,2,3,2,67,-0.4,0.4450952380952382,0.17764285714285716,Moderate
4,4,6.1,73,45,9,50,38.8,1,1,1,6,114,-1.7,-0.4460634920634922,-0.17742857142857146,Low
8,3,6.1,88,35,58,53,39.1,1,18,1,3,180,-0.06666666666666667,0.17791269841269847,0.43978571428571434,Moderate
8,1,6.6,66,41,9,6,46.9,4,4,1,3,67,-1.7,0.17669047619047612,0.0637857142857143,Low
8,8,6.8,93,40,132,30,36.6,2,7,1,3,120,2.4,-0.2863333333333333,0.11300000000000007,Moderate
6,10,5.8,68,39,51,7,61.9,5,1,0,1,109,-0.3,0.8123253968253968,0.6730714285714285,High
8,1,6.9,73,28,2,12,49.7,1,2,2,8,19,-1.9333333333333333,0.03792857142857156,0.020642857142857185,Low
1,10,7.0,68,35,21,93,41.7,4,8,0,4,17,-1.3,0.18221428571428586,-0.01792857142857135,Low
4,7,7.1,71,43,75,48,45.2,0,2,1,3,42,0.5,-0.19123809523809512,0.033142857142857245,Low
5,2,8.1,70,29,180,29,46.3,4,21,2,4,132,4.0,0.7823888888888887,0.6964999999999999,High
2,4,7.9,56,34,62,24,49.8,4,6,2,8,27,0.06666666666666667,0.39861904761904754,0.11292857142857131,Low
10,2,7.1,75,64,46,47,40.7,2,5,0,18,40,-0.4666666666666667,-0.15437301587301575,-0.088642857142857,Low
8,4,5.8,80,54,105,59,44.9,3,4,1,5,71,1.5,0.07891269841269836,0.38378571428571423,Moderate
7,15,5.5,60,32,29,66,37.5,1,9,0,5,45,-1.0333333333333334,-0.2010714285714286,0.1671428571428571,Moderate
5,4,6.7,87,30,58,180,54.2,2,21,1,7,19,-0.06666666666666667,1.1723333333333337,0.8735,High
15,2,7.6,85,30,93,180,46.4,2,15,1,9,42,1.1,0.607047619047619,0.39807142857142863,High
6,3,5.2,78,52,30,35,51.1,3,1,1,20,76,-1.0,0.22410317460317464,0.40157142857142847,Moderate
12,3,6.8,75,63,98,43,56.6,4,9,1,4,15,1.2666666666666666,0.832873015873016,0.6851428571428572,Moderate
1,7,6.5,67,54,14,57,37.4,7,7,1,5,43,-1.5333333333333334,0.11299999999999995,-0.10550000000000004,Low
7,2,7.1,89,48,160,50,51.7,5,1,1,15,40,3.3333333333333335,0.40110317460317474,0.4120714285714287,High
2,4,6.2,61,48,48,55,52.8,0,6,0,6,32,-0.4,0.30139682539682533,0.4654285714285713,Low
2,10,5.0,90,31,21,91,53.2,2,2,1,1,154,-1.3,0.34987301587301606,0.5056428571428571,High
12,15,6.5,72,44,45,78,49.1,5,7,1,14,86,-0.5,0.5295000000000001,0.32300000000000006,High
4,2,5.6,82,50,101,74,40.1,3,7,1,6,15,1.3666666666666667,-0.013277777777777715,0.3505000000000001,Moderate
12,8,5.2,71,41,53,42,40.8,0,8,1,20,85,-0.23333333333333334,-0.1816190476190478,0.3500714285714284,Moderate
14,1,5.6,79,54,14,42,51.2,3,2,0,8,22,-1.5333333333333334,0.27209523809523817,0.3231428571428573,Moderate
9,8,6.6,65,67,54,63,35.0,1,4,0,6,60,-0.2,-0.4954761904761905,-0.18071428571428566,Low
4,2,7.9,73,41,115,46,50.4,2,13,0,0,127,1.8333333333333333,0.5667301587301586,0.4634285714285713,Moderate
6,4,7.7,69,31,24,70,51.8,3,2,1,7,55,-1.2,0.3302063492063491,-0.0013571428571429733,Moderate
6,6,6.1,72,30,106,62,56.2,3,7,1,11,71,1.5333333333333334,0.6978888888888891,0.7585000000000002,High
3,7,8.0,80,37,82,36,41.6,6,8,0,2,35,0.7333333333333333,0.24771428571428578,-0.043428571428571386,Low
15,10,5.2,70,50,68,152,39.2,3,8,1,16,44,0.26666666666666666,0.06860317460317472,0.33957142857142864,High
1,7,6.0,58,51,20,118,58.7,2,1,1,5,115,-1.3333333333333333,0.5916587301587303,0.4645714285714285,Moderate
7,11,7.3,74,54,21,82,60.0,2,2,2,7,42,-1.3,0.6458730158730159,0.30714285714285705,Moderate
5,3,7.4,55,27,159,68,52.8,4,7,0,7,59,3.3,0.6182222222222221,0.5614999999999999,Low
12,6,6.0,74,60,57,24,39.9,0,16,0,5,38,-0.1,0.04359523809523805,0.42164285714285715,Moderate
3,1,5.9,67,30,78,180,42.5,2,4,0,6,92,0.6,0.038690476190476206,0.2267857142857142,Low
4,3,8.1,82,69,96,27,58.0,3,3,1,8,53,1.2,0.5971428571428573,0.3232142857142859,Low
12,2,7.2,78,39,17,11,49.9,8,1,0,17,70,-1.4333333333333333,0.4767698412698412,-0.01692857142857153,Low
6,4,6.8,74,49,44,89,59.6,2,6,0,20,90,-0.5333333333333333,0.7785079365079367,0.5544285714285715,Moderate
4,1,5.9,68,46,75,65,47.1,5,3,0,8,85,0.5,0.2821984126984128,0.3287142857142857,Low
10,2,7.5,69,53,131,75,43.0,1,4,1,12,21,2.3666666666666667,-0.12214285714285712,0.09428571428571428,Low
11,2,7.8,69,53,75,122,55.7,1,3,0,4,35,0.5,0.46586507936507954,0.25421428571428584,Moderate
5,3,6.0,80,40,43,59,37.9,4,1,0,5,85,-0.5666666666666667,-0.2765634920634921,-0.10192857142857148,Low
13,4,6.8,90,22,74,53,48.5,4,4,1,4,19,0.4666666666666667,0.3009126984126984,0.23928571428571432,Moderate
12,7,6.7,86,61,9,94,52.3,3,13,0,3,60,-1.7,0.7722301587301587,0.46542857142857125,High
9,7,6.3,67,44,101,53,56.6,4,9,0,6,104,1.3666666666666667,0.8439841269841271,0.7801428571428572,Moderate
13,9,7.1,71,30,15,28,49.4,4,11,1,8,79,-1.5,0.5636349206349206,0.26628571428571424,High
5,10,6.7,72,33,48,37,58.0,2,5,0,10,82,-0.4,0.6130158730158731,0.5053571428571428,Moderate
16,7,5.8,64,42,14,76,47.8,2,10,0,10,27,-1.5333333333333334,0.3759206349206348,0.4147142857142857,Moderate
12,3,6.3,82,35,40,98,57.7,1,3,1,7,52,-0.6666666666666666,0.5291984126984127,0.48921428571428577,Moderate
4,9,6.8,68,63,59,43,59.1,2,4,1,9,6,-0.03333333333333333,0.6334682539682541,0.5197857142857144,High
4,5,7.1,68,54,156,100,49.7,1,2,1,7,30,3.2,0.13570634920634933,0.3706428571428573,Moderate
10,6,6.9,79,37,40,81,53.7,3,4,0,2,44,-0.6666666666666666,0.49935714285714305,0.29278571428571437,Moderate
5,9,6.4,65,62,23,15,43.4,3,6,0,10,30,-1.2333333333333334,0.03395238095238089,0.0859285714285713,Low
5,1,6.6,80,64,41,180,35.0,3,13,2,20,63,-0.6333333333333333,0.08928571428571427,0.043928571428571504,Low
9,9,8.1,83,26,107,41,48.9,1,1,2,11,116,1.5666666666666667,-0.0015634920634920516,0.0205714285714286,Moderate
5,2,6.9,60,25,26,41,49.8,3,13,1,1,63,-1.1333333333333333,0.6008412698412697,0.3979285714285713,Low
1,1,6.2,55,52,101,134,56.6,4,6,2,13,90,1.3666666666666667,0.8268412698412699,0.7119285714285714,Moderate
8,4,5.6,66,47,23,102,37.6,5,5,0,1,7,-1.2333333333333334,-0.03276190476190469,0.023357142857142965,Low
7,2,7.6,81,45,27,39,36.8,6,5,0,3,32,-1.1,-0.07209523809523821,-0.3406428571428572,Low
7,6,7.3,73,44,53,165,48.0,0,5,0,7,59,-0.23333333333333334,0.17190476190476195,0.11285714285714289,Moderate
10,2,7.0,84,38,55,46,48.6,3,3,0,5,19,-0.16666666666666666,0.19525396825396832,0.13121428571428573,Low
4,2,7.1,68,34,60,35,47.1,4,12,0,14,43,0.0,0.5036269841269843,0.338357142857143,Low
3,7,6.6,77,22,44,13,45.7,3,2,1,19,29,-0.5333333333333333,-0.00762698412698401,0.05814285714285725,Low
9,1,8.1,86,50,132,159,40.1,4,16,0,6,142,2.4,0.4692619047619048,0.24764285714285728,High
11,5,8.0,61,72,45,24,35.1,7,9,1,9,51,-0.5,0.04426190476190481,-0.30235714285714277,Moderate
11,5,6.9,63,57,30,25,46.0,1,3,1,7,27,-1.0,-0.07841269841269839,0.008214285714285646,Low
4,7,4.2,80,60,24,8,49.2,4,8,1,4,95,-1.2,0.42526984126984135,0.7045714285714286,Moderate
8,13,6.8,83,51,46,64,48.7,2,5,2,5,75,-0.4666666666666667,0.22451587301587325,0.20385714285714296,Moderate
4,8,7.0,72,36,45,35,39.1,2,10,1,15,48,-0.5,-0.061134920634920584,0.021214285714285762,Low
5,3,7.4,74,43,172,73,53.3,6,21,1,3,40,3.7333333333333334,1.2796111111111108,1.009,High
3,2,7.4,84,30,60,103,47.7,1,7,1,20,180,0.0,0.22761111111111126,0.161,Moderate
5,3,6.3,75,43,51,78,59.2,4,3,0,6,120,-0.3,0.7744761904761907,0.5617142857142858,Moderate
9,20,7.5,76,40,92,60,45.3,1,9,1,7,30,1.0666666666666667,0.14326190476190465,0.20864285714285702,Moderate
3,10,7.4,77,57,41,82,50.3,4,21,3,4,47,-0.6333333333333333,1.0212777777777777,0.5914999999999999,Moderate
7,5,6.9,65,45,85,36,45.9,4,8,1,11,74,0.8333333333333334,0.3078809523809523,0.2855714285714285,Moderate
8,1,9.0,95,72,70,45,46.6,2,6,1,3,135,0.3333333333333333,0.14461904761904776,-0.15557142857142853,Low
5,2,6.0,64,39,120,87,47.8,4,9,1,2,69,2.0,0.48576190476190456,0.6161428571428571,Moderate
7,3,6.1,86,34,38,46,58.5,2,12,1,14,123,-0.7333333333333333,0.8955158730158731,0.800357142857143,High
5,2,6.4,83,48,85,135,54.1,3,10,1,6,110,0.8333333333333334,0.7916428571428572,0.6762142857142858,High
3,15,5.9,83,42,49,45,44.4,6,4,0,10,76,-0.36666666666666664,0.24085714285714277,0.2112857142857142,Low
5,6,8.0,80,32,7,102,49.0,3,21,1,4,16,-1.7666666666666666,0.9183333333333333,0.36250000000000004,Moderate
11,4,6.8,78,35,66,151,48.1,5,7,0,9,45,0.2,0.5656111111111113,0.2930000000000001,Moderate
7,12,7.2,87,53,16,152,51.1,0,12,1,18,114,-1.4666666666666666,0.5469603174603175,0.33085714285714285,Moderate
4,14,6.1,77,56,24,74,49.7,2,8,0,4,66,-1.2,0.38776984126984143,0.38707142857142873,Moderate
5,7,7.8,62,49,158,74,39.5,4,3,0,2,17,3.2666666666666666,-0.11646825396825397,-0.024285714285714244,Moderate
13,6,5.9,68,41,32,39,48.2,4,4,0,6,95,-0.9333333333333333,0.271857142857143,0.28278571428571425,Moderate
8,2,7.2,87,40,30,35,51.3,1,2,0,3,180,-1.0,0.13548412698412685,0.08614285714285701,Low
2,3,7.5,69,26,52,180,54.2,4,2,0,8,120,-0.26666666666666666,0.6270952380952383,0.17564285714285727,Moderate
18,6,6.9,63,69,53,83,55.7,2,14,0,1,10,-0.23333333333333334,0.8820555555555557,0.6710000000000002,High
1,2,5.2,86,63,75,25,47.6,5,3,0,6,57,0.5,0.2602539682539683,0.46621428571428564,Low
1,7,7.5,68,39,100,57,48.8,6,21,4,2,147,1.3333333333333333,1.0593333333333332,0.6764999999999999,High
2,1,6.4,76,27,109,105,41.1,1,10,1,11,115,1.6333333333333333,0.03997619047619054,0.3462142857142857,Moderate
9,5,6.0,79,48,27,57,38.0,4,10,1,20,22,-1.1,0.047142857142857125,0.1182142857142857,Low
3,4,7.0,80,63,32,23,43.1,6,4,1,13,35,-0.9333333333333333,0.15791269841269848,-0.06271428571428567,Low
6,8,7.4,61,58,54,33,50.5,1,1,0,5,83,-0.2,0.061547619047619115,0.05857142857142851,Low
3,4,7.5,88,47,60,50,45.3,1,5,2,5,16,0.0,-0.010706349206349323,0.014357142857142756,Low
4,4,7.8,75,33,33,48,42.4,4,5,1,1,158,-0.9,0.05657142857142849,-0.19264285714285714,Low
3,1,8.2,55,42,61,42,51.5,3,6,0,7,78,0.03333333333333333,0.4284523809523809,0.10892857142857156,Low
7,11,7.8,75,50,11,26,46.8,0,3,1,1,10,-1.6333333333333333,-0.10796825396825409,-0.17278571428571432,Low
12,5,6.6,83,56,25,24,44.3,1,6,0,7,79,-1.1666666666666667,-0.04888095238095251,0.0829285714285714,Low
3,11,6.8,71,52,42,96,35.0,4,8,1,1,152,-0.6,-0.11595238095238095,-0.1314285714285714,Low
3,3,6.7,73,56,38,129,35.0,4,7,0,5,65,-0.7333333333333333,-0.11499999999999999,-0.15250000000000002,Low
14,5,6.9,71,59,43,96,48.3,4,3,0,1,3,-0.5666666666666667,0.30397619047619034,0.10971428571428558,Low
4,2,6.7,78,54,43,57,47.1,2,9,0,20,20,-0.5666666666666667,0.2875952380952382,0.2801428571428572,Low
6,2,6.8,87,70,33,24,49.3,4,13,1,8,85,-0.9,0.6261190476190475,0.41792857142857137,Moderate
6,7,7.2,85,45,36,32,51.5,3,2,1,11,92,-0.8,0.2744841269841269,0.10714285714285707,Moderate
10,3,8.0,69,38,27,120,40.3,6,5,2,4,111,-1.1,0.17540476190476179,-0.3056428571428572,Moderate
5,8,6.9,74,30,44,52,47.2,1,1,0,9,123,-0.5333333333333333,-0.0658412698412697,0.022071428571428582,Moderate
11,21,6.2,88,52,122,34,48.3,2,2,0,14,133,2.066666666666667,0.06603968253968243,0.401142857142857,High
4,5,6.6,72,52,77,70,42.9,5,0,1,2,70,0.5666666666666667,-0.00838888888888897,-0.0004999999999999866,Low
7,3,7.4,79,15,48,163,45.1,4,4,0,20,18,-0.4,0.2701349206349207,-0.03271428571428575,Low
5,4,6.7,78,40,14,98,45.1,3,2,0,3,33,-1.5333333333333334,0.05981746031746038,-0.052357142857142894,Low
8,6,8.1,80,43,31,41,65.6,0,12,0,1,65,-0.9666666666666667,1.076126984126984,0.6458571428571429,High
12,2,6.1,75,65,9,67,50.7,3,4,1,4,42,-1.7,0.34880158730158745,0.2652857142857144,Moderate
6,4,6.3,62,62,19,145,40.1,1,13,1,5,103,-1.3666666666666667,0.14656349206349212,0.1944285714285715,Low
2,8,7.1,75,38,10,117,61.8,2,4,0,0,29,-1.6666666666666667,0.8371904761904762,0.4257857142857142,Moderate
4,4,6.2,67,38,180,34,55.3,0,5,0,2,102,4.0,0.3548492063492062,0.8418571428571426,Moderate
4,9,6.8,80,66,50,67,49.0,4,1,2,4,47,-0.3333333333333333,0.23182539682539682,0.10857142857142862,Low
3,10,8.7,84,24,11,30,44.4,4,13,4,2,70,-1.6333333333333333,0.41228571428571426,-0.11657142857142849,Moderate
9,11,7.5,83,38,67,87,40.7,5,5,3,5,98,0.23333333333333334,0.09007142857142872,-0.10614285714285705,High
3,2,6.7,69,34,23,82,49.8,4,4,1,6,87,-1.2333333333333334,0.39163492063492056,0.16828571428571418,Low
5,7,8.4,62,57,145,31,60.3,5,11,0,17,32,2.8333333333333335,1.1241349206349205,0.6907857142857141,High
7,5,7.1,72,47,27,73,56.8,3,14,2,11,78,-1.1,0.9871111111111109,0.6039999999999999,High
8,10,6.9,88,36,34,33,61.5,2,2,0,12,31,-0.8666666666666667,0.6589285714285714,0.45464285714285696,High
3,1,7.0,81,47,26,87,57.7,3,5,0,5,28,-1.1333333333333333,0.7217380952380954,0.3888571428571429,Low
1,2,7.5,76,55,27,40,45.1,2,6,1,18,63,-1.1,0.07156349206349213,-0.04557142857142854,Low
8,3,5.9,84,37,31,65,52.4,2,7,1,9,180,-0.9666666666666667,0.4635555555555555,0.4919999999999999,Moderate
3,2,7.8,77,35,43,17,38.1,5,2,0,4,43,-0.5666666666666667,-0.2118492063492063,-0.38235714285714273,Low
3,5,8.1,78,51,6,180,51.3,2,1,1,12,57,-1.8,0.3275476190476189,-0.15992857142857145,Low
6,14,5.2,77,50,75,28,39.1,3,4,1,4,20,0.5,-0.21653174603174596,0.23978571428571427,Moderate
4,1,7.1,80,43,93,94,37.5,2,5,1,13,16,1.1,-0.24615079365079365,-0.06714285714285707,Low
6,3,6.8,75,20,66,17,52.9,6,1,0,1,73,0.2,0.48510317460317454,0.26557142857142857,Moderate
7,10,7.5,80,33,123,36,45.7,3,7,1,8,51,2.1,0.19650000000000012,0.24100000000000008,Moderate
7,4,7.9,59,42,61,65,52.9,2,11,0,3,28,0.03333333333333333,0.6289126984126984,0.3462857142857142,Moderate
2,10,6.2,66,51,180,115,52.5,3,5,0,20,25,4.0,0.5188492063492064,0.7578571428571428,High
8,8,7.3,95,20,7,17,37.3,3,8,4,14,25,-1.7666666666666666,-0.16689682539682554,-0.2374285714285715,Moderate
9,6,7.0,70,52,34,59,59.8,5,10,1,20,54,-0.8666666666666667,1.097031746031746,0.6147142857142855,Moderate
14,4,6.6,62,59,137,50,45.3,2,2,0,13,52,2.566666666666667,-0.051182539682539795,0.2786428571428571,Moderate
7,5,8.2,85,31,31,72,46.3,1,18,0,6,17,-0.9666666666666667,0.5230238095238093,0.2207857142857143,Moderate
5,15,8.1,70,47,46,180,39.6,3,16,1,12,54,-0.4666666666666667,0.40342857142857147,0.0176428571428573,Moderate
9,8,6.0,78,39,94,87,35.0,1,5,0,13,48,1.1333333333333333,-0.43309523809523814,0.052857142857142846,Moderate
5,1,6.9,67,23,130,51,35.0,4,13,2,10,25,2.3333333333333335,0.012619047619047613,0.21392857142857138,Moderate
8,16,7.7,84,41,110,19,48.2,3,6,0,5,93,1.6666666666666667,0.25439682539682557,0.21992857142857147,Moderate
2,0,5.4,64,53,25,149,51.4,0,5,0,7,30,-1.1666666666666667,0.30712698412698414,0.4773571428571427,Low
3,5,7.1,76,51,19,74,48.5,6,18,1,9,43,-1.3666666666666667,0.957579365079365,0.44928571428571434,Moderate
5,3,7.2,71,35,92,128,51.9,2,7,0,18,53,1.0666666666666667,0.5110555555555556,0.40199999999999997,Moderate
8,4,9.0,55,42,33,13,48.8,1,9,0,7,44,-0.9,0.24853968253968234,-0.09635714285714295,Low
3,8,7.8,71,38,100,180,46.7,6,10,1,3,43,1.3333333333333333,0.7086428571428571,0.24671428571428583,Moderate
10,10,7.7,67,56,31,34,48.2,3,3,1,2,58,-0.9666666666666667,0.16392063492063508,-0.06328571428571422,Moderate
7,5,6.9,76,39,53,48,41.9,3,5,3,5,22,-0.23333333333333334,-0.032595238095238156,-0.0001428571428572535,Low
2,4,5.9,88,44,80,58,52.1,4,3,0,17,86,0.6666666666666666,0.43275396825396834,0.4912142857142857,Moderate
9,5,8.1,57,47,40,28,59.7,4,17,1,7,5,-0.6666666666666666,1.241420634920635,0.6342142857142858,Moderate
11,4,7.2,77,38,14,26,51.4,1,9,0,13,45,-1.5333333333333334,0.379984126984127,0.2491428571428571,Moderate
6,7,8.0,69,46,180,46,52.4,6,13,1,9,180,4.0,0.9233968253968254,0.6684285714285714,High
8,5,6.1,76,67,26,139,45.2,0,5,2,6,65,-1.1333333333333333,0.01701587301587313,0.17135714285714296,Low
13,8,7.4,78,24,9,112,39.3,6,2,0,2,27,-1.7,0.014373015873015742,-0.36135714285714304,Moderate
4,4,6.8,65,28,68,149,49.8,4,9,2,13,106,0.26666666666666666,0.6446507936507936,0.40614285714285714,Moderate
3,5,7.5,72,38,69,78,56.2,3,6,0,6,136,0.3,0.6799523809523812,0.3924285714285715,Moderate
3,12,6.3,82,44,13,46,50.7,3,10,0,12,12,-1.5666666666666667,0.5397539682539684,0.41171428571428587,Moderate
6,4,8.5,73,40,70,156,57.1,2,6,0,16,2,0.3333333333333333,0.7404523809523811,0.24692857142857147,High
8,11,7.2,81,51,137,16,45.2,2,7,1,11,56,2.566666666666667,0.08511111111111122,0.3135,Moderate
2,1,7.9,74,41,63,149,42.3,3,1,0,8,85,0.1,-0.04523015873015884,-0.25242857142857156,Low
6,16,5.8,78,39,84,22,46.7,5,4,4,3,127,0.8,0.2521349206349207,0.3852857142857144,Moderate
10,6,6.8,83,59,11,79,46.9,2,4,0,4,72,-1.6333333333333333,0.12446825396825392,0.03378571428571425,Low
1,2,5.9,79,57,61,12,46.2,0,9,0,12,25,0.03333333333333333,0.06376190476190488,0.43814285714285717,Low
4,4,6.2,83,52,78,39,58.1,2,2,1,4,41,0.6,0.5125952380952381,0.5851428571428572,Moderate
4,3,7.2,69,48,37,86,53.4,2,5,1,8,21,-0.7666666666666667,0.4604603174603175,0.2523571428571428,Low
5,2,7.1,87,60,80,23,51.0,1,3,0,9,144,0.6666666666666666,0.1443650793650794,0.24821428571428578,Moderate
12,10,6.1,85,46,65,69,50.8,3,16,0,4,124,0.16666666666666666,0.784095238095238,0.7511428571428571,High
14,7,6.7,84,32,108,31,46.7,8,7,2,12,66,1.6,0.5692777777777779,0.37350000000000005,Moderate
18,2,8.3,73,37,12,115,43.4,1,4,2,5,11,-1.6,-0.05969841269841275,-0.3312142857142859,Moderate
5,4,6.5,81,47,34,65,51.2,4,17,1,13,76,-0.8666666666666667,0.9000317460317461,0.6442142857142859,Moderate
13,2,7.9,90,54,43,97,49.8,7,21,2,4,128,-0.5666666666666667,1.2154444444444443,0.4939999999999999,High
10,11,6.7,83,41,9,15,52.9,4,6,2,9,82,-1.7,0.5281190476190475,0.2834285714285713,Moderate
1,12,7.2,73,39,24,40,51.7,4,10,2,20,17,-1.2,0.6447539682539684,0.31171428571428583,Moderate
7,2,6.5,68,44,72,43,49.2,2,10,2,18,38,0.4,0.4022539682539684,0.4792142857142858,Moderate
17,8,6.2,59,37,180,47,40.2,5,7,1,4,180,4.0,0.09455555555555567,0.44600000000000006,High
4,9,6.7,63,38,75,60,54.0,2,4,1,7,156,0.5,0.4228571428571429,0.42428571428571416,Moderate
8,4,8.0,79,57,32,180,57.7,4,5,0,5,101,-0.9333333333333333,0.8917380952380953,0.22885714285714287,Moderate
24,3,5.4,85,67,51,4,36.0,2,3,0,13,35,-0.3,-0.4850793650793651,0.02321428571428564,High
12,3,7.6,81,44,57,23,62.9,3,11,1,9,25,-0.1,1.0989126984126982,0.6887857142857144,High
3,3,7.0,78,38,93,12,42.9,3,6,1,9,24,1.1,0.008119047619047567,0.1409285714285714,Low
3,4,6.9,79,43,63,69,36.6,6,2,3,5,80,0.1,-0.15490476190476185,-0.2198571428571429,Low
10,3,6.4,57,52,47,9,57.0,1,6,0,2,6,-0.43333333333333335,0.505952380952381,0.5539285714285714,Low
11,4,6.9,69,40,42,180,62.9,1,4,1,6,43,-0.6,0.8900238095238096,0.5737857142857141,High
7,7,7.8,87,21,168,98,52.3,4,9,1,12,29,3.6,0.7004841269841268,0.5561428571428572,High
4,8,7.1,86,46,54,180,57.7,0,7,1,6,44,-0.2,0.6965,0.49850000000000005,High
10,10,6.2,79,35,80,102,39.9,6,2,1,2,94,0.6666666666666666,0.030261904761904712,0.044142857142857046,Moderate
9,4,6.7,71,33,117,41,49.6,3,7,0,7,31,1.9,0.37755555555555564,0.483,Moderate
4,5,7.2,78,48,34,35,37.0,5,15,1,6,153,-0.8666666666666667,0.22293650793650788,0.038571428571428534,Low
10,3,7.5,66,44,50,71,62.5,3,2,0,6,46,-0.3333333333333333,0.8128174603174603,0.419642857142857,Moderate
11,2,7.4,63,41,180,14,50.8,2,8,3,3,53,4.0,0.37060317460317443,0.5825714285714284,High
4,9,7.6,74,54,70,142,40.6,2,12,0,9,73,0.3333333333333333,0.19668253968253974,0.08085714285714299,Moderate
6,2,6.6,85,28,159,155,56.6,3,1,0,2,60,3.3,0.604936507936508,0.6440714285714286,Moderate
7,4,7.4,55,51,105,71,45.1,4,9,0,5,17,1.5,0.34648412698412706,0.25264285714285706,Low
8,4,7.4,66,63,33,67,50.2,1,21,1,18,154,-0.9,0.8001111111111112,0.5685,High
3,5,6.3,72,47,180,56,63.5,2,21,2,14,48,4.0,1.4530555555555558,1.5275,High
12,5,7.8,83,52,156,82,43.1,3,4,1,3,37,3.2,0.02346825396825404,0.10728571428571437,Moderate
2,21,6.8,80,44,17,31,55.8,4,1,1,10,102,-1.4333333333333333,0.4978253968253966,0.23007142857142848,Moderate
1,6,6.6,80,42,61,66,66.0,6,17,1,3,43,0.03333333333333333,1.7004761904761907,1.1382142857142858,High
4,5,7.7,59,39,59,60,39.9,4,4,0,3,57,-0.03333333333333333,-0.07830952380952387,-0.21371428571428577,Low
9,2,6.4,77,44,152,62,47.3,1,17,4,3,120,3.066666666666667,0.5211984126984126,0.8397142857142856,High
6,4,6.2,66,51,48,5,39.1,3,4,1,9,88,-0.4,-0.24208730158730152,-0.0027142857142857107,Low
8,8,7.0,55,55,101,78,51.4,2,8,0,13,9,1.3666666666666667,0.46871428571428575,0.47307142857142853,Moderate
7,7,5.3,78,59,20,95,47.2,3,21,0,17,53,-1.3333333333333333,0.8295555555555556,0.8135000000000001,High
1,6,6.7,78,43,60,52,47.5,5,9,1,6,43,0.0,0.5000396825396825,0.33464285714285713,Low
4,19,6.7,71,48,77,117,49.4,4,21,2,9,134,0.5666666666666667,1.0196666666666665,0.7769999999999999,High
2,2,6.8,67,35,53,24,58.8,6,6,1,16,88,-0.23333333333333334,0.9369523809523806,0.5529285714285713,Moderate
6,2,7.5,81,51,127,55,59.7,4,5,0,7,72,2.2333333333333334,0.8428492063492065,0.6138571428571429,Moderate
9,7,5.3,89,25,38,109,55.8,6,4,0,11,86,-0.7333333333333333,0.8249682539682538,0.6307857142857141,High
16,1,7.5,75,30,17,64,51.3,2,21,0,9,72,-1.4333333333333333,0.9129444444444443,0.5439999999999999,Moderate
3,3,6.2,64,26,81,75,45.7,4,4,1,4,20,0.7,0.19935714285714295,0.27778571428571436,Low
5,5,6.6,72,24,26,50,35.0,4,10,3,7,50,-1.1333333333333333,-0.09563492063492063,-0.07928571428571421,Low
9,18,7.6,75,30,129,58,56.7,5,4,0,10,17,2.3,0.7421349206349208,0.4827857142857145,High
5,15,5.8,83,54,14,67,35.0,6,5,0,8,113,-1.5333333333333334,-0.12198412698412697,-0.11214285714285713,Moderate
10,8,7.6,70,74,28,59,65.6,2,5,2,4,77,-1.0666666666666667,0.9794603174603174,0.5258571428571429,Moderate
1,7,5.5,81,49,67,74,66.0,2,7,0,17,121,0.23333333333333334,1.0855555555555558,1.06,High
4,18,8.3,64,60,30,52,37.6,3,8,1,4,4,-1.0,-0.11450793650793645,-0.34592857142857153,Moderate
1,4,7.8,88,43,92,64,44.0,4,7,0,10,66,1.0666666666666667,0.21777777777777782,0.06000000000000004,Low
12,2,6.0,60,28,180,48,57.7,1,11,0,8,170,4.0,0.7593571428571431,1.1202857142857143,High
1,5,6.3,60,64,17,83,38.3,1,6,1,3,49,-1.4333333333333333,-0.25332539682539695,-0.06457142857142863,Low
4,2,7.9,79,34,35,24,53.3,6,3,2,16,26,-0.8333333333333334,0.5823095238095236,0.0647142857142855,Moderate
2,4,8.2,79,51,59,37,48.3,3,5,1,5,135,-0.03333333333333333,0.24318253968253956,-0.020642857142857077,Low
6,5,7.0,68,16,41,63,55.4,0,6,0,7,44,-0.6333333333333333,0.42728571428571427,0.38592857142857134,Moderate
4,6,8.7,77,32,5,126,50.6,3,17,1,2,15,-1.8333333333333333,0.8741428571428572,0.1687142857142859,Moderate
7,2,6.3,91,46,62,154,49.4,2,2,2,6,42,0.06666666666666667,0.2488730158730158,0.26664285714285707,Low
6,3,7.8,69,38,33,78,42.4,4,2,0,6,179,-0.9,-0.01723809523809533,-0.27835714285714286,Low
6,20,6.3,67,33,83,22,60.3,8,6,0,3,139,0.7666666666666667,1.135563492063492,0.7604285714285713,High
15,4,7.1,78,33,34,68,35.0,2,1,0,4,27,-0.8666666666666667,-0.5303968253968254,-0.40392857142857136,Low
12,6,6.3,66,40,67,180,55.8,4,17,2,6,22,0.23333333333333334,1.2348095238095238,0.8997142857142856,High
6,11,6.2,69,27,89,171,39.8,4,2,2,8,56,0.9666666666666667,-0.030904761904762032,0.06364285714285699,High
12,3,7.3,69,50,57,90,53.7,5,3,0,3,41,-0.1,0.6069761904761906,0.23671428571428588,Moderate
3,1,7.0,77,50,33,12,35.0,4,18,0,18,102,-0.9,0.14785714285714285,0.09678571428571428,Low
4,4,8.0,72,69,71,152,58.7,2,11,0,10,15,0.36666666666666664,0.9865793650793652,0.5277857142857143,High
1,4,5.9,77,66,4,23,39.6,4,3,1,14,118,-1.8666666666666667,-0.16863492063492058,-0.0737857142857143,Low
16,14,6.0,56,20,44,52,46.6,6,5,1,16,161,-0.5333333333333333,0.3833492063492065,0.27585714285714286,High
18,5,5.8,80,55,175,162,44.2,5,9,2,10,84,3.8333333333333335,0.4737619047619049,0.6806428571428572,High
3,5,7.1,76,57,92,170,56.7,4,2,1,4,180,1.0666666666666667,0.7284841269841271,0.42064285714285726,High
7,16,7.5,71,52,36,19,37.9,2,4,1,1,148,-0.8,-0.3471984126984128,-0.29621428571428576,Moderate
11,9,6.4,75,52,28,40,54.2,1,11,0,20,87,-1.0666666666666667,0.5929682539682541,0.5652857142857144,Moderate
8,4,6.1,65,36,84,104,41.6,3,4,0,7,91,0.8,-0.019587301587301514,0.17978571428571438,Moderate
5,9,6.4,73,44,48,95,41.5,4,7,1,5,152,-0.4,0.13972222222222222,0.11999999999999991,Moderate
19,2,4.9,84,40,137,115,47.5,2,6,1,8,41,2.566666666666667,0.26289682539682546,0.7564285714285713,High
8,5,8.0,85,52,57,62,47.4,5,8,1,5,17,-0.1,0.4709365079365079,0.06807142857142853,Low
6,4,6.9,85,67,1,28,35.5,4,13,0,9,20,-1.9666666666666666,0.009563492063492024,-0.09357142857142864,Low
2,4,7.0,78,15,57,86,44.9,2,6,0,17,58,-0.1,0.11367460317460311,0.1109285714285714,Low
6,14,7.1,79,36,12,62,56.2,0,11,2,15,94,-1.6,0.6407460317460318,0.46278571428571447,Moderate
14,11,6.2,74,62,21,169,47.4,1,17,1,6,46,-1.3,0.6445873015873016,0.5502142857142857,High
10,5,7.0,80,37,93,67,50.5,4,15,0,2,95,1.1,0.7993253968253968,0.6260714285714286,Moderate
8,13,6.2,69,24,26,54,40.6,3,15,0,10,50,-1.1333333333333333,0.2727142857142858,0.3015714285714286,High
10,5,6.5,92,24,71,32,45.1,1,1,0,15,37,0.36666666666666664,-0.18256349206349198,0.09657142857142859,Moderate
3,2,5.8,67,40,25,56,43.0,3,2,4,3,88,-1.1666666666666667,-0.08134920634920634,0.06964285714285716,Low
4,3,7.5,58,51,60,13,48.7,2,8,1,1,11,0.0,0.2749920634920637,0.20207142857142865,Low
4,3,7.2,63,29,65,125,35.0,1,4,2,4,53,0.16666666666666666,-0.4265873015873016,-0.25821428571428573,Low
12,12,6.1,65,12,73,136,53.4,1,4,0,19,89,0.43333333333333335,0.41363492063492063,0.5062857142857142,High
7,3,4.2,84,41,102,81,50.5,4,4,0,7,86,1.4,0.4220238095238095,0.8242857142857142,High
4,9,5.8,83,31,180,40,46.3,4,6,0,4,83,4.0,0.25889682539682524,0.6704285714285714,Moderate
8,21,7.7,81,57,81,36,61.9,3,9,0,9,103,0.7,0.9969285714285714,0.644142857142857,High
10,12,7.7,74,35,154,106,59.6,3,9,1,6,20,3.1333333333333333,0.9712063492063493,0.7576428571428572,High
13,2,6.8,56,25,42,98,44.2,2,2,0,17,154,-0.6,-0.04734920634920624,-0.02685714285714276,Moderate
5,4,8.3,64,55,7,65,52.6,1,15,4,14,58,-1.7666666666666666,0.6916031746031748,0.24657142857142852,Low
10,3,6.1,77,38,35,95,39.8,4,10,0,2,46,-0.8333333333333334,0.17036507936507925,0.17471428571428568,Moderate
6,4,6.6,61,43,123,127,35.0,3,10,0,7,125,2.1,-0.07674603174603176,0.16321428571428578,Moderate
3,21,5.6,70,28,47,39,55.2,7,4,1,5,38,-0.43333333333333335,0.786857142857143,0.5827857142857144,High
3,6,5.4,83,64,86,50,66.5,2,4,0,10,92,0.8666666666666667,0.9742460317460316,1.054285714285714,High
20,15,8.0,71,31,50,89,43.0,1,7,1,16,106,-0.3333333333333333,0.0005555555555555663,-0.10999999999999999,Moderate
6,8,6.2,70,25,96,9,44.8,4,12,0,8,82,1.2,0.3712380952380951,0.5168571428571427,Moderate
3,13,7.0,68,48,96,138,49.6,3,13,1,8,6,1.2,0.6996190476190477,0.5494285714285715,Moderate
5,10,6.9,68,38,52,180,44.6,1,5,2,12,113,-0.26666666666666666,0.10223809523809532,0.07835714285714283,Moderate
13,8,7.2,78,47,59,85,41.4,3,7,2,5,59,-0.03333333333333333,0.057444444444444374,0.0044999999999999225,Moderate
7,5,6.3,59,34,20,36,46.8,1,13,1,16,45,-1.3333333333333333,0.32695238095238083,0.39792857142857135,Moderate
3,2,5.5,67,48,170,11,51.4,1,1,0,10,31,3.6666666666666665,0.07760317460317465,0.7080714285714285,Moderate
4,8,5.7,62,48,49,92,52.7,4,21,0,3,15,-0.36666666666666664,1.140388888888889,0.9810000000000002,Moderate
9,11,7.0,80,49,13,37,49.4,2,7,3,12,36,-1.5666666666666667,0.2974444444444444,0.16449999999999992,Moderate
8,5,6.8,83,43,88,148,53.1,3,6,1,10,43,0.9333333333333333,0.6182301587301587,0.4694285714285715,Moderate
5,4,6.5,80,46,37,98,43.7,2,6,1,9,79,-0.7666666666666667,0.07300793650793663,0.11242857142857149,Low
8,8,6.4,76,26,124,27,50.9,2,4,4,5,95,2.1333333333333333,0.24669047619047613,0.5062857142857142,High
4,8,8.7,85,56,11,64,47.6,4,16,1,8,39,-1.6333333333333333,0.7012063492063493,0.06514285714285734,Low
10,8,7.5,74,47,31,180,55.2,3,5,0,20,29,-0.9666666666666667,0.7125714285714287,0.23885714285714288,Moderate
9,2,6.7,71,42,49,116,35.6,2,6,0,20,67,-0.36666666666666664,-0.2714920634920634,-0.13557142857142856,Low
2,3,7.8,56,49,4,122,42.1,4,5,0,13,166,-1.8666666666666667,0.12529365079365087,-0.274142857142857,Low
2,4,5.7,69,58,180,20,43.9,0,3,0,7,129,4.0,-0.2451349206349207,0.5302142857142856,Moderate
4,4,6.0,77,35,32,76,35.9,3,8,1,12,138,-0.9333333333333333,-0.1643412698412699,0.010571428571428523,Low
9,4,8.0,64,57,40,92,49.0,1,9,1,13,126,-0.6666666666666666,0.34531746031746036,0.10214285714285717,Moderate
5,5,5.8,67,66,44,13,36.0,5,1,0,8,8,-0.5333333333333333,-0.3465079365079365,-0.12142857142857141,Low
4,4,6.7,65,35,180,55,49.8,2,5,0,5,47,4.0,0.2640158730158729,0.5893571428571427,Moderate
13,1,7.4,83,44,114,29,44.2,1,4,0,5,36,1.8,-0.11925396825396814,0.10528571428571432,Low
4,1,6.6,80,52,52,36,47.6,1,3,4,5,180,-0.26666666666666666,0.005809523809523903,0.16371428571428584,Low
5,5,7.6,75,33,57,50,44.2,4,5,1,4,46,-0.1,0.1397936507936509,-0.04364285714285698,Low
13,16,7.3,73,66,42,26,36.3,2,5,1,17,45,-0.6,-0.3757063492063494,-0.2656428571428572,Moderate
4,9,6.6,70,38,101,102,66.6,4,10,3,9,178,1.3666666666666667,1.384142857142857,1.0562142857142856,High
14,1,6.2,71,37,146,73,52.9,5,13,3,3,158,2.8666666666666667,0.9092301587301587,0.9134285714285714,High
4,1,5.8,55,56,98,96,49.6,4,7,0,19,53,1.2666666666666666,0.5053333333333334,0.5930000000000001,Moderate
2,6,7.0,81,32,92,57,47.2,3,19,1,3,48,1.0666666666666667,0.715904761904762,0.6388571428571429,Moderate
9,15,6.1,72,51,58,88,52.1,3,5,1,6,57,-0.06666666666666667,0.47084920634920646,0.4583571428571429,High
6,2,8.9,74,51,31,42,43.8,3,6,0,6,94,-0.9666666666666667,0.08195238095238083,-0.3195714285714287,Low
18,3,7.4,67,50,180,58,56.8,6,6,1,12,107,4.0,0.8847301587301587,0.7054285714285713,High
3,7,5.0,55,48,51,44,51.8,1,5,1,17,86,-0.3,0.2751269841269841,0.6243571428571428,Moderate
3,2,7.5,74,58,20,81,49.9,1,8,1,9,18,-1.3333333333333333,0.3378809523809523,0.1380714285714285,Low
7,2,7.4,77,34,17,108,45.9,5,1,1,16,128,-1.4333333333333333,0.20454761904761898,-0.17192857142857154,Moderate
26,4,7.3,64,34,91,180,44.3,4,1,0,10,150,1.0333333333333334,0.14588095238095228,-0.017428571428571474,High
4,9,7.1,73,42,17,147,39.7,2,7,1,12,21,-1.4333333333333333,-0.0168333333333332,-0.13399999999999984,Low
4,1,6.7,73,59,7,67,44.2,4,4,1,2,42,-1.7666666666666666,0.12296825396825406,-0.039714285714285646,Low
6,10,8.8,86,40,124,39,52.3,0,18,0,20,50,2.1333333333333333,0.6896904761904761,0.5282857142857141,Moderate
4,2,6.4,69,49,94,45,43.3,2,6,0,9,38,1.1333333333333333,-0.0038809523809524987,0.26042857142857123,Low
21,2,6.1,80,49,12,140,45.2,1,3,2,7,109,-1.6,0.013365079365079503,0.07921428571428585,Moderate
2,8,8.0,65,53,26,37,53.7,3,2,3,0,88,-1.1333333333333333,0.3790396825396827,0.00814285714285723,Low
3,3,6.6,79,31,5,54,50.1,2,3,0,2,57,-1.8333333333333333,0.20497619047619062,0.12121428571428586,Low
9,5,5.7,66,50,86,60,44.6,4,6,1,7,9,0.8666666666666667,0.2046190476190477,0.4019285714285714,Low
18,7,7.0,73,24,20,97,47.3,1,4,1,2,128,-1.3333333333333333,0.09580158730158721,0.03328571428571421,Moderate
1,4,8.3,68,61,168,34,44.8,4,19,2,7,120,3.6,0.6490158730158728,0.5293571428571426,Moderate
5,11,7.5,71,28,59,180,41.4,4,9,0,1,180,-0.03333333333333333,0.301095238095238,0.0091428571428571,Moderate
6,7,6.3,58,24,107,102,46.2,8,3,0,5,4,1.5666666666666667,0.48280952380952397,0.31171428571428583,Moderate
1,4,5.7,70,63,34,50,46.5,2,2,2,4,21,-0.8666666666666667,0.0028174603174603643,0.21464285714285708,Low
5,6,6.3,75,26,83,79,49.8,7,14,0,5,180,0.7666666666666667,0.9454444444444443,0.674,High
6,5,7.6,95,38,70,115,39.9,6,4,0,2,74,0.3333333333333333,0.11613492063492059,-0.16871428571428568,Moderate
16,0,6.0,77,67,68,51,46.4,1,5,0,3,45,0.26666666666666666,0.03990476190476189,0.32985714285714285,Moderate
1,7,5.7,66,48,33,39,42.0,2,5,2,9,73,-0.9,-0.10476190476190475,0.16285714285714284,Low
10,3,4.4,70,57,15,56,38.5,3,11,1,3,118,-1.5,0.03757936507936507,0.41178571428571425,Moderate
11,0,6.7,58,28,27,61,54.4,4,3,0,9,48,-1.1,0.5395873015873015,0.28771428571428564,Moderate
6,2,6.2,66,60,19,47,40.1,2,12,1,3,8,-1.3666666666666667,0.0686269841269842,0.18335714285714289,Low
6,1,8.9,83,37,129,116,44.3,5,9,0,20,59,2.3,0.4271507936507935,0.026142857142857023,Moderate
7,11,7.1,66,59,138,104,52.3,3,2,1,20,52,2.6,0.3904841269841268,0.4036428571428571,High
7,2,7.0,75,42,171,71,42.7,5,6,0,13,48,3.7,0.19800793650793666,0.32992857142857157,Moderate
2,7,5.9,58,52,43,73,44.0,1,3,1,20,77,-0.5666666666666667,-0.11507936507936505,0.15571428571428564,Moderate
3,3,6.9,68,60,54,155,53.4,4,4,1,11,52,-0.2,0.6347460317460317,0.31878571428571423,Moderate
6,5,6.2,61,42,85,57,46.0,2,4,1,18,73,0.8333333333333334,0.05952380952380956,0.2967857142857142,Moderate
1,7,6.8,75,50,132,84,42.3,0,9,1,20,111,2.4,-0.031738095238095385,0.3411428571428571,Moderate
8,11,7.2,78,57,13,14,53.2,7,4,0,8,152,-1.5666666666666667,0.6690793650793654,0.15778571428571436,Moderate
14,11,6.5,59,33,50,67,59.1,4,11,0,2,50,-0.3333333333333333,1.043468253968254,0.7497857142857144,High
13,10,6.4,84,19,11,53,43.9,1,3,0,10,82,-1.6333333333333333,-0.14180158730158737,-0.014785714285714416,Moderate
7,5,7.0,68,25,57,54,42.5,6,9,2,4,62,-0.1,0.34392857142857136,0.12464285714285714,Moderate
10,6,6.0,86,41,62,63,59.6,4,15,0,2,24,0.06666666666666667,1.2043809523809526,0.9965714285714287,High
5,12,6.4,64,49,9,56,51.2,9,2,3,4,43,-1.7,0.6876507936507937,0.17064285714285715,Moderate
15,8,7.8,58,20,104,46,62.6,4,7,0,4,73,1.4666666666666666,1.0347777777777778,0.648,High
7,2,8.1,71,41,55,27,49.5,4,6,2,1,180,-0.16666666666666666,0.38845238095238094,0.05142857142857149,Moderate
2,3,7.1,68,38,71,78,53.9,5,7,1,7,114,0.36666666666666664,0.7454999999999999,0.42700000000000005,Low
7,9,5.9,60,44,135,71,52.0,3,8,0,18,95,2.5,0.5546031746031747,0.7685714285714285,High
2,9,5.8,78,44,59,137,54.1,3,3,2,5,180,-0.03333333333333333,0.5438650793650794,0.5162142857142857,High
14,2,6.9,66,33,18,38,41.3,1,8,0,12,56,-1.4,-0.09689682539682551,-0.019928571428571573,Low
7,5,8.8,79,34,85,53,44.2,5,13,1,19,113,0.8333333333333334,0.4955079365079367,0.0449285714285714,Moderate
7,4,8.0,78,58,180,43,46.2,3,6,0,4,14,4.0,0.1910634920634922,0.28242857142857153,Low
6,7,6.6,68,12,18,31,54.1,6,2,1,10,43,-1.4,0.5903730158730158,0.24514285714285722,Moderate
13,6,5.3,76,49,63,20,54.9,3,21,3,13,62,0.1,1.0927222222222222,1.152,High
14,2,7.4,85,47,43,122,43.1,2,14,2,3,105,-0.5666666666666667,0.358388888888889,0.1805,Low
3,2,6.5,74,45,39,44,49.8,2,3,1,3,95,-0.7,0.18036507936507928,0.2147142857142857,Low
4,4,8.4,76,62,13,49,60.7,0,2,0,12,81,-1.5666666666666667,0.5073730158730159,0.11564285714285719,Low
20,9,7.2,72,57,22,119,44.3,5,10,2,20,45,-1.2666666666666666,0.46619841269841256,0.08471428571428562,Moderate
11,18,5.7,75,29,61,32,46.7,1,1,3,7,180,0.03333333333333333,-0.11056349206349196,0.25957142857142856,High
3,6,5.0,78,37,14,31,52.6,1,9,0,6,82,-1.5333333333333334,0.4395396825396827,0.6701428571428572,Low
10,7,5.9,78,31,180,128,45.4,3,8,1,7,30,4.0,0.32093650793650785,0.6830714285714284,High
4,6,8.1,71,23,69,47,55.1,5,4,1,4,63,0.3,0.6579126984126985,0.19728571428571445,Moderate
10,5,6.1,67,56,133,15,40.7,3,3,2,11,54,2.433333333333333,-0.19469047619047605,0.24671428571428583,Moderate
5,7,5.0,77,34,86,180,45.6,7,10,0,1,23,0.8666666666666667,0.7258095238095238,0.6687142857142858,High
1,7,6.6,63,46,129,43,61.1,3,4,1,4,76,2.3,0.7901349206349209,0.7897857142857144,High
8,4,7.5,84,44,78,83,51.5,4,4,2,7,95,0.6,0.4692460317460317,0.21678571428571425,Moderate
14,16,6.6,66,55,35,58,37.9,3,8,0,15,144,-0.8333333333333334,-0.09434126984126989,-0.026928571428571413,Moderate
4,7,5.1,73,41,51,75,64.3,4,2,0,4,20,-0.3,0.9649285714285712,0.896142857142857,High
2,5,6.0,98,59,13,113,69.5,4,5,1,0,41,-1.5666666666666667,1.348293650793651,0.885357142857143,High
3,1,7.6,88,40,52,61,51.5,2,7,1,1,83,-0.26666666666666666,0.4186111111111111,0.22000000000000006,Low
9,4,7.3,83,29,27,23,44.5,3,12,2,7,47,-1.1,0.3066269841269842,0.1428571428571429,Low
6,12,6.0,77,50,41,135,52.5,2,7,2,15,16,-0.6333333333333333,0.5458333333333334,0.5025000000000001,High
11,9,6.9,84,40,65,64,47.9,2,14,2,12,130,0.16666666666666666,0.5099444444444444,0.4669999999999999,High
6,0,7.1,69,47,30,27,53.6,3,4,0,16,48,-1.0,0.434857142857143,0.22978571428571432,Moderate
3,1,6.8,67,41,84,90,46.1,6,2,1,3,21,0.8,0.29592857142857154,0.13514285714285718,Low
2,1,7.0,65,42,38,97,61.3,6,14,1,4,59,-0.7333333333333333,1.416277777777778,0.784,High
8,6,6.6,65,38,63,85,44.4,4,9,1,5,52,0.1,0.33053968253968247,0.2666428571428572,Moderate
5,21,6.9,74,53,164,94,36.8,4,4,0,16,36,3.466666666666667,-0.18003174603174615,0.09578571428571414,High
1,5,5.6,73,50,19,35,54.6,2,10,0,11,92,-1.3666666666666667,0.6363650793650795,0.6662142857142858,Low
11,6,8.3,70,51,115,63,59.3,1,10,0,9,42,1.8333333333333333,0.8123095238095237,0.5747142857142854,High
5,2,5.7,79,56,93,115,39.0,1,5,1,13,100,1.1,-0.22198412698412698,0.2228571428571428,Low
2,4,7.0,63,39,50,32,51.1,4,6,0,7,50,-0.3333333333333333,0.46600793650793654,0.2794285714285714,Low
14,11,5.8,72,57,53,64,45.4,2,3,1,5,35,-0.23333333333333334,0.004587301587301494,0.24021428571428574,Moderate
11,3,8.0,75,31,91,44,70.0,3,8,2,5,14,1.0333333333333334,1.3346031746031748,0.8310714285714285,High
2,5,7.7,83,41,175,25,43.0,5,1,0,8,49,3.8333333333333335,-0.01817460317460319,0.08357142857142852,Moderate
8,5,6.0,67,22,114,24,60.3,2,4,1,6,113,1.8,0.6663571428571429,0.8332857142857141,High
3,4,8.1,71,26,112,36,47.0,4,5,1,10,122,1.7333333333333334,0.2502380952380952,0.09035714285714294,Low
17,5,5.6,75,40,38,92,43.2,3,9,0,1,180,-0.7333333333333333,0.21765079365079376,0.3431428571428573,High
8,4,6.8,75,30,30,3,48.3,7,8,2,11,69,-1.0,0.5792142857142856,0.2375714285714285,Moderate
9,4,7.3,84,51,94,59,44.4,6,5,2,5,67,1.1333333333333333,0.29212698412698407,0.10735714285714285,Moderate
11,1,8.1,68,32,68,34,45.4,1,8,1,20,123,0.26666666666666666,0.08315873015873004,0.0180714285714286,Moderate
11,2,8.2,87,27,88,80,40.6,1,10,1,8,19,0.9333333333333333,-0.01030158730158724,-0.0362857142857141,Moderate
2,4,7.4,81,39,180,89,44.5,3,3,2,7,48,4.0,0.05853174603174605,0.25071428571428567,Low
8,3,7.4,78,29,44,105,48.2,5,8,1,6,68,-0.5333333333333333,0.5547142857142859,0.1645714285714286,Moderate
11,5,8.2,88,53,92,180,49.2,2,4,2,6,43,1.0666666666666667,0.3401904761904764,0.06028571428571451,Moderate
1,4,6.9,74,36,29,14,38.4,5,1,1,10,32,-1.0333333333333334,-0.23739682539682544,-0.2794285714285715,Low
15,3,5.7,78,44,55,140,44.0,4,11,0,15,25,-0.16666666666666666,0.44507936507936513,0.4492857142857142,High
3,21,6.2,63,45,138,43,44.6,0,9,1,13,22,2.6,0.02620634920634926,0.5301428571428572,Moderate
2,3,7.0,81,47,33,98,47.4,3,8,1,20,77,-0.9,0.37760317460317455,0.1830714285714285,Low
4,7,7.5,71,27,54,180,45.7,5,4,1,1,81,-0.2,0.38269047619047636,-0.01721428571428564,Moderate
5,6,6.6,88,66,66,8,49.6,4,2,2,9,112,0.2,0.2289841269841271,0.2301428571428572,Moderate
9,10,6.1,70,55,113,84,45.5,6,6,0,19,97,1.7666666666666666,0.40511904761904766,0.4264285714285715,Moderate
18,17,5.4,74,27,114,47,43.4,0,1,0,7,21,1.8,-0.30906349206349215,0.3455714285714285,High
2,6,8.3,85,51,180,88,50.5,5,5,1,6,73,4.0,0.5321825396825397,0.33035714285714274,Moderate
7,7,7.3,73,40,71,134,53.8,4,5,1,16,79,0.36666666666666664,0.665126984126984,0.33185714285714274,Moderate
6,4,7.5,64,38,44,102,60.7,3,2,0,2,147,-0.5333333333333333,0.7662619047619048,0.3506428571428572,Moderate
2,1,8.7,78,47,69,29,40.6,4,8,1,7,3,0.3,0.061603174603174646,-0.2284285714285713,Low
6,12,7.7,79,47,48,56,54.9,3,15,1,3,46,-0.4,0.9184365079365078,0.5230714285714284,Moderate
10,1,6.6,71,37,58,79,63.0,2,4,1,2,12,-0.06666666666666667,0.8489682539682539,0.6692857142857143,High
6,11,7.1,76,36,118,62,52.1,3,5,0,3,92,1.9333333333333333,0.4419603174603176,0.4333571428571429,Moderate
6,3,7.4,87,57,61,50,54.5,6,10,1,7,56,0.03333333333333333,0.9151984126984127,0.4532142857142856,Moderate
3,9,6.5,67,43,37,23,35.0,2,3,1,8,106,-0.7666666666666667,-0.508968253968254,-0.23428571428571426,Low
8,6,6.9,73,65,88,168,49.5,2,11,3,2,127,0.9333333333333333,0.5903571428571428,0.4867857142857142,Moderate
6,7,6.6,71,42,21,89,46.1,2,2,0,10,133,-1.3,0.02815079365079374,0.012642857142857233,Low
8,5,6.4,82,49,130,25,57.0,2,6,0,4,42,2.3333333333333335,0.5903968253968255,0.7614285714285715,High
6,7,7.2,80,56,48,120,41.5,3,11,1,16,52,-0.4,0.24369047619047618,0.09428571428571425,Moderate
12,1,7.3,58,44,12,121,37.4,2,12,0,4,105,-1.6,0.02934920634920629,-0.10764285714285712,Low
6,12,5.3,58,41,56,51,59.2,3,10,0,20,103,-0.13333333333333333,0.927809523809524,0.9492142857142858,High
6,8,6.4,72,59,49,18,55.1,1,9,2,8,49,-0.36666666666666664,0.5375952380952382,0.5876428571428572,Moderate
15,4,6.8,64,43,68,11,64.3,2,4,1,5,123,0.26666666666666666,0.8319126984126983,0.6982857142857142,Moderate
3,10,6.3,83,59,30,98,40.0,4,5,0,1,91,-1.0,0.00412698412698413,-0.009642857142857106,Low
9,3,7.1,72,49,39,146,47.7,5,12,0,2,33,-0.7,0.7206269841269842,0.30385714285714305,Moderate
9,8,5.8,81,65,142,119,39.2,3,8,0,5,180,2.7333333333333334,0.03193650793650807,0.4195714285714287,High
12,15,5.6,57,34,104,47,44.9,4,3,2,17,121,1.4666666666666666,0.096531746031746,0.38771428571428573,High
0,4,7.0,86,40,114,57,47.0,4,21,0,9,136,1.8,0.845,0.745,Moderate
7,3,4.3,71,31,50,9,45.6,5,9,0,4,180,-0.3333333333333333,0.3667619047619048,0.6726428571428572,Moderate
7,9,5.7,83,43,77,36,62.6,4,3,3,9,72,0.5666666666666667,0.8808095238095239,0.8337142857142856,High
4,6,7.2,82,40,15,29,61.5,0,3,0,8,80,-1.5,0.5568650793650795,0.3832142857142856,Low
2,5,5.4,66,28,74,38,49.5,2,10,0,3,145,0.4666666666666667,0.41019841269841273,0.6857142857142857,Moderate
18,3,7.0,79,35,41,15,37.0,1,5,0,14,37,-0.6333333333333333,-0.4230952380952381,-0.19464285714285712,Moderate
15,2,6.3,63,68,79,45,42.9,4,1,0,0,75,0.6333333333333333,-0.06711904761904768,0.08557142857142852,Low
6,6,6.2,69,53,31,59,41.7,6,1,0,10,55,-0.9666666666666667,0.027769841269841417,-0.05292857142857137,Low
12,4,7.9,85,44,153,61,60.2,4,8,1,16,71,3.1,0.9791587301587305,0.7095714285714285,High
2,6,6.9,59,40,49,38,44.2,3,4,4,10,60,-0.36666666666666664,0.0240793650793652,0.030285714285714305,Low
6,4,6.7,85,63,43,93,35.0,4,2,1,3,65,-0.5666666666666667,-0.3335714285714286,-0.2828571428571429,Low
10,4,6.6,56,23,110,78,38.2,3,6,1,2,54,1.6666666666666667,-0.1300476190476189,0.11242857142857157,Moderate
10,8,8.8,78,40,155,38,35.0,4,4,1,6,128,3.1666666666666665,-0.32325396825396824,-0.31321428571428583,Moderate
3,3,6.5,82,36,123,156,37.0,0,8,1,13,13,2.1,-0.225952380952381,0.18357142857142858,Low
2,11,6.2,91,52,126,78,40.3,1,1,0,6,28,2.2,-0.34745238095238107,0.14257142857142846,Moderate
23,7,8.2,70,37,57,35,35.0,3,5,0,4,13,-0.1,-0.35753968253968255,-0.42464285714285704,Moderate
6,4,6.3,80,12,152,86,50.7,1,1,1,14,48,3.066666666666667,0.12943650793650813,0.5020714285714287,Moderate
9,8,6.6,63,29,93,26,57.5,7,7,0,17,113,1.1,0.9830555555555556,0.6775000000000001,High
11,2,6.6,77,19,65,11,35.0,2,9,1,4,147,0.16666666666666666,-0.3080158730158731,-0.010357142857142792,Low
5,8,6.0,64,42,4,93,41.8,2,21,0,5,6,-1.8666666666666667,0.5176666666666665,0.4889999999999999,Moderate
1,3,5.7,81,58,28,151,40.2,6,9,2,20,73,-1.0666666666666667,0.34820634920634935,0.2106428571428572,Low
6,3,6.0,55,53,180,66,47.5,4,21,2,6,9,4.0,0.8775000000000001,1.1,High
14,12,5.5,75,50,67,6,39.0,3,11,2,3,29,0.23333333333333334,0.004523809523809499,0.36428571428571427,High
27,8,6.0,74,37,32,15,53.7,4,10,0,10,180,-0.9333333333333333,0.7069761904761905,0.6017142857142859,High
3,4,6.5,65,42,84,90,41.9,3,15,1,20,18,0.8,0.3712142857142856,0.4330714285714285,Moderate
18,1,6.9,82,60,174,46,45.8,2,13,0,2,83,3.8,0.3597301587301587,0.6479285714285712,Moderate
9,1,6.4,69,43,52,35,40.7,3,4,1,6,12,-0.26666666666666666,-0.13675396825396813,0.020285714285714285,Low
5,10,5.4,66,22,169,46,40.1,3,5,1,1,65,3.6333333333333333,-0.11581746031746026,0.49835714285714283,Moderate
5,4,6.8,62,67,78,54,40.3,0,2,1,13,105,0.6,-0.40507142857142875,-0.05385714285714294,Low
19,5,8.4,75,50,156,83,45.6,3,9,3,8,103,3.2,0.31565079365079374,0.2201428571428571,High
5,3,6.8,79,52,97,44,39.4,3,3,1,7,93,1.2333333333333334,-0.22096825396825404,-0.004785714285714296,Low
1,4,7.1,73,72,73,47,51.8,4,6,1,11,94,0.43333333333333335,0.5141746031746031,0.3404285714285714,Low
6,12,7.6,66,39,115,28,35.0,0,11,3,3,35,1.8333333333333333,-0.3510317460317461,-0.003214285714285642,Moderate
7,5,6.6,82,56,52,32,38.9,2,5,2,12,136,-0.26666666666666666,-0.2520396825396826,-0.04014285714285712,Low
2,0,6.4,68,41,10,180,51.0,3,9,1,17,85,-1.6666666666666667,0.6664285714285715,0.3671428571428571,Moderate
7,0,6.1,66,37,44,65,42.1,3,2,1,7,42,-0.5333333333333333,-0.1118492063492063,0.03764285714285721,Low
1,21,5.8,67,52,118,46,50.4,4,4,1,1,55,1.9333333333333333,0.3786349206349206,0.5812857142857143,Moderate
2,3,7.6,79,63,54,37,44.7,0,4,1,3,15,-0.2,-0.1545317460317459,-0.06471428571428554,Low
9,7,8.2,90,36,27,66,54.2,0,4,0,15,41,-1.1,0.3051904761904764,0.04778571428571453,Moderate
9,4,7.3,76,49,65,55,46.0,3,12,0,3,23,0.16666666666666666,0.40968253968253976,0.2828571428571429,Low
4,8,8.6,62,23,61,25,40.5,6,11,0,7,180,0.03333333333333333,0.2931349206349206,-0.14821428571428563,Moderate
2,9,6.8,74,49,49,29,51.7,2,10,0,2,93,-0.36666666666666664,0.49919841269841286,0.4442142857142859,Moderate
3,5,6.9,61,73,33,90,45.1,4,12,1,4,180,-0.9,0.4747380952380953,0.24585714285714283,Low
10,10,7.2,74,48,13,51,36.5,4,8,0,20,12,-1.5666666666666667,-0.09845238095238096,-0.22892857142857143,Moderate
4,2,7.1,80,35,22,40,55.3,5,15,0,16,103,-1.2666666666666666,1.0519920634920632,0.5750714285714286,Moderate
5,4,6.1,70,49,64,180,58.0,5,6,0,18,34,0.13333333333333333,1.0076190476190476,0.6789285714285715,High
14,8,5.8,78,41,111,180,53.2,4,3,0,11,28,1.7,0.6178095238095239,0.6192142857142858,High
4,6,5.7,55,46,13,127,41.4,0,10,0,15,70,-1.5666666666666667,0.011253968253968183,0.2377142857142856,Low
6,6,8.5,98,60,35,65,50.9,2,3,2,0,53,-0.8333333333333334,0.25319841269841264,-0.11228571428571428,Low
2,3,7.4,85,39,46,141,35.0,3,8,1,6,55,-0.4666666666666667,-0.1326190476190476,-0.22642857142857148,Low
16,5,7.5,70,53,93,52,58.7,4,17,0,9,135,1.1,1.2230873015873018,0.8417142857142859,High
9,16,5.6,85,33,27,129,60.2,4,6,1,12,142,-1.1,0.9832857142857145,0.7399285714285716,High
3,2,7.1,82,41,180,21,35.0,2,11,0,4,11,4.0,-0.2254761904761905,0.24678571428571433,Moderate
1,5,5.7,67,36,60,77,39.7,2,7,1,3,8,0.0,-0.09461111111111098,0.21850000000000003,Low
6,4,6.6,64,50,14,56,35.0,4,5,0,3,156,-1.5333333333333334,-0.2675396825396825,-0.25214285714285706,Low
9,3,7.7,72,46,81,132,50.4,0,4,2,4,47,0.7,0.20752380952380942,0.1562857142857142,Moderate
1,3,7.8,87,37,53,60,51.6,3,7,0,5,47,-0.23333333333333334,0.4886666666666668,0.19050000000000009,Low
1,12,6.1,81,37,51,17,40.4,4,7,0,4,91,-0.3,0.0035555555555554785,0.14700000000000002,Low
5,17,6.0,67,34,40,63,54.9,4,2,0,8,63,-0.6666666666666666,0.5285952380952379,0.429142857142857,High
10,12,8.0,71,37,10,9,43.8,3,18,0,2,56,-1.6666666666666667,0.4738571428571427,0.12828571428571423,Low
10,1,6.5,68,28,65,87,58.5,5,7,0,5,151,0.16666666666666666,0.9625,0.655,High
6,6,7.0,72,29,165,18,49.5,7,8,1,13,36,3.5,0.6498809523809523,0.5760714285714286,High
2,4,6.0,86,61,80,43,52.5,0,10,1,5,62,0.6666666666666666,0.4174206349206349,0.6857142857142858,High
14,4,8.1,64,42,33,71,35.0,1,3,1,6,113,-0.9,-0.5223015873015873,-0.5242857142857142,Low
3,3,5.3,81,50,10,67,51.9,2,15,0,9,96,-1.6666666666666667,0.7289920634920635,0.7580714285714285,Moderate
13,11,6.8,55,48,48,48,50.2,2,1,1,14,19,-0.4,0.13138095238095254,0.13957142857142865,Moderate
5,10,8.2,59,68,149,43,56.6,5,5,2,3,73,2.966666666666667,0.7566825396825398,0.453357142857143,Moderate
4,1,5.7,68,58,59,36,47.6,4,12,1,3,6,-0.03333333333333333,0.5272380952380953,0.595857142857143,Low
11,0,7.3,74,33,129,26,39.0,0,3,0,19,70,2.3,-0.458968253968254,-0.024285714285714244,Moderate
1,4,6.0,55,30,37,147,38.6,0,5,1,8,86,-0.7666666666666667,-0.27109523809523806,0.018357142857142898,Low
3,5,5.8,69,36,31,41,45.6,6,4,1,4,43,-0.9666666666666667,0.29041269841269846,0.21978571428571436,Low
4,7,7.5,74,35,71,38,51.3,4,2,0,11,93,0.36666666666666664,0.33881746031746013,0.13614285714285707,Moderate
11,7,6.3,64,46,42,29,46.1,2,5,3,9,68,-0.6,0.06862698412698422,0.2033571428571429,Moderate
13,1,6.2,70,44,89,35,35.8,4,3,2,5,41,0.9666666666666667,-0.3263015873015874,-0.027785714285714413,Low
11,1,8.5,67,53,156,63,44.6,3,16,1,20,117,3.2,0.49842857142857144,0.3726428571428573,Moderate
1,6,7.3,63,27,59,149,55.7,4,3,0,8,43,-0.03333333333333333,0.6958650793650796,0.3017142857142858,Moderate
7,7,7.2,85,27,57,88,51.6,4,9,1,10,63,-0.1,0.6578730158730159,0.36264285714285716,Moderate
14,8,7.0,69,32,104,73,60.5,5,2,1,20,118,1.4666666666666666,0.858373015873016,0.582142857142857,High
7,0,6.3,78,32,93,80,40.9,3,2,1,4,66,1.1,-0.14918253968253972,0.08914285714285712,Low
16,4,6.2,55,45,66,27,49.0,5,6,0,13,180,0.2,0.4326190476190476,0.3964285714285714,High
4,6,8.4,83,52,52,51,40.1,4,3,1,19,78,-0.26666666666666666,-0.11502380952380946,-0.37628571428571433,Low
20,14,5.3,55,56,59,107,52.2,6,11,0,1,180,-0.03333333333333333,0.9107460317460317,0.7752857142857144,High
9,8,5.9,71,44,58,46,61.9,1,15,0,3,124,-0.06666666666666667,1.0889920634920633,1.0730714285714285,High
10,4,6.4,79,57,124,122,44.3,2,4,2,16,28,2.1333333333333333,0.055246031746031606,0.30828571428571416,Moderate
5,2,5.8,69,45,107,132,50.6,2,15,0,12,50,1.5666666666666667,0.7427142857142857,0.8740714285714286,Moderate
2,4,5.6,66,47,82,62,54.2,6,8,0,5,67,0.7333333333333333,0.8436031746031748,0.7545714285714287,Moderate
9,2,7.0,74,51,157,87,54.9,4,10,0,7,13,3.2333333333333334,0.8409761904761903,0.7752142857142856,High
8,10,8.1,81,28,92,86,51.1,7,6,2,16,105,1.0666666666666667,0.7260079365079365,0.19192857142857153,High
1,7,6.3,74,39,100,13,41.4,6,7,0,13,102,1.3333333333333333,0.1774444444444444,0.26449999999999996,Low
8,3,5.8,66,38,24,40,43.9,2,2,0,1,81,-1.2,-0.12529365079365087,0.09414285714285708,Low
2,7,6.6,73,27,68,12,35.0,3,7,2,12,9,0.26666666666666666,-0.31166666666666665,-0.05999999999999993,Low
10,5,6.7,67,19,12,30,53.2,4,3,0,5,107,-1.6,0.4511428571428573,0.21421428571428575,Moderate
2,1,5.8,67,38,19,99,44.1,3,8,0,3,180,-1.3666666666666667,0.23021428571428582,0.2590714285714287,Low
7,4,5.5,92,78,14,81,47.4,4,9,1,4,48,-1.5333333333333334,0.461095238095238,0.4266428571428571,Moderate
9,10,5.8,81,40,58,83,50.9,2,2,2,6,68,-0.06666666666666667,0.23748412698412694,0.389142857142857,Moderate
2,6,8.5,55,50,78,35,50.2,2,2,0,4,122,0.6,0.1526507936507938,-0.054357142857142784,Low
7,2,7.7,75,36,88,91,56.1,5,4,1,3,86,0.9333333333333333,0.7518015873015873,0.3447857142857142,Moderate
1,4,5.6,73,52,81,48,58.3,4,2,0,2,72,0.7,0.6649285714285713,0.7036428571428569,Low
10,7,6.8,81,48,52,78,45.9,4,12,1,2,77,-0.26666666666666666,0.4974047619047619,0.33485714285714285,Moderate
13,6,7.8,72,30,143,34,67.2,2,8,1,20,69,2.7666666666666666,1.1308253968253972,0.9120714285714288,High
10,4,7.3,89,59,87,40,55.6,2,15,0,4,29,0.9,0.8654920634920635,0.7115714285714285,High
2,9,5.5,82,53,35,41,47.4,3,2,0,8,50,-0.8333333333333334,0.09998412698412695,0.279142857142857,Low
6,5,7.5,56,45,33,72,46.3,1,6,4,3,80,-0.9,0.09445238095238082,0.005428571428571324,Low
9,6,6.6,55,61,7,51,50.3,3,4,2,19,75,-1.7666666666666666,0.3130238095238094,0.16078571428571428,Moderate
6,2,6.9,86,46,155,19,49.7,1,6,2,11,58,3.1666666666666665,0.1885634920634922,0.5174285714285715,Moderate
14,3,5.9,91,47,104,70,46.9,1,5,0,4,62,1.4666666666666666,0.08351587301587296,0.4523571428571427,Moderate
4,2,6.9,83,38,18,95,60.7,2,7,0,10,30,-1.4,0.870388888888889,0.5335000000000001,Moderate
11,3,6.3,86,51,83,43,40.2,1,1,2,3,31,0.7666666666666667,-0.3908412698412697,0.014571428571428686,Moderate
1,14,7.8,64,41,24,83,63.8,0,9,0,10,76,-1.2,0.9346507936507936,0.5411428571428573,High
16,8,5.7,66,24,128,61,37.6,3,13,4,3,35,2.2666666666666666,0.07406349206349211,0.49692857142857144,High
8,12,7.4,76,29,53,121,62.1,4,2,0,12,54,-0.23333333333333334,0.9170396825396827,0.43264285714285694,High
9,2,6.6,86,54,39,51,38.2,3,13,1,4,75,-0.7,0.08995238095238106,0.1349285714285716,Low
10,3,8.2,72,56,42,27,40.4,2,2,1,7,9,-0.6,-0.2972380952380953,-0.38585714285714273,Low
12,5,7.6,81,23,38,53,35.0,7,1,0,1,52,-0.7333333333333333,-0.21373015873015871,-0.4814285714285713,Low
6,1,8.0,81,33,180,36,55.4,6,1,0,17,103,4.0,0.6187142857142858,0.4155714285714285,High
2,7,4.9,78,47,83,94,40.7,3,8,0,20,50,0.7666666666666667,0.07165873015873028,0.4745714285714286,Moderate
10,1,8.0,74,46,180,115,56.7,5,3,0,15,53,4.0,0.7697539682539684,0.5117142857142858,High
8,2,4.2,79,45,53,108,46.6,4,6,1,3,148,-0.23333333333333334,0.34795238095238107,0.6419285714285714,Moderate
4,8,6.2,73,22,81,22,50.6,3,5,0,3,81,0.7,0.33001587301587304,0.4533571428571428,Low
18,2,5.8,79,33,69,17,40.8,4,6,0,10,102,0.3,-0.014158730158730287,0.22792857142857134,Moderate
8,2,6.4,71,39,95,41,51.9,5,7,0,7,130,1.1666666666666667,0.6143888888888889,0.5494999999999999,High
4,10,6.3,71,48,169,61,53.6,0,4,0,7,67,3.6333333333333333,0.27263492063492073,0.7172857142857143,High
3,1,7.4,84,30,49,63,52.5,4,3,1,20,64,-0.36666666666666664,0.45630952380952383,0.16321428571428567,Moderate
7,8,7.5,73,29,61,30,38.6,4,7,2,4,65,0.03333333333333333,-0.06299999999999993,-0.12699999999999995,Moderate
9,12,5.7,72,45,180,73,36.3,5,13,1,5,25,4.0,0.16223015873015859,0.5879285714285714,High
6,5,6.2,69,53,46,59,48.4,5,14,1,5,69,-0.4666666666666667,0.7268888888888889,0.5569999999999998,Moderate
2,2,7.1,91,62,101,66,49.1,2,1,1,7,78,1.3666666666666667,0.10188095238095249,0.1865714285714286,Low
3,6,7.4,84,27,89,116,63.1,2,10,1,2,89,0.9666666666666667,1.1088650793650796,0.7812142857142856,High
11,3,6.5,91,32,25,19,39.9,3,2,1,5,48,-1.1666666666666667,-0.26196031746031756,-0.14585714285714294,Low
2,4,6.2,75,29,90,80,39.5,5,0,0,15,52,1.0,-0.15027777777777776,-5.551115123125783e-17,Low
2,1,7.6,71,38,19,99,46.8,1,12,0,14,89,-1.3666666666666667,0.36123809523809514,0.13935714285714285,Low
14,10,8.2,75,29,54,49,41.4,4,7,1,10,19,-0.2,0.08411111111111104,-0.18299999999999988,Moderate
2,4,6.4,71,41,16,72,49.9,8,9,0,6,15,-1.4666666666666666,0.8302619047619046,0.34914285714285703,Low
6,7,7.8,81,48,10,58,36.8,2,4,1,1,17,-1.6666666666666667,-0.3533650793650795,-0.44671428571428573,Low
5,9,6.9,83,33,110,74,46.6,1,10,1,10,66,1.6666666666666667,0.2530317460317461,0.42621428571428566,Moderate
8,3,8.2,70,55,110,17,50.2,2,7,0,4,54,1.6666666666666667,0.31122222222222234,0.2210000000000002,Low
4,7,6.8,62,37,54,30,53.0,2,14,0,5,70,-0.2,0.7016666666666668,0.61,Moderate
14,5,7.6,66,47,110,65,36.9,4,13,1,14,18,1.6666666666666667,0.11367460317460311,0.09842857142857148,Moderate
11,5,5.4,77,56,27,81,44.1,3,2,2,9,142,-1.1,-0.004071428571428497,0.1776428571428571,Moderate
8,7,4.7,86,36,36,52,51.9,3,9,0,4,26,-0.8,0.5647063492063491,0.7566428571428572,Moderate
3,16,7.5,75,39,88,82,46.6,2,2,0,3,40,0.9333333333333333,0.04287301587301598,0.03764285714285716,Low
4,17,7.3,70,37,133,83,50.7,6,3,0,13,140,2.433333333333333,0.5308650793650797,0.33671428571428574,High
2,6,5.5,75,66,48,47,59.7,5,8,0,1,48,-0.4,1.0077698412698415,0.8520714285714286,High
12,5,6.8,61,52,61,58,35.0,4,9,0,4,145,0.03333333333333333,-0.12246031746031746,-0.05535714285714282,Moderate
4,8,7.1,93,41,4,45,56.2,5,11,1,13,171,-1.8666666666666667,0.9551904761904764,0.44278571428571445,High
5,11,6.7,67,64,28,107,53.1,1,2,0,10,142,-1.0666666666666667,0.296484126984127,0.2226428571428571,Moderate
4,4,6.5,68,50,80,10,40.1,4,8,1,7,180,0.6666666666666666,0.017992063492063545,0.1690714285714286,Low
16,15,6.5,75,43,167,8,47.8,2,8,1,4,37,3.566666666666667,0.2289365079365078,0.6175714285714284,High
9,3,7.0,55,19,94,100,41.5,2,13,1,15,35,1.1333333333333333,0.2262301587301587,0.3014285714285714,Moderate
9,16,6.8,79,33,180,32,51.8,2,10,1,9,55,4.0,0.507031746031746,0.7747142857142857,High
3,1,7.0,96,31,106,34,47.7,4,4,0,10,28,1.5333333333333334,0.2438015873015874,0.26028571428571434,Moderate
1,4,6.2,86,26,29,80,35.0,3,10,1,2,31,-1.0333333333333334,-0.12896825396825398,-0.001785714285714321,Low
4,8,6.5,80,21,56,92,54.0,3,1,0,9,96,-0.13333333333333333,0.41793650793650794,0.3260714285714285,Moderate
11,12,7.1,63,32,71,94,50.1,5,3,1,12,26,0.36666666666666664,0.449420634920635,0.19871428571428582,Moderate
3,5,6.3,61,34,37,50,43.5,1,12,1,4,9,-0.7666666666666667,0.1582936507936508,0.31285714285714294,Low
14,1,6.1,60,37,30,141,50.0,4,7,1,4,26,-1.0,0.5733333333333334,0.3825,Moderate
4,6,6.3,72,45,50,32,46.2,3,5,0,10,56,-0.3333333333333333,0.14312698412698427,0.22635714285714295,Low
15,1,7.9,75,52,101,61,42.0,5,4,0,19,17,1.3666666666666667,0.08396825396825397,-0.08071428571428578,Moderate
8,8,7.5,69,23,44,56,47.4,4,16,0,7,90,-0.5333333333333333,0.6833174603174602,0.35164285714285715,Moderate
17,5,7.4,74,48,21,40,47.5,6,11,0,5,49,-1.3,0.6248015873015873,0.17178571428571418,Low
6,1,7.7,70,50,34,129,39.7,4,7,2,17,12,-0.8666666666666667,0.09650000000000013,-0.19649999999999995,Low
8,1,6.3,69,39,93,72,60.0,1,2,1,14,114,1.1,0.5680952380952381,0.6621428571428571,Moderate
5,2,7.8,82,41,73,88,35.6,3,2,1,4,17,0.43333333333333335,-0.37879365079365074,-0.38235714285714284,Low
5,5,6.7,62,53,118,29,47.1,4,4,1,8,131,1.9333333333333333,0.21124603174603185,0.3247857142857143,Low
3,7,6.2,66,30,77,79,42.4,3,1,0,3,54,0.5666666666666667,-0.11850793650793656,0.08307142857142848,Low
2,1,6.1,82,24,51,180,48.2,5,5,1,11,64,-0.3,0.5309047619047621,0.32385714285714295,High
3,4,8.6,72,28,61,180,56.3,5,8,0,4,9,0.03333333333333333,1.0025476190476188,0.24007142857142855,Moderate
3,9,5.2,76,48,28,180,60.3,4,8,0,9,90,-1.0666666666666667,1.1158809523809525,0.8725714285714284,Moderate
4,6,9.0,62,42,106,112,47.3,1,6,0,8,11,1.5333333333333334,0.18389682539682528,-0.04457142857142864,Moderate
8,6,6.0,68,38,164,11,53.7,2,9,1,7,83,3.466666666666667,0.5334841269841271,0.9031428571428572,Moderate
3,10,5.5,69,60,180,61,45.4,3,3,0,9,161,4.0,0.06792063492063483,0.6102142857142856,Moderate
3,5,7.4,68,48,35,51,56.5,3,4,0,8,21,-0.8333333333333334,0.5920238095238095,0.2767857142857142,Moderate
7,9,7.3,62,37,28,19,41.3,2,4,1,11,14,-1.0666666666666667,-0.19419841269841281,-0.17921428571428577,Low
19,9,6.9,69,25,180,61,41.4,1,5,0,3,85,4.0,-0.17398412698412705,0.3023571428571427,High
9,8,7.0,68,55,111,95,35.5,2,2,1,1,88,1.7,-0.44218253968253973,-0.1503571428571429,Moderate
7,9,7.5,63,51,71,11,44.5,4,3,2,9,94,0.36666666666666664,0.03853174603174603,-0.03928571428571427,Low
7,8,6.0,77,56,146,62,50.0,4,1,1,6,29,2.8666666666666667,0.2712698412698413,0.5185714285714286,Moderate
1,5,8.1,88,55,35,115,51.2,0,7,0,8,100,-0.8333333333333334,0.3317777777777779,0.08100000000000016,Low
2,11,7.0,74,48,84,141,45.1,2,19,0,13,36,0.8,0.6480714285714286,0.5558571428571428,Moderate
4,5,6.7,73,44,75,81,62.0,8,14,0,9,17,0.5,1.5633333333333335,0.9500000000000001,High
12,4,4.9,75,49,36,105,47.8,3,4,0,8,24,-0.8,0.2605238095238094,0.45578571428571407,Moderate
8,5,8.1,75,41,180,50,45.4,2,3,3,14,50,4.0,-0.010968253968254064,0.15521428571428575,Moderate
3,2,7.4,72,42,88,100,50.6,2,10,0,12,42,0.9333333333333333,0.5285873015873016,0.40371428571428564,Moderate
1,10,6.9,85,44,47,76,44.9,5,12,0,12,37,-0.43333333333333335,0.5168492063492063,0.2748571428571428,Low
16,4,4.8,84,64,110,30,55.3,5,6,1,3,60,1.6666666666666667,0.7194523809523808,0.9404285714285713,High
5,9,7.0,55,64,28,45,35.8,2,5,1,7,110,-1.0666666666666667,-0.3770952380952382,-0.26314285714285723,Low
10,2,8.4,84,44,65,50,35.0,1,14,1,3,70,0.16666666666666666,-0.1527777777777778,-0.1825,Low
5,2,6.7,69,28,29,18,51.9,5,7,0,10,72,-1.0333333333333334,0.5888333333333333,0.33199999999999996,Moderate
6,9,6.7,68,24,27,86,39.5,5,2,0,9,48,-1.1,-0.0721825396825397,-0.18785714285714292,Low
5,5,5.8,56,24,50,107,51.6,5,2,0,8,123,-0.3333333333333333,0.49565079365079373,0.3901428571428571,Moderate
9,7,7.2,84,43,31,97,48.7,3,8,0,10,22,-0.9666666666666667,0.43499206349206365,0.1820714285714286,Low
11,6,8.2,72,22,125,77,40.7,2,8,0,12,41,2.1666666666666665,-0.013896825396825265,0.0020714285714287795,Moderate
5,9,7.0,93,55,32,79,46.1,1,15,2,4,52,-0.9333333333333333,0.4146587301587302,0.3415714285714286,Moderate
2,6,6.6,62,56,46,24,37.6,3,6,0,9,27,-0.4666666666666667,-0.21704761904761896,-0.06557142857142846,Low
5,6,6.1,67,19,154,11,53.1,5,14,0,2,63,3.1333333333333333,0.8850555555555555,0.9855000000000002,High
7,2,6.1,66,38,58,67,41.1,5,5,0,20,97,-0.06666666666666667,0.08584920634920643,0.12835714285714298,Low
1,1,7.2,97,45,48,42,54.5,6,16,2,8,92,-0.4,1.1205952380952382,0.6271428571428571,High
13,2,5.8,82,37,28,90,45.7,3,4,1,1,5,-1.0666666666666667,0.14935714285714297,0.21528571428571436,Low
13,1,6.3,73,54,155,28,55.6,4,2,0,10,67,3.1666666666666665,0.5212063492063492,0.685142857142857,High
15,4,7.1,70,43,13,61,38.6,3,5,0,9,17,-1.5666666666666667,-0.16665079365079358,-0.234142857142857,Low
3,2,7.4,76,49,120,39,52.0,5,3,2,0,9,2.0,0.4738095238095239,0.3257142857142856,Low
6,4,8.1,77,38,113,41,51.7,0,3,0,10,99,1.7666666666666666,0.1291984126984129,0.17671428571428588,Moderate
9,3,5.1,73,41,84,138,51.4,4,9,0,5,32,0.8,0.7044285714285714,0.7916428571428571,High
3,7,6.4,57,35,79,56,43.5,5,13,0,5,56,0.6333333333333333,0.4673412698412698,0.4289285714285713,Low
13,6,6.7,66,51,156,22,54.5,2,6,0,2,62,3.2,0.4745634920634921,0.6989285714285713,High
14,11,7.4,76,50,8,64,43.5,1,1,0,5,24,-1.7333333333333334,-0.21900793650793648,-0.2664285714285715,Low
8,3,5.1,88,60,29,9,42.5,3,11,0,11,117,-1.0333333333333334,0.1653571428571428,0.4442857142857143,Moderate
3,2,7.2,83,65,180,13,47.4,4,2,0,8,67,4.0,0.1355396825396825,0.34414285714285703,Moderate
21,1,6.1,84,25,10,58,58.6,4,0,0,7,5,-1.6666666666666667,0.6181111111111112,0.39050000000000007,High
7,5,7.8,55,39,55,24,43.1,6,7,3,9,79,-0.16666666666666666,0.2661666666666668,-0.059499999999999914,Low
18,7,7.5,66,33,97,82,40.2,6,10,0,11,41,1.2333333333333334,0.3072539682539684,0.09671428571428581,Moderate
18,1,5.4,59,28,139,13,42.3,2,7,0,10,11,2.6333333333333333,-0.04872222222222235,0.5464999999999998,Moderate
9,2,7.1,56,57,102,43,51.7,4,3,1,3,58,1.4,0.39808730158730177,0.32421428571428584,Moderate
3,7,6.3,71,53,29,76,46.6,4,3,0,20,70,-1.0333333333333334,0.20525396825396836,0.12871428571428578,Low
7,10,7.1,73,41,46,160,54.6,1,11,1,11,72,-0.4666666666666667,0.7443015873015875,0.49978571428571444,High
4,7,6.0,75,34,25,147,57.2,4,6,2,4,88,-1.1666666666666667,0.8682857142857144,0.5749285714285715,High
12,3,6.8,66,52,48,79,64.3,3,12,0,6,180,-0.4,1.2598492063492064,0.8768571428571428,High
8,4,6.1,74,52,114,10,42.3,5,3,2,4,43,1.8,0.00508730158730146,0.24721428571428572,Low
4,3,7.6,76,25,19,43,45.1,3,0,0,12,87,-1.3666666666666667,-0.07272222222222216,-0.2544999999999999,Low
5,5,6.3,72,56,129,57,53.4,3,2,0,3,8,2.3,0.3877619047619047,0.554142857142857,Moderate
3,9,6.1,67,68,180,74,45.8,3,17,0,5,32,4.0,0.6003650793650793,0.9172142857142858,Moderate
13,4,8.9,75,42,180,43,51.1,7,8,3,5,47,4.0,0.7496587301587301,0.32907142857142857,High
3,11,7.3,75,61,48,95,48.7,2,1,0,12,91,-0.4,0.1161031746031748,0.007071428571428673,Low
9,16,6.9,84,36,180,13,59.5,2,8,0,9,7,4.0,0.7609920634920635,0.9310714285714285,High
2,7,4.9,66,52,22,60,43.6,5,1,0,9,69,-1.2666666666666666,0.047714285714285785,0.20907142857142857,Low
4,8,7.2,74,72,136,32,55.4,5,4,2,12,32,2.533333333333333,0.6547460317460317,0.5312857142857141,High
1,2,7.7,85,28,58,8,54.1,4,11,2,3,31,-0.06666666666666667,0.7529126984126984,0.40978571428571425,Moderate
4,7,6.0,85,55,78,67,43.6,4,1,1,12,31,0.6,-0.011174603174603087,0.15657142857142858,Moderate
13,0,7.6,69,65,75,135,49.1,4,6,0,10,180,0.5,0.49045238095238103,0.17692857142857152,Low
2,4,6.2,62,59,180,167,35.0,4,4,0,7,76,4.0,-0.17992063492063493,0.20428571428571424,Moderate
15,5,6.1,76,44,31,80,44.1,1,10,1,4,10,-0.9666666666666667,0.1471984126984128,0.2937142857142858,Low
3,5,7.0,86,50,90,51,45.2,2,0,1,20,51,1.0,-0.1259999999999999,0.03100000000000004,Low
16,5,7.5,90,52,80,27,35.0,6,3,1,16,32,0.6666666666666666,-0.23785714285714282,-0.30178571428571427,Moderate
8,1,7.3,75,44,92,60,56.1,2,5,0,6,159,1.0666666666666667,0.5530714285714287,0.45335714285714285,Moderate
12,7,6.1,83,51,25,61,35.0,5,1,0,5,25,-1.1666666666666667,-0.3381746031746032,-0.2514285714285714,Moderate
1,21,7.5,84,60,46,73,38.8,6,3,2,6,44,-0.4666666666666667,-0.01574603174603186,-0.27278571428571435,Moderate
14,1,6.7,60,27,49,45,50.9,2,21,0,2,94,-0.36666666666666664,0.8738333333333332,0.752,High
7,4,6.5,80,12,57,63,53.5,2,15,2,6,170,-0.1,0.7965476190476191,0.7135714285714286,High
15,11,6.9,65,39,17,66,45.6,3,2,1,7,44,-1.4333333333333333,0.04676190476190481,-0.0648571428571429,Moderate
4,2,6.6,64,45,24,34,60.1,0,3,1,4,45,-1.2,0.4994206349206351,0.46871428571428586,Low
3,3,5.6,77,37,84,64,46.6,0,7,0,15,119,0.8,0.0681111111111112,0.5030000000000001,Low
5,5,8.6,72,32,110,33,55.6,0,6,0,13,47,1.6666666666666667,0.40295238095238095,0.2844285714285715,Moderate
13,2,5.3,67,40,51,20,51.7,4,4,0,9,55,-0.3,0.4082460317460319,0.5402857142857144,Moderate
5,9,6.3,75,53,81,75,36.2,5,3,0,5,168,0.7,-0.19719047619047606,-0.053285714285714166,Moderate
6,4,6.5,78,39,151,51,47.6,6,6,0,5,43,3.033333333333333,0.462952380952381,0.5144285714285715,Moderate
5,3,8.3,76,58,22,45,47.2,2,10,3,9,73,-1.2666666666666666,0.31447619047619063,-0.02078571428571431,Low
2,6,8.0,82,45,20,7,54.3,3,3,1,3,2,-1.3333333333333333,0.40842063492063474,0.03971428571428563,Low
1,5,7.4,71,52,22,57,47.5,4,3,2,13,14,-1.2666666666666666,0.22464285714285714,-0.054285714285714354,Low
5,15,6.5,60,38,57,32,35.0,3,2,3,5,47,-0.1,-0.46801587301587305,-0.21285714285714288,Low
2,1,5.1,82,44,40,61,48.8,5,2,1,6,74,-0.6666666666666666,0.3185396825396824,0.403642857142857,Low
1,4,6.6,76,56,61,180,45.1,7,9,2,1,180,0.03333333333333333,0.6675952380952381,0.28264285714285725,Low
3,3,7.4,59,33,28,108,48.9,1,2,0,20,55,-1.0666666666666667,0.10859523809523809,-0.02585714285714298,Low
3,0,6.6,75,48,19,133,35.7,3,5,0,2,34,-1.3666666666666667,-0.2171507936507935,-0.21864285714285697,Low
3,2,5.8,78,31,31,32,43.4,1,9,0,3,103,-0.9666666666666667,0.026650793650793578,0.2966428571428571,Low
0,18,6.0,69,26,34,104,51.9,3,3,0,4,127,-0.8666666666666667,0.40819841269841267,0.35271428571428576,High
9,3,6.1,64,44,36,43,50.8,4,5,1,4,9,-0.8,0.4290158730158729,0.36435714285714277,Low
13,10,5.4,65,49,12,69,37.9,4,3,0,1,70,-1.6,-0.19402380952380957,-0.017285714285714418,Moderate
1,9,6.9,71,38,21,142,46.5,6,6,1,5,38,-1.3,0.5145634920634922,0.08642857142857135,Low
2,9,4.7,69,46,29,93,51.0,6,21,0,10,56,-1.0333333333333334,1.1983333333333335,1.055,High
3,12,5.6,87,39,123,17,55.2,5,4,1,15,48,2.1,0.6290793650793652,0.7727857142857143,High
7,7,7.0,73,44,21,38,51.1,3,7,2,12,13,-1.3,0.4417222222222223,0.23550000000000001,Low
5,3,7.0,80,63,19,91,61.1,2,4,1,12,62,-1.3666666666666667,0.7768015873015874,0.4447857142857144,Moderate
8,3,7.3,70,31,15,61,35.0,2,2,1,5,63,-1.5,-0.5024603174603175,-0.4578571428571428,Low
27,6,6.7,65,50,61,46,59.4,1,5,0,4,27,0.03333333333333333,0.6193492063492064,0.5798571428571427,High
7,17,7.0,60,38,89,57,46.2,8,6,1,3,56,0.9666666666666667,0.5399523809523812,0.22992857142857148,Moderate
11,5,6.9,59,54,89,63,42.7,3,4,1,17,105,0.9666666666666667,-0.015642857142857,0.0852857142857143,Moderate
6,2,8.1,55,48,67,67,53.4,2,21,1,10,29,0.23333333333333334,1.0107777777777778,0.627,High
9,7,7.6,73,36,94,54,54.0,4,14,0,4,180,1.1333333333333333,0.9066666666666666,0.6000000000000001,High
4,6,6.8,67,43,33,27,51.5,5,2,0,1,91,-0.9,0.40226190476190465,0.16964285714285712,Low
5,3,6.7,63,46,60,77,56.0,7,2,1,1,174,0.0,0.7936507936507937,0.38964285714285707,Low
14,3,5.8,71,51,19,71,35.3,1,6,0,5,44,-1.3666666666666667,-0.40165873015873027,-0.06207142857142864,Low
7,2,6.0,80,60,146,37,48.7,1,5,1,2,89,2.8666666666666667,0.12784920634920655,0.5938571428571429,Moderate
3,5,6.0,66,31,94,85,49.9,1,11,0,6,25,1.1333333333333333,0.4494682539682539,0.6712857142857142,Moderate
1,5,6.1,72,42,51,85,53.0,1,9,0,2,10,-0.3,0.5175396825396826,0.5821428571428573,Low
6,1,6.4,74,35,81,180,37.5,1,6,2,3,80,0.7,-0.18154761904761904,0.053928571428571354,Low
5,14,5.3,76,51,116,50,37.6,3,2,0,11,109,1.8666666666666667,-0.33101587301587293,0.22264285714285714,Moderate
10,12,6.3,86,45,102,123,42.9,6,2,1,13,21,1.4,0.18859523809523804,0.1716428571428571,Moderate
5,14,8.2,67,51,40,27,48.8,3,7,1,6,68,-0.6666666666666666,0.32599999999999985,0.004000000000000052,Low
16,6,7.2,56,31,180,93,50.9,4,1,1,11,26,4.0,0.34621428571428564,0.4205714285714285,High
6,3,5.9,81,43,50,18,48.7,0,4,1,7,115,-0.3333333333333333,0.004357142857143018,0.34278571428571425,Low
7,1,5.3,85,41,85,38,55.5,3,3,1,7,70,0.8333333333333334,0.49686507936507945,0.7107142857142856,Moderate
2,11,5.3,63,56,55,89,54.1,5,2,0,15,52,-0.16666666666666666,0.5881507936507937,0.5651428571428572,Moderate
9,3,7.9,76,23,41,11,53.3,2,9,2,7,58,-0.6333333333333333,0.5154841269841268,0.25114285714285695,Moderate
3,2,7.0,62,60,56,53,59.1,1,4,0,15,9,-0.13333333333333333,0.5779126984126985,0.4772857142857143,Moderate
5,7,6.9,55,41,7,148,44.7,5,5,1,5,49,-1.7666666666666666,0.3378492063492065,-0.031142857142857083,Low
2,5,6.3,94,45,64,36,41.5,3,5,1,7,44,0.13333333333333333,-0.06392857142857142,0.1203571428571429,Low
9,9,7.4,84,59,9,43,45.9,0,6,1,13,77,-1.7,-0.02243650793650799,-0.04907142857142867,Moderate
7,6,5.5,78,37,80,35,46.4,4,7,2,10,160,0.6666666666666666,0.2935555555555555,0.5045,High
6,14,6.1,87,47,16,127,39.9,2,4,1,18,11,-1.4666666666666666,-0.13719841269841276,-0.041214285714285676,Moderate
10,2,7.5,76,34,72,51,52.3,0,4,1,5,52,0.4,0.20302380952380938,0.22578571428571426,Moderate
20,2,7.0,63,32,28,172,52.9,3,3,3,8,107,-1.0666666666666667,0.5287539682539681,0.19271428571428567,High
10,3,8.0,70,60,17,12,49.3,5,8,0,8,65,-1.4333333333333333,0.5008809523809522,0.02507142857142851,Moderate
13,4,5.1,66,39,28,131,53.0,7,4,3,6,126,-1.0666666666666667,0.7900793650793653,0.5567857142857143,High
2,6,6.8,68,30,25,121,42.0,2,2,1,7,19,-1.1666666666666667,-0.12079365079365079,-0.13535714285714284,Low
4,4,6.8,59,39,59,23,47.0,4,11,2,17,68,-0.03333333333333333,0.4500793650793651,0.3567857142857143,Low
14,6,5.7,80,36,90,51,40.2,6,4,0,1,77,1.0,0.05852380952380966,0.2227857142857143,High
10,5,7.0,64,38,18,147,54.3,6,3,3,12,19,-1.4,0.7639761904761905,0.20971428571428563,High
3,8,5.4,72,60,126,180,49.6,3,5,0,5,90,2.2,0.46057142857142863,0.6758571428571428,Moderate
13,6,6.0,81,55,43,24,45.3,2,5,0,12,78,-0.5666666666666667,0.02707142857142847,0.2343571428571427,Moderate
10,11,7.4,82,37,9,36,47.2,6,18,1,6,84,-1.7,0.856857142857143,0.3327857142857143,High
11,21,5.4,76,16,27,32,43.6,6,5,1,3,53,-1.1,0.22612698412698423,0.24835714285714278,Moderate
7,4,6.2,68,21,82,74,57.2,7,6,3,20,12,0.7333333333333333,0.9871746031746033,0.6824285714285714,High
6,9,7.0,79,43,74,29,55.4,5,2,0,8,58,0.4666666666666667,0.5799841269841268,0.35414285714285704,Moderate
8,8,8.0,55,54,56,82,35.0,7,6,0,4,81,-0.13333333333333333,-0.0029365079365079438,-0.36357142857142855,Low
2,2,8.5,71,25,74,142,49.3,2,3,1,6,156,0.4666666666666667,0.26675396825396813,-0.06278571428571433,Low
11,15,5.9,59,46,10,86,53.2,5,2,0,4,14,-1.6666666666666667,0.5443174603174604,0.3206428571428571,Moderate
1,8,7.0,67,56,53,68,48.1,4,2,0,19,21,-0.23333333333333334,0.22815079365079377,0.08264285714285717,Low
4,2,6.6,66,45,20,156,45.2,5,7,0,6,30,-1.3333333333333333,0.44066666666666676,0.1260000000000001,Low
4,5,6.6,64,35,102,14,55.9,6,10,0,6,76,1.4,0.9381984126984128,0.7377142857142857,Moderate
4,9,7.8,66,48,40,121,66.5,2,4,1,17,10,-0.6666666666666666,1.0531349206349205,0.5192857142857142,High
9,11,7.1,60,30,122,68,51.0,6,6,3,11,73,2.066666666666667,0.6348412698412699,0.43892857142857145,High
9,4,8.4,72,22,68,86,57.5,1,1,0,11,101,0.26666666666666666,0.43543650793650795,0.12857142857142853,High
3,1,8.7,55,53,70,36,70.0,1,13,1,0,82,0.3333333333333333,1.370952380952381,0.7989285714285715,Moderate
6,3,8.2,77,43,49,18,54.6,1,10,1,17,180,-0.36666666666666664,0.5508095238095239,0.286214285714286,Moderate
5,2,7.9,74,45,64,49,41.3,4,5,0,6,167,0.13333333333333333,0.008182539682539555,-0.16564285714285726,Low
15,8,6.9,75,41,39,55,39.8,2,11,0,3,180,-0.7,0.02830158730158716,0.07328571428571415,Moderate
4,8,6.4,80,60,25,42,41.2,3,5,2,10,151,-1.1666666666666667,-0.07076190476190464,-0.0036428571428571282,Moderate
5,2,5.9,76,27,150,11,67.2,4,2,0,4,53,3.0,1.0243174603174605,1.090642857142857,High
7,7,8.2,71,29,29,61,45.2,3,8,0,7,54,-1.0333333333333334,0.23749206349206362,-0.10292857142857123,Low
6,7,7.5,73,35,57,38,51.3,3,5,1,5,37,-0.1,0.3792936507936507,0.1868571428571428,Low
9,1,6.8,65,65,77,86,45.6,5,2,1,6,15,0.5666666666666667,0.2023174603174604,0.10264285714285719,Low
3,3,6.1,57,51,48,22,49.0,3,4,2,0,15,-0.4,0.22230158730158733,0.31178571428571433,Low
4,10,4.2,84,40,53,126,47.7,3,3,1,5,180,-0.23333333333333334,0.2436428571428573,0.5892142857142857,Moderate
14,5,6.8,64,60,89,59,41.7,3,5,2,3,52,0.9666666666666667,-0.02937301587301573,0.10135714285714298,Moderate
4,3,7.3,73,51,36,68,50.9,2,2,1,2,62,-0.8,0.22081746031746027,0.07164285714285709,Low
15,5,5.2,82,50,46,180,60.6,3,6,0,0,160,-0.4666666666666667,0.9912857142857143,0.8694285714285713,High
6,2,7.7,75,42,120,53,59.3,2,8,3,15,147,2.0,0.7964365079365079,0.6350714285714284,High
2,2,6.6,85,37,26,125,42.4,4,15,0,9,48,-1.1333333333333333,0.4992698412698412,0.2855714285714286,Moderate
9,2,7.8,71,64,125,118,62.2,2,11,1,11,61,2.1666666666666665,1.1063015873015873,0.8027857142857143,High
8,11,6.2,65,37,61,19,65.0,2,13,2,5,76,0.03333333333333333,1.1937301587301588,1.0639285714285713,High
2,13,7.5,80,29,78,87,49.9,2,4,2,2,17,0.6,0.2683571428571428,0.1687857142857142,Moderate
5,11,7.0,78,52,30,146,45.6,8,16,2,6,40,-1.0,0.9689841269841271,0.3501428571428572,Moderate
1,8,7.5,92,39,32,171,35.0,4,8,1,6,17,-0.9333333333333333,-0.0326190476190476,-0.2789285714285714,Low
2,3,6.5,85,27,36,32,54.2,3,5,0,6,16,-0.8,0.5031269841269844,0.3963571428571429,Moderate
14,2,7.4,80,29,75,11,51.7,3,5,0,19,25,0.5,0.367293650793651,0.2613571428571429,Low
2,12,6.9,68,76,63,76,46.2,1,7,0,15,44,0.1,0.13011111111111126,0.21100000000000002,Low
8,4,7.8,75,52,46,56,40.7,2,5,1,12,5,-0.4666666666666667,-0.14437301587301574,-0.21114285714285702,Low
6,12,5.1,77,35,46,4,42.5,3,3,1,6,77,-0.4666666666666667,-0.12591269841269842,0.2582142857142858,Moderate
2,7,5.9,62,54,64,72,52.0,7,6,0,8,30,0.13333333333333333,0.7509523809523809,0.5339285714285713,Moderate
4,1,6.9,65,40,14,24,45.3,2,2,1,6,87,-1.5333333333333334,-0.08007142857142868,-0.08135714285714306,Low
11,7,6.0,81,43,63,60,44.6,2,4,0,17,180,0.1,-0.0001428571428570488,0.23478571428571435,Moderate
23,4,6.0,67,21,13,18,49.9,4,8,1,14,77,-1.5666666666666667,0.46788095238095234,0.38307142857142845,High
10,5,7.0,70,46,15,19,35.0,0,7,1,12,114,-1.5,-0.5038888888888889,-0.26249999999999996,Low
6,15,8.1,65,55,70,92,45.4,3,10,2,2,51,0.3333333333333333,0.35236507936507927,0.08021428571428574,Moderate
5,6,7.8,80,27,79,30,35.0,2,3,0,4,28,0.6333333333333333,-0.5011904761904762,-0.3567857142857142,Low
2,14,7.3,85,32,77,24,37.8,3,12,1,7,40,0.5666666666666667,0.006238095238095112,0.06685714285714282,Moderate
5,4,6.3,79,45,89,180,39.2,7,4,1,8,15,0.9666666666666667,0.22352380952380968,0.0852857142857144,Moderate
3,4,6.8,78,44,13,30,44.3,3,4,0,6,36,-1.5666666666666667,0.019690476190476064,-0.03921428571428576,Low
10,5,8.9,67,61,25,85,52.1,4,6,1,2,2,-1.1666666666666667,0.5698968253968255,-0.08557142857142855,Moderate
6,2,6.7,69,33,41,75,41.8,1,4,2,1,7,-0.6333333333333333,-0.17614285714285727,-0.026714285714285836,Low
3,3,7.2,71,38,48,20,42.4,2,8,1,16,31,-0.4,-0.0007301587301588031,0.03557142857142849,Low
8,2,8.5,79,61,133,49,52.6,4,7,0,11,24,2.433333333333333,0.5881111111111113,0.29800000000000004,Low
3,4,5.6,69,49,50,130,39.2,4,5,0,6,47,-0.3333333333333333,0.003682539682539815,0.138857142857143,Low
2,2,6.6,68,51,37,65,45.2,3,1,1,11,74,-0.7666666666666667,-0.008063492063491929,-0.002928571428571315,Low
14,2,5.2,90,46,114,45,59.6,3,12,1,12,50,1.8,1.0105714285714287,1.1808571428571428,High
1,3,8.4,80,43,103,132,46.2,2,4,0,7,89,1.4333333333333333,0.15185714285714302,-0.037214285714285686,Low
8,3,8.0,80,40,118,91,43.6,6,3,0,6,59,1.9333333333333333,0.22025396825396837,-0.03628571428571423,Moderate
22,6,7.7,88,29,68,45,54.3,5,6,2,3,51,0.26666666666666666,0.6911190476190474,0.2979285714285713,High
17,5,8.0,62,31,6,68,35.0,4,5,0,8,9,-1.8,-0.2542063492063492,-0.5171428571428571,Low
4,13,8.1,77,43,49,13,35.0,4,5,0,4,86,-0.36666666666666664,-0.31531746031746033,-0.42714285714285705,Low
7,6,6.4,79,44,153,15,35.7,5,7,0,4,63,3.1,-0.14349999999999988,0.2085,Low
6,2,6.9,79,62,10,22,61.3,4,11,1,4,53,-1.6666666666666667,1.092468253968254,0.6457857142857142,Moderate
11,9,5.1,55,36,80,36,41.0,3,8,2,7,16,0.6666666666666666,0.020714285714285713,0.4410714285714286,High
12,3,7.4,64,48,61,169,45.7,1,2,1,10,11,0.03333333333333333,0.032373015873016,-0.03935714285714287,Moderate
6,3,6.1,84,32,74,56,54.4,4,7,2,7,94,0.4666666666666667,0.6768888888888889,0.6245,Moderate
4,5,5.9,70,26,104,50,50.6,4,2,0,5,44,1.4666666666666666,0.3206507936507937,0.47764285714285704,Moderate
7,2,6.0,72,49,44,77,44.4,7,9,0,9,14,-0.5333333333333333,0.5216507936507935,0.3241428571428571,Low
7,8,6.8,72,31,80,20,50.3,8,9,0,13,157,0.6666666666666666,0.790484126984127,0.4511428571428571,Moderate
24,4,6.3,91,30,81,33,49.2,3,5,1,4,113,0.7,0.2792380952380954,0.3938571428571429,High
6,7,7.2,73,36,176,143,51.3,1,3,0,11,68,3.8666666666666667,0.29119841269841257,0.4797142857142856,High
16,4,6.0,85,34,116,88,36.2,2,2,0,0,83,1.8666666666666667,-0.4184603174603173,0.05814285714285719,Moderate
11,4,6.3,72,50,171,9,51.7,7,7,0,2,180,3.7,0.7031666666666668,0.7510000000000001,High
2,7,6.9,79,40,35,38,54.7,6,6,0,1,147,-0.8333333333333334,0.7680079365079366,0.36742857142857144,Low
4,2,6.3,73,58,18,24,47.3,5,3,0,10,27,-1.4,0.24564285714285702,0.12221428571428565,Low
7,3,6.1,86,43,60,33,46.8,4,6,1,6,154,0.0,0.2736190476190475,0.33292857142857135,Low
13,4,7.6,85,44,57,165,59.5,6,2,2,9,56,-0.1,0.9822619047619047,0.3296428571428572,High
7,5,7.4,57,66,67,127,42.6,4,5,0,20,17,0.23333333333333334,0.1533492063492064,-0.03164285714285718,Low
3,2,5.7,75,44,4,88,43.4,2,3,3,18,26,-1.8666666666666667,-0.058746031746031796,0.07521428571428565,Low
7,5,6.4,65,45,18,48,41.0,4,17,2,7,30,-1.4,0.4221428571428571,0.3157142857142857,Moderate
10,8,7.2,68,45,92,43,48.5,1,4,1,3,106,1.0666666666666667,0.08980158730158733,0.21428571428571425,Moderate
4,12,6.5,55,35,21,17,47.0,3,7,2,2,24,-1.3,0.23388888888888887,0.19999999999999998,Low
7,11,6.7,86,58,37,41,46.0,2,5,2,7,26,-0.7666666666666667,0.07746031746031751,0.11785714285714283,Moderate
5,9,8.2,77,67,16,42,52.3,1,3,0,13,12,-1.4666666666666666,0.22397619047619038,-0.06528571428571418,Low
7,2,6.5,77,56,62,160,41.5,4,8,0,8,22,0.06666666666666667,0.24765873015873013,0.1660714285714286,Moderate
4,5,8.8,78,36,107,21,45.5,3,11,0,7,105,1.5666666666666667,0.3136904761904762,0.08178571428571417,Low
18,4,6.1,83,37,29,53,48.7,2,5,2,16,112,-1.0333333333333334,0.21229365079365103,0.2838571428571429,High
3,3,6.5,72,26,74,103,53.6,4,5,1,5,72,0.4666666666666667,0.6216825396825398,0.47335714285714287,Moderate
4,5,6.7,71,28,48,47,44.0,4,11,1,7,96,-0.4,0.3417460317460318,0.2567857142857143,Moderate
11,3,7.4,94,31,130,119,42.6,0,9,0,4,21,2.3333333333333335,0.020650793650793704,0.24014285714285713,Moderate
16,3,7.1,72,46,1,95,55.9,8,3,0,9,146,-1.9666666666666666,0.911531746031746,0.1977142857142857,Moderate
1,14,8.6,80,42,36,180,57.6,3,10,1,4,36,-0.8,0.9991428571428572,0.27371428571428585,Moderate
4,4,7.5,60,39,114,54,56.5,1,3,0,2,3,1.8,0.4263095238095238,0.4282142857142857,Low
8,4,7.4,70,36,10,21,49.7,7,1,0,5,3,-1.6666666666666667,0.41221428571428587,-0.0754285714285714,Low
25,10,6.6,64,44,86,69,43.8,6,5,2,4,83,0.8666666666666667,0.27623809523809517,0.19185714285714284,High
7,2,7.1,85,49,173,29,50.3,4,6,3,6,82,3.7666666666666666,0.4266746031746031,0.5454285714285714,Moderate
11,1,6.8,74,12,158,80,43.1,4,4,1,5,59,3.2666666666666666,0.08791269841269847,0.28728571428571437,High
3,1,6.7,70,35,126,165,50.2,2,12,0,8,15,2.2,0.6542380952380954,0.666357142857143,Moderate
2,1,6.2,71,57,180,158,42.6,2,1,2,4,73,4.0,-0.08839682539682532,0.34657142857142853,Moderate
2,3,6.9,68,32,46,49,69.0,3,5,0,10,22,-0.4666666666666667,1.188015873015873,0.7953571428571428,High
5,1,6.4,56,39,84,26,37.4,3,1,1,4,75,0.8,-0.4023968253968255,-0.08442857142857152,Low
1,3,5.3,83,20,56,25,53.4,1,10,1,16,44,-0.13333333333333333,0.5045873015873016,0.7752142857142857,High
11,6,6.8,63,50,46,58,35.0,2,6,0,3,139,-0.4666666666666667,-0.36293650793650795,-0.17857142857142855,Moderate
6,9,6.4,79,42,148,72,35.0,1,14,0,8,77,2.933333333333333,-0.12833333333333335,0.3749999999999999,Moderate
18,5,5.6,71,33,78,37,47.6,1,6,0,9,84,0.6,0.11406349206349213,0.4894285714285715,High
13,12,8.3,68,42,82,55,42.8,0,4,1,9,40,0.7333333333333333,-0.22003174603174616,-0.17421428571428593,Moderate
4,8,8.0,78,55,9,16,60.2,2,6,1,14,18,-1.7,0.7243968253968257,0.2749285714285715,Moderate
5,2,6.7,75,47,54,71,49.2,1,2,0,8,34,-0.2,0.08098412698412716,0.17064285714285715,Low
10,2,5.6,83,65,144,83,53.3,1,6,1,20,180,2.8,0.42167460317460304,0.8254285714285713,High
8,4,5.9,84,44,75,59,35.1,4,3,3,8,34,0.5,-0.33113492063492056,-0.031285714285714326,Low
13,1,6.2,82,27,125,37,36.2,4,7,0,18,64,2.1666666666666665,-0.1632222222222221,0.18850000000000003,Moderate
5,7,7.0,80,29,72,139,53.2,3,2,0,8,150,0.4,0.46987301587301605,0.28314285714285725,Moderate
3,12,7.1,69,32,26,109,38.6,4,0,2,4,84,-1.1333333333333333,-0.22522222222222216,-0.3444999999999999,Low
11,4,8.4,78,55,84,37,44.1,3,18,2,4,38,0.8,0.518468253968254,0.2522857142857143,Moderate
4,15,6.0,73,39,24,90,44.3,1,11,1,3,50,-1.2,0.20302380952380938,0.3282857142857142,Moderate
9,7,7.6,76,31,99,16,50.3,4,10,0,3,64,1.3,0.5550873015873015,0.38721428571428573,Moderate
5,2,6.9,72,58,65,52,39.6,6,1,0,4,18,0.16666666666666666,-0.07450793650793641,-0.15342857142857144,Low
2,6,8.1,92,48,15,90,49.3,5,3,2,11,64,-1.5,0.4089761904761903,-0.1402857142857143,Low
7,1,6.0,72,60,71,63,40.5,3,2,1,3,91,0.36666666666666664,-0.18607142857142858,0.07464285714285712,Low
4,4,7.5,66,64,180,17,46.6,5,1,0,1,10,4.0,0.13493650793650808,0.2390714285714286,Moderate
7,4,6.0,76,35,42,40,42.8,1,11,0,1,18,-0.6,0.07996825396825383,0.3282857142857142,Low
2,13,7.5,80,51,104,33,60.8,4,7,0,10,117,1.4666666666666666,0.9393333333333332,0.6464999999999999,High
10,9,7.4,77,39,15,7,51.5,5,4,1,5,117,-1.5,0.45146825396825396,0.07678571428571421,Moderate
8,2,6.9,78,58,9,12,50.3,2,1,0,2,92,-1.7,0.09588095238095232,0.02757142857142847,Low
2,6,6.9,91,57,119,55,43.4,4,4,1,11,100,1.9666666666666666,0.0736349206349206,0.18128571428571416,Moderate
5,5,5.7,81,25,44,83,50.2,3,2,0,8,63,-0.5333333333333333,0.2726507936507938,0.3506428571428571,Low
5,6,7.4,93,33,41,33,44.7,2,3,1,3,144,-0.6333333333333333,-0.06135714285714271,-0.09078571428571425,Low
17,10,8.4,60,68,48,56,47.1,4,3,1,7,19,-0.4,0.20553174603174615,-0.1762857142857143,Moderate
10,3,6.0,69,59,141,111,70.0,4,3,1,10,61,2.7,1.2971428571428574,1.1632142857142855,High
7,2,6.0,64,74,19,6,36.2,4,4,1,19,180,-1.3666666666666667,-0.3048095238095237,-0.1272142857142856,Low
6,7,6.5,70,37,69,49,48.4,0,5,0,7,47,0.3,0.061015873015872954,0.30485714285714277,Low
4,6,6.0,68,61,124,28,53.9,1,12,0,7,58,2.1333333333333333,0.6018492063492064,0.8948571428571429,High
27,4,6.9,84,31,98,44,47.3,7,4,1,6,32,1.2666666666666666,0.43691269841269836,0.2457857142857141,High
6,7,6.9,62,45,25,108,43.8,5,10,1,13,180,-1.1666666666666667,0.4314761904761904,0.12971428571428556,Moderate
3,2,6.9,70,55,72,32,55.9,3,2,0,9,21,0.4,0.47248412698412684,0.38164285714285706,Low
5,12,7.7,64,49,15,95,41.5,2,8,1,9,107,-1.5,0.04210317460317461,-0.16142857142857145,Moderate
15,7,6.5,60,45,180,93,56.1,0,7,2,8,54,4.0,0.5278333333333333,0.8705,High
5,15,6.6,84,53,67,110,57.8,2,8,0,6,13,0.23333333333333334,0.7922698412698412,0.6500714285714285,High
8,2,6.3,71,40,38,47,63.1,2,3,0,7,49,-0.7333333333333333,0.7821984126984128,0.6462142857142856,Moderate
6,2,6.2,76,41,49,56,43.7,4,8,0,13,84,-0.36666666666666664,0.23110317460317473,0.2520714285714286,Low
11,2,7.6,68,62,58,72,37.6,3,1,0,1,66,-0.06666666666666667,-0.3422857142857142,-0.3534285714285713,Low
25,5,8.0,70,38,13,21,51.6,4,4,3,5,57,-1.5666666666666667,0.40485714285714297,-0.030214285714285666,High
7,4,8.0,85,44,25,64,44.6,1,8,1,4,45,-1.1666666666666667,0.08049206349206356,-0.09592857142857139,Low
17,6,7.4,74,45,39,34,56.5,6,3,2,1,2,-0.7,0.7374206349206349,0.2582142857142856,High
10,6,5.6,81,43,29,68,40.5,2,15,1,8,35,-1.0333333333333334,0.2171031746031746,0.41107142857142864,Moderate
7,3,7.0,79,39,7,134,59.5,2,12,0,12,51,-1.7666666666666666,1.0382936507936509,0.5953571428571429,Moderate
3,2,5.8,83,54,17,62,47.0,0,12,0,8,91,-1.4333333333333333,0.2624603174603175,0.45535714285714296,Low
10,12,6.6,79,61,48,31,37.2,4,7,4,12,21,-0.4,-0.12488888888888876,-0.043999999999999845,Moderate
2,13,6.8,69,48,47,32,52.5,5,5,1,4,106,-0.43333333333333335,0.5599603174603175,0.3203571428571429,Moderate
2,3,7.2,77,50,75,47,40.2,4,10,0,3,180,0.5,0.13503174603174614,0.09421428571428578,Low
4,9,7.8,83,48,27,45,42.1,3,2,1,1,172,-1.1,-0.1340714285714285,-0.3023571428571428,Low
5,5,8.1,85,45,37,23,52.9,3,4,1,11,43,-0.7666666666666667,0.3989126984126983,0.051285714285714316,Low
10,8,7.7,76,60,108,90,41.2,3,14,0,11,28,1.6,0.30400000000000016,0.23350000000000007,Moderate
5,4,6.4,91,43,53,142,52.7,3,3,0,13,114,-0.23333333333333334,0.48642063492063503,0.3542142857142857,Moderate
1,8,6.2,71,56,12,117,44.7,6,15,0,13,10,-1.6,0.7272142857142858,0.38957142857142857,Low
5,6,7.4,83,51,88,95,57.0,4,11,0,0,106,0.9333333333333333,0.9800793650793651,0.6242857142857142,Moderate
2,5,7.1,81,51,32,89,57.3,3,2,1,17,6,-0.9333333333333333,0.5988174603174602,0.28864285714285703,Low
8,2,6.9,93,57,85,89,61.3,2,1,2,20,15,0.8333333333333334,0.676436507936508,0.5475714285714284,Moderate
22,8,5.5,76,47,69,75,59.4,3,3,1,2,80,0.3,0.7134761904761905,0.7527142857142856,High
8,4,7.5,86,39,41,23,39.0,2,5,1,16,55,-0.6333333333333333,-0.2575396825396825,-0.22214285714285711,Low
6,2,7.9,71,45,128,80,64.8,6,2,2,20,60,2.2666666666666666,1.1263174603174602,0.6136428571428569,High
18,2,7.0,67,38,74,61,47.9,3,16,1,4,43,0.4666666666666667,0.6447063492063491,0.5291428571428571,High
6,2,5.9,79,16,29,34,51.6,2,11,0,4,14,-1.0333333333333334,0.5359682539682542,0.5772857142857143,Moderate
9,3,8.0,71,43,26,155,53.2,2,6,2,8,170,-1.1333333333333333,0.56384126984127,0.10742857142857151,Moderate
3,4,7.1,58,44,104,96,35.8,5,1,0,9,81,1.4666666666666666,-0.2632857142857144,-0.20492857142857146,Low
8,6,6.8,82,52,125,180,47.3,4,2,0,2,68,2.1666666666666665,0.316595238095238,0.2736428571428571,Moderate
12,11,6.8,81,79,180,167,60.3,3,17,0,20,46,4.0,1.3561984126984128,1.2297142857142858,High
3,8,7.0,81,50,29,179,47.7,6,6,1,1,48,-1.0333333333333334,0.6096746031746034,0.12492857142857149,Low
4,2,4.6,80,32,63,54,45.6,3,4,0,6,21,0.1,0.1048571428571429,0.5097857142857143,Moderate
10,6,7.1,83,48,12,49,52.2,0,6,1,5,31,-1.6,0.2677301587301589,0.1999285714285715,Moderate
5,6,8.8,84,47,96,42,47.8,3,4,0,1,180,1.2,0.19052380952380937,-0.07671428571428593,Low
4,3,6.8,74,21,33,74,39.8,4,6,1,1,128,-0.9,0.00417460317460305,-0.06707142857142863,Low
17,13,5.9,87,30,83,130,53.4,1,4,0,4,104,0.7666666666666667,0.406968253968254,0.5662857142857142,High
3,4,5.6,78,38,61,35,46.7,1,1,1,4,29,0.03333333333333333,-0.10723015873015862,0.2770714285714287,Low
5,14,7.6,71,45,91,22,51.3,4,17,1,9,63,1.0333333333333334,0.856753968253968,0.5972142857142858,High
16,3,7.0,74,48,79,128,47.8,2,9,2,7,37,0.6333333333333333,0.39798412698412683,0.338642857142857,Moderate
10,6,6.6,73,33,47,64,50.1,7,1,1,2,81,-0.43333333333333335,0.4779920634920635,0.16907142857142868,Moderate
6,7,5.9,69,46,32,46,46.4,1,5,1,3,23,-0.9333333333333333,0.03434920634920633,0.25735714285714273,Low
9,5,8.4,74,44,41,63,43.5,1,15,3,6,24,-0.6333333333333333,0.27988095238095234,0.0410714285714285,Low
20,6,7.5,72,47,43,112,54.3,3,20,0,4,52,-0.5666666666666667,1.1322301587301586,0.6704285714285714,High
5,11,5.6,80,46,65,93,46.0,5,7,0,6,180,0.16666666666666666,0.4066666666666667,0.43750000000000006,Moderate
1,2,4.5,87,48,148,127,35.1,2,6,0,6,64,2.933333333333333,-0.2817698412698412,0.48192857142857143,Low
5,15,6.8,91,22,31,11,45.9,3,17,0,3,26,-0.9666666666666667,0.5348650793650793,0.42521428571428577,High
10,2,6.0,61,57,46,36,35.4,4,8,0,14,43,-0.4666666666666667,-0.16461904761904772,0.03057142857142852,Moderate
3,6,7.4,67,51,29,107,44.2,2,11,2,1,26,-1.0333333333333334,0.2840793650793652,0.09278571428571432,Low
8,5,6.6,65,51,88,93,57.1,4,7,0,7,98,0.9333333333333333,0.8395,0.653,High
3,9,6.3,82,49,4,73,37.3,1,5,0,10,163,-1.8666666666666667,-0.34515079365079376,-0.1556428571428572,Low
27,11,7.2,58,42,73,56,66.6,3,11,0,9,37,0.43333333333333335,1.3020793650793647,0.909785714285714,High
8,10,7.9,74,48,65,94,36.5,2,12,0,9,75,0.16666666666666666,-0.04115079365079366,-0.10714285714285719,Moderate
5,4,7.2,81,36,180,11,54.7,0,17,2,17,157,4.0,0.7308650793650795,0.9917142857142858,High
5,3,6.7,71,40,12,57,48.1,2,3,1,7,22,-1.6,0.11830952380952393,0.06121428571428572,Low
15,8,6.5,79,52,64,69,53.9,2,10,0,20,115,0.13333333333333333,0.6426428571428571,0.6002142857142857,High
4,1,7.5,83,52,68,47,45.3,4,9,0,9,51,0.26666666666666666,0.3288174603174602,0.14864285714285702,Low
3,10,5.7,68,35,180,41,58.4,3,3,2,20,74,4.0,0.6306984126984126,0.9652142857142856,High
4,2,7.3,68,37,57,52,36.3,4,19,1,18,64,-0.1,0.2865158730158729,0.17185714285714282,Low
3,3,6.3,70,39,126,70,47.7,3,10,1,5,64,2.2,0.4314206349206351,0.6042142857142858,Low
8,6,7.1,76,67,57,4,58.1,5,1,1,16,55,-0.1,0.6379920634920635,0.34657142857142864,Moderate
7,9,7.5,80,35,29,124,40.7,2,2,0,2,145,-1.0333333333333334,-0.17596031746031734,-0.2868571428571428,Moderate
9,4,7.6,70,63,25,149,43.4,5,7,3,10,41,-1.1666666666666667,0.3518888888888888,-0.09049999999999998,Low
7,1,6.8,70,27,83,129,47.1,0,4,1,6,19,0.7666666666666667,0.055690476190476304,0.21978571428571436,Moderate
6,13,4.4,69,42,30,76,49.4,8,6,2,3,81,-1.0,0.7050634920634921,0.6334285714285713,High
5,2,6.5,75,44,11,57,60.5,1,11,1,7,27,-1.6333333333333333,0.895357142857143,0.6942857142857142,Moderate
7,5,6.4,66,42,19,65,35.0,5,16,1,12,54,-1.3666666666666667,0.201984126984127,0.10964285714285711,Low
9,3,7.4,72,33,40,44,47.1,1,1,1,5,43,-0.6666666666666666,-0.0792301587301586,-0.07842857142857143,Low
7,2,8.2,86,34,45,103,49.4,5,8,2,6,66,-0.5,0.6064920634920634,0.06307142857142864,Low
4,3,7.0,60,69,90,92,56.0,3,10,2,18,27,1.0,0.8293650793650794,0.6407142857142857,High
8,6,5.3,76,41,71,137,50.5,2,9,0,17,26,0.36666666666666664,0.5294841269841271,0.6971428571428572,High
9,8,7.4,77,36,29,36,44.3,1,6,1,8,39,-1.0333333333333334,-0.035547619047619175,-0.04707142857142871,Low
27,16,5.1,73,49,42,21,51.7,5,3,2,15,20,-0.6,0.44030952380952404,0.5242142857142857,High
12,13,7.6,78,37,102,55,38.4,3,19,1,12,64,1.4,0.31768253968253957,0.2948571428571429,High
1,4,5.0,72,14,6,66,46.1,2,6,2,5,15,-1.8,0.14545238095238106,0.36942857142857144,Moderate
10,3,7.2,61,50,64,84,44.8,7,4,1,1,77,0.13333333333333333,0.3688571428571427,0.03328571428571416,Low
7,11,6.7,70,41,116,76,44.9,2,1,0,1,20,1.8666666666666667,-0.07600793650793657,0.16807142857142848,Moderate
2,1,7.5,68,55,74,31,50.4,5,6,1,2,20,0.4666666666666667,0.500063492063492,0.23092857142857137,Low
6,3,7.9,81,22,49,79,38.0,4,21,1,5,109,-0.36666666666666664,0.46444444444444444,0.15499999999999997,Moderate
12,2,6.7,69,48,114,74,49.8,1,3,1,6,66,1.8,0.1470317460317459,0.36721428571428566,Low
1,6,7.1,71,46,49,11,48.8,4,10,1,5,43,-0.36666666666666664,0.48203174603174587,0.3047142857142857,Low
6,10,7.0,69,26,31,36,54.6,4,6,0,5,35,-0.9666666666666667,0.627952380952381,0.33692857142857147,Moderate
3,2,6.2,68,27,172,46,52.9,2,3,0,10,180,3.7333333333333334,0.32208730158730153,0.6927142857142856,High
2,13,5.3,84,35,45,37,49.0,1,19,2,16,130,-0.5,0.6413492063492064,0.8728571428571429,High
9,9,7.9,88,62,65,94,38.7,7,11,0,4,50,0.16666666666666666,0.35546825396825404,-0.0697142857142857,Moderate
5,3,7.3,70,38,112,38,56.5,5,2,1,3,113,1.7333333333333334,0.6394841269841268,0.4296428571428571,Moderate
3,11,9.0,68,48,65,49,50.9,5,5,0,2,93,0.16666666666666666,0.5068492063492063,-0.06764285714285716,Moderate
1,14,6.3,65,70,49,77,52.7,4,8,1,3,53,-0.36666666666666664,0.659436507936508,0.5045714285714287,Moderate
7,11,7.4,73,12,134,85,51.5,1,4,0,7,81,2.466666666666667,0.27146825396825397,0.3742857142857142,High
6,6,4.9,84,44,66,18,37.6,4,6,1,5,35,0.2,-0.157047619047619,0.2819285714285714,Moderate
10,8,7.8,82,54,70,29,56.2,5,21,0,20,96,0.3333333333333333,1.2945555555555557,0.7710000000000002,High
3,7,6.6,61,62,31,27,44.2,4,6,1,2,56,-0.9666666666666667,0.14995238095238106,0.09492857142857157,Low
1,5,8.4,79,46,51,102,46.6,2,2,0,5,74,-0.3,0.0650952380952382,-0.21235714285714288,Low
10,3,6.3,75,44,180,65,46.7,6,3,0,8,54,4.0,0.3308650793650794,0.5092142857142858,High
10,4,7.1,80,43,97,54,45.0,4,2,0,1,148,1.2333333333333334,0.0730952380952381,0.08214285714285718,Low
2,5,8.3,83,62,55,32,55.4,4,7,2,11,69,-0.16666666666666666,0.6952222222222222,0.22199999999999978,Low
17,9,6.0,66,47,16,20,48.0,4,6,2,6,71,-1.4666666666666666,0.3131746031746032,0.2764285714285714,High
2,6,6.6,75,60,160,91,42.2,2,2,1,3,59,3.3333333333333335,-0.145126984126984,0.24314285714285727,Low
9,4,6.9,79,33,154,86,50.4,4,14,0,5,52,3.1333333333333333,0.7802222222222222,0.7644999999999998,High
6,2,4.9,75,49,21,73,58.1,5,9,2,3,22,-1.3,1.0003730158730157,0.8701428571428571,High
1,5,5.6,67,49,133,50,40.0,2,6,0,8,36,2.433333333333333,-0.14682539682539683,0.3989285714285714,Low
2,2,7.0,69,42,167,33,63.6,3,11,2,6,153,3.566666666666667,1.1415238095238098,1.0897857142857144,High
4,5,7.1,78,18,35,16,66.0,5,4,1,14,33,-0.8333333333333334,1.113968253968254,0.6142857142857143,High
4,10,5.9,76,38,17,104,52.9,5,8,0,8,29,-1.4333333333333333,0.7651031746031745,0.5005714285714284,Moderate
1,1,6.2,77,47,55,10,35.0,4,7,1,8,5,-0.16666666666666666,-0.24722222222222223,-0.022500000000000034,Low
4,17,6.3,80,47,43,51,56.5,3,8,2,8,86,-0.5666666666666667,0.7348809523809523,0.6035714285714285,High
3,12,7.6,84,52,2,147,55.1,3,2,1,13,26,-1.9333333333333333,0.5642619047619049,0.060142857142857276,Moderate
11,13,7.1,62,51,180,58,45.8,4,7,1,1,95,4.0,0.292111111111111,0.45649999999999996,High
4,6,6.2,67,40,25,10,66.6,2,3,1,3,102,-1.1666666666666667,0.8985873015873013,0.7362142857142854,Moderate
8,1,5.5,85,50,16,175,52.4,2,5,1,7,56,-1.4666666666666666,0.5143492063492063,0.4673571428571427,Moderate
10,1,5.4,61,18,36,97,39.9,3,2,1,12,36,-0.8,-0.17529365079365086,0.07414285714285698,Moderate
2,14,7.1,78,65,44,25,66.0,4,6,0,11,145,-0.5333333333333333,1.1287301587301588,0.6939285714285715,High
20,6,6.7,73,47,17,19,48.5,1,16,3,13,29,-1.4333333333333333,0.49170634920634926,0.45714285714285724,Moderate
27,6,6.4,67,35,63,48,35.0,3,6,0,20,24,0.1,-0.3073809523809524,-0.06607142857142864,Moderate
5,16,7.4,76,65,156,80,40.0,2,6,0,14,81,3.2,-0.11349206349206349,0.14142857142857135,Moderate
19,14,8.4,79,50,101,15,37.1,5,5,0,8,112,1.3666666666666667,-0.15192857142857139,-0.2866428571428572,High
7,4,8.0,66,57,50,80,47.3,2,8,0,1,151,-0.3333333333333333,0.2864365079365078,0.0475714285714285,Low
6,6,8.1,79,55,18,3,62.5,2,9,0,14,51,-1.4,0.920595238095238,0.4346428571428572,Moderate
4,17,7.3,60,53,19,70,61.5,1,9,0,5,44,-1.3666666666666667,0.8833730158730159,0.547142857142857,Moderate
11,5,6.2,85,38,60,61,47.2,4,3,0,20,35,0.0,0.2155873015873017,0.24171428571428577,Moderate
12,8,6.7,76,56,119,16,57.0,2,10,2,6,25,1.9666666666666666,0.7232539682539683,0.7957142857142857,High
3,3,7.9,79,50,58,30,52.4,4,6,0,3,169,-0.06666666666666667,0.5222857142857142,0.1809285714285713,Low
27,2,7.7,75,60,99,32,52.2,3,2,2,20,15,1.3,0.3059841269841271,0.19814285714285715,High
2,6,8.0,73,56,54,26,49.6,6,1,0,6,4,-0.2,0.3466031746031747,-0.07342857142857138,Low
5,6,6.7,74,24,15,20,52.5,2,2,0,2,21,-1.5,0.23948412698412697,0.1721428571428571,Moderate
6,6,6.9,79,25,137,38,47.4,5,12,2,6,40,2.566666666666667,0.587126984126984,0.5748571428571427,Moderate
11,5,7.1,65,44,180,41,39.2,4,2,0,10,95,4.0,-0.20234920634920622,0.11564285714285727,Moderate
4,3,5.2,68,59,58,159,53.1,2,5,1,4,149,-0.06666666666666667,0.5280714285714286,0.6458571428571428,Moderate
9,21,7.9,67,32,33,11,56.3,4,6,2,1,147,-0.9,0.6766746031746029,0.2354285714285712,High
2,2,7.7,77,20,39,75,41.6,3,7,1,7,59,-0.7,0.0553333333333334,-0.12699999999999997,Low
7,3,6.2,78,25,127,102,48.2,5,5,1,19,38,2.2333333333333334,0.44423809523809543,0.49635714285714283,Moderate
7,12,6.7,59,47,180,10,55.2,2,8,0,5,111,4.0,0.5641587301587303,0.8370714285714287,High
2,4,6.8,74,53,47,70,39.7,2,3,0,3,180,-0.43333333333333335,-0.24524603174603163,-0.12078571428571416,Low
13,16,6.0,79,31,149,87,49.1,6,2,1,7,36,2.966666666666667,0.4275952380952382,0.5276428571428572,High
9,5,6.4,64,53,35,133,56.9,3,3,1,8,44,-0.8333333333333334,0.665420634920635,0.4352142857142856,Moderate
8,1,7.2,75,22,105,73,60.2,6,6,0,12,63,1.5,1.0543968253968254,0.6549285714285715,High
1,9,9.0,77,16,22,105,70.0,1,9,2,9,64,-1.2666666666666666,1.3047619047619048,0.5121428571428571,High
9,2,5.9,77,47,98,121,36.6,3,3,1,12,104,1.2666666666666666,-0.2614126984126984,0.07121428571428567,Moderate
2,5,7.3,75,59,180,90,43.2,5,5,0,3,28,4.0,0.205904761904762,0.286357142857143,Moderate
4,5,7.6,81,63,36,133,35.0,0,3,1,5,40,-0.8,-0.520079365079365,-0.42928571428571416,Low
3,4,6.8,66,26,152,68,35.0,0,3,0,1,180,3.066666666666667,-0.5923015873015873,0.0007142857142857506,Low
5,9,7.0,85,51,58,59,43.7,1,4,0,4,47,-0.06666666666666667,-0.10842063492063479,0.02028571428571437,Low
2,3,7.1,78,55,52,43,47.8,5,10,2,6,61,-0.26666666666666666,0.5392539682539681,0.28221428571428564,Low
10,15,6.7,81,34,62,43,43.5,4,8,0,5,39,0.06666666666666667,0.20765873015873015,0.19107142857142856,Moderate
5,5,8.6,71,44,7,89,55.6,2,12,1,4,36,-1.7666666666666666,0.812793650793651,0.19835714285714298,Moderate
2,6,6.6,72,27,23,129,52.6,1,3,1,6,122,-1.2333333333333334,0.33414285714285735,0.24121428571428585,Moderate
6,12,7.7,70,44,91,99,35.9,2,1,3,14,20,1.0333333333333334,-0.45545238095238105,-0.33942857142857147,Moderate
17,9,6.3,75,43,112,51,43.0,1,10,1,6,180,1.7333333333333334,0.06547619047619048,0.42821428571428577,High
3,7,8.0,72,36,37,86,59.4,3,5,3,15,104,-0.7666666666666667,0.7971269841269841,0.2923571428571428,Moderate
8,2,7.2,82,42,54,152,42.5,2,3,2,19,140,-0.2,-0.028134920634920624,-0.08928571428571432,Low
20,8,6.2,89,35,129,15,60.2,5,16,0,2,66,2.3,1.2804285714285717,1.175642857142857,High
11,6,5.9,72,47,42,68,42.3,3,11,0,2,103,-0.6,0.22191269841269828,0.3307857142857141,Moderate
5,2,6.3,77,49,40,97,43.7,2,7,0,4,19,-0.6666666666666666,0.10761111111111123,0.1835000000000001,Low
3,2,7.9,79,49,84,59,38.5,2,7,3,8,70,0.8,-0.1686111111111111,-0.14250000000000007,Low
5,5,6.7,70,33,23,38,41.2,4,5,2,4,67,-1.2333333333333334,-0.008539682539682403,-0.06114285714285709,Low
11,7,7.5,78,35,75,27,43.3,10,10,0,3,72,0.5,0.6523095238095238,0.13471428571428565,Moderate
12,9,5.7,66,31,25,94,54.4,3,12,0,1,61,-1.1666666666666667,0.8310158730158731,0.7148571428571429,High
3,2,6.4,66,44,25,63,45.7,1,7,1,4,11,-1.1666666666666667,0.09316666666666679,0.1885,Low
2,5,9.0,79,56,99,119,48.3,6,3,2,16,180,1.3,0.46286507936507926,-0.11778571428571435,Moderate
7,3,5.2,64,65,48,24,41.6,4,3,0,13,12,-0.4,-0.07752380952380947,0.21871428571428572,Low
6,4,7.3,84,31,31,26,49.3,3,6,0,13,32,-0.9666666666666667,0.31167460317460305,0.1254285714285714,Low
6,6,7.2,83,44,30,180,42.9,5,3,1,15,95,-1.0,0.2209761904761904,-0.13728571428571434,Moderate
6,4,7.1,67,42,56,99,54.2,3,5,1,14,11,-0.13333333333333333,0.5775714285714288,0.34135714285714297,Moderate
2,4,7.8,72,35,104,44,53.2,5,7,2,7,42,1.4666666666666666,0.6762222222222224,0.3660000000000001,Moderate
11,10,6.4,76,36,83,47,42.8,2,6,0,18,57,0.7666666666666667,-0.024158730158730296,0.21792857142857125,Low
1,3,6.1,65,28,180,66,41.7,1,7,0,3,63,4.0,-0.08349999999999987,0.5085000000000002,Moderate
7,7,6.0,82,38,29,47,46.2,1,9,0,7,62,-1.0333333333333334,0.16931746031746045,0.34064285714285725,Low
1,10,6.4,96,28,27,94,53.3,5,9,0,11,19,-1.1,0.807706349206349,0.4786428571428569,Moderate
10,1,7.0,80,33,32,49,45.6,0,2,0,9,121,-0.9333333333333333,-0.17212698412698407,-0.04485714285714283,Low
4,2,7.3,77,62,54,148,51.7,1,21,0,6,30,-0.2,0.9576111111111113,0.6835000000000001,High
12,7,8.1,79,34,41,9,42.9,2,1,1,1,99,-0.6333333333333333,-0.24045238095238103,-0.3244285714285714,Low
7,9,9.0,87,40,39,104,66.6,5,8,0,11,50,-0.7,1.3816031746031743,0.4240714285714283,High
6,4,5.2,66,29,100,106,49.2,1,3,1,2,36,1.3333333333333333,0.15558730158730177,0.5767142857142857,Moderate
12,2,6.5,59,54,44,144,39.5,3,8,1,4,16,-0.5333333333333333,0.0732142857142857,0.06107142857142856,Moderate
3,3,4.9,61,78,107,31,48.8,3,12,0,5,46,1.5666666666666667,0.5090158730158728,0.8918571428571427,High
5,11,5.6,87,39,31,55,42.7,4,1,0,7,38,-0.9666666666666667,-0.06500793650793635,0.0820714285714287,Low
3,7,7.0,62,23,44,148,45.4,2,6,0,8,74,-0.5333333333333333,0.205063492063492,0.09342857142857136,Low
3,2,7.1,72,41,48,114,35.0,6,1,1,3,52,-0.4,-0.2126190476190476,-0.3689285714285714,Low
8,2,7.4,60,45,9,94,37.9,2,4,2,8,42,-1.7,-0.26386507936507947,-0.3462142857142858,Low
5,3,7.2,72,49,72,34,54.8,3,6,3,6,9,0.4,0.568063492063492,0.41042857142857125,Moderate
8,2,6.0,74,58,13,25,36.0,9,4,1,6,41,-1.5666666666666667,0.040634920634920635,-0.14821428571428572,Moderate
5,3,6.2,88,69,9,65,39.9,2,4,0,13,56,-1.7,-0.20608730158730165,-0.07621428571428579,Low
4,8,6.5,69,53,73,63,55.8,0,9,1,5,53,0.43333333333333335,0.5524285714285713,0.651142857142857,Moderate
11,3,6.5,69,42,43,54,54.3,4,2,2,6,61,-0.5666666666666667,0.49159523809523786,0.33114285714285696,Moderate
16,1,7.5,72,41,158,35,43.9,4,7,1,11,17,3.2666666666666666,0.18105555555555547,0.27449999999999997,High
18,13,7.6,70,43,16,180,52.5,3,5,0,2,101,-1.4666666666666666,0.5910714285714286,0.10285714285714295,High
3,8,5.3,67,62,27,21,50.6,1,1,2,3,25,-1.1,0.05271428571428573,0.3615714285714285,Moderate
3,6,4.7,66,63,31,81,44.8,5,6,0,5,92,-0.9666666666666667,0.30361904761904746,0.4454285714285713,Low
2,3,6.6,69,32,89,64,59.3,4,15,0,3,15,0.9666666666666667,1.1919920634920633,0.9500714285714285,High
3,1,7.1,73,19,153,54,50.7,2,6,0,2,69,3.1,0.33911904761904776,0.5074285714285716,Moderate
6,15,7.0,73,51,80,85,56.7,6,14,0,5,99,0.6666666666666666,1.1959444444444447,0.7510000000000001,High
6,10,6.3,72,26,80,59,45.4,3,4,0,1,23,0.6666666666666666,0.10141269841269834,0.24878571428571425,Moderate
17,3,5.2,80,38,13,82,58.1,0,2,0,12,81,-1.5666666666666667,0.42703968253968255,0.5976428571428571,High
10,3,6.8,74,37,41,62,58.0,3,8,0,7,26,-0.6333333333333333,0.8146031746031747,0.5560714285714287,Moderate
10,2,7.5,79,45,133,94,41.5,4,6,1,20,108,2.433333333333333,0.10289682539682539,0.1114285714285714,Moderate
1,5,8.6,89,43,95,40,45.5,5,8,0,14,123,1.1666666666666667,0.3609920634920635,0.0010714285714286675,Moderate
19,8,7.3,92,65,32,45,40.9,5,6,1,17,42,-0.9333333333333333,0.08811904761904758,-0.12407142857142857,Moderate
3,17,7.1,96,25,48,180,55.0,5,13,1,16,74,-0.4,1.1226190476190476,0.5739285714285713,High
19,1,6.0,76,55,22,34,47.8,3,7,1,16,132,-1.2666666666666666,0.28877777777777763,0.31399999999999995,Moderate
10,6,7.6,83,51,73,180,41.8,5,7,0,11,26,0.43333333333333335,0.31433333333333324,-0.01850000000000001,Low
3,3,9.0,96,61,99,87,40.8,3,2,2,14,20,1.3,-0.14590476190476204,-0.37135714285714294,Low
10,8,6.0,75,57,123,158,40.8,4,14,1,6,44,2.1,0.4282222222222221,0.5564999999999999,High
1,2,4.9,84,40,103,46,43.9,2,10,1,5,92,1.4333333333333333,0.1670873015873015,0.6777142857142856,Low
13,6,5.0,82,53,180,21,45.1,5,13,1,20,102,4.0,0.500452380952381,0.9744285714285714,High
4,4,5.6,77,58,125,18,55.8,4,4,0,7,57,2.1666666666666665,0.5905238095238095,0.7957857142857141,Moderate
6,7,8.2,60,44,102,44,35.3,3,2,0,6,40,1.4,-0.44118253968253984,-0.3888571428571429,Low
14,4,7.2,73,42,164,96,45.4,0,11,2,20,43,3.466666666666667,0.1925238095238094,0.5012857142857142,High
1,4,8.0,76,37,117,57,46.2,2,7,1,18,108,1.9,0.1756666666666668,0.15350000000000008,Low
6,4,7.0,68,33,128,91,44.6,4,3,0,14,132,2.2666666666666666,0.131920634920635,0.19371428571428573,Moderate
5,3,7.5,71,45,25,39,52.6,3,4,1,10,33,-1.1666666666666667,0.4031904761904763,0.11728571428571437,Low
3,11,7.2,72,46,59,97,46.8,4,6,0,11,157,-0.03333333333333333,0.3447301587301586,0.1379285714285713,Moderate
10,9,6.6,73,50,88,49,56.4,6,14,4,5,80,0.9333333333333333,1.1424444444444444,0.832,High
10,6,6.7,75,37,60,63,54.7,3,10,0,16,180,0.0,0.7386428571428572,0.5792142857142858,Moderate
9,4,5.8,76,55,18,68,51.1,3,13,1,3,21,-1.4,0.6893412698412699,0.6094285714285714,Moderate
1,6,5.7,55,58,15,14,43.1,5,5,1,6,124,-1.5,0.1169603174603175,0.15085714285714286,Low
21,12,7.9,84,39,9,141,57.7,4,3,0,9,86,-1.7,0.7769761904761905,0.13171428571428567,High
8,1,6.1,71,29,55,117,49.4,4,7,0,6,117,-0.16666666666666666,0.5196666666666666,0.427,Moderate
4,12,8.9,97,61,180,17,49.8,4,2,0,5,43,4.0,0.24798412698412686,0.11864285714285702,Moderate
4,3,6.1,68,39,12,130,35.0,5,5,0,18,36,-1.6,-0.11865079365079365,-0.16964285714285707,Low
8,3,6.9,88,53,129,23,35.0,4,21,0,1,19,2.3,0.26722222222222225,0.43999999999999995,Moderate
6,15,5.6,75,41,65,108,55.2,5,1,1,16,60,0.16666666666666666,0.6230476190476192,0.5420714285714285,High
7,3,8.2,74,48,65,131,43.8,8,13,0,4,19,0.16666666666666666,0.7641746031746032,0.08792857142857148,Low
5,2,6.4,68,41,25,86,44.8,3,7,0,18,85,-1.1666666666666667,0.2115555555555554,0.1614999999999998,Low
8,10,6.5,68,42,145,125,59.0,0,7,0,16,73,2.8333333333333335,0.6938888888888889,0.87,High
3,15,6.9,62,41,47,10,57.1,4,7,1,5,64,-0.43333333333333335,0.7472777777777778,0.498,Moderate
5,7,6.9,71,40,173,18,57.5,4,14,2,12,141,3.7666666666666666,1.0241666666666664,1.025,High
1,1,7.8,71,41,40,123,54.7,0,7,1,3,20,-0.6666666666666666,0.49816666666666676,0.2510000000000001,Low
2,1,7.4,78,42,34,52,35.0,3,15,1,4,24,-0.8666666666666667,0.01849206349206347,-0.056428571428571495,Low
12,1,6.6,55,57,76,178,54.7,4,11,0,2,80,0.5333333333333333,0.9688015873015874,0.6652857142857145,High
5,3,6.9,103,59,119,126,49.2,4,11,1,5,38,1.9666666666666666,0.6635238095238096,0.5552857142857143,High
0,4,6.8,68,24,69,141,52.1,2,9,0,20,35,0.3,0.6059285714285715,0.47764285714285726,Moderate
16,3,6.2,69,30,7,153,48.4,1,14,0,8,58,-1.7666666666666666,0.5646666666666665,0.4594999999999999,High
3,8,6.5,70,57,168,140,48.8,4,2,0,12,12,3.6,0.33965079365079354,0.47864285714285704,Moderate
2,4,7.5,66,49,60,64,60.7,4,5,0,3,115,0.0,0.8978492063492065,0.4763571428571429,Moderate
10,5,8.2,77,57,15,13,37.6,1,3,2,20,7,-1.5,-0.46974603174603163,-0.5087857142857141,Low
10,12,5.6,81,46,180,127,46.4,3,3,0,2,95,4.0,0.18625396825396823,0.6227142857142858,Moderate
11,4,5.8,79,35,57,13,53.1,1,6,0,12,77,-0.1,0.33489682539682547,0.5669285714285714,Moderate
5,5,5.8,84,48,53,130,42.6,3,1,1,13,124,-0.23333333333333334,-0.052841269841269765,0.0990714285714286,Moderate
1,8,6.9,69,26,48,35,39.5,3,3,1,1,9,-0.4,-0.22646825396825396,-0.14178571428571435,Low
7,1,6.4,64,49,46,40,57.8,5,1,1,6,61,-0.4666666666666667,0.6644920634920634,0.4325714285714284,Moderate
9,3,7.4,96,45,54,27,51.6,2,3,0,13,121,-0.2,0.24247619047619062,0.1487142857142857,Low
15,2,6.5,78,43,78,65,45.2,4,0,0,20,58,0.6,0.022888888888889024,0.08850000000000004,Moderate
9,4,7.1,85,25,3,97,59.4,3,21,0,11,85,-1.9,1.3807777777777779,0.8220000000000001,High
8,7,6.9,77,45,47,76,49.4,0,5,0,5,13,-0.43333333333333335,0.13601587301587295,0.20985714285714274,Low
4,1,8.1,66,36,141,62,48.9,4,5,3,6,21,2.7,0.36462698412698413,0.21985714285714292,Low
6,9,6.2,63,51,16,118,37.6,0,10,3,13,2,-1.4666666666666666,-0.16974603174603167,0.04371428571428573,Moderate
2,2,7.6,71,67,87,29,41.2,4,3,2,3,139,0.9,-0.08996825396825384,-0.1157857142857141,Low
8,4,6.8,75,34,20,41,55.1,1,3,0,8,53,-1.3333333333333333,0.3488650793650795,0.27371428571428585,Low
11,3,5.5,71,28,70,77,53.0,1,9,3,7,19,0.3333333333333333,0.5086507936507937,0.7346428571428572,High
2,12,7.9,74,48,12,20,50.3,6,4,0,20,39,-1.6,0.4785793650793651,-0.054214285714285826,Moderate
17,3,6.9,76,42,180,71,53.0,2,8,1,3,180,4.0,0.532936507936508,0.7360714285714285,High
7,11,6.6,80,46,18,14,46.3,2,12,1,3,35,-1.4,0.3109603174603174,0.2968571428571428,Low
4,1,6.3,87,49,79,113,68.1,5,9,1,9,91,0.6333333333333333,1.4948174603174602,1.070142857142857,High
3,6,6.8,61,72,180,57,48.3,1,15,0,10,67,4.0,0.48921428571428555,0.8125714285714285,Moderate
3,3,6.3,88,28,121,26,42.8,6,2,0,9,180,2.033333333333333,0.07631746031746016,0.21614285714285705,Moderate
1,4,6.6,73,30,14,87,51.8,3,6,0,8,57,-1.5333333333333334,0.49195238095238086,0.2804285714285714,Low
2,2,6.7,65,38,38,25,58.0,4,2,2,3,180,-0.7333333333333333,0.6258730158730159,0.39464285714285713,Moderate
3,2,6.4,77,52,35,50,58.6,3,4,0,13,52,-0.8333333333333334,0.6854126984126986,0.5147857142857143,Moderate
10,10,6.5,80,75,51,28,47.6,3,6,2,6,6,-0.3,0.2373968253968255,0.2644285714285714,Low
11,3,6.5,82,55,36,63,57.4,5,7,0,2,113,-0.8,0.8863333333333332,0.5494999999999999,Moderate
8,5,7.2,72,55,18,101,40.6,2,8,3,4,115,-1.4,0.008269841269841335,-0.09342857142857142,Low
9,4,6.7,71,32,136,49,36.5,2,12,0,10,116,2.533333333333333,-0.09115079365079366,0.2803571428571428,Moderate
12,1,7.4,77,46,30,99,47.6,3,7,1,10,39,-1.0,0.3520000000000001,0.08299999999999998,Low
14,15,7.6,80,43,70,83,53.2,3,2,1,13,3,0.3333333333333333,0.4076507936507938,0.17314285714285726,High
4,5,8.3,73,20,31,44,43.9,6,3,0,20,77,-0.9666666666666667,0.181531746031746,-0.29728571428571443,Low
2,19,6.3,76,47,64,55,46.8,3,18,0,3,121,0.13333333333333333,0.6599682539682539,0.6507857142857142,Moderate
8,3,6.7,71,37,53,28,59.4,2,16,1,13,44,-0.23333333333333334,1.058873015873016,0.8741428571428572,High
2,7,7.4,65,58,105,30,55.3,4,2,0,13,50,1.5,0.5099285714285713,0.35864285714285693,Moderate
2,2,7.8,88,55,13,55,57.1,2,1,1,6,65,-1.5666666666666667,0.44965873015873026,0.08407142857142863,Moderate
9,4,8.5,87,56,28,45,53.4,1,13,0,20,37,-1.0666666666666667,0.6339523809523809,0.23092857142857143,High
3,4,6.5,82,51,36,27,53.0,2,6,0,4,153,-0.8,0.4126190476190477,0.38892857142857146,Low
10,9,7.3,73,52,54,14,37.9,2,6,0,11,5,-0.2,-0.28132539682539687,-0.15907142857142859,Low
3,19,6.7,72,36,25,52,63.6,2,1,0,9,71,-1.1666666666666667,0.738825396825397,0.5015714285714287,Moderate
2,4,6.5,69,60,145,124,64.9,2,13,2,16,98,2.8333333333333335,1.3058968253968255,1.2184285714285716,High
5,6,6.3,71,54,31,37,64.4,3,7,0,14,148,-0.9666666666666667,1.0391111111111113,0.7820000000000001,Moderate
5,3,6.6,64,36,59,93,36.1,4,1,1,5,41,-0.03333333333333333,-0.3197857142857142,-0.2209285714285713,Low
6,7,6.3,83,43,180,21,41.3,2,2,0,17,31,4.0,-0.26340476190476203,0.31864285714285706,Moderate
17,1,6.8,71,32,15,173,44.2,3,14,0,6,18,-1.5,0.5312222222222224,0.2485000000000001,Moderate
2,5,7.6,68,30,49,53,59.2,2,7,0,6,74,-0.36666666666666664,0.7562222222222225,0.4435000000000001,Moderate
3,1,7.6,81,35,92,66,51.9,3,2,1,5,71,1.0666666666666667,0.3302619047619047,0.18914285714285717,Low
14,7,5.7,77,54,16,73,35.0,3,7,1,1,29,-1.4666666666666666,-0.2438888888888889,-0.03250000000000003,Moderate
4,2,5.5,61,55,34,79,43.3,2,3,0,4,94,-0.8666666666666667,-0.07324603174603185,0.1822142857142856,Low
8,4,7.5,67,28,39,38,46.4,3,4,0,9,90,-0.7,0.12307936507936505,-0.03371428571428573,Low
11,12,6.0,55,47,42,80,55.2,9,3,1,3,12,-0.6,0.9300317460317462,0.4717142857142857,Moderate
3,7,7.7,74,24,58,92,58.8,5,1,0,18,5,-0.06666666666666667,0.7672698412698411,0.26507142857142835,Moderate
11,1,5.4,79,31,49,165,54.1,1,4,1,13,25,-0.36666666666666664,0.4773571428571429,0.5897857142857142,Moderate
6,5,5.1,58,28,28,68,35.0,0,2,1,6,92,-1.0666666666666667,-0.6280158730158731,-0.040357142857142855,Low
8,11,6.0,81,43,41,78,52.2,1,9,0,3,163,-0.6333333333333333,0.47376190476190494,0.5506428571428572,Moderate
4,2,7.1,85,18,104,46,56.2,3,2,0,10,91,1.4666666666666666,0.5015396825396827,0.4356428571428572,Low
2,21,7.4,77,67,18,49,42.1,3,1,0,17,56,-1.4,-0.1653412698412698,-0.2834285714285714,Moderate
8,10,5.6,74,26,180,33,54.1,2,8,0,8,180,4.0,0.5402142857142858,0.9965714285714287,High
6,4,5.4,91,62,39,63,43.4,6,13,0,12,25,-0.7,0.5372857142857143,0.5009285714285714,High
10,1,5.6,71,69,64,61,55.0,2,12,0,6,57,0.13333333333333333,0.7546825396825397,0.847857142857143,High
5,5,5.7,82,31,104,107,46.2,0,7,0,2,109,1.4666666666666666,0.09788888888888901,0.5235000000000001,Low
4,3,7.7,83,17,120,32,57.6,7,3,0,7,95,2.0,0.8513650793650797,0.44121428571428567,Moderate
7,20,7.8,69,65,90,23,57.9,2,8,1,16,75,1.0,0.7001031746031745,0.5005714285714286,High
11,6,5.9,84,42,33,56,42.7,3,4,0,5,99,-0.9,-0.02342063492063478,0.1202857142857143,Low
4,12,6.5,73,32,72,47,37.0,5,11,0,12,49,0.4,0.09341269841269839,0.1417857142857143,Low
12,3,7.5,87,36,18,71,42.2,3,4,0,7,74,-1.4,-0.02925396825396812,-0.21221428571428563,Low
14,8,6.5,68,39,28,78,41.5,3,3,2,18,27,-1.0666666666666667,-0.08869047619047618,-0.06178571428571428,Low
9,8,6.4,80,47,89,46,45.1,2,9,0,3,36,0.9666666666666667,0.1853730158730159,0.3876428571428571,Low
13,1,7.6,86,33,16,129,35.8,3,12,1,7,73,-1.4666666666666666,0.0329047619047618,-0.19814285714285712,Moderate
18,9,8.2,67,27,49,111,43.5,6,3,3,8,38,-0.36666666666666664,0.23797619047619054,-0.24678571428571414,Moderate
7,3,7.5,86,46,54,54,51.2,3,13,0,20,52,-0.2,0.6782857142857144,0.4049285714285715,High
3,5,8.0,78,28,22,71,51.8,0,8,0,15,23,-1.2666666666666666,0.34560317460317447,0.11257142857142853,Low
3,6,6.9,72,37,35,37,39.0,1,4,4,9,39,-0.8333333333333334,-0.3443650793650794,-0.16071428571428578,Low
22,14,8.1,75,40,180,58,46.8,3,8,3,11,19,4.0,0.30615873015873,0.3400714285714285,High
7,5,7.6,81,56,31,49,45.0,1,10,0,8,62,-0.9666666666666667,0.15325396825396825,0.05821428571428579,Low
6,7,6.3,90,55,61,92,45.7,6,7,0,9,47,0.03333333333333333,0.45872222222222236,0.2960000000000001,Moderate
1,10,6.1,73,41,47,22,54.1,5,3,0,1,64,-0.43333333333333335,0.549420634920635,0.43371428571428583,Low
1,10,7.1,67,51,69,90,44.5,4,4,1,5,61,0.3,0.16202380952380951,0.05428571428571436,Low
14,2,6.9,76,32,35,87,43.9,1,6,0,14,34,-0.8333333333333334,0.0031190476190475565,0.04342857142857133,Low
5,2,6.4,78,31,104,92,60.1,1,12,1,13,83,1.4666666666666666,0.9519603174603176,0.9608571428571429,High
3,11,7.8,70,61,44,59,39.0,2,8,3,7,67,-0.5333333333333333,-0.1103968253968254,-0.18142857142857138,Low
4,7,5.6,70,55,161,17,44.6,3,4,0,4,62,3.3666666666666667,0.018746031746031816,0.5497857142857143,Low
27,15,7.3,75,46,89,99,48.6,2,9,1,8,36,0.9666666666666667,0.4017619047619049,0.3351428571428572,High
10,6,6.8,63,45,37,59,42.6,6,5,0,6,56,-0.7666666666666667,0.2111269841269842,-0.0016428571428570848,Moderate
15,4,7.3,75,37,40,84,63.4,5,0,1,4,7,-0.6666666666666666,0.9296666666666665,0.39949999999999997,High
27,4,7.1,69,53,88,25,58.7,4,14,1,7,24,0.9333333333333333,1.0859444444444446,0.8135,High
1,13,6.2,69,55,78,167,48.9,4,14,1,2,48,0.6,0.8027222222222221,0.652,High
8,6,5.8,65,46,28,14,44.7,4,17,0,9,96,-1.0666666666666667,0.5508650793650794,0.5567142857142858,Moderate
9,7,7.6,64,41,33,26,58.7,1,4,2,3,24,-0.9,0.5299126984126986,0.30278571428571444,Moderate
1,7,5.8,65,41,62,80,55.1,4,7,1,3,44,0.06666666666666667,0.7350555555555557,0.668,Moderate
2,10,7.2,61,44,61,137,62.4,2,7,0,16,108,0.03333333333333333,0.9935555555555555,0.6394999999999998,High
13,1,7.7,68,44,152,146,55.2,7,4,2,14,89,3.066666666666667,0.9057460317460319,0.4777857142857143,High
11,5,6.8,71,41,110,76,43.9,3,3,1,5,67,1.6666666666666667,0.017087301587301526,0.1627142857142857,Moderate
8,9,7.0,70,31,90,58,44.3,6,9,1,6,180,1.0,0.4293730158730157,0.26114285714285707,Moderate
7,12,6.6,75,48,5,27,43.8,5,7,3,1,120,-1.8333333333333333,0.23433333333333323,0.046499999999999986,Moderate
9,12,7.4,74,52,83,13,59.1,1,0,0,2,64,0.7666666666666667,0.3906111111111112,0.3605,Moderate
9,1,7.6,85,39,39,15,51.4,3,4,1,2,103,-0.7,0.32252380952380955,0.09878571428571434,Moderate
3,7,5.1,67,57,67,24,61.8,3,11,1,8,110,0.23333333333333334,1.0505238095238094,1.1182857142857143,High
3,6,5.8,64,55,20,47,47.8,2,3,1,4,68,-1.3333333333333333,0.09369841269841259,0.2297142857142857,Low
4,9,6.7,60,43,97,152,48.1,5,4,1,7,143,1.2333333333333334,0.4595793650793652,0.30228571428571427,Moderate
1,13,6.7,78,57,17,180,55.6,3,4,0,5,64,-1.4333333333333333,0.694857142857143,0.32728571428571424,Moderate
2,3,6.2,62,33,12,107,46.6,1,5,0,15,146,-1.6,0.11112698412698423,0.1608571428571428,Low
12,4,6.0,79,57,169,29,47.3,2,1,0,7,16,3.6333333333333333,-0.020230158730158807,0.49507142857142844,Moderate
7,15,5.4,94,42,28,158,48.9,3,19,0,6,180,-1.0666666666666667,0.9046269841269841,0.8098571428571428,High
16,1,6.7,74,42,31,68,46.8,6,13,1,3,29,-0.9666666666666667,0.6958412698412697,0.35542857142857126,Moderate
3,1,6.1,67,51,9,107,43.4,0,1,0,4,151,-1.7,-0.24239682539682544,-0.039428571428571424,Low
1,15,5.0,85,56,123,76,47.2,1,5,0,14,180,2.1,0.1036825396825398,0.6663571428571429,Moderate
11,2,7.6,91,37,116,21,36.9,2,9,0,3,34,1.8666666666666667,-0.21140476190476198,-0.0008571428571428341,Moderate
8,6,6.5,70,47,156,86,35.0,4,12,1,5,49,3.2,0.015793650793650804,0.3203571428571429,High
2,14,6.2,90,44,57,66,44.6,2,6,1,11,15,-0.1,0.07795238095238104,0.24192857142857144,Moderate
8,1,7.8,86,51,71,106,43.5,3,9,0,4,55,0.36666666666666664,0.2467063492063492,0.049642857142857176,Low
3,4,5.3,74,22,53,98,42.3,0,5,2,8,62,-0.23333333333333334,-0.15903968253968268,0.2918571428571427,Moderate
14,3,7.3,64,47,174,54,46.7,0,16,0,7,96,3.8,0.3829285714285715,0.6906428571428573,Moderate
1,2,8.0,90,38,41,37,42.9,1,6,0,10,70,-0.6333333333333333,-0.09743650793650799,-0.1640714285714286,Low
5,7,6.3,76,69,25,11,40.1,6,14,1,13,24,-1.1666666666666667,0.3667222222222223,0.23800000000000004,Moderate
18,12,5.3,64,19,11,87,47.1,3,21,1,15,180,-1.6333333333333333,0.8161666666666668,0.788,High
7,5,5.5,66,54,30,68,46.2,3,6,1,13,65,-1.0,0.21884126984127,0.3449285714285714,Low
18,5,7.0,80,44,38,44,49.3,7,11,1,9,86,-0.7333333333333333,0.7769126984126982,0.3382857142857142,Moderate
5,1,7.6,72,40,7,37,43.5,3,2,1,2,31,-1.7666666666666666,-0.07996031746031747,-0.27535714285714274,Low
8,6,6.2,81,61,51,64,39.0,4,2,1,10,180,-0.3,-0.1857936507936508,-0.05535714285714292,Moderate
19,1,7.3,74,28,92,83,40.4,6,4,0,18,1,1.0666666666666667,0.10307936507936503,-0.04621428571428572,Moderate
7,20,9.0,65,60,99,65,40.7,3,15,0,19,80,1.3,0.28943650793650805,-0.002928571428571336,High
5,18,6.8,69,49,40,5,48.6,3,9,0,16,54,-0.6666666666666666,0.3639841269841271,0.3001428571428572,High
4,6,5.6,62,39,99,21,53.3,5,9,0,14,32,1.3,0.7265952380952378,0.7986428571428571,Moderate
1,8,6.8,85,51,64,72,43.7,3,8,1,5,19,0.13333333333333333,0.18221428571428583,0.18457142857142872,Low
2,3,6.3,70,40,69,68,58.8,2,6,1,6,34,0.3,0.719174603174603,0.6804285714285713,Moderate
12,11,6.0,73,41,26,42,49.1,3,11,0,20,59,-1.1333333333333333,0.49902380952380965,0.4772857142857143,Moderate
5,4,7.6,85,54,14,17,35.0,1,11,0,7,82,-1.5333333333333334,-0.2965873015873016,-0.2557142857142856,Low
5,10,7.3,72,66,180,18,56.6,4,10,0,10,50,4.0,0.8408095238095239,0.8312142857142857,High
11,13,5.3,85,57,128,56,52.7,3,10,1,4,26,2.2666666666666666,0.6408650793650794,0.9342142857142859,High
2,2,6.4,80,59,41,95,51.6,5,10,1,4,35,-0.6333333333333333,0.7680317460317461,0.4912142857142857,Low
4,7,6.8,82,33,39,31,38.4,3,11,1,6,67,-0.7,0.005301587301587224,0.04878571428571427,Low
2,3,6.2,73,69,48,85,40.7,1,1,4,1,49,-0.4,-0.321674603174603,-0.0404285714285714,Low
7,6,6.4,80,28,76,43,49.4,4,9,0,3,118,0.5333333333333333,0.5088730158730157,0.484142857142857,Moderate
10,6,6.8,81,68,23,57,49.0,5,2,0,8,59,-1.2333333333333334,0.32309523809523805,0.06964285714285717,Moderate
5,2,8.9,77,50,101,29,44.5,0,3,2,7,43,1.3666666666666667,-0.20813492063492062,-0.2092857142857143,Low
9,6,7.3,77,23,39,73,46.7,3,4,0,12,31,-0.7,0.17546825396825405,0.010285714285714391,Moderate
3,3,7.9,64,44,21,52,58.1,7,1,3,4,80,-1.3,0.82465873015873,0.11657142857142852,Moderate
18,3,6.7,69,51,64,41,48.7,4,2,0,14,44,0.13333333333333333,0.2251507936507938,0.18064285714285713,Moderate
3,2,7.3,74,54,31,152,35.0,3,5,2,20,68,-0.9666666666666667,-0.22753968253968254,-0.33214285714285713,Low
6,2,7.6,59,41,61,10,44.2,6,10,0,20,168,0.03333333333333333,0.40725396825396837,0.10921428571428587,Low
5,1,7.0,89,48,110,41,54.0,7,2,3,5,150,1.6666666666666667,0.6636507936507937,0.40214285714285714,Moderate
7,4,6.9,88,53,45,73,48.0,2,3,1,9,31,-0.5,0.13158730158730164,0.10571428571428568,Low
4,3,7.4,77,24,36,127,56.6,4,4,0,6,10,-0.8,0.7476349206349208,0.2822857142857142,Moderate
1,5,6.6,74,38,38,15,35.0,4,3,0,12,57,-0.7333333333333333,-0.3845238095238095,-0.24928571428571422,Low
1,3,4.6,77,26,107,180,42.2,3,4,1,4,10,1.5666666666666667,0.091857142857143,0.5177857142857143,Moderate
2,2,6.3,76,28,117,180,51.4,2,2,0,2,87,1.9,0.36776190476190473,0.4641428571428571,Moderate
4,5,6.4,76,44,56,180,41.4,2,1,1,7,48,-0.13333333333333333,-0.117952380952381,-0.03442857142857155,Low
7,5,7.2,70,28,46,28,42.8,1,9,1,15,35,-0.4666666666666667,-0.004793650793650933,0.07114285714285701,Low
9,4,7.4,63,28,86,38,38.1,6,8,1,4,45,0.8666666666666667,0.09243650793650802,-0.03342857142857143,Moderate
2,4,7.1,58,55,180,52,44.4,2,12,2,2,43,4.0,0.2676825396825396,0.5573571428571429,Low
11,8,7.1,85,58,86,65,43.0,6,4,0,4,177,0.8666666666666667,0.20007936507936508,0.05178571428571435,Moderate
8,7,7.2,69,23,54,140,44.1,5,10,1,5,118,-0.2,0.48053174603174614,0.1587142857142857,Moderate
8,1,6.4,60,35,65,68,47.8,2,4,1,2,47,0.16666666666666666,0.15274603174603163,0.2657857142857141,Low
14,12,6.6,72,34,22,154,58.0,1,10,0,10,52,-1.2666666666666666,0.854920634920635,0.6007142857142859,High
6,2,7.3,74,36,54,47,51.9,6,2,0,14,28,-0.2,0.5091507936507936,0.14664285714285713,Low
2,4,6.7,71,58,85,97,36.6,1,2,0,20,27,0.8333333333333334,-0.45712698412698405,-0.12985714285714287,Low
6,0,6.1,88,49,40,67,46.9,2,2,1,11,36,-0.6666666666666666,0.03970634920634916,0.17164285714285712,Low
3,7,6.7,74,43,24,113,51.0,4,5,1,9,174,-1.2,0.5157936507936509,0.2353571428571428,Moderate
5,6,8.0,58,53,38,59,35.0,4,5,1,5,54,-0.7333333333333333,-0.2642063492063492,-0.4371428571428571,Low
5,7,8.1,73,27,63,64,48.5,3,7,0,5,81,0.1,0.3536111111111111,0.07000000000000009,Low
19,3,5.8,70,40,116,61,51.9,6,9,0,1,180,1.8666666666666667,0.7747063492063492,0.7641428571428571,High
10,5,6.1,80,25,110,24,40.2,4,2,1,7,37,1.6666666666666667,-0.1762380952380951,0.14564285714285727,Moderate
5,6,6.5,74,44,28,71,43.8,2,1,1,3,28,-1.0666666666666667,-0.1310634920634922,-0.04992857142857153,Low
4,3,7.6,66,43,39,28,52.9,5,3,4,5,75,-0.7,0.5020873015873014,0.11521428571428577,Moderate
7,11,7.5,68,54,20,15,48.4,1,7,1,12,100,-1.3333333333333333,0.16133333333333327,0.06449999999999996,Moderate
8,2,7.4,83,57,101,7,51.2,3,4,3,10,28,1.3666666666666667,0.3046349206349207,0.2827857142857143,Low
4,13,7.5,81,46,90,47,39.6,6,9,0,4,82,1.0,0.20565079365079372,0.03264285714285719,Low
5,7,4.8,70,40,61,97,51.1,4,6,1,6,180,0.03333333333333333,0.5382301587301588,0.6919285714285713,Moderate
4,4,8.0,75,33,31,47,61.6,2,14,1,4,65,-0.9666666666666667,1.1075555555555558,0.6005,High
1,11,7.4,82,44,58,49,47.9,5,11,0,9,51,-0.06666666666666667,0.5861349206349205,0.27628571428571413,Moderate
8,3,6.2,71,48,86,133,35.0,7,6,1,6,94,0.8666666666666667,0.053730158730158725,0.0264285714285714,Low
8,9,6.3,79,44,26,168,49.0,2,15,2,7,38,-1.1333333333333333,0.7107142857142857,0.5360714285714286,Moderate
4,4,7.6,74,49,76,70,52.3,4,12,2,10,147,0.5333333333333333,0.7765158730158729,0.4468571428571429,Moderate
7,2,7.2,70,15,97,143,47.0,1,4,1,12,75,1.2333333333333334,0.13341269841269843,0.18178571428571424,Moderate
15,7,7.3,82,39,30,38,35.0,4,12,0,20,160,-1.0,-0.037539682539682526,-0.13464285714285706,Moderate
3,2,6.7,60,57,141,142,50.6,6,13,0,4,53,2.7,0.9490634920634922,0.7444285714285713,High
4,5,6.5,76,26,47,34,67.6,2,16,0,4,58,-0.43333333333333335,1.4345396825396823,1.140142857142857,High
3,2,7.4,65,48,24,102,38.0,4,2,0,11,82,-1.2,-0.18857142857142858,-0.3628571428571429,Low
7,4,6.8,69,33,48,66,35.0,2,6,0,8,37,-0.4,-0.35404761904761906,-0.17357142857142854,Low
4,6,6.1,73,25,18,67,58.4,4,3,1,8,57,-1.4,0.7262539682539682,0.4902142857142857,Moderate
9,3,5.1,67,35,143,128,40.8,3,19,0,5,21,2.7666666666666666,0.5067936507936507,0.9068571428571428,High
8,9,5.9,82,52,27,65,36.6,1,3,0,7,103,-1.1,-0.4569682539682539,-0.10628571428571432,Low
22,5,6.9,72,40,168,42,45.6,4,20,0,6,68,3.6,0.7296190476190477,0.8269285714285715,High
2,3,8.4,72,38,27,159,36.2,1,5,1,11,26,-1.1,-0.29909523809523797,-0.49864285714285717,Low
2,4,6.0,74,51,39,180,39.6,4,2,2,13,121,-0.7,-0.02990476190476185,-0.03235714285714284,Low
6,7,6.3,61,43,57,24,50.9,3,7,0,5,14,-0.1,0.4171666666666666,0.442,Moderate
19,10,5.5,77,39,144,159,49.3,3,5,0,8,16,2.8,0.42373809523809514,0.6943571428571427,High
9,8,6.2,80,59,43,108,70.0,3,16,0,9,36,-0.5666666666666667,1.6914285714285715,1.254642857142857,High
12,8,7.9,81,46,84,85,41.3,3,3,1,11,27,0.8,-0.08991269841269851,-0.17278571428571443,Low
4,5,5.7,73,48,136,96,45.7,5,5,2,4,76,2.533333333333333,0.32507142857142873,0.5313571428571429,Moderate
8,2,7.4,87,32,130,45,40.3,7,3,1,10,180,2.3333333333333335,0.08730952380952366,-0.0002857142857144168,Moderate
8,4,5.1,77,48,30,39,40.0,4,10,2,20,62,-1.0,0.11714285714285713,0.34321428571428575,Moderate
11,1,6.3,94,43,100,14,61.4,2,7,4,4,97,1.3333333333333333,0.8118888888888888,0.8644999999999999,High
3,11,5.9,81,29,126,24,44.0,3,10,4,15,104,2.2,0.2138095238095238,0.5632142857142857,High
5,5,6.0,70,47,69,53,51.7,1,7,1,4,146,0.3,0.3520555555555558,0.5485,Moderate
1,1,6.5,66,44,51,49,35.0,6,16,1,9,140,-0.3,0.2508730158730159,0.17214285714285718,Moderate
3,2,6.9,90,47,39,52,51.5,3,3,1,4,83,-0.7,0.3324206349206349,0.19571428571428567,Low
16,11,6.5,78,42,23,46,57.4,2,9,0,5,23,-1.2333333333333334,0.7388730158730158,0.5741428571428571,High
7,5,6.9,70,51,136,151,44.7,5,1,0,3,88,2.533333333333333,0.19832539682539696,0.17707142857142857,Moderate
8,5,8.2,65,34,65,56,52.7,3,1,0,1,125,0.16666666666666666,0.319436507936508,0.012071428571428776,Moderate
16,2,6.5,90,40,10,180,44.9,2,3,0,5,64,-1.6666666666666667,0.11097619047619042,-0.004785714285714324,Low
6,4,6.9,72,46,112,38,55.5,3,7,0,10,89,1.7333333333333334,0.6397222222222222,0.6124999999999999,Moderate
5,3,6.5,64,18,86,42,37.7,2,1,0,0,18,0.8666666666666667,-0.4377857142857141,-0.08792857142857136,Low
3,4,8.1,70,51,106,50,43.3,3,9,2,18,80,1.5333333333333334,0.17548412698412685,0.07864285714285715,Moderate
8,3,5.8,55,40,180,14,37.3,5,1,0,10,29,4.0,-0.28689682539682554,0.2575714285714285,Low
8,6,6.9,76,35,122,70,53.2,2,7,1,7,80,2.066666666666667,0.5051111111111113,0.5685,High
20,10,7.9,59,45,25,8,40.9,5,5,0,1,26,-1.1666666666666667,0.011293650793650745,-0.27514285714285724,Moderate
6,4,6.6,77,36,30,95,42.1,3,6,1,3,180,-1.0,0.0643412698412699,0.029428571428571554,Moderate
3,2,6.1,62,56,77,13,52.4,3,6,0,1,123,0.5666666666666667,0.4367301587301587,0.5434285714285714,Low
11,5,6.4,70,40,9,17,48.4,3,2,3,7,180,-1.7,0.11831746031746025,0.086642857142857,Moderate
11,4,6.5,75,31,69,66,64.0,3,2,1,8,45,0.3,0.8747619047619049,0.687142857142857,High
3,14,7.4,82,26,113,40,54.5,5,13,1,13,20,1.7666666666666666,0.944563492063492,0.6689285714285713,High
8,4,7.2,79,37,34,32,35.9,7,5,0,6,20,-0.8666666666666667,-0.0537063492063493,-0.28014285714285725,Low
17,4,6.1,88,63,8,99,41.1,0,12,1,11,19,-1.7333333333333334,0.03807142857142864,0.20335714285714301,Moderate
18,4,7.4,80,31,47,33,55.5,0,3,1,7,139,-0.43333333333333335,0.2913095238095238,0.24821428571428564,High
8,4,5.3,82,27,158,72,58.6,1,10,1,11,110,3.2666666666666666,0.7908095238095239,1.1862142857142857,High
16,10,8.1,63,36,41,28,53.3,3,17,0,6,81,-0.6333333333333333,0.8867539682539681,0.44471428571428573,High
5,8,7.5,75,45,121,42,56.8,4,8,2,2,39,2.033333333333333,0.8050476190476189,0.5975714285714284,Moderate
9,21,6.3,75,49,80,7,59.4,1,3,0,14,77,0.6666666666666666,0.5045873015873017,0.6402142857142857,High
5,2,7.1,82,43,36,25,46.7,4,3,1,18,63,-0.8,0.15308730158730166,0.009214285714285855,Low
13,2,8.8,69,19,60,30,38.5,4,5,2,13,4,0.0,-0.13892857142857143,-0.41714285714285726,Low
1,2,5.7,83,41,99,72,42.9,5,11,1,20,19,1.3,0.3866904761904761,0.5262857142857141,Moderate
7,4,7.4,62,58,60,45,43.6,6,8,2,3,13,0.0,0.3477142857142858,0.06657142857142855,Low
3,7,6.1,85,53,50,44,47.4,1,10,2,5,57,-0.3333333333333333,0.25569841269841265,0.44021428571428567,Moderate
1,2,7.8,81,47,59,71,42.0,6,9,0,3,7,-0.03333333333333333,0.3403174603174603,-0.025357142857142818,Low
12,8,7.7,59,34,63,180,53.8,2,3,0,2,165,0.1,0.5114761904761904,0.1847142857142856,High
10,7,6.7,80,52,71,30,54.8,5,0,0,10,50,0.36666666666666664,0.4826666666666666,0.32399999999999984,Moderate
11,2,6.2,57,50,126,28,49.6,2,12,3,10,24,2.2,0.4750158730158731,0.7358571428571429,Moderate
5,10,7.5,87,46,18,93,49.6,2,3,0,10,177,-1.4,0.22580952380952393,-0.01878571428571424,Moderate
16,3,7.3,74,44,37,50,45.0,4,13,0,6,7,-0.7666666666666667,0.4615079365079365,0.21142857142857147,Moderate
4,2,6.5,72,40,17,31,55.4,2,2,1,13,81,-1.4333333333333333,0.3822063492063491,0.299142857142857,Low
10,8,8.0,70,45,131,68,54.4,2,8,4,13,45,2.3666666666666667,0.5926031746031746,0.4630714285714286,High
12,8,7.1,85,36,56,23,56.4,3,13,0,6,49,-0.13333333333333333,0.8778412698412699,0.6359285714285714,High
8,13,7.1,66,53,59,132,51.8,1,6,1,6,84,-0.03333333333333333,0.4086190476190476,0.3054285714285714,Moderate
12,3,6.9,65,51,26,32,61.1,6,6,1,11,70,-1.1333333333333333,1.0493412698412699,0.5369285714285715,High
3,1,5.8,82,45,53,28,57.5,5,4,1,1,16,-0.23333333333333334,0.7448015873015873,0.6317857142857144,Low
10,2,6.8,76,37,68,9,52.8,5,10,0,7,58,0.26666666666666666,0.7264761904761904,0.5247142857142857,Moderate
10,11,6.9,70,56,75,33,46.2,3,1,2,5,64,0.5,0.0013809523809525243,0.06957142857142859,Moderate
15,2,6.5,71,29,16,40,58.2,4,4,0,14,105,-1.4666666666666666,0.7229682539682541,0.43778571428571433,High
6,7,7.0,72,23,14,152,62.0,1,5,0,5,102,-1.5333333333333334,0.8541269841269843,0.4878571428571429,High
3,9,5.9,77,45,47,81,37.6,9,8,2,4,94,-0.43333333333333335,0.3177142857142858,0.11657142857142855,Moderate
8,10,7.9,75,37,24,162,35.0,5,4,0,9,24,-1.2,-0.11880952380952381,-0.4832142857142857,Low
12,5,7.9,67,14,11,156,40.7,4,11,1,9,114,-1.6333333333333333,0.314357142857143,-0.14471428571428568,Moderate
6,12,7.6,73,44,14,30,52.0,2,2,1,4,84,-1.5333333333333334,0.22809523809523813,-0.002857142857142822,Low
20,7,7.0,75,23,74,81,57.7,6,21,1,6,34,0.4666666666666667,1.4865000000000002,0.9660000000000001,High
5,4,5.7,81,23,17,34,53.1,4,5,1,0,41,-1.4333333333333333,0.5225158730158731,0.4558571428571428,Moderate
1,4,7.3,76,33,23,83,58.7,3,3,1,13,32,-1.2333333333333334,0.6908650793650796,0.3017142857142858,Moderate
13,5,6.9,79,44,60,118,35.1,3,4,0,20,25,0.0,-0.296531746031746,-0.21521428571428575,Moderate
5,3,7.5,68,45,22,60,35.0,1,8,0,4,115,-1.2666666666666666,-0.35595238095238096,-0.3039285714285714,Low
4,1,5.7,70,35,44,130,47.0,4,7,2,4,51,-0.5333333333333333,0.4261111111111111,0.39749999999999996,Low
8,2,7.6,67,37,103,45,35.3,3,10,0,2,42,1.4333333333333333,-0.154357142857143,-0.05278571428571431,Low
10,4,6.6,56,33,76,38,59.2,2,6,1,7,79,0.5333333333333333,0.70384126984127,0.6574285714285716,High
9,4,7.8,75,41,109,51,48.6,7,3,0,7,24,1.6333333333333333,0.4674761904761905,0.12621428571428578,Low
7,13,8.6,86,59,116,43,47.8,3,5,0,4,45,1.8666666666666667,0.22734920634920625,0.03685714285714284,Moderate
5,5,7.7,85,36,10,31,46.6,2,10,0,2,53,-1.6666666666666667,0.271920634920635,0.03621428571428573,Low
10,1,7.6,86,33,101,7,52.8,4,5,0,20,77,1.3666666666666667,0.479015873015873,0.3243571428571429,Low
3,13,7.1,82,54,73,36,49.9,2,16,1,9,23,0.43333333333333335,0.6402619047619047,0.5691428571428572,Moderate
0,6,5.0,70,36,10,66,49.4,4,15,1,5,31,-1.6666666666666667,0.7487142857142857,0.7355714285714284,Moderate
5,0,7.4,81,43,50,120,35.6,2,4,0,7,22,-0.3333333333333333,-0.33847619047619043,-0.3127142857142857,Low
2,5,6.7,75,53,37,67,46.0,2,2,0,4,124,-0.7666666666666667,-0.0007936507936507631,0.03214285714285708,Low
8,2,6.9,76,32,88,51,46.9,1,9,2,5,38,0.9333333333333333,0.2052619047619047,0.35164285714285703,Moderate
5,3,7.2,87,44,95,56,45.6,4,1,0,4,45,1.1666666666666667,0.06660317460317466,0.049071428571428585,Low
10,2,8.2,80,39,10,14,60.5,4,10,0,10,35,-1.6666666666666667,1.0118650793650792,0.36571428571428577,Moderate
1,2,7.9,67,46,9,52,40.2,4,3,0,9,50,-1.7,-0.10941269841269827,-0.39328571428571424,Low
6,3,7.0,77,25,95,33,62.2,4,3,0,12,54,1.1666666666666667,0.8594761904761906,0.6392142857142857,Moderate
2,9,6.4,59,35,41,56,41.9,6,8,0,9,37,-0.6333333333333333,0.2834365079365079,0.14307142857142846,Low
2,6,7.4,58,51,47,51,46.5,3,8,0,8,54,-0.43333333333333335,0.2848809523809524,0.12107142857142852,Low
7,2,5.4,75,39,14,37,55.2,2,2,1,4,33,-1.5333333333333334,0.37987301587301603,0.4781428571428571,Moderate
16,1,7.4,99,39,111,11,48.2,4,2,1,20,66,1.7,0.16931746031746048,0.16064285714285714,High
7,1,8.1,67,20,21,107,47.2,5,9,0,9,141,-1.3,0.5476507936507937,-0.01685714285714271,Low
9,9,8.7,76,48,74,54,47.2,4,6,2,7,21,0.4666666666666667,0.3149523809523811,-0.07507142857142837,Low
5,7,7.3,72,46,37,41,49.1,4,3,1,8,76,-0.7666666666666667,0.2788650793650794,0.04871428571428577,Low
3,2,8.8,68,36,121,73,56.0,4,0,1,1,44,2.033333333333333,0.5177777777777779,0.11749999999999985,Low
7,3,7.1,71,39,92,132,66.7,1,4,0,6,73,1.0666666666666667,1.0076904761904766,0.7777857142857143,High
3,4,7.6,69,55,114,44,35.0,3,8,1,4,36,1.8,-0.2403968253968254,-0.0914285714285713,Moderate
17,14,7.1,75,39,180,125,45.7,2,2,2,8,10,4.0,0.05015079365079378,0.3106428571428572,High
4,13,6.2,72,53,34,178,59.3,2,13,0,7,30,-0.8666666666666667,1.1138968253968253,0.8254285714285714,High
5,3,6.6,83,35,12,17,36.5,3,13,1,7,76,-1.6,-0.024325396825396847,0.016428571428571515,Low
2,2,5.1,82,36,52,85,52.2,6,7,2,14,11,-0.26666666666666666,0.7434444444444446,0.6785000000000001,Moderate
22,7,6.1,83,46,114,162,43.6,7,4,1,1,19,1.8,0.4015238095238096,0.31478571428571434,High
4,5,6.2,76,47,58,141,56.7,4,1,0,4,180,-0.06666666666666667,0.6605476190476192,0.4645714285714286,High
12,2,6.5,85,51,153,180,45.7,2,7,0,10,148,3.1,0.2898333333333335,0.49100000000000005,Moderate
8,10,8.2,81,60,103,53,45.4,2,3,2,12,70,1.4333333333333333,-0.0076349206349207305,-0.0547857142857142,Low
4,1,7.7,73,32,59,89,45.8,2,5,3,6,25,-0.03333333333333333,0.12179365079365072,-0.008142857142857262,Low
6,3,6.6,85,38,61,50,58.0,2,6,0,6,37,0.03333333333333333,0.6631746031746033,0.5839285714285715,Moderate
7,3,6.1,81,52,35,154,42.1,3,7,0,3,9,-0.8333333333333334,0.16561111111111115,0.15800000000000008,Low
20,14,5.7,68,62,32,109,47.5,9,8,1,9,78,-0.9333333333333333,0.7943253968253968,0.4110714285714285,High
1,6,7.9,68,54,10,58,52.0,3,13,1,20,81,-1.6666666666666667,0.7187301587301588,0.2489285714285714,Low
5,5,6.7,82,59,79,72,38.0,5,9,0,9,96,0.6333333333333333,0.09476190476190474,0.0971428571428571,Low
2,8,7.4,77,37,22,118,56.7,0,2,1,14,43,-1.2666666666666666,0.4040396825396826,0.19314285714285717,Moderate
4,2,5.9,85,55,170,68,39.4,2,7,2,11,51,3.6666666666666665,-0.11811111111111118,0.44949999999999984,Moderate
6,18,6.8,78,61,140,108,51.7,1,8,1,6,11,2.6666666666666665,0.4488809523809526,0.6145714285714287,High
11,4,7.6,80,38,60,27,47.5,3,0,1,1,76,0.0,0.01750000000000003,-0.07999999999999996,Low
5,10,6.2,83,45,30,35,57.7,3,5,3,11,67,-1.0,0.6639603174603176,0.5388571428571429,Moderate
4,4,7.3,82,32,110,157,67.5,7,7,2,9,35,1.6666666666666667,1.5786111111111112,0.8975,High
3,5,7.0,74,51,22,65,48.0,1,6,1,8,11,-1.2666666666666666,0.1631746031746032,0.11642857142857142,Low
9,15,6.1,72,19,72,110,52.0,3,1,0,7,75,0.4,0.34793650793650793,0.3760714285714286,High
2,3,8.1,68,70,48,23,58.7,1,9,2,7,65,-0.4,0.7051507936507938,0.3956428571428573,Low
9,2,6.2,63,36,163,88,35.0,4,2,0,7,180,3.433333333333333,-0.33912698412698417,0.10464285714285704,Moderate
11,2,7.3,74,64,54,180,42.4,2,4,1,1,20,-0.2,0.03419047619047613,-0.08121428571428572,Low
3,6,8.7,73,28,76,34,53.5,4,8,3,7,45,0.5333333333333333,0.6476587301587302,0.17607142857142874,Moderate
3,13,6.1,83,31,180,19,54.0,4,2,0,5,111,4.0,0.43920634920634916,0.7346428571428572,High
1,6,7.6,74,40,78,132,35.0,3,7,1,9,23,0.6,-0.17833333333333334,-0.2099999999999999,Low
10,21,6.1,67,55,50,82,43.3,3,4,1,6,8,-0.3333333333333333,0.032468253968253855,0.14578571428571424,Moderate
5,1,6.4,85,49,23,103,47.5,1,2,1,12,77,-1.2333333333333334,0.040039682539682556,0.09464285714285703,Low
6,4,6.7,56,27,75,176,42.5,4,10,2,6,28,0.5,0.38186507936507935,0.25071428571428567,Moderate
2,2,6.1,85,49,51,56,51.6,5,21,0,5,16,-0.3,1.1175555555555559,0.8830000000000001,Moderate
12,5,7.4,62,55,74,87,48.7,1,8,0,10,63,0.4666666666666667,0.2905476190476192,0.25457142857142856,Low
2,8,6.7,67,41,87,127,42.0,5,5,2,8,69,0.9,0.19301587301587303,0.12285714285714283,Low
5,16,7.1,72,64,125,43,40.7,1,8,1,7,36,2.1666666666666665,-0.1183412698412697,0.1945714285714287,Moderate
5,9,7.5,79,58,28,151,57.2,1,8,1,7,76,-1.0666666666666667,0.7441587301587304,0.37707142857142856,Moderate
7,7,6.9,76,49,114,48,57.1,3,4,2,3,124,1.8,0.6156904761904763,0.5797857142857142,Moderate
7,8,6.7,76,35,67,41,45.6,2,7,1,1,180,0.23333333333333334,0.13088888888888897,0.238,Moderate
2,6,7.0,72,41,45,103,57.5,1,4,0,20,84,-0.5,0.5614682539682541,0.4017857142857143,Moderate
7,12,6.9,71,36,62,75,50.3,2,12,0,3,147,0.06666666666666667,0.5587380952380951,0.4743571428571428,Moderate
6,4,6.3,67,35,38,58,57.2,1,8,1,4,38,-0.7333333333333333,0.640825396825397,0.6120714285714286,Moderate
4,6,7.3,85,30,124,17,52.2,5,5,1,4,120,2.1333333333333333,0.5297936507936509,0.416357142857143,Moderate
6,2,6.4,87,59,63,75,39.6,2,21,0,3,112,0.1,0.3986666666666667,0.5005,Moderate
12,3,7.1,79,31,116,84,60.1,5,3,2,5,19,1.8666666666666667,0.8883095238095239,0.6112142857142858,High
3,3,6.0,71,53,132,103,53.3,2,4,0,5,54,2.4,0.43913492063492043,0.6682857142857141,Low
6,5,5.5,68,51,38,36,61.3,2,1,0,12,48,-0.7333333333333333,0.617547619047619,0.6750714285714285,High
6,13,7.2,87,72,102,99,60.4,3,5,0,4,36,1.4,0.8565714285714287,0.6248571428571428,High
12,8,7.8,70,36,57,91,51.7,3,4,1,4,130,-0.1,0.42046825396825416,0.11778571428571441,Moderate
3,10,7.3,56,42,16,106,57.7,4,9,0,6,66,-1.4666666666666666,0.9523730158730159,0.4256428571428572,Moderate
5,1,5.7,72,43,60,32,48.8,1,0,0,2,48,0.0,-0.051777777777777964,0.2914999999999998,Low
16,13,6.7,97,40,116,173,37.8,2,10,0,10,55,1.8666666666666667,0.033698412698412575,0.21221428571428558,High
7,2,8.1,92,42,102,22,48.0,0,10,3,4,19,1.4,0.19158730158730164,0.23821428571428577,Low
8,6,5.8,63,12,64,10,38.6,4,4,3,6,19,0.13333333333333333,-0.1923650793650793,0.09228571428571435,Moderate
4,3,7.6,79,43,62,53,52.9,1,3,0,1,56,0.06666666666666667,0.26319841269841265,0.17271428571428576,Low
8,10,6.7,74,43,29,49,36.2,2,13,0,6,36,-1.0333333333333334,-0.06893650793650781,0.03242857142857149,Low
11,4,5.1,86,65,29,161,43.2,3,0,0,9,56,-1.0333333333333334,-0.027111111111110975,0.15100000000000008,High
5,5,6.5,61,27,30,45,39.4,1,8,1,3,44,-1.0,-0.17461904761904767,0.02307142857142852,Low
3,2,7.8,84,42,180,25,40.1,5,2,0,8,17,4.0,-0.11296031746031741,0.020142857142857185,Low
17,8,7.2,78,47,82,44,54.8,1,13,0,4,148,0.7333333333333333,0.6958412698412698,0.6354285714285712,High
7,3,6.1,83,49,6,30,49.8,4,12,1,4,25,-1.8,0.6195714285714286,0.4593571428571429,Low
8,2,7.5,88,41,63,39,59.2,5,8,2,10,8,0.1,0.9763809523809526,0.5245714285714286,Moderate
5,6,7.2,80,36,94,35,49.3,5,8,0,9,21,1.1333333333333333,0.5264365079365078,0.35757142857142843,Low
10,5,6.6,85,35,83,60,41.9,6,3,0,3,32,0.7666666666666667,0.1093095238095238,0.07021428571428573,Low
2,3,7.9,66,62,8,43,42.6,3,6,1,19,88,-1.7333333333333334,0.029063492063492125,-0.2380714285714286,Low
10,5,7.6,61,54,32,73,52.7,4,9,1,2,30,-0.9333333333333333,0.6907063492063493,0.2631428571428573,Moderate
22,0,6.8,70,52,138,134,51.9,3,8,0,8,51,2.6,0.6201031746031745,0.6155714285714287,High
1,4,6.1,75,47,64,49,54.6,1,9,0,4,24,0.13333333333333333,0.5495396825396827,0.6626428571428573,Moderate
6,7,6.2,82,48,53,39,39.3,3,5,0,4,29,-0.23333333333333334,-0.15959523809523823,0.044357142857142734,Low
5,1,7.0,69,44,25,73,35.0,2,2,2,10,62,-1.1666666666666667,-0.48912698412698413,-0.3803571428571429,Low
5,4,7.2,74,60,138,137,57.8,2,4,1,5,100,2.6,0.6794126984126985,0.6082857142857141,High
4,8,6.2,70,34,80,82,49.1,2,5,1,18,47,0.6666666666666666,0.26251587301587315,0.4058571428571428,Moderate
2,3,5.7,84,26,78,4,40.0,3,9,1,8,180,0.6,-0.024126984126984136,0.32964285714285707,Moderate
15,1,5.0,80,33,7,36,50.9,3,6,1,4,25,-1.7666666666666666,0.39478571428571424,0.5159285714285714,Moderate
21,10,7.7,75,37,167,34,47.3,4,8,2,4,108,3.566666666666667,0.36865873015873,0.39257142857142846,High
14,5,6.7,77,41,38,79,52.5,2,20,0,14,34,-0.7333333333333333,0.9478968253968254,0.7439285714285715,High
7,11,8.3,71,53,27,105,49.7,6,10,0,6,180,-1.1,0.760309523809524,0.06671428571428568,Moderate
4,4,6.6,78,65,45,75,48.2,7,15,1,9,90,-0.5,0.9047142857142858,0.5070714285714287,Moderate
10,9,5.8,69,53,77,60,35.0,5,2,1,6,40,0.5666666666666667,-0.3035714285714286,-0.040357142857142855,Moderate
9,13,5.7,75,56,39,162,36.2,3,18,1,12,46,-0.7,0.301857142857143,0.37528571428571433,Moderate
9,6,6.4,79,32,107,54,55.8,3,2,0,3,16,1.5666666666666667,0.4924285714285712,0.5536428571428569,Moderate
4,7,5.7,94,33,107,38,38.2,3,5,2,8,41,1.5666666666666667,-0.21020634920634906,0.2338571428571429,Moderate
7,1,4.9,70,55,88,52,38.8,5,15,0,2,19,0.9333333333333333,0.3228253968253967,0.6300714285714284,Moderate
7,2,5.6,75,24,51,133,51.5,5,3,4,8,146,-0.3,0.5557539682539682,0.4532142857142858,High
3,8,7.8,61,34,11,20,54.0,2,17,1,4,61,-1.6333333333333333,0.8426984126984127,0.44321428571428584,Low
0,6,6.4,68,38,95,14,58.7,1,13,1,18,63,1.1666666666666667,0.8380079365079367,0.9249285714285714,High
12,7,6.5,71,45,64,72,53.9,2,12,0,8,56,0.13333333333333333,0.7174047619047619,0.6573571428571429,High
3,2,5.9,74,44,16,81,63.8,8,6,1,7,180,-1.4666666666666666,1.3586190476190474,0.7679285714285713,Moderate
7,3,5.7,82,51,20,116,47.6,2,10,0,3,180,-1.3333333333333333,0.4113650793650795,0.4412142857142858,Moderate
5,12,7.7,66,67,51,32,41.8,4,15,3,14,34,-0.3,0.3689365079365078,0.13757142857142846,Low
9,3,7.1,68,62,104,20,41.8,5,3,2,4,54,1.4666666666666666,-0.006301587301587419,0.03221428571428568,Low
6,9,5.7,75,46,91,18,55.8,4,8,1,3,35,1.0333333333333334,0.7333809523809522,0.8075714285714284,High
9,9,6.5,83,28,180,51,54.5,2,14,1,20,40,4.0,0.7925,1.0225,High
9,6,6.9,62,26,69,31,55.1,2,13,0,12,4,0.3,0.7615634920634922,0.6644285714285714,High
4,13,7.7,74,45,82,144,52.8,4,6,1,9,68,0.7333333333333333,0.666952380952381,0.28792857142857137,High
5,11,5.1,98,48,41,24,52.9,2,8,1,17,46,-0.6333333333333333,0.4762142857142856,0.7005714285714286,High
10,7,6.5,79,49,69,16,35.0,7,6,2,19,21,0.3,-0.07626984126984128,-0.06857142857142856,Moderate
4,6,5.9,77,32,33,17,52.1,5,10,0,4,25,-0.9,0.7038650793650794,0.5737142857142857,High
2,3,7.2,61,48,12,90,45.3,3,8,0,4,54,-1.6,0.2742142857142856,0.032571428571428446,Low
5,12,7.5,92,24,10,128,44.3,1,2,0,5,39,-1.6666666666666667,-0.07618253968253982,-0.22635714285714295,Low
3,6,7.9,72,41,43,44,53.6,4,9,2,7,23,-0.5666666666666667,0.698984126984127,0.2651428571428571,Moderate
15,5,5.1,63,55,153,31,41.3,2,3,0,6,58,3.1,-0.2165793650793652,0.48971428571428566,Moderate
17,3,7.2,74,26,44,101,64.5,3,6,0,20,36,-0.5333333333333333,1.0790079365079364,0.6314285714285713,High
4,4,7.5,86,54,154,42,47.5,1,6,1,11,44,3.1333333333333333,0.11511904761904762,0.3439285714285714,Moderate
3,8,7.4,70,49,62,82,35.1,1,8,0,14,23,0.06666666666666667,-0.32700793650793647,-0.18342857142857144,Low
5,2,7.4,79,30,103,25,35.0,2,2,0,13,150,1.4333333333333333,-0.5424603174603174,-0.25535714285714295,Low
16,2,6.8,70,51,30,67,42.7,5,7,1,5,56,-1.0,0.2292777777777779,0.04100000000000012,Low
7,4,7.0,80,37,18,50,45.8,3,2,1,10,55,-1.4,0.03798412698412688,-0.07385714285714297,Low
2,9,6.8,63,29,38,150,48.7,3,10,0,9,1,-0.7333333333333333,0.565309523809524,0.3267142857142858,Moderate
7,8,7.0,82,48,59,11,53.1,1,5,1,8,140,-0.03333333333333333,0.29696031746031754,0.33335714285714285,Moderate
13,10,6.6,77,55,180,67,43.4,2,8,1,20,37,4.0,0.09649206349206343,0.5005714285714286,High
7,3,6.3,76,30,112,23,55.6,2,4,0,1,17,1.7333333333333334,0.4537460317460319,0.6347857142857143,Moderate
6,7,6.6,72,51,24,149,42.7,2,11,1,9,36,-1.2,0.2632460317460319,0.1752857142857144,Low
3,8,7.5,72,31,32,72,40.9,6,6,1,20,96,-0.9333333333333333,0.18478571428571422,-0.15907142857142859,Low
3,5,9.0,59,39,97,31,53.7,1,8,3,2,50,1.2333333333333334,0.45332539682539696,0.18207142857142866,Low
0,4,6.9,84,51,115,26,35.5,3,9,0,5,18,1.8333333333333333,-0.20218253968253969,0.07714285714285704,Low
14,3,6.2,77,38,93,129,58.6,4,3,0,11,71,1.1,0.8041428571428572,0.6662142857142856,High
13,4,7.1,77,41,56,30,44.0,4,8,0,4,105,-0.13333333333333333,0.21571428571428575,0.12107142857142865,Low
9,5,5.6,88,62,27,7,49.3,2,5,0,1,143,-1.1,0.1881825396825396,0.38435714285714284,Moderate
4,2,7.8,58,66,59,15,35.0,4,21,1,7,67,-0.03333333333333333,0.2583333333333333,0.1075000000000001,Low
2,13,7.0,81,19,172,45,51.5,3,21,1,1,30,3.7333333333333334,0.9675,1.025,High
4,3,6.7,62,53,92,65,52.0,0,6,1,9,39,1.0666666666666667,0.27650793650793654,0.4639285714285714,Moderate
4,2,6.6,81,66,107,101,50.6,2,4,0,4,35,1.5666666666666667,0.3154126984126985,0.4197857142857144,Low
1,16,8.0,77,73,83,74,56.1,3,2,1,4,15,0.7666666666666667,0.5281507936507936,0.22264285714285711,Moderate
7,10,7.4,81,42,42,25,50.6,2,4,1,10,72,-0.6,0.230968253968254,0.11728571428571423,Moderate
6,10,6.8,81,39,90,42,52.1,1,4,1,7,19,1.0,0.2506904761904763,0.3872857142857144,Moderate
9,7,6.6,73,16,25,173,44.2,3,7,0,10,17,-1.1666666666666667,0.2812222222222224,0.10850000000000014,Moderate
10,5,8.1,85,55,136,26,52.6,4,4,0,9,58,2.533333333333333,0.4554126984126986,0.2897857142857144,Moderate
4,3,6.8,80,27,83,36,45.6,3,5,0,3,95,0.7666666666666667,0.12057142857142863,0.20335714285714293,Low
5,5,7.3,68,53,70,37,45.7,6,4,0,12,60,0.3333333333333333,0.2904682539682541,0.057785714285714385,Low
13,5,6.0,78,30,48,43,62.4,3,9,0,1,6,-0.4,1.0272063492063492,0.8741428571428571,High
3,3,7.7,83,40,109,68,59.1,1,4,1,4,58,1.6333333333333333,0.5945793650793652,0.48728571428571427,Moderate
5,8,4.9,87,46,40,80,39.7,5,3,1,9,13,-0.6666666666666666,-0.034134920634920504,0.19421428571428578,Moderate
5,8,6.6,89,44,150,42,61.0,3,5,1,9,148,3.0,0.8202380952380953,0.8678571428571429,High
12,4,6.3,68,56,24,180,43.9,4,0,0,12,36,-1.2,0.09216666666666659,-0.05050000000000002,Moderate
1,3,8.0,64,69,70,68,54.0,3,3,0,3,72,0.3333333333333333,0.4626984126984127,0.15571428571428572,Low
4,21,7.0,60,48,9,155,43.0,4,10,2,6,59,-1.7,0.38103174603174605,0.04821428571428571,Moderate
9,6,7.1,55,50,91,121,52.3,5,11,1,3,26,1.0333333333333334,0.8641349206349205,0.5432857142857143,High
10,6,6.9,73,35,28,48,50.4,4,6,3,9,115,-1.0666666666666667,0.45228571428571424,0.2209285714285713,Moderate
7,5,7.9,90,40,91,33,35.0,1,2,0,20,100,1.0333333333333334,-0.6002380952380952,-0.3728571428571429,Low
6,1,7.4,75,49,90,57,35.0,1,9,1,12,106,1.0,-0.32357142857142857,-0.08785714285714293,Low
9,4,5.7,87,41,180,35,52.3,3,15,0,2,22,4.0,0.7781031746031745,1.1250714285714285,High
13,7,6.6,88,35,32,21,37.4,4,7,2,7,46,-0.9333333333333333,-0.12700000000000006,-0.07799999999999996,Moderate
9,4,7.2,86,59,82,22,47.9,2,5,0,6,34,0.7333333333333333,0.14184920634920628,0.19985714285714276,Low
18,6,6.5,71,43,85,40,52.1,4,9,0,15,81,0.8333333333333334,0.6270396825396826,0.5701428571428572,High
9,6,7.7,72,54,99,35,43.3,3,5,1,4,73,1.3,0.01596031746031734,0.016857142857142765,Low
7,6,6.0,69,47,40,123,56.7,4,7,1,5,139,-0.6666666666666666,0.8548333333333334,0.6260000000000001,High
6,7,7.0,84,22,147,42,35.0,3,3,1,11,7,2.9,-0.4211904761904762,-0.04678571428571429,Moderate
4,4,7.8,61,47,29,24,48.4,0,12,2,6,35,-1.0333333333333334,0.2832380952380952,0.17735714285714288,Low
1,9,8.3,76,45,50,154,53.3,6,4,1,4,18,-0.3333333333333333,0.7624682539682538,0.060785714285714026,Moderate
4,6,7.0,62,26,92,114,35.0,6,5,0,6,35,1.0666666666666667,-0.06976190476190475,-0.1271428571428571,Low
9,1,6.0,68,43,14,134,53.1,3,4,1,9,18,-1.5333333333333334,0.5312460317460318,0.3672857142857143,Moderate
8,1,6.4,81,36,35,86,52.5,4,15,0,9,113,-0.8333333333333334,0.9104365079365079,0.6460714285714285,High
9,8,6.8,73,37,25,110,43.3,4,3,1,7,30,-1.1666666666666667,0.09453174603174594,-0.06778571428571434,Moderate
3,4,7.1,77,67,84,38,45.7,4,3,2,2,44,0.8,0.12253174603174614,0.09921428571428585,Low
4,3,6.1,75,50,54,51,43.8,2,15,0,7,32,-0.2,0.3467142857142856,0.4850714285714285,Low
11,4,6.1,69,65,132,72,45.9,3,1,1,4,32,2.4,0.03121428571428568,0.3430714285714286,Low
8,6,7.5,77,40,29,15,48.5,4,12,0,20,59,-1.0333333333333334,0.5444047619047618,0.23285714285714287,Moderate
8,21,7.8,74,62,65,44,42.4,4,6,0,1,81,0.16666666666666666,0.08784126984126978,-0.08407142857142857,Moderate
7,2,7.5,96,55,9,132,51.1,1,3,1,4,130,-1.7,0.2699761904761906,0.0037142857142857255,Low
13,6,8.3,82,43,91,41,63.7,4,7,0,3,59,1.0333333333333334,1.0787222222222221,0.5609999999999998,High
8,3,6.5,65,25,25,44,35.0,3,4,1,8,117,-1.1666666666666667,-0.38325396825396824,-0.2357142857142857,Low
1,20,8.9,77,21,142,92,50.6,2,7,2,7,24,2.7333333333333334,0.4125555555555556,0.19049999999999997,Moderate
2,16,6.3,65,27,167,109,55.7,4,3,2,5,57,3.566666666666667,0.6514206349206351,0.7467142857142859,High
16,7,7.2,72,45,100,13,43.3,2,10,0,5,86,1.3333333333333333,0.1034206349206348,0.2497142857142856,Low
13,0,7.2,70,27,39,26,42.5,4,4,1,20,39,-0.7,0.0009126984126984206,-0.09821428571428575,Low
1,10,7.6,64,34,88,99,49.5,2,1,0,11,118,0.9333333333333333,0.15654761904761907,0.07857142857142861,Low
9,10,6.0,71,42,146,116,41.9,4,7,1,20,77,2.8666666666666667,0.1810555555555555,0.44699999999999995,High
2,6,6.2,76,50,153,41,49.4,2,9,0,10,61,3.1,0.3733174603174602,0.711642857142857,Low
4,4,7.0,79,41,55,20,47.9,3,10,2,12,50,-0.16666666666666666,0.3848650793650793,0.3102142857142856,Low
2,15,7.9,85,42,25,45,35.0,2,1,0,1,57,-1.1666666666666667,-0.555952380952381,-0.5664285714285715,Low
9,8,6.3,86,61,83,21,49.3,0,2,2,2,17,0.7666666666666667,-0.03673809523809539,0.31614285714285706,Moderate
4,5,7.7,85,51,67,58,53.5,1,5,0,9,33,0.23333333333333334,0.3671825396825398,0.24285714285714283,Low
3,14,8.5,85,25,76,66,53.2,2,9,0,5,35,0.5333333333333333,0.5720952380952383,0.23064285714285726,Moderate
7,3,5.6,68,46,15,72,54.8,4,5,1,4,143,-1.5,0.6412380952380952,0.5193571428571429,High
10,6,6.3,64,31,45,84,42.9,1,3,1,5,180,-0.5,-0.15235714285714289,0.05771428571428568,Low
11,5,6.2,79,43,4,29,47.2,0,4,2,1,98,-1.8666666666666667,-0.05092063492063481,0.13028571428571437,Low
8,2,6.2,62,69,34,46,52.9,4,5,0,19,85,-0.8666666666666667,0.5268492063492063,0.40485714285714275,Moderate
6,7,9.0,71,41,165,110,37.8,1,15,0,7,39,3.5,0.07560317460317448,0.07507142857142854,Low
3,12,6.3,64,24,8,47,48.7,5,11,0,20,21,-1.7333333333333334,0.6199126984126985,0.3677857142857143,Moderate
4,4,7.1,68,22,122,51,44.7,6,4,3,13,161,2.066666666666667,0.26102380952380966,0.19278571428571445,Moderate
0,5,6.1,80,42,65,98,48.3,3,12,1,4,8,0.16666666666666666,0.5609603174603173,0.5618571428571428,Moderate
8,5,6.3,94,52,122,140,56.2,2,4,1,3,46,2.066666666666667,0.610746031746032,0.6777857142857144,Moderate
6,1,6.2,71,49,17,73,54.5,6,11,0,13,119,-1.4333333333333333,0.976468253968254,0.5817857142857142,High
6,15,7.0,74,30,95,79,56.3,7,7,1,12,77,1.1666666666666667,0.9879444444444442,0.5764999999999999,High
13,4,7.9,56,40,20,133,59.9,4,10,0,20,133,-1.3333333333333333,1.1170873015873015,0.42521428571428554,High
7,7,7.8,74,20,113,52,44.3,2,5,0,20,180,1.7666666666666666,0.013182539682539539,0.06435714285714281,High
2,4,6.0,72,57,80,56,41.7,2,7,1,7,80,0.6666666666666666,-0.027944444444444307,0.2760000000000001,Low
7,1,5.8,73,44,55,73,54.5,6,18,0,12,35,-0.16666666666666666,1.2264682539682539,0.9467857142857143,High
6,5,8.4,66,53,128,101,45.2,3,5,1,10,59,2.2666666666666666,0.17479365079365092,0.023857142857142855,Moderate
5,6,5.5,75,39,103,76,43.3,3,7,1,6,19,1.4333333333333333,0.13294444444444434,0.46899999999999986,Low
10,14,5.6,72,34,15,180,50.1,5,16,1,9,123,-1.5,1.009261904761905,0.6926428571428571,High
4,11,6.0,81,57,106,12,44.0,0,8,1,17,87,1.5333333333333334,-0.07095238095238095,0.43857142857142856,Moderate
12,8,6.9,67,36,51,100,35.0,3,7,1,3,100,-0.3,-0.2138888888888889,-0.15500000000000005,Moderate
8,14,7.1,63,49,23,31,52.5,2,1,1,9,180,-1.2333333333333334,0.21599206349206349,0.09357142857142861,Moderate
19,4,6.0,85,31,124,65,62.7,5,13,1,3,10,2.1333333333333333,1.3413412698412701,1.1874285714285715,High
9,6,7.4,71,27,65,41,46.0,1,10,0,9,92,0.16666666666666666,0.18936507936507938,0.20821428571428566,Moderate
5,4,9.0,77,49,36,34,52.8,2,4,1,13,33,-0.8,0.3399682539682539,-0.11171428571428574,Low
5,9,5.8,85,47,60,76,49.5,1,4,1,10,15,0.0,0.171468253968254,0.40928571428571425,Moderate
12,5,6.4,64,44,165,64,39.9,3,6,1,12,37,3.5,-0.06910317460317467,0.33592857142857135,Moderate
14,5,6.3,75,36,64,35,43.3,3,4,1,14,59,0.13333333333333333,-0.01975396825396837,0.14578571428571424,Moderate
3,5,6.7,77,49,63,99,46.1,4,2,0,0,56,0.1,0.17259523809523816,0.10014285714285712,Low
5,8,7.9,78,39,28,32,44.7,2,4,1,6,49,-1.0666666666666667,-0.026753968253968113,-0.18221428571428566,Low
9,11,5.7,91,40,97,44,46.3,4,4,1,8,27,1.2333333333333334,0.19191269841269826,0.42328571428571415,High
3,6,8.0,89,32,160,96,45.7,2,1,0,2,67,3.3333333333333335,-0.01778571428571414,0.07457142857142865,Low
27,4,5.9,90,32,57,109,43.2,3,3,2,6,180,-0.1,0.02225396825396839,0.1667142857142857,High
3,1,7.3,56,48,62,33,37.6,0,8,0,20,46,0.06666666666666667,-0.3356190476190476,-0.09092857142857134,Low
9,1,5.8,62,35,50,68,37.0,3,11,2,4,53,-0.3333333333333333,-0.016587301587301605,0.20928571428571432,Moderate
9,7,8.2,76,32,31,105,44.7,3,11,0,2,44,-0.9666666666666667,0.37102380952380964,-0.02721428571428547,Low
10,3,8.7,69,43,180,70,40.9,3,1,0,3,180,4.0,-0.19600793650793655,-0.14192857142857135,High
6,9,7.4,72,48,80,109,43.2,5,2,1,3,110,0.6666666666666666,0.11987301587301596,-0.06685714285714286,Moderate
3,7,7.7,87,58,19,159,48.6,2,5,0,4,46,-1.3666666666666667,0.3255714285714287,-0.024142857142857146,Low
5,3,6.5,82,56,50,31,50.8,4,5,0,3,132,-0.3333333333333333,0.41568253968253954,0.3293571428571427,Moderate
3,8,8.3,65,37,37,56,43.9,8,11,1,5,102,-0.7666666666666667,0.6139126984126982,-0.05371428571428589,Low
16,8,7.9,83,41,81,38,46.7,4,2,0,4,27,0.7,0.1318174603174604,-0.04685714285714287,Moderate
15,11,7.1,55,43,180,16,40.7,1,3,0,3,29,4.0,-0.32691269841269827,0.18921428571428586,Moderate
2,4,7.3,78,57,180,60,45.0,1,2,0,14,31,4.0,-0.12023809523809523,0.25464285714285717,Low
5,4,5.8,72,55,57,180,48.2,5,6,2,4,92,-0.1,0.5666190476190478,0.4199285714285715,Moderate
6,2,8.0,55,66,111,65,49.7,4,1,3,19,52,1.7,0.2611031746031748,0.07207142857142868,Moderate
5,3,5.3,79,50,48,4,51.6,2,8,3,20,48,-0.4,0.3954920634920636,0.6440714285714285,High
5,2,8.2,64,56,56,110,49.1,3,6,0,3,23,-0.13333333333333333,0.3960079365079366,0.024428571428571598,Low
2,15,8.4,72,38,19,29,35.0,4,2,1,9,8,-1.3666666666666667,-0.4046825396825397,-0.640357142857143,Low
4,5,6.5,76,26,19,109,52.3,5,16,1,14,29,-1.3666666666666667,1.0293730158730157,0.611142857142857,High
12,5,7.3,65,51,52,100,59.0,2,4,1,8,92,-0.26666666666666666,0.6923015873015873,0.4117857142857142,Moderate
3,1,8.1,73,53,120,180,41.8,3,8,0,5,51,2.0,0.21671428571428558,0.04007142857142855,Low
6,2,7.8,68,45,82,87,50.1,1,7,1,10,86,0.7333333333333333,0.31783333333333347,0.21800000000000008,Low
5,14,5.1,77,55,20,118,49.9,5,21,1,2,70,-1.3333333333333333,1.1099444444444444,0.9295000000000001,High
5,6,5.5,81,34,49,46,47.5,5,2,1,10,28,-0.36666666666666664,0.24337301587301582,0.31714285714285706,Low
6,5,6.1,68,43,69,76,47.6,2,7,0,6,60,0.3,0.2597777777777779,0.4080000000000001,Moderate
7,5,7.8,69,45,58,71,52.6,7,5,2,6,22,-0.06666666666666667,0.7411269841269843,0.17585714285714296,Low
7,12,7.3,65,62,65,19,46.2,5,2,0,6,39,0.16666666666666666,0.15487301587301597,0.0031428571428572406,Low
8,3,6.5,70,50,37,87,46.4,5,3,1,8,45,-0.7666666666666667,0.27514285714285713,0.1077142857142857,Moderate
16,6,7.0,83,27,129,13,54.5,3,11,1,9,65,2.3,0.7098015873015873,0.7217857142857143,High
6,9,6.0,84,49,124,34,51.6,4,1,1,16,45,2.1333333333333333,0.31215873015873025,0.5115714285714286,Moderate
12,6,8.2,74,24,93,90,37.9,5,10,0,8,28,1.1,0.14597619047619043,-0.10478571428571419,High
5,0,6.9,64,37,114,107,47.1,6,7,1,2,8,1.8,0.5383888888888889,0.3655,Moderate
5,8,4.9,76,42,131,78,49.8,5,16,2,11,88,2.3666666666666667,0.8824285714285715,1.096142857142857,High
15,11,6.7,64,37,33,67,44.2,3,8,1,6,84,-0.9,0.19915873015873026,0.13957142857142862,Moderate
7,10,7.7,79,44,162,49,35.0,1,1,1,1,39,3.4,-0.6181746031746032,-0.18892857142857145,Moderate
2,4,5.4,83,28,49,38,35.6,2,10,0,10,159,-0.36666666666666664,-0.21530158730158722,0.20621428571428568,Low
10,4,6.8,71,43,30,43,39.1,2,10,1,7,45,-1.0,-0.05224603174603169,0.018714285714285794,Moderate
10,3,7.6,72,49,32,97,51.0,1,4,0,15,72,-0.9333333333333333,0.2623015873015873,0.06928571428571438,Moderate
6,4,7.5,87,43,51,143,38.6,2,18,0,2,152,-0.3,0.32207936507936513,0.16228571428571434,Low
8,4,5.7,58,51,100,170,42.0,2,3,1,9,124,1.3333333333333333,-0.030634920634920612,0.2732142857142857,Moderate
8,7,8.0,63,36,109,71,52.4,4,14,0,1,17,1.6333333333333333,0.8535555555555555,0.5195,Moderate
7,4,7.4,84,59,92,176,43.6,3,9,0,9,102,1.0666666666666667,0.32898412698412705,0.1751428571428571,Moderate
2,4,6.2,92,49,124,8,50.3,4,2,2,11,180,2.1333333333333333,0.2604841269841268,0.4661428571428571,High
0,6,7.0,61,47,112,46,35.0,4,8,1,8,42,1.7333333333333334,-0.1715079365079365,0.008571428571428577,Low
12,13,5.9,68,48,18,51,58.4,3,8,0,15,65,-1.4,0.8203809523809523,0.6680714285714284,High
4,1,6.6,68,32,86,24,47.4,1,2,1,4,78,0.8666666666666667,-0.05223809523809528,0.21414285714285716,Low
3,1,6.0,85,39,108,68,55.8,5,7,0,2,180,1.6,0.8198888888888887,0.7689999999999998,Moderate
1,4,5.4,84,38,40,104,41.5,3,5,1,4,55,-0.6666666666666666,0.011626984126984137,0.21785714285714275,Low
13,7,5.6,67,41,64,40,38.8,7,1,1,19,112,0.13333333333333333,-0.0571746031746033,0.047571428571428535,Moderate
8,5,6.7,64,51,31,19,52.0,6,5,1,14,103,-0.9666666666666667,0.5896825396825397,0.2828571428571428,Moderate
3,7,7.9,76,41,127,141,54.1,3,6,1,3,133,2.2333333333333334,0.655452380952381,0.40442857142857136,Moderate
5,11,7.8,96,74,30,87,48.9,3,21,1,5,160,-1.0,0.8971666666666667,0.452,High
7,1,7.1,76,44,59,44,47.3,2,7,1,15,54,-0.03333333333333333,0.21072222222222214,0.19899999999999998,Moderate
1,1,8.3,92,39,109,44,58.4,2,7,0,11,29,1.6333333333333333,0.7102222222222222,0.4469999999999998,High
4,2,5.9,87,67,23,46,47.4,2,3,0,7,59,-1.2333333333333334,0.07458730158730156,0.2077142857142856,Low
2,6,7.5,88,59,134,41,56.3,1,1,0,9,32,2.466666666666667,0.33143650793650775,0.4150714285714284,Moderate
4,13,7.6,74,36,45,115,50.9,1,2,2,6,95,-0.5,0.20637301587301585,0.041642857142857155,Moderate
0,3,6.3,55,38,19,24,54.6,4,6,1,4,7,-1.3666666666666667,0.6146190476190477,0.42942857142857155,Low
3,6,6.5,63,36,48,31,57.6,3,4,1,10,25,-0.4,0.6193015873015875,0.4997857142857143,Low
21,18,6.5,73,64,18,95,35.0,1,6,1,6,60,-1.4,-0.3884920634920635,-0.19607142857142856,High
4,4,6.5,86,39,14,102,41.3,3,3,0,6,65,-1.5333333333333334,-0.07102380952380963,-0.10278571428571437,Low
7,3,7.5,57,40,69,92,51.3,1,19,0,4,34,0.3,0.8059603174603173,0.6168571428571428,Moderate
9,5,7.9,66,39,87,79,43.8,3,11,0,5,101,0.9,0.3016349206349205,0.13828571428571412,Moderate
8,2,6.5,69,24,42,97,48.3,3,4,2,20,92,-0.6,0.2741349206349205,0.20578571428571418,Moderate
8,11,5.3,72,53,152,83,42.5,6,5,1,11,24,3.066666666666667,0.2332936507936508,0.5453571428571429,High
9,6,6.0,75,41,93,91,56.0,3,9,3,8,59,1.1,0.7925396825396825,0.7946428571428572,High
1,9,7.7,62,46,69,21,55.7,4,2,0,5,27,0.3,0.5179285714285715,0.22814285714285715,Low
8,5,6.2,82,66,92,23,45.1,0,2,0,15,63,1.0666666666666667,-0.22351587301587297,0.2301428571428571,Low
7,4,6.8,62,27,47,119,49.3,3,11,0,20,36,-0.43333333333333335,0.5935793650793649,0.3957857142857142,Moderate
2,9,8.3,63,26,139,99,51.6,3,4,0,11,41,2.6333333333333333,0.424857142857143,0.23228571428571418,Moderate
3,1,6.9,77,43,50,141,39.6,1,14,0,11,155,-0.3333333333333333,0.1553333333333334,0.1805,Low
1,7,6.7,67,31,35,72,56.8,1,4,2,9,34,-0.8333333333333334,0.4955238095238095,0.40828571428571414,Low
3,12,7.7,78,42,53,2,50.9,6,2,1,9,70,-0.23333333333333334,0.4141507936507935,0.04414285714285705,Low
4,11,6.4,78,40,20,141,50.4,3,9,2,15,79,-1.3333333333333333,0.596095238095238,0.37414285714285705,Moderate
3,3,4.8,90,44,70,63,51.3,2,1,0,15,127,0.3333333333333333,0.19754761904761892,0.5775714285714285,Moderate
2,0,6.4,81,38,38,116,56.6,5,12,1,20,39,-0.7333333333333333,1.087793650793651,0.6908571428571428,Moderate
11,9,5.7,75,48,110,57,43.5,4,5,0,4,63,1.6666666666666667,0.11607142857142859,0.4003571428571428,Moderate
8,7,5.9,91,40,65,75,41.2,1,2,3,3,49,0.16666666666666666,-0.2745714285714284,0.09814285714285713,Low
9,8,7.1,78,51,33,69,51.7,4,4,0,3,48,-0.9,0.4626904761904764,0.1802857142857144,Low
6,7,6.3,64,61,38,58,61.8,5,7,1,11,22,-0.7333333333333333,1.0787777777777776,0.7215,High
8,5,7.3,69,48,73,27,38.5,3,4,1,19,85,0.43333333333333335,-0.24464285714285716,-0.15071428571428566,Low
8,2,7.6,88,54,37,84,41.4,4,21,0,7,143,-0.7666666666666667,0.6229999999999999,0.2795000000000001,Moderate
7,9,7.3,77,52,55,61,46.9,2,15,1,5,108,-0.16666666666666666,0.4973253968253967,0.3705714285714285,Moderate
9,1,7.9,71,46,78,165,44.2,3,6,0,6,8,0.6,0.23661904761904776,-0.015071428571428541,Moderate
25,1,6.7,85,40,53,64,49.0,5,2,0,19,25,-0.23333333333333334,0.3308730158730158,0.16214285714285714,High
6,3,8.0,65,47,109,123,55.6,2,21,1,7,76,1.6333333333333333,1.1720000000000002,0.8155000000000001,High
1,9,6.6,79,41,51,67,44.6,4,5,0,5,83,-0.3,0.17668253968253975,0.12835714285714298,Low
4,4,8.6,61,54,67,35,55.8,1,6,1,7,36,0.23333333333333334,0.48084126984126974,0.18292857142857136,Low
12,3,7.0,73,38,126,36,50.0,3,14,0,3,21,2.2,0.6399999999999999,0.665,High
1,8,5.3,56,30,79,47,45.8,4,8,1,20,73,0.6333333333333333,0.31560317460317444,0.5475714285714285,Moderate
7,3,7.0,73,32,82,12,43.2,3,2,1,20,90,0.7333333333333333,-0.12123809523809512,0.008142857142857202,Low
3,12,6.1,68,41,35,121,36.7,3,3,2,5,65,-0.8333333333333334,-0.2569126984126983,-0.11828571428571415,Moderate
12,5,7.7,87,59,22,152,39.8,5,3,3,4,48,-1.2666666666666666,0.05036507936507924,-0.33778571428571436,Moderate
15,15,6.4,60,35,78,164,46.2,6,15,0,13,29,0.6,0.8469365079365081,0.5645714285714286,High
2,4,7.1,67,44,26,27,50.7,6,8,2,5,124,-1.1333333333333333,0.647214285714286,0.2470714285714287,Low
9,11,6.7,75,34,35,156,50.0,3,1,1,2,78,-0.8333333333333334,0.30904761904761907,0.1185714285714285,Moderate
7,1,6.0,66,51,92,90,47.2,4,10,1,5,100,1.0666666666666667,0.4978095238095239,0.5567142857142857,High
25,3,4.2,62,39,4,13,55.0,4,1,1,20,66,-1.8666666666666667,0.44182539682539684,0.6285714285714284,High
7,5,8.4,83,51,81,83,42.4,2,19,2,4,104,0.7,0.46212698412698405,0.22235714285714275,Moderate
2,9,6.4,82,58,62,67,43.8,4,20,0,11,26,0.06666666666666667,0.6763968253968253,0.5954285714285713,Moderate
6,8,6.7,86,33,96,143,48.4,2,9,0,2,151,1.2,0.4416507936507936,0.451642857142857,Moderate
4,4,6.1,71,42,23,82,53.0,2,7,2,16,70,-1.2333333333333334,0.5094444444444446,0.45500000000000007,Low
0,4,7.9,76,35,11,83,47.6,2,3,1,20,89,-1.6333333333333333,0.12469841269841281,-0.16628571428571431,Low
6,1,6.6,58,46,32,90,46.8,3,14,0,7,16,-0.9333333333333333,0.5559999999999998,0.40399999999999997,Low
4,10,6.5,88,40,80,36,40.2,5,5,1,11,114,0.6666666666666666,0.010904761904762028,0.08635714285714294,Low
3,10,7.1,70,31,64,40,52.8,2,8,3,3,12,0.13333333333333333,0.4894920634920634,0.4050714285714286,Moderate
15,2,8.1,79,34,180,74,43.9,2,2,0,9,69,4.0,-0.08751587301587309,0.08164285714285713,Moderate
11,6,5.7,85,48,35,100,55.3,3,6,2,10,94,-0.8333333333333334,0.6638968253968253,0.5954285714285713,High
6,12,7.2,79,42,26,65,48.7,1,5,1,8,126,-1.1333333333333333,0.15896031746031766,0.08385714285714291,Moderate
7,6,6.6,71,32,27,26,44.9,3,5,1,3,38,-1.1,0.07796031746031741,0.07735714285714289,Low
3,2,5.8,68,12,22,64,48.3,6,1,0,2,36,-1.2666666666666666,0.3303253968253967,0.19257142857142856,Low
5,11,6.7,74,54,155,17,48.4,5,3,1,1,42,3.1666666666666665,0.2873650793650793,0.4277142857142856,Moderate
3,4,6.7,77,30,31,156,41.4,4,10,1,2,87,-0.9666666666666667,0.31014285714285705,0.10771428571428564,Low
11,6,6.8,77,22,83,6,42.4,4,7,0,16,58,0.7666666666666667,0.08133333333333324,0.16449999999999998,Low
11,6,7.4,72,62,40,139,47.0,1,6,1,5,84,-0.6666666666666666,0.20039682539682538,0.06142857142857137,Low
24,3,6.6,70,55,44,64,49.6,7,2,1,5,47,-0.5333333333333333,0.49120634920634926,0.1751428571428572,High
22,8,6.5,70,60,121,53,44.3,3,6,1,9,93,2.033333333333333,0.11667460317460303,0.3404285714285713,Moderate
8,16,7.0,75,31,26,129,67.5,1,7,0,8,14,-1.1333333333333333,1.1475,0.74,High
3,3,6.6,85,57,33,81,37.5,3,14,1,2,65,-0.9,0.1275,0.12750000000000006,Low
3,4,5.7,83,45,100,135,35.0,4,8,1,9,47,1.3333333333333333,-0.07261904761904761,0.20607142857142852,Moderate
1,4,7.1,82,58,14,45,39.0,3,8,1,2,52,-1.5333333333333334,-0.059285714285714296,-0.13392857142857137,Low
6,2,8.1,87,57,51,78,49.2,6,5,0,2,142,-0.3,0.5292380952380954,0.003857142857143017,Moderate
9,2,7.5,56,39,45,72,67.6,4,5,1,2,35,-0.5,1.217238095238095,0.6458571428571426,Moderate
2,8,5.7,67,40,37,37,39.9,0,8,2,3,74,-0.7666666666666667,-0.22767460317460325,0.1955714285714285,Low
4,2,5.8,74,51,39,130,50.6,4,1,0,2,92,-0.7,0.3738253968253969,0.3040714285714286,Low
5,15,6.8,60,44,50,24,48.3,4,6,1,7,88,-0.3333333333333333,0.33111904761904754,0.23042857142857134,Low
2,11,7.6,72,12,92,28,35.0,3,0,0,10,180,1.0666666666666667,-0.5438888888888889,-0.3749999999999999,Moderate
23,3,6.3,83,33,18,41,39.4,5,2,2,4,16,-1.4,-0.12668253968253976,-0.1433571428571429,Moderate
11,11,6.8,58,44,18,51,49.8,1,8,1,6,36,-1.4,0.3000476190476189,0.25257142857142856,Low
5,7,6.0,69,47,62,77,49.0,2,15,0,9,39,0.06666666666666667,0.6096031746031746,0.6785714285714286,Low
3,5,6.7,80,42,20,28,59.3,3,12,0,15,82,-1.3333333333333333,0.9781825396825395,0.6743571428571428,High
3,10,7.0,74,51,40,127,55.0,4,4,1,5,61,-0.6666666666666666,0.6756349206349207,0.3142857142857142,Moderate
4,12,7.4,88,44,180,22,47.1,2,14,1,3,51,4.0,0.4272777777777779,0.643,Moderate
15,6,7.9,71,33,35,180,53.9,1,5,0,20,142,-0.8333333333333334,0.5207380952380952,0.13985714285714282,High
12,7,8.7,84,44,109,105,41.2,1,12,0,5,38,1.6333333333333333,0.11590476190476204,0.0038571428571430866,Moderate
3,15,7.0,61,52,158,35,49.5,3,5,2,5,19,3.2666666666666666,0.2949603174603175,0.47285714285714286,Moderate
7,4,7.5,81,37,87,68,54.0,3,2,3,6,91,0.9,0.42698412698412697,0.2571428571428571,Moderate
8,3,5.7,81,24,156,64,40.0,3,1,1,4,21,3.2,-0.24317460317460315,0.29607142857142854,Moderate
5,5,7.1,77,48,171,38,53.8,2,4,1,2,25,3.7,0.3894126984126983,0.5882857142857143,Low
17,9,8.1,72,28,48,12,50.0,3,5,2,4,30,-0.4,0.2919047619047619,0.020357142857142928,Moderate
2,1,7.0,78,54,48,21,42.5,1,13,0,7,95,-0.4,0.11678571428571426,0.21642857142857144,Low
5,3,6.4,73,49,69,180,41.9,3,1,0,6,62,0.3,-0.02878571428571433,0.013071428571428435,Moderate
10,4,8.3,74,38,126,48,49.8,3,4,0,10,64,2.2,0.28719047619047605,0.1457857142857141,Low
9,12,6.2,81,42,48,143,54.7,2,11,1,7,95,-0.4,0.7965793650793652,0.6652857142857143,High
8,4,6.8,98,19,14,71,52.2,5,1,1,2,9,-1.5333333333333334,0.446936507936508,0.11457142857142864,Moderate
2,5,5.7,82,48,37,134,41.8,2,2,1,5,108,-0.7666666666666667,-0.11534920634920645,0.08114285714285699,Low
12,7,6.8,69,54,12,180,48.8,1,16,0,15,29,-1.6,0.684095238095238,0.43614285714285705,High
1,4,7.5,89,44,27,60,49.2,3,3,2,16,96,-1.1,0.23780952380952397,-0.008285714285714202,Low
4,3,5.5,72,27,108,157,39.5,1,11,1,1,55,1.6,0.06146825396825398,0.4817857142857142,Moderate
4,3,6.0,85,34,180,73,43.7,4,6,2,8,14,4.0,0.1785634920634922,0.5574285714285715,Moderate
3,7,6.9,81,48,24,53,48.9,7,5,0,10,20,-1.2,0.5546269841269842,0.1373571428571428,Low
20,3,5.9,85,62,44,76,46.9,3,0,3,2,33,-0.5333333333333333,0.044944444444444384,0.15949999999999984,High
6,7,7.3,69,42,72,142,38.3,2,21,0,2,54,0.4,0.414611111111111,0.3265,Moderate
10,3,7.6,59,38,13,76,57.1,2,21,1,5,13,-1.5666666666666667,1.1872777777777779,0.6905000000000001,High
4,5,6.8,55,42,61,103,54.0,5,3,2,2,41,0.03333333333333333,0.6349206349206349,0.34321428571428575,Moderate
5,8,6.8,82,36,14,43,48.5,5,4,0,7,180,-1.5333333333333334,0.356468253968254,0.08928571428571432,Low
12,9,5.8,56,36,15,27,53.6,5,5,1,6,67,-1.5,0.603904761904762,0.44835714285714295,High
18,11,9.0,67,32,122,9,49.4,4,5,1,4,47,2.066666666666667,0.32823809523809516,0.029857142857142804,High
2,15,6.2,81,46,23,67,35.6,2,5,0,4,16,-1.2333333333333334,-0.36165079365079356,-0.14164285714285713,Low
2,3,8.3,74,47,22,138,35.0,5,2,1,2,66,-1.2666666666666666,-0.21690476190476193,-0.6153571428571429,Low
2,3,7.9,90,37,128,23,46.8,3,3,0,3,152,2.2666666666666666,0.08869841269841258,0.10221428571428555,Low
6,9,6.3,67,46,118,171,35.0,4,10,0,2,30,1.9333333333333333,0.03880952380952382,0.20321428571428574,Moderate
2,6,7.3,97,24,105,106,54.1,4,3,2,4,64,1.5,0.5760873015873017,0.36871428571428577,High
10,21,5.5,58,56,25,45,59.7,4,17,0,2,42,-1.1666666666666667,1.2603095238095239,1.0517142857142858,High
12,2,7.7,67,31,41,10,43.5,1,4,0,6,118,-0.6333333333333333,-0.17186507936507936,-0.15071428571428575,Low
3,6,6.9,75,45,45,75,35.0,2,7,0,15,19,-0.5,-0.30833333333333335,-0.17000000000000007,Low
4,3,8.4,82,19,36,54,57.0,2,21,1,16,20,-0.8,1.1583333333333332,0.605,High
6,9,6.7,81,58,93,55,35.4,2,4,1,8,42,1.1,-0.4196984126984128,-0.08871428571428579,Moderate
9,9,8.9,66,23,34,45,35.0,5,11,1,3,43,-0.8666666666666667,0.0011904761904761724,-0.4332142857142858,Moderate
12,2,7.3,77,42,4,83,60.5,4,5,1,7,137,-1.8666666666666667,0.9099603174603175,0.3653571428571427,High
5,9,6.7,70,65,167,62,53.3,6,5,0,5,57,3.566666666666667,0.6959603174603173,0.6618571428571427,High
5,1,4.7,83,57,180,91,48.5,7,14,1,3,55,4.0,0.9002777777777777,1.1575,High
12,4,7.1,76,55,29,64,35.0,3,7,0,2,89,-1.0333333333333334,-0.2538888888888889,-0.24499999999999994,Low
5,4,6.0,71,45,14,44,48.5,3,8,0,9,135,-1.5333333333333334,0.3671031746031746,0.3435714285714286,Low
5,6,5.1,82,37,49,55,49.7,3,6,0,6,139,-0.36666666666666664,0.36189682539682555,0.5674285714285716,Moderate
7,13,6.0,87,23,74,69,58.8,4,21,0,0,90,0.4666666666666667,1.389333333333333,1.1739999999999997,High
4,4,5.7,71,37,123,35,59.7,0,13,1,2,82,2.1,0.8396746031746033,1.1474285714285715,Moderate
1,2,6.0,61,28,41,71,58.2,4,2,1,17,129,-0.6333333333333333,0.6859841269841271,0.5306428571428572,Moderate
19,7,6.6,80,50,28,83,42.7,4,4,0,20,180,-1.0666666666666667,0.0732460317460319,-0.014714285714285583,Moderate
8,2,7.7,78,49,46,61,45.2,3,4,2,3,170,-0.4666666666666667,0.09463492063492077,-0.08721428571428569,Low
11,5,6.7,55,42,87,84,49.2,1,4,2,4,51,0.9,0.16685714285714304,0.3102857142857143,Moderate
15,17,8.1,75,58,32,180,47.4,3,1,2,10,36,-0.9333333333333333,0.2187142857142857,-0.2119285714285714,Moderate
3,19,7.3,63,32,15,180,50.7,4,9,0,6,66,-1.5,0.7195952380952382,0.21314285714285724,Moderate
6,9,6.3,69,44,12,69,60.5,5,6,0,11,76,-1.6,0.9967857142857143,0.5889285714285714,High
5,21,5.5,71,39,61,25,46.7,1,4,1,5,16,0.03333333333333333,-0.011198412698412596,0.3802857142857143,Moderate
8,4,7.4,74,45,39,56,44.9,7,8,0,5,17,-0.7,0.48510317460317454,0.05307142857142847,Low
7,12,5.9,78,42,83,9,52.7,0,12,3,1,25,0.7666666666666667,0.46007142857142863,0.7738571428571429,Moderate
2,2,8.1,72,49,96,126,56.3,3,2,0,5,35,1.2,0.5949285714285713,0.2436428571428571,Low
14,7,7.1,83,46,97,24,46.9,7,7,0,12,97,1.2333333333333334,0.5038333333333332,0.28200000000000003,High
9,2,5.9,68,44,19,160,50.0,3,5,0,2,39,-1.3666666666666667,0.45634920634920634,0.3328571428571428,Low
9,6,7.3,69,32,17,53,62.6,4,0,0,5,136,-1.4333333333333333,0.7925555555555557,0.31800000000000006,Moderate
3,5,7.9,69,59,112,88,49.5,4,5,1,8,126,1.7333333333333334,0.420515873015873,0.2003571428571428,Low
6,4,6.8,75,48,49,49,58.5,4,4,1,1,83,-0.36666666666666664,0.746468253968254,0.47678571428571437,Moderate
8,9,7.5,75,42,159,102,46.0,1,5,1,8,90,3.3,0.0785714285714286,0.2828571428571428,Moderate
15,9,6.8,55,31,171,22,46.4,6,6,1,15,23,3.7,0.37673015873015875,0.4759285714285715,High
10,5,5.8,63,64,22,58,44.9,2,6,0,4,97,-1.2666666666666666,0.082563492063492,0.23342857142857143,Low
10,1,7.0,80,26,69,52,48.6,2,3,2,9,59,0.3,0.13525396825396835,0.16621428571428573,Low
6,2,5.0,75,49,95,26,47.1,5,14,2,10,106,1.1666666666666667,0.6317222222222223,0.8505000000000001,High
2,4,5.8,68,48,78,126,49.3,1,8,3,6,54,0.6,0.3608809523809523,0.5625714285714285,Moderate
2,11,6.1,73,33,180,107,50.6,1,12,0,2,129,4.0,0.5411269841269841,0.9183571428571429,High
5,1,6.5,68,51,180,15,42.1,1,2,1,14,50,4.0,-0.3007380952380952,0.3076428571428571,Low
3,9,7.3,82,66,78,65,42.3,4,3,0,5,60,0.6,-0.00046825396825410717,-0.05278571428571434,Low
5,3,7.7,81,72,50,74,46.8,2,5,1,2,87,-0.3333333333333333,0.15012698412698403,-0.0006428571428572609,Low
13,4,7.3,74,48,26,80,41.7,3,6,0,16,56,-1.1333333333333333,0.029674603174603312,-0.11507142857142844,Low
12,3,7.3,80,33,26,12,45.8,2,4,1,16,154,-1.1333333333333333,0.0005238095238094403,-0.049214285714285766,Moderate
10,13,6.6,76,27,70,180,58.7,6,5,2,10,180,0.3333333333333333,1.0700714285714288,0.598857142857143,High
2,7,7.7,75,40,51,107,43.9,5,12,1,15,8,-0.3,0.5062936507936507,0.1148571428571428,Moderate
6,9,7.8,69,36,68,81,54.0,4,4,0,11,73,0.26666666666666666,0.5795238095238096,0.2142857142857143,Moderate
4,2,7.5,84,39,3,26,42.0,6,3,0,10,36,-1.9,0.07603174603174608,-0.28428571428571425,Moderate
13,2,7.2,61,20,180,78,58.0,2,8,0,15,159,4.0,0.7657142857142858,0.8335714285714286,High
3,11,6.3,68,42,27,23,45.5,2,7,2,6,78,-1.1,0.1063888888888889,0.20500000000000002,Low
8,4,6.7,70,35,10,180,41.6,5,7,0,10,68,-1.6666666666666667,0.3053333333333334,-0.024499999999999994,Low
11,5,5.2,67,45,77,36,53.8,3,4,0,13,19,0.5666666666666667,0.4538571428571428,0.6857857142857141,High
8,12,7.0,75,44,30,41,35.0,4,2,2,10,14,-1.0,-0.3913492063492064,-0.3678571428571429,Moderate
6,9,8.5,79,54,26,23,57.0,4,3,2,4,29,-1.1333333333333333,0.6143650793650793,0.04821428571428579,Moderate
3,8,7.8,62,50,4,30,58.8,4,2,1,4,37,-1.8666666666666667,0.6674285714285713,0.14114285714285704,Low
4,9,7.6,59,53,81,160,56.4,1,13,0,13,73,0.7,0.8967301587301588,0.6109285714285715,High
3,9,7.6,77,60,30,180,55.9,1,7,0,13,60,-1.0,0.6821666666666666,0.297,Moderate
4,2,5.3,61,30,70,117,54.2,5,5,0,3,49,0.3333333333333333,0.7309047619047622,0.6913571428571429,Moderate
2,5,6.4,71,53,62,136,57.6,4,4,2,9,22,0.06666666666666667,0.8026349206349208,0.5522857142857143,Moderate
4,11,5.0,72,38,127,33,56.5,4,2,1,6,142,2.2333333333333334,0.5672619047619046,0.869642857142857,High
4,11,5.9,55,36,4,50,46.2,2,4,0,3,70,-1.8666666666666667,0.0607460317460319,0.15278571428571433,Moderate
1,2,6.9,82,30,42,32,64.7,3,3,0,3,24,-0.6,0.904198412698413,0.5992142857142856,Moderate
18,7,6.5,67,43,101,61,35.0,3,21,1,20,32,1.3666666666666667,0.2427777777777778,0.44,High
18,4,7.8,85,44,33,175,52.9,2,3,1,7,107,-0.9,0.46542063492063485,0.06521428571428572,High
19,11,5.8,84,53,168,114,42.9,3,3,1,3,51,3.6,0.014309523809523769,0.45271428571428574,High
7,3,7.4,76,42,35,86,38.3,3,21,1,3,89,-0.8333333333333334,0.41905555555555546,0.21649999999999986,Moderate
10,10,6.8,74,42,149,77,44.4,6,11,1,9,25,2.966666666666667,0.5264126984126982,0.5037857142857143,High
4,5,6.4,74,45,87,130,51.2,5,10,1,6,43,0.9,0.7889206349206349,0.5942142857142857,Moderate
11,5,6.6,74,48,12,63,53.8,4,5,0,5,104,-1.6,0.5862380952380951,0.3068571428571428,Moderate
10,10,7.2,84,74,28,45,40.1,2,10,0,18,80,-1.0666666666666667,-0.005023809523809465,-0.026285714285714273,Moderate
5,9,7.5,72,50,71,27,47.8,3,4,1,6,49,0.36666666666666664,0.1738571428571427,0.08828571428571419,Low
18,3,6.7,58,47,132,30,43.2,4,15,3,17,63,2.4,0.4297142857142858,0.5570714285714287,High
6,4,7.1,55,78,45,14,37.3,2,12,0,3,72,-0.5,-0.09403968253968269,0.00685714285714286,Low
4,7,6.5,79,48,110,108,55.0,4,1,0,7,50,1.6666666666666667,0.5473809523809524,0.49107142857142855,Moderate
11,7,6.2,58,44,65,36,50.5,3,6,2,9,19,0.16666666666666666,0.37678571428571433,0.4389285714285714,High
4,8,6.1,73,32,54,94,35.0,4,15,1,6,10,-0.2,0.13182539682539682,0.22107142857142864,Moderate
8,6,6.6,61,28,49,54,45.8,2,3,0,6,117,-0.36666666666666664,0.01147619047619039,0.10221428571428567,Low
3,7,6.9,71,42,93,11,57.2,1,9,1,5,35,1.1,0.6243174603174604,0.6731428571428572,Moderate
5,2,8.1,58,17,50,48,44.4,4,9,2,15,16,-0.3333333333333333,0.2894285714285713,-0.028357142857142827,Low
15,13,7.2,62,59,26,68,48.9,5,4,1,9,136,-1.1333333333333333,0.4022460317460317,0.06128571428571422,Moderate
3,15,7.5,69,36,82,75,37.6,4,2,0,2,39,0.7333333333333333,-0.2365714285714285,-0.24735714285714283,Low
3,14,9.0,70,47,180,85,35.0,4,4,1,3,77,4.0,-0.271031746031746,-0.28571428571428575,Moderate
15,1,5.9,66,37,54,43,56.5,1,6,0,3,47,-0.2,0.5212301587301587,0.6439285714285713,Moderate
7,13,5.7,77,46,80,77,55.2,4,18,2,8,180,0.6666666666666666,1.1290793650793651,1.0477857142857143,High
8,5,6.6,76,43,31,66,42.4,1,9,2,6,15,-0.9666666666666667,0.019428571428571354,0.12664285714285717,Moderate
9,1,6.5,58,45,53,43,51.8,2,4,0,2,115,-0.23333333333333334,0.3049682539682539,0.33828571428571413,Low
4,4,5.5,67,38,65,51,52.5,4,4,4,14,33,0.16666666666666666,0.4786904761904762,0.5642857142857142,Low
1,7,6.0,83,34,4,155,52.6,4,7,1,14,36,-1.8666666666666667,0.705888888888889,0.41300000000000003,Moderate
9,7,6.8,78,35,135,136,65.8,4,6,3,12,164,2.5,1.2430634920634918,0.9679285714285714,High
1,1,8.0,74,20,48,153,42.9,4,12,0,7,53,-0.4,0.4457380952380952,0.02485714285714284,Low
17,2,6.7,69,56,21,43,50.3,2,5,0,1,102,-1.3,0.27318253968253964,0.20685714285714277,Moderate
4,9,7.1,81,53,21,102,53.8,3,7,0,18,45,-1.3,0.6343333333333332,0.29899999999999993,Moderate
5,6,6.7,59,53,32,97,56.7,2,10,0,6,19,-0.9333333333333333,0.7997539682539684,0.5692142857142859,Moderate
18,7,6.8,69,54,100,66,35.0,2,3,1,9,13,1.3333333333333333,-0.4611904761904762,-0.12928571428571428,Moderate
16,4,6.0,80,12,75,55,52.0,5,10,0,17,75,0.5,0.7415873015873016,0.6582142857142856,High
4,16,7.3,67,29,30,180,43.2,2,8,1,8,52,-1.0,0.21304761904761918,-0.0029285714285713083,Moderate
2,7,7.6,68,35,26,76,35.5,2,11,0,6,15,-1.1333333333333333,-0.14186507936507936,-0.21071428571428566,Low
20,14,5.9,70,47,38,27,46.0,4,21,1,18,30,-0.7333333333333333,0.7666666666666667,0.7175,High
4,8,7.8,101,55,173,112,40.3,5,2,1,3,15,3.7666666666666666,-0.007293650793650925,0.008642857142857063,High
9,6,7.7,71,54,17,129,56.2,1,2,2,4,44,-1.4333333333333333,0.46042857142857163,0.11314285714285717,Moderate
2,3,7.9,55,65,122,21,49.4,4,6,0,1,57,2.066666666666667,0.3772857142857142,0.2509285714285713,Low
6,3,7.1,68,40,5,180,40.2,5,10,0,10,20,-1.8333333333333333,0.3494761904761906,-0.06328571428571411,Low
6,1,7.5,80,45,77,14,56.7,0,5,0,4,27,0.5666666666666667,0.39562698412698427,0.3988571428571429,Low
4,6,5.4,74,55,51,59,43.5,5,9,0,5,68,-0.3,0.32781746031746034,0.41964285714285704,Low
5,7,6.6,78,63,71,59,59.0,3,7,1,1,86,0.36666666666666664,0.8205555555555555,0.6675,Moderate
4,5,6.0,77,30,89,14,46.5,4,5,2,5,5,0.9666666666666667,0.2032936507936508,0.38535714285714284,Low
3,5,7.4,97,23,33,97,40.9,6,2,1,9,87,-0.9,0.06970634920634913,-0.253357142857143,Moderate
12,2,6.2,77,37,53,96,53.8,3,7,1,10,11,-0.23333333333333334,0.6276666666666666,0.5364999999999999,Moderate
12,1,7.2,74,34,20,35,58.4,3,7,2,2,133,-1.3333333333333333,0.7668888888888888,0.4169999999999999,Moderate
9,2,6.7,70,53,180,74,53.3,2,17,0,10,13,4.0,0.8711984126984126,1.0372142857142856,Moderate
12,17,6.6,74,55,84,67,41.4,5,7,1,4,20,0.8,0.1707777777777777,0.17200000000000001,Moderate
22,0,6.4,77,31,71,165,40.5,3,2,1,8,108,0.36666666666666664,-0.07273809523809524,0.004642857142857046,Moderate
4,12,5.9,67,49,180,31,52.1,4,1,1,6,23,4.0,0.33132539682539686,0.6840714285714286,High
3,12,6.2,66,54,63,72,46.4,7,8,2,8,53,0.1,0.5703809523809523,0.36807142857142855,Moderate
7,7,7.3,76,44,139,54,53.6,7,4,2,2,30,2.6333333333333333,0.7315238095238096,0.4672857142857143,Moderate
5,17,8.4,76,53,168,58,48.6,1,15,2,6,106,3.6,0.5038253968253968,0.5115714285714286,High
5,8,7.0,83,72,18,65,70.0,3,5,1,7,73,-1.4,1.250793650793651,0.7378571428571428,High
11,2,6.3,71,33,8,41,53.4,2,2,4,11,64,-1.7333333333333334,0.30331746031746026,0.25164285714285706,Moderate
5,6,5.7,77,26,106,96,35.0,1,7,0,4,64,1.5333333333333334,-0.3516666666666667,0.19249999999999995,Moderate
2,2,6.2,56,75,32,19,39.8,4,8,0,5,52,-0.9333333333333333,0.014492063492063362,0.09257142857142846,Low
3,2,7.8,73,30,25,180,56.8,8,5,0,9,53,-1.1666666666666667,1.117904761904762,0.21935714285714275,High
5,10,6.1,68,50,58,35,58.2,6,5,2,3,56,-0.06666666666666667,0.8864603174603176,0.641357142857143,Moderate
13,11,6.2,73,38,88,42,47.6,5,21,1,20,30,0.9333333333333333,0.922,0.838,High
12,12,7.0,77,47,51,110,51.6,1,7,0,5,131,-0.3,0.410888888888889,0.3255,Moderate
2,11,6.6,74,60,48,45,36.2,4,1,1,7,166,-0.4,-0.36861904761904746,-0.24542857142857127,Moderate
27,3,5.5,82,53,58,62,42.8,2,5,0,11,180,-0.06666666666666667,-0.043206349206349345,0.2843571428571427,High
1,3,6.4,79,38,67,58,62.4,4,21,1,14,63,0.23333333333333334,1.539111111111111,1.1945000000000001,High
9,13,7.7,70,60,59,22,50.6,5,4,1,7,37,-0.03333333333333333,0.42763492063492076,0.10728571428571426,Moderate
4,1,5.8,75,47,38,21,50.7,3,16,2,20,54,-0.7333333333333333,0.726261904761905,0.7331428571428573,Moderate
4,2,5.5,86,50,20,48,35.0,2,5,1,6,24,-1.3333333333333333,-0.4097619047619048,-0.04464285714285717,Low
14,1,7.6,74,46,71,70,41.8,1,10,0,4,53,0.36666666666666664,0.03258730158730146,0.0622142857142857,Moderate
7,3,7.5,79,48,29,126,47.7,1,17,2,9,56,-1.0333333333333334,0.610309523809524,0.3517142857142858,Moderate
16,1,7.2,62,50,52,34,45.7,2,9,0,7,103,-0.26666666666666666,0.19903968253968268,0.17314285714285718,Low
10,1,8.0,82,58,40,94,46.9,4,5,0,4,86,-0.6666666666666666,0.31018253968253956,-0.07514285714285719,Low
7,2,7.9,75,54,12,16,38.7,2,2,0,11,180,-1.6,-0.38596031746031734,-0.45935714285714285,Low
1,6,7.5,74,51,39,128,53.6,2,6,2,9,41,-0.7,0.55184126984127,0.23942857142857144,Low
4,2,5.3,84,34,105,100,43.7,3,6,0,3,51,1.5,0.1418968253968255,0.4924285714285715,Low
6,11,7.4,70,51,13,42,41.9,3,5,0,1,87,-1.5666666666666667,-0.039261904761904824,-0.18764285714285725,Low
10,10,6.9,79,40,180,37,56.0,2,21,1,1,42,4.0,1.0944444444444443,1.1975,High
4,6,6.2,65,25,107,58,50.5,4,6,0,4,29,1.5666666666666667,0.4678968253968254,0.5439285714285713,Moderate
6,2,6.7,80,54,29,180,51.0,4,7,1,3,67,-1.0333333333333334,0.6616666666666667,0.30499999999999994,Moderate
5,3,6.3,63,36,30,20,38.1,4,4,0,20,65,-1.0,-0.2037539682539682,-0.09521428571428564,Low
4,4,5.6,58,31,48,125,61.3,2,6,1,3,89,-0.4,0.8950079365079365,0.8254285714285713,High
14,2,5.2,69,58,85,26,44.3,2,0,2,20,168,0.8333333333333334,-0.19427777777777794,0.30649999999999983,High
12,1,5.7,72,32,71,82,54.2,4,10,0,9,88,0.36666666666666664,0.8039206349206351,0.7667142857142858,High
10,2,6.7,80,59,48,69,50.1,5,12,0,2,180,-0.4,0.7430714285714287,0.4683571428571429,Moderate
12,1,7.6,79,51,75,21,51.9,4,8,1,14,15,0.5,0.5612142857142857,0.3180714285714286,Moderate
7,6,7.4,73,21,74,32,51.5,0,2,1,4,24,0.4666666666666667,0.07448412698412692,0.16714285714285704,Low
3,9,6.5,55,64,114,49,48.5,3,1,1,4,33,1.8,0.12265873015873018,0.3060714285714286,Moderate
1,8,6.3,70,36,140,171,58.5,4,2,2,8,42,2.6666666666666665,0.810595238095238,0.7346428571428572,High
15,13,7.6,68,48,114,48,47.6,3,8,0,2,48,1.8,0.3310476190476191,0.2865714285714287,Moderate
6,12,6.4,75,44,54,105,49.3,2,18,2,14,81,-0.2,0.7613571428571427,0.6832857142857142,High
18,3,7.7,63,36,135,31,49.8,5,6,0,4,64,2.5,0.47306349206349196,0.3304285714285713,Moderate
6,4,7.7,84,53,88,49,61.1,1,8,2,7,159,0.9333333333333333,0.806325396825397,0.6090714285714286,Moderate
6,3,8.2,75,24,86,30,61.4,5,6,0,3,26,0.8666666666666667,0.9939523809523807,0.46842857142857147,Moderate
3,11,6.2,77,38,102,64,55.3,5,6,3,12,52,1.4,0.7572301587301586,0.6754285714285713,High
7,6,5.9,76,58,21,180,63.8,3,2,2,3,112,-1.3,0.9924285714285713,0.6661428571428569,High
7,8,8.3,71,50,23,76,52.4,0,6,1,6,47,-1.2333333333333334,0.3067301587301587,0.023428571428571257,Low
3,1,5.4,59,55,36,80,52.0,3,9,4,8,180,-0.8,0.6003174603174604,0.637142857142857,Moderate
12,2,5.7,58,20,26,19,46.5,2,21,1,3,180,-1.1333333333333333,0.6469444444444444,0.7375,High
5,6,6.4,76,40,85,129,41.8,6,3,0,8,9,0.8333333333333334,0.1814761904761904,0.10721428571428555,Moderate
10,2,6.3,83,54,18,87,50.0,3,0,0,2,34,-1.4,0.19666666666666668,0.11749999999999998,Low
4,10,5.6,74,39,86,100,48.3,4,11,1,5,78,0.8666666666666667,0.5941349206349205,0.6732857142857143,High
1,10,5.8,66,35,123,23,40.8,2,10,0,6,82,2.1,0.0020317460317458846,0.4772142857142856,Moderate
18,3,7.6,71,51,21,26,41.1,2,4,2,5,81,-1.3,-0.19542063492063483,-0.2552142857142856,Low
6,7,7.2,76,27,147,37,43.8,4,8,0,16,34,2.9,0.21449206349206335,0.32507142857142846,Moderate
2,14,7.4,73,21,72,180,47.3,7,10,0,3,11,0.4,0.8023095238095237,0.26471428571428557,Moderate
2,1,8.2,79,52,98,163,36.9,3,17,0,17,18,1.2666666666666666,0.2987539682539682,0.07771428571428586,Low
16,9,6.5,64,38,48,122,41.6,3,3,1,4,74,-0.4,-0.03530158730158723,-0.008785714285714244,Moderate
8,1,6.9,55,50,38,128,61.9,2,4,1,5,22,-0.7333333333333333,0.8539126984126986,0.5337857142857141,Moderate
8,4,5.1,75,37,26,57,43.6,3,4,1,4,38,-1.1333333333333333,0.018190476190476257,0.2697857142857144,Low
11,4,6.1,57,57,27,20,35.2,6,8,0,11,57,-1.1,-0.058063492063491914,-0.040428571428571286,Low
4,1,7.2,78,43,84,20,56.5,2,2,0,12,124,0.8,0.4194841269841269,0.37714285714285706,Moderate
3,4,7.3,80,32,120,85,56.3,3,8,0,20,8,2.0,0.76365873015873,0.6150714285714285,Moderate
5,3,6.9,80,42,86,95,58.5,1,3,1,1,88,0.8666666666666667,0.5618650793650795,0.5232142857142857,Moderate
3,5,8.4,64,62,84,11,46.2,1,17,1,8,84,0.8,0.41503174603174614,0.2867142857142858,Moderate
5,3,6.4,55,48,56,62,60.7,5,2,1,9,70,-0.13333333333333333,0.8551507936507938,0.5731428571428571,Moderate
7,4,5.7,75,43,51,54,35.0,4,4,0,12,34,-0.3,-0.30547619047619046,-0.030714285714285756,Low
13,2,6.4,78,34,137,165,53.9,4,3,0,5,68,2.566666666666667,0.6326428571428572,0.6002142857142856,High
5,15,6.2,61,54,49,131,44.2,4,5,1,2,60,-0.36666666666666664,0.22979365079365088,0.18135714285714288,Moderate
11,4,6.8,65,43,25,37,38.7,1,6,0,12,130,-1.1666666666666667,-0.2864365079365078,-0.12007142857142847,Low
5,4,8.4,67,45,27,92,45.8,1,3,0,11,24,-1.1,-0.01296825396825406,-0.26778571428571446,Low
10,6,6.9,71,70,18,109,56.0,3,13,0,1,64,-1.4,0.9553968253968255,0.5639285714285713,High
2,9,6.8,64,39,67,93,55.0,1,2,0,3,82,0.23333333333333334,0.3664285714285715,0.3596428571428571,Low
10,4,6.2,87,46,21,43,39.9,5,0,0,1,154,-1.3,-0.17338888888888895,-0.1605000000000001,Moderate
16,6,7.3,77,35,77,85,69.1,2,10,0,5,53,0.5666666666666667,1.3444206349206347,0.9487142857142855,High
12,1,7.5,71,40,40,24,44.7,3,11,0,17,91,-0.6666666666666666,0.2810238095238097,0.11778571428571438,Moderate
3,5,6.4,76,26,159,30,49.7,2,13,2,4,34,3.3,0.5174523809523811,0.8149285714285713,High
2,6,6.0,69,63,116,119,54.8,1,1,0,4,175,1.8666666666666667,0.35060317460317453,0.5875714285714284,Moderate
15,4,6.9,84,54,49,89,37.5,3,7,0,3,55,-0.36666666666666664,-0.11361111111111111,-0.08500000000000006,Low
1,4,7.1,82,28,37,73,46.6,3,14,0,1,56,-0.7666666666666667,0.5281111111111113,0.3230000000000001,Low
6,8,7.9,68,51,69,120,49.7,3,3,1,1,116,0.3,0.32697619047619064,0.04171428571428575,Moderate
7,7,7.2,83,36,39,95,57.9,3,9,1,4,23,-0.7,0.8824841269841268,0.5066428571428571,Moderate
6,7,6.6,70,41,24,56,56.8,3,2,1,20,61,-1.2,0.5396507936507935,0.3411428571428571,Moderate
18,7,7.5,89,30,6,19,37.7,7,5,0,3,36,-1.8,0.012849206349206471,-0.34864285714285703,Moderate
8,6,5.2,60,36,53,104,53.5,4,3,2,15,9,-0.23333333333333334,0.5468650793650793,0.5882142857142857,High
10,14,5.3,62,36,33,41,49.5,1,12,0,4,48,-0.9,0.41829365079365083,0.6578571428571429,Moderate
7,7,8.4,65,41,8,78,44.0,5,7,2,10,118,-1.7333333333333334,0.30000000000000004,-0.25500000000000006,Low
7,7,8.8,55,53,105,23,35.0,4,10,0,7,169,1.5,-0.12563492063492065,-0.26678571428571435,Low
3,4,6.0,83,42,154,45,47.3,1,5,0,4,112,3.1333333333333333,0.07373809523809514,0.5718571428571427,High
16,11,5.6,72,42,50,28,56.6,7,13,0,20,65,-0.3333333333333333,1.159063492063492,0.8894285714285716,High
21,3,6.0,67,44,21,34,41.5,3,5,0,3,41,-1.3,-0.06615079365079365,0.06535714285714284,Low
6,2,6.9,74,48,180,26,48.0,8,2,0,15,58,4.0,0.44365079365079363,0.4146428571428571,Moderate
1,6,7.2,87,45,54,44,47.6,5,3,1,10,72,-0.2,0.28136507936507943,0.06371428571428572,Low
17,9,6.6,82,17,88,142,63.8,3,7,0,3,17,0.9333333333333333,1.1287777777777777,0.854,High
14,10,6.9,87,56,45,40,40.3,2,7,0,13,62,-0.5,-0.10872222222222236,-0.011000000000000149,Moderate
7,2,8.1,79,34,180,43,53.6,6,1,0,20,2,4.0,0.5454920634920635,0.3440714285714287,High
2,5,7.7,75,30,147,65,46.0,2,3,3,18,51,2.9,0.03269841269841274,0.1607142857142857,Moderate
14,11,6.6,69,48,180,4,48.4,3,5,0,3,60,4.0,0.21101587301587293,0.5648571428571428,Moderate
13,6,6.9,69,37,166,30,66.8,2,7,2,5,12,3.533333333333333,1.0726666666666667,1.0864999999999998,High
8,9,5.4,76,43,19,98,61.3,1,20,2,2,58,-1.3666666666666667,1.29834126984127,1.1879285714285712,High
9,1,6.8,74,49,20,126,48.0,3,16,1,10,28,-1.3333333333333333,0.7214285714285715,0.4321428571428573,High
6,14,6.5,64,65,14,26,46.6,3,1,2,5,180,-1.5333333333333334,0.011603174603174712,-0.0009285714285714036,Moderate
5,3,5.5,83,56,60,30,44.4,5,3,1,4,50,0.0,0.12180952380952374,0.28021428571428564,Moderate
5,8,6.8,77,21,21,91,35.0,2,8,1,6,15,-1.3,-0.25484126984126987,-0.18392857142857139,Low
8,5,6.5,78,37,170,21,46.2,1,3,0,4,151,3.6666666666666665,-0.07385714285714272,0.4342142857142858,Moderate
8,4,7.9,85,29,54,95,55.2,3,8,1,18,55,-0.2,0.7252698412698414,0.31207142857142856,High
1,10,5.9,75,30,9,167,35.0,3,1,2,4,40,-1.7,-0.35373015873015873,-0.2564285714285715,Low
4,4,5.7,84,46,48,39,47.2,5,1,2,5,48,-0.4,0.18638095238095254,0.24207142857142858,Low
6,8,4.7,75,57,129,42,42.9,4,3,0,2,101,2.3,0.0009761904761904153,0.5477142857142856,Moderate
7,2,7.0,72,23,68,104,35.0,5,19,2,12,66,0.26666666666666666,0.3524603174603174,0.21285714285714286,Moderate
12,3,6.0,88,51,126,146,54.3,3,11,1,2,108,2.2,0.8485793650793649,0.8832857142857142,High
2,7,6.4,86,49,14,76,53.1,3,2,1,14,53,-1.5333333333333334,0.3953730158730159,0.2401428571428571,Moderate
5,3,8.3,59,71,65,112,44.1,3,2,0,16,81,0.16666666666666666,0.03037301587301595,-0.23485714285714293,Low
2,5,7.6,85,47,105,40,55.4,3,1,2,14,22,1.5,0.42315873015873007,0.29807142857142854,Moderate
6,8,6.0,79,58,36,11,56.8,5,6,4,10,135,-0.8,0.7658412698412698,0.5904285714285713,High
12,16,6.8,71,68,90,24,42.6,6,3,1,7,69,1.0,0.10080952380952388,0.07371428571428577,Moderate
8,2,6.8,82,45,77,77,42.1,2,2,0,5,40,0.5666666666666667,-0.16518253968253963,-0.0023571428571428077,Low
3,4,7.0,86,23,64,25,46.6,2,7,0,4,180,0.13333333333333333,0.1581111111111112,0.20800000000000005,Moderate
9,3,7.4,77,43,31,59,48.5,4,1,0,4,44,-0.9666666666666667,0.20043650793650794,-0.05892857142857148,Low
3,5,6.5,74,37,40,111,43.2,2,6,0,3,16,-0.6666666666666666,0.06495238095238108,0.10492857142857151,Low
14,11,8.5,89,60,69,129,43.7,3,3,3,7,93,0.3,0.0669761904761906,-0.24328571428571413,High
5,4,9.0,74,47,63,180,39.7,2,2,1,20,95,0.1,-0.1587380952380951,-0.4943571428571428,Low
2,13,7.0,83,39,38,22,48.9,2,13,0,5,57,-0.7333333333333333,0.4725634920634921,0.3834285714285714,Low
2,14,7.7,79,52,70,83,47.9,4,8,0,12,134,0.3333333333333333,0.4501031746031745,0.16807142857142848,Moderate
2,4,6.2,89,54,50,130,59.9,2,7,1,3,16,-0.3333333333333333,0.8732777777777777,0.7119999999999999,Moderate
4,5,6.0,70,49,39,178,42.0,1,8,0,5,49,-0.7,0.09015873015873017,0.21107142857142858,Low
1,9,6.8,81,52,93,47,47.1,5,5,0,11,11,1.1,0.3336269841269842,0.27335714285714297,Low
3,3,5.7,73,52,16,56,49.9,6,11,1,6,54,-1.4666666666666666,0.750579365079365,0.5287857142857142,Low
1,5,4.5,55,39,20,74,66.1,3,7,2,2,83,-1.3333333333333333,1.1567222222222222,1.1204999999999998,Moderate
1,7,6.7,87,43,129,19,60.4,2,2,1,4,86,2.3,0.5938730158730159,0.6941428571428571,Moderate
2,7,6.0,77,26,13,142,53.6,2,6,0,4,180,-1.5666666666666667,0.5673968253968256,0.4369285714285714,Moderate
6,2,7.6,81,35,13,115,59.7,1,15,0,6,155,-1.5666666666666667,1.0666587301587303,0.5970714285714287,High
9,11,5.4,84,48,58,97,46.7,5,8,2,2,80,-0.06666666666666667,0.4783253968253969,0.5045714285714286,High
18,6,5.5,70,29,54,141,56.7,7,4,2,13,30,-0.2,0.9676904761904764,0.6627857142857143,High
3,3,7.3,80,39,74,59,49.6,2,2,0,20,51,0.4666666666666667,0.15231746031746043,0.1276428571428572,Low
17,1,6.9,83,39,14,27,43.7,5,6,1,9,142,-1.5333333333333334,0.19411904761904775,-0.015071428571428541,Low
17,1,7.0,83,39,8,164,42.5,2,1,0,4,32,-1.7333333333333334,-0.08623015873015871,-0.22642857142857142,Moderate
13,10,8.0,58,54,101,135,51.3,0,10,0,7,80,1.3666666666666667,0.46564285714285697,0.35221428571428565,High
6,4,8.0,85,43,159,69,53.8,2,5,1,12,119,3.3,0.4595714285714285,0.4293571428571427,Moderate
3,3,6.9,64,55,124,98,58.6,2,12,0,3,63,2.1333333333333333,0.9577936507936509,0.878357142857143,Moderate
11,0,8.5,72,24,71,56,52.6,5,7,2,8,37,0.36666666666666664,0.6625555555555557,0.1430000000000001,Moderate
10,4,7.5,82,55,68,180,42.5,4,15,1,17,38,0.26666666666666666,0.5648809523809524,0.23607142857142857,Moderate
10,2,6.9,67,40,20,78,38.8,3,1,0,7,5,-1.3333333333333333,-0.2816190476190477,-0.2899285714285716,Low
6,8,7.5,70,67,40,46,61.6,2,4,2,4,6,-0.6666666666666666,0.7493015873015875,0.42478571428571427,Moderate
6,1,6.2,73,54,9,126,49.3,3,13,0,13,95,-1.7,0.6727857142857142,0.4629285714285713,Moderate
12,4,7.0,78,37,79,47,36.3,3,7,1,9,57,0.6333333333333333,-0.2142777777777779,-0.06350000000000008,Low
15,5,8.1,69,51,15,39,36.8,1,2,1,5,180,-1.5,-0.5125714285714287,-0.5438571428571428,Moderate
5,14,6.4,81,48,20,79,54.0,3,10,0,2,48,-1.3333333333333333,0.7249206349206349,0.5107142857142857,High
6,5,5.2,75,58,20,16,55.5,3,21,2,7,30,-1.3333333333333333,1.1152777777777778,1.0799999999999998,High
10,1,7.1,79,28,57,180,38.7,2,4,3,7,121,-0.1,-0.13230952380952368,-0.14971428571428558,Moderate
9,9,7.8,82,56,58,105,42.1,4,13,0,13,38,-0.06666666666666667,0.39211904761904764,0.08942857142857151,Moderate
4,9,7.1,75,39,76,72,47.9,11,4,1,5,21,0.5333333333333333,0.7616904761904761,0.1737857142857143,Low
22,2,6.2,69,41,33,180,46.6,3,3,2,20,7,-0.9,0.2541428571428572,0.1562142857142857,High
4,3,8.4,77,57,39,58,50.7,5,4,1,8,46,-0.7,0.4721349206349208,-0.0622142857142857,Low
5,9,7.0,90,58,61,43,45.2,3,5,3,4,5,0.03333333333333333,0.11034920634920647,0.10135714285714292,Moderate
3,3,4.7,80,57,90,47,48.6,3,11,1,11,80,1.0,0.4820793650793651,0.8497857142857143,High
2,2,6.5,73,53,19,38,35.5,2,6,1,3,122,-1.3666666666666667,-0.3626587301587301,-0.17857142857142858,Low
17,10,7.8,78,23,115,180,54.6,4,11,1,5,59,1.8333333333333333,0.9665238095238097,0.5497857142857143,High
3,1,7.5,72,47,63,51,51.5,2,7,1,8,39,0.1,0.4075,0.26499999999999996,Low
12,6,5.5,70,44,40,119,40.0,3,5,1,5,62,-0.6666666666666666,-0.039206349206349196,0.15535714285714283,Moderate
3,2,7.2,82,47,16,28,35.0,6,5,0,13,80,-1.4666666666666666,-0.1653174603174603,-0.35214285714285715,Low
2,4,8.7,82,55,50,180,55.7,2,11,1,1,112,-0.3333333333333333,0.8826904761904762,0.26278571428571446,Moderate
6,15,7.0,57,30,57,79,46.6,4,5,0,10,57,-0.1,0.28001587301587305,0.1333571428571429,Moderate
2,2,6.1,86,33,27,59,50.8,3,3,0,11,118,-1.1,0.3086984126984125,0.28471428571428564,Moderate
11,4,6.9,66,20,92,14,41.1,1,3,0,4,51,1.0666666666666667,-0.31113492063492054,0.016214285714285695,Low
1,1,7.1,92,23,77,19,45.9,2,5,2,10,85,0.5666666666666667,0.048515873015872985,0.1448571428571429,Low
6,3,8.1,91,49,41,68,39.6,3,2,0,4,73,-0.6333333333333333,-0.22101587301587294,-0.39485714285714274,Low
5,4,5.8,80,36,78,58,53.6,3,15,2,3,105,0.6,0.8621587301587302,0.8915714285714287,High
3,7,5.5,71,35,55,61,52.3,4,4,0,7,154,-0.16666666666666666,0.48080158730158723,0.5332857142857143,Moderate
1,2,7.9,68,43,42,39,49.5,1,3,2,11,73,-0.6,0.09464285714285717,-0.03178571428571436,Low
18,3,5.6,90,44,49,32,45.5,2,7,1,1,88,-0.36666666666666664,0.11638888888888889,0.38250000000000006,High
4,10,5.2,79,53,77,30,51.5,2,0,0,7,16,0.5666666666666667,0.13416666666666666,0.5025,Moderate
6,8,7.0,95,25,38,168,49.3,3,13,1,5,180,-0.7333333333333333,0.7194523809523808,0.39542857142857135,High
9,2,6.6,72,27,31,129,45.2,2,0,1,6,21,-0.9666666666666667,-0.03933333333333322,-0.04649999999999989,Low
7,3,6.3,65,47,106,121,35.0,2,1,0,16,47,1.5333333333333334,-0.4715079365079365,-0.0839285714285714,Low
13,5,7.8,76,32,50,114,39.6,1,2,0,1,180,-0.3333333333333333,-0.30323809523809514,-0.31985714285714284,Moderate
6,12,6.9,73,55,74,66,51.1,3,4,0,9,153,0.4666666666666667,0.36569047619047623,0.29978571428571427,Moderate
2,10,6.0,94,41,49,60,40.9,4,4,1,2,180,-0.36666666666666664,-0.033309523809523865,0.08878571428571425,Moderate
3,10,8.4,89,31,52,17,50.6,3,9,1,2,43,-0.26666666666666666,0.46731746031746035,0.11014285714285708,Moderate
23,7,6.2,68,26,151,132,46.8,1,12,2,3,73,3.033333333333333,0.3979047619047618,0.7143571428571427,High
4,3,7.5,83,50,105,180,50.8,4,2,1,4,18,1.5,0.4740952380952379,0.20614285714285702,Moderate
1,3,7.1,62,30,15,64,44.1,3,7,0,3,50,-1.5,0.1556111111111112,-0.006999999999999881,Low
2,7,8.2,69,53,39,47,54.5,7,1,0,10,53,-0.7,0.6571031746031746,0.0010714285714287161,Low
3,1,7.4,74,58,123,18,54.7,5,7,1,5,137,2.1,0.7148333333333334,0.5285,Moderate
5,4,5.9,77,35,96,119,44.5,4,6,0,8,112,1.2,0.2656746031746032,0.3889285714285713,Low
9,6,6.3,70,65,180,118,64.6,5,8,0,6,53,4.0,1.30715873015873,1.1890714285714286,High
6,5,7.6,74,42,70,69,46.2,0,13,3,17,77,0.3333333333333333,0.26995238095238105,0.2774285714285716,Moderate
3,8,6.4,71,38,22,33,53.2,8,6,2,6,50,-1.2666666666666666,0.8282857142857145,0.37742857142857145,Moderate
10,3,6.6,71,39,27,35,43.4,5,14,2,5,12,-1.1,0.4752222222222222,0.2895,Moderate
13,4,6.5,76,42,18,180,48.3,4,11,1,11,19,-1.4,0.6830238095238094,0.3457857142857142,Moderate
5,8,6.1,74,55,22,110,42.9,3,4,0,5,58,-1.2666666666666666,0.04557936507936504,0.06378571428571429,Low
3,6,7.1,65,42,36,33,35.5,2,7,1,20,92,-0.8,-0.3325,-0.21249999999999994,Low
5,5,6.7,70,19,30,68,56.3,4,10,0,10,41,-1.0,0.8828650793650791,0.5522142857142857,Moderate
10,7,5.9,82,53,121,67,56.7,4,16,0,6,45,2.033333333333333,1.1140396825396828,1.1031428571428572,High
9,3,7.7,64,59,83,82,46.3,3,7,2,3,75,0.7666666666666667,0.274611111111111,0.12399999999999986,High
10,3,7.3,60,34,150,28,42.1,1,2,1,11,0,3.0,-0.28629365079365077,0.0926428571428572,Low
1,3,5.7,56,12,9,150,48.7,4,5,2,18,45,-1.7,0.4534047619047621,0.3038571428571429,Moderate
13,10,6.5,81,35,18,51,56.7,4,4,0,3,56,-1.4,0.6676904761904764,0.3977857142857144,Moderate
7,10,6.1,73,49,7,51,45.9,3,10,2,2,34,-1.7666666666666666,0.3293095238095238,0.2877142857142858,Moderate
6,3,7.4,67,51,24,21,52.2,4,6,1,4,61,-1.2,0.5032857142857144,0.1774285714285714,Low
12,2,7.8,72,66,17,33,42.3,3,1,0,13,24,-1.4333333333333333,-0.17411904761904773,-0.3499285714285715,Low
4,8,6.3,72,36,20,25,53.9,4,3,0,7,57,-1.3333333333333333,0.47708730158730156,0.32521428571428573,Moderate
8,4,6.6,71,25,45,156,58.5,2,1,4,19,75,-0.5,0.6248809523809524,0.4160714285714287,High
9,8,8.6,67,30,68,63,59.5,1,4,1,12,32,0.26666666666666666,0.6070238095238095,0.23928571428571432,Moderate
8,2,7.2,71,52,65,56,35.0,5,6,0,7,56,0.16666666666666666,-0.16515873015873014,-0.2010714285714286,Low
10,2,7.9,83,44,180,57,36.6,1,4,1,3,58,4.0,-0.4301428571428571,-0.04521428571428571,Moderate
14,1,7.6,71,34,119,9,35.0,4,15,1,2,56,1.9666666666666666,0.03738095238095236,0.12107142857142866,Moderate
21,4,6.5,78,43,77,97,43.5,3,14,1,20,65,0.5666666666666667,0.41527777777777775,0.435,High
7,1,7.1,68,19,76,96,60.1,4,8,2,14,14,0.5333333333333333,1.0135476190476191,0.6540714285714287,High
8,6,7.4,77,34,12,21,59.9,4,15,0,11,162,-1.6,1.1712142857142855,0.6355714285714283,High
6,2,6.9,78,39,83,77,48.1,3,16,0,11,12,0.7666666666666667,0.6714841269841271,0.5751428571428572,Moderate
5,3,5.9,65,54,37,70,35.0,5,2,1,6,37,-0.7666666666666667,-0.2924603174603175,-0.15785714285714295,Low
5,6,5.5,75,41,84,55,46.1,6,2,4,1,153,0.8,0.2570396825396827,0.3626428571428571,Moderate
5,11,6.5,66,28,31,61,37.4,4,3,2,7,41,-0.9666666666666667,-0.22541269841269848,-0.17728571428571432,Low
12,2,5.9,78,12,50,32,50.0,3,2,0,5,56,-0.3333333333333333,0.206984126984127,0.324642857142857,Low
9,5,5.8,75,44,49,76,36.9,2,7,3,14,53,-0.36666666666666664,-0.22172222222222226,0.08949999999999998,Moderate
13,3,7.2,96,35,60,99,67.4,3,20,3,2,40,0.0,1.7072857142857145,1.1584285714285716,High
10,7,6.7,87,46,55,18,47.1,3,4,0,20,50,-0.16666666666666666,0.13235714285714295,0.1672857142857143,Moderate
0,8,5.0,79,52,14,75,47.9,3,5,0,9,54,-1.5333333333333334,0.26740476190476187,0.4148571428571428,Low
5,5,7.8,78,42,61,20,58.1,4,11,0,8,45,0.03333333333333333,0.9462460317460317,0.5197857142857143,Moderate
14,8,5.8,91,68,42,22,57.9,7,6,1,9,25,-0.6,0.9608968253968251,0.6734285714285713,High
3,1,6.6,70,53,75,37,45.1,2,14,0,3,111,0.5,0.3539444444444445,0.4605000000000001,Moderate
11,10,7.4,74,40,60,83,35.7,2,15,0,7,97,0.0,0.017769841269841373,0.029571428571428582,Moderate
4,3,5.4,77,42,17,180,40.7,5,2,2,9,36,-1.4333333333333333,0.0862619047619049,0.050642857142857114,Low
4,13,6.6,81,42,123,90,54.1,1,10,1,18,82,2.1,0.6083095238095239,0.7362142857142858,High
2,21,7.5,64,32,83,117,35.4,3,7,0,6,92,0.7666666666666667,-0.17700000000000007,-0.16800000000000004,Moderate
11,8,7.2,63,32,59,80,35.0,3,8,0,7,77,-0.03333333333333333,-0.20039682539682538,-0.15892857142857145,Moderate
6,5,5.6,75,32,31,25,45.7,3,3,1,6,51,-0.9666666666666667,0.04142063492063504,0.22921428571428587,Moderate
8,7,7.0,89,51,39,90,45.0,2,7,2,8,45,-0.7,0.15833333333333333,0.0975,Moderate
8,4,7.1,64,23,48,33,52.4,5,3,1,2,35,-0.4,0.485142857142857,0.21021428571428571,Moderate
15,10,7.8,78,44,54,23,47.3,4,9,1,3,77,-0.2,0.3921507936507935,0.1211428571428571,Moderate
2,13,6.3,69,25,46,38,42.6,4,1,2,14,53,-0.4666666666666667,-0.08839682539682532,-0.0059285714285713595,Moderate
6,2,5.5,79,39,20,44,35.0,6,8,4,11,43,-1.3333333333333333,-0.04039682539682539,0.04107142857142855,Low
6,2,5.9,80,57,147,19,45.8,2,10,1,2,44,2.9,0.2225873015873015,0.6697142857142856,Moderate
4,8,6.2,69,64,180,52,37.6,1,7,4,15,68,4.0,-0.2835555555555555,0.368,Moderate
6,3,7.7,79,42,51,84,56.9,2,9,0,16,16,-0.3,0.758595238095238,0.4191428571428571,Moderate
5,7,6.0,63,62,70,44,46.0,3,9,2,8,116,0.3333333333333333,0.2903174603174603,0.43714285714285717,Moderate
12,10,5.9,67,28,18,90,49.9,3,1,1,6,92,-1.4,0.23121428571428568,0.2130714285714284,High
8,12,7.6,78,24,180,141,56.5,3,0,0,6,97,4.0,0.5491666666666666,0.49,Moderate
7,5,4.9,81,30,70,44,37.8,3,15,1,1,16,0.3333333333333333,0.13560317460317445,0.5550714285714284,Moderate
1,3,6.1,62,29,64,114,46.9,0,10,0,19,180,0.13333333333333333,0.24430952380952375,0.4602142857142857,Moderate
4,7,5.9,93,60,31,15,46.0,1,3,0,7,96,-0.9666666666666667,-0.0895238095238095,0.18571428571428567,Moderate
3,10,6.6,72,44,34,61,44.9,1,6,1,3,9,-0.8666666666666667,0.019230158730158674,0.12342857142857144,Low
1,3,8.6,62,44,60,96,47.3,3,12,1,6,136,0.0,0.5137380952380952,0.08185714285714288,Low
8,2,5.5,76,46,21,20,43.8,2,14,1,20,20,-1.3,0.27655555555555544,0.47899999999999976,Moderate
4,5,7.6,90,27,88,34,36.2,2,19,0,16,138,0.9333333333333333,0.1286825396825398,0.193857142857143,Moderate
4,1,6.4,66,31,56,60,37.5,5,5,3,14,19,-0.13333333333333333,-0.08392857142857144,-0.037142857142857214,Low
6,3,6.8,88,34,42,83,35.8,2,1,0,20,174,-0.6,-0.4777301587301588,-0.30742857142857144,Low
12,5,8.1,55,42,50,78,45.2,3,13,1,6,74,-0.3333333333333333,0.4349523809523811,0.10992857142857157,Low
18,2,6.8,64,26,44,52,47.0,2,4,1,6,27,-0.5333333333333333,0.09896825396825398,0.1192857142857143,Moderate
2,4,7.4,78,54,79,45,39.8,3,10,0,10,149,0.6333333333333333,0.048142857142857,0.05721428571428556,Low
13,6,6.4,65,59,39,153,51.1,1,4,0,5,102,-0.7,0.3290238095238096,0.2997857142857142,Moderate
13,7,7.6,74,41,34,36,43.2,2,8,1,3,14,-0.8666666666666667,0.05304761904761918,-0.04542857142857128,Moderate
2,5,7.2,79,60,36,20,54.8,5,13,0,6,65,-0.8,0.9358412698412697,0.5204285714285712,Low
8,10,7.9,68,51,51,17,42.2,7,6,0,6,43,-0.3,0.24884126984126997,-0.14257142857142854,Low
12,1,8.0,78,34,30,127,53.3,2,7,0,16,151,-1.0,0.5729444444444443,0.14899999999999985,Moderate
3,3,5.2,60,25,69,13,53.3,0,2,3,9,30,0.3,0.13437301587301567,0.5936428571428568,Low
6,5,7.5,76,49,133,30,62.6,1,21,0,5,149,2.433333333333333,1.3170000000000002,1.173,High
4,3,7.5,55,44,14,36,57.5,6,15,1,5,92,-1.5333333333333334,1.2132142857142858,0.5510714285714285,Moderate
2,3,6.3,72,52,180,12,58.6,6,5,0,12,74,4.0,0.8789047619047621,0.923357142857143,High
2,8,8.2,89,47,50,31,62.7,2,1,0,20,10,-0.3333333333333333,0.6749920634920638,0.27457142857142885,Moderate
4,7,7.5,90,31,38,70,46.8,5,14,1,3,11,-0.7333333333333333,0.667111111111111,0.2614999999999999,Moderate
4,5,7.3,81,38,64,81,42.4,2,12,0,10,36,0.13333333333333333,0.20990476190476182,0.17235714285714288,Low
3,4,5.6,85,42,46,55,35.3,3,4,3,20,25,-0.4666666666666667,-0.3575317460317462,-0.016714285714285758,Low
13,6,6.4,65,44,50,105,56.6,3,5,3,2,41,-0.3333333333333333,0.6922380952380954,0.5208571428571428,High
6,9,6.1,57,43,37,98,58.6,1,7,2,5,165,-0.7666666666666667,0.7125555555555556,0.6580000000000001,Moderate
8,3,7.2,67,37,110,19,35.0,2,1,0,3,180,1.6666666666666667,-0.5848412698412698,-0.23142857142857143,Low
3,7,6.8,74,37,25,86,45.3,6,13,2,10,45,-1.1666666666666667,0.6483412698412697,0.2779285714285713,Moderate
3,6,6.7,92,45,92,180,47.5,7,21,1,2,98,1.0666666666666667,1.2041666666666668,0.7575,Moderate
15,2,7.3,76,39,54,53,58.5,5,14,0,6,115,-0.2,1.1747222222222222,0.6875000000000001,High
0,2,6.3,66,42,46,58,44.1,0,21,1,7,145,-0.4666666666666667,0.4489444444444445,0.6105,Moderate
4,15,8.6,64,46,14,82,60.7,1,4,3,18,70,-1.5333333333333334,0.6821349206349209,0.14028571428571446,High
1,7,7.1,64,34,43,45,37.1,3,4,1,5,102,-0.5666666666666667,-0.2876428571428571,-0.2327142857142856,Low
10,18,5.5,59,40,51,161,39.1,3,8,0,5,122,-0.3,0.07410317460317467,0.24157142857142858,High
10,2,7.6,71,32,20,119,46.0,3,5,1,2,24,-1.3333333333333333,0.23079365079365083,-0.08214285714285707,Low
1,2,6.6,57,40,48,112,42.5,1,6,0,5,153,-0.4,-0.03210317460317459,0.08642857142857151,Low
3,3,7.6,73,53,25,31,50.0,2,9,0,3,161,-1.1666666666666667,0.3892063492063492,0.1646428571428572,Low
8,1,8.1,66,45,96,23,46.0,5,6,2,15,80,1.2,0.2931746031746032,0.0489285714285715,Low
8,16,8.9,73,58,67,18,44.8,4,9,0,13,54,0.23333333333333334,0.2740952380952379,-0.11385714285714298,Moderate
21,15,6.1,79,54,71,68,66.0,2,4,1,15,43,0.36666666666666664,0.9717460317460319,0.8792857142857143,High
5,2,5.6,64,35,29,61,35.0,2,5,1,5,3,-1.0333333333333334,-0.39531746031746035,-0.039642857142857084,Low
2,4,5.7,79,42,31,54,53.7,1,7,2,13,99,-0.9666666666666667,0.4431666666666668,0.5660000000000001,Low
5,5,6.0,76,58,46,33,65.9,6,6,2,5,40,-0.4666666666666667,1.2664523809523813,0.8884285714285716,High
13,9,7.3,93,44,31,16,45.2,2,4,1,8,28,-0.9666666666666667,-0.022031746031745916,-0.05471428571428562,Low
3,0,6.5,76,50,95,42,50.8,4,2,0,7,125,1.1666666666666667,0.3207619047619046,0.356142857142857,Moderate
2,5,6.4,76,45,32,118,50.9,5,6,0,3,34,-0.9333333333333333,0.6192301587301586,0.3334285714285713,Low
3,1,5.9,83,55,74,162,46.2,1,7,1,4,119,0.4666666666666667,0.22566666666666682,0.4135,Low
11,7,6.5,81,43,18,162,47.0,4,1,0,1,59,-1.4,0.2473809523809524,0.02107142857142856,Moderate
9,16,7.2,68,19,93,80,47.2,2,1,1,3,21,1.1,0.03193650793650808,0.09207142857142862,Moderate
5,4,6.1,55,43,124,13,51.6,2,21,0,1,57,2.1333333333333333,0.869777777777778,1.0655000000000001,High
15,9,6.9,85,44,98,52,43.7,5,3,0,8,57,1.2666666666666666,0.11475396825396839,0.10921428571428574,Moderate
4,4,7.3,80,40,9,52,48.6,5,1,0,4,180,-1.7,0.2638253968253969,-0.09342857142857139,Low
10,6,6.6,67,41,70,71,41.9,4,4,1,20,22,0.3333333333333333,0.023912698412698368,0.06628571428571428,Moderate
7,13,6.1,83,28,46,76,49.2,2,1,2,2,39,-0.4666666666666667,0.11749206349206366,0.22707142857142867,Moderate
4,2,4.8,62,40,47,40,35.0,3,14,1,6,51,-0.43333333333333335,-0.030555555555555565,0.4025000000000001,Moderate
11,6,6.8,95,43,52,48,61.9,4,4,0,3,43,-0.26666666666666666,0.898357142857143,0.5862857142857142,Moderate
2,6,7.5,77,46,26,17,49.0,3,13,1,19,45,-1.1333333333333333,0.5381746031746032,0.2689285714285715,Moderate
3,4,7.7,84,45,31,110,46.2,4,9,1,5,78,-0.9666666666666667,0.4393174603174604,0.048142857142857196,Low
12,9,5.7,72,56,52,18,70.0,8,4,1,6,101,-0.26666666666666666,1.4961904761904763,1.0217857142857143,High
7,1,5.9,73,43,13,58,40.9,1,13,0,3,25,-1.5666666666666667,0.08589682539682533,0.2734285714285713,Low
22,2,7.2,60,39,96,16,45.6,3,3,1,4,30,1.2,0.026920634920634984,0.10871428571428572,Moderate
21,8,7.1,75,29,37,133,50.9,4,15,0,1,58,-0.7666666666666667,0.8906587301587301,0.48057142857142854,High
11,1,7.4,71,32,53,122,56.1,1,5,1,9,31,-0.23333333333333334,0.5552936507936509,0.33835714285714275,Moderate
5,16,7.3,73,55,81,92,55.6,1,2,0,6,48,0.7,0.3923174603174604,0.32514285714285707,Moderate
8,5,6.7,86,46,66,43,41.0,3,4,2,8,41,0.2,-0.11436507936507936,0.011785714285714247,Moderate
8,8,6.5,61,58,14,102,48.6,8,7,2,3,48,-1.5333333333333334,0.7336666666666668,0.23050000000000004,Moderate
5,7,6.1,55,56,15,28,40.5,2,1,1,1,103,-1.5,-0.3273412698412698,-0.11142857142857138,Low
16,7,7.3,75,32,47,35,46.0,3,4,0,2,126,-0.43333333333333335,0.10174603174603175,0.009285714285714314,Moderate
16,9,6.8,93,27,11,73,60.0,2,7,1,6,98,-1.6333333333333333,0.8144444444444445,0.5125,High
9,7,6.3,57,15,33,14,60.1,6,5,1,4,40,-0.9,0.9486269841269842,0.600857142857143,High
4,8,7.2,72,33,49,66,53.2,4,14,0,10,59,-0.36666666666666664,0.8840000000000002,0.5335000000000001,Low
15,4,7.6,67,21,18,31,38.1,5,14,2,13,38,-1.4,0.23227777777777783,-0.06699999999999985,Moderate
4,8,5.6,79,48,91,90,55.8,1,10,0,7,47,1.0333333333333334,0.6848095238095236,0.8822142857142856,High
6,2,7.2,80,53,52,60,51.0,4,1,1,5,18,-0.26666666666666666,0.31404761904761913,0.10357142857142855,Low
17,10,7.4,87,41,7,45,38.7,7,2,4,14,24,-1.7666666666666666,-0.0204047619047618,-0.38435714285714284,Moderate
3,5,5.3,89,44,35,15,35.0,2,6,1,4,36,-0.8333333333333334,-0.4107142857142857,0.056428571428571425,Low
8,3,7.3,57,41,117,49,54.0,3,2,2,15,46,1.9,0.40587301587301583,0.36714285714285716,High
3,3,6.6,76,37,64,47,42.5,2,1,0,7,24,0.13333333333333333,-0.21623015873015872,-0.016428571428571355,Low
6,14,7.4,63,41,67,73,45.9,2,8,1,6,54,0.23333333333333334,0.2156587301587301,0.15307142857142847,Low
1,8,5.7,61,45,42,30,41.1,7,3,0,3,6,-0.6,0.10664285714285719,0.10121428571428574,Low
11,5,7.2,88,65,154,25,35.4,5,10,0,8,69,3.1333333333333333,-0.038746031746031834,0.14771428571428563,High
16,4,5.9,72,50,144,74,37.7,5,6,2,14,98,2.8,-0.02365873015873003,0.30492857142857144,High
10,6,7.2,71,39,40,29,55.5,2,2,2,5,59,-0.6666666666666666,0.384484126984127,0.23714285714285704,Moderate
9,5,7.7,86,51,54,95,44.4,4,8,0,15,109,-0.2,0.30593650793650784,0.023071428571428493,Moderate
4,8,6.9,72,40,40,9,60.8,3,6,0,3,22,-0.6666666666666666,0.8102857142857142,0.5629285714285712,Moderate
6,10,6.5,90,42,27,58,52.5,2,2,3,2,50,-1.1,0.2817063492063492,0.2371428571428571,Moderate
7,15,6.6,55,54,1,18,40.3,0,2,1,10,36,-1.9666666666666666,-0.44507142857142873,-0.2113571428571429,Low
8,3,6.5,76,42,32,119,36.7,2,5,1,6,48,-0.9333333333333333,-0.2543730158730158,-0.13864285714285707,Low
5,7,6.5,62,54,100,37,41.0,3,7,1,1,68,1.3333333333333333,-0.013888888888888888,0.21749999999999997,Low
12,1,7.0,75,44,138,36,44.0,5,8,2,3,133,2.6,0.28904761904761905,0.3435714285714286,Moderate
1,4,5.7,60,64,107,29,64.0,3,8,1,5,58,1.5666666666666667,1.0479365079365082,1.0935714285714284,High
2,10,6.6,73,54,169,132,53.6,4,4,1,15,97,3.6333333333333333,0.6181904761904763,0.6647857142857143,High
5,5,5.4,81,43,52,41,41.7,2,1,1,1,92,-0.26666666666666666,-0.25889682539682524,0.1395714285714286,Low
3,7,7.5,56,46,61,110,54.5,1,14,1,17,64,0.03333333333333333,0.7913888888888889,0.55,High
10,2,7.1,73,25,26,151,38.7,4,5,0,11,51,-1.1333333333333333,0.004515873015873154,-0.19864285714285698,Low
2,4,7.2,78,37,79,180,54.0,2,5,1,3,112,0.6333333333333333,0.5919047619047619,0.3753571428571428,Moderate
7,5,6.4,76,39,152,7,46.9,3,13,2,7,48,3.066666666666667,0.432563492063492,0.7134285714285713,High
14,2,7.4,79,21,37,55,43.5,5,9,2,20,43,-0.7666666666666667,0.3233730158730159,0.03464285714285708,Moderate
6,12,7.1,73,39,180,72,58.6,4,7,2,13,89,4.0,0.8836666666666667,0.8405,High
4,5,7.4,64,48,11,23,50.9,2,2,0,11,76,-1.6333333333333333,0.17081746031746026,-0.00835714285714298,Low
5,9,8.3,74,46,75,48,58.9,1,13,2,3,138,0.5,0.8847857142857143,0.5484285714285712,Moderate
3,2,6.3,77,40,72,104,42.8,6,5,1,3,156,0.4,0.270126984126984,0.1793571428571428,Low
3,2,7.4,72,42,65,66,42.8,6,7,2,7,72,0.16666666666666666,0.2993333333333332,0.026499999999999843,Low
3,2,6.5,91,24,41,42,54.8,1,3,1,7,45,-0.6333333333333333,0.33647619047619043,0.3697142857142856,Moderate
2,9,7.5,78,42,94,132,36.0,2,6,1,6,83,1.1333333333333333,-0.23571428571428574,-0.15107142857142858,Low
7,8,6.0,80,31,9,37,35.0,7,4,1,0,63,-1.7,-0.12436507936507937,-0.18821428571428572,Low
14,3,4.6,66,49,78,5,46.3,3,4,2,11,42,0.6,0.08191269841269827,0.5682857142857143,Moderate
12,6,6.4,81,52,60,71,44.1,1,6,0,3,16,0.0,-0.005658730158730075,0.1994285714285714,Moderate
8,1,7.3,64,44,118,76,60.4,7,4,1,2,94,1.9333333333333333,1.061968253968254,0.6187857142857143,Moderate
1,8,5.4,73,40,155,81,57.6,1,7,1,5,14,3.1666666666666665,0.6486666666666668,1.0454999999999999,High
6,3,7.8,79,49,119,40,61.0,3,2,0,11,163,1.9666666666666666,0.7108730158730159,0.49464285714285716,High
7,2,7.1,75,39,176,29,41.4,3,10,0,20,29,3.8666666666666667,0.10236507936507928,0.40021428571428574,Moderate
5,8,6.0,64,40,86,25,45.3,2,6,0,16,9,0.8666666666666667,0.0638968253968253,0.3704285714285713,Moderate
12,13,7.6,94,32,81,13,38.6,3,11,0,4,23,0.7,-0.005698412698412633,0.0197857142857144,High
3,8,6.3,70,43,84,97,45.5,6,3,0,4,104,0.8,0.31242063492063493,0.23321428571428576,Low
9,5,6.2,79,40,86,56,60.8,4,1,0,16,38,0.8666666666666667,0.7506031746031745,0.6575714285714283,Moderate
7,9,6.4,77,63,67,20,48.6,6,18,1,7,42,0.23333333333333334,0.9020793650793653,0.6947857142857142,Moderate
3,3,6.5,59,51,78,86,47.0,2,5,0,12,72,0.6,0.17246031746031748,0.28535714285714286,Low
6,1,7.7,86,36,71,39,40.2,6,2,0,13,45,0.36666666666666664,-0.026238095238095116,-0.23185714285714284,Low
6,3,7.8,62,41,137,31,42.3,4,11,2,2,71,2.566666666666667,0.2474682539682538,0.23578571428571424,Moderate
8,4,7.6,84,34,45,103,48.9,1,6,0,2,35,-0.5,0.24589682539682542,0.09592857142857145,Low
7,3,7.4,65,49,114,40,49.2,5,13,0,3,57,1.8,0.7060634920634922,0.5124285714285715,Low
12,20,7.8,81,46,134,100,52.3,2,2,0,7,42,2.466666666666667,0.31937301587301575,0.27114285714285713,High
16,10,7.3,68,64,15,18,58.7,5,5,0,8,14,-1.5,0.823404761904762,0.3388571428571429,High
8,2,8.1,66,63,68,49,43.3,0,5,0,6,88,0.26666666666666666,-0.16848412698412712,-0.13064285714285714,Low
10,5,5.6,82,41,49,58,48.3,5,4,0,2,15,-0.36666666666666664,0.36413492063492053,0.3807857142857143,Moderate
5,16,6.2,65,32,31,75,54.1,3,6,2,3,125,-0.9666666666666667,0.5821190476190476,0.46192857142857136,Moderate
4,4,6.8,69,31,39,106,59.2,3,9,2,10,6,-0.7,0.9532063492063494,0.6156428571428573,Moderate
7,1,6.9,79,37,47,23,68.7,5,1,3,13,6,-0.43333333333333335,1.1361031746031747,0.6745714285714286,High
5,4,6.5,82,30,141,12,52.2,4,6,0,7,177,2.7,0.49328571428571444,0.6274285714285714,Moderate
4,5,6.8,72,26,123,23,39.6,4,2,0,17,8,2.1,-0.2043492063492063,0.0376428571428572,Low
2,1,6.0,81,55,26,20,45.4,3,8,1,5,20,-1.1333333333333333,0.20093650793650786,0.2805714285714286,Low
14,8,8.2,78,52,50,80,57.6,3,1,0,7,5,-0.3333333333333333,0.5666031746031748,0.12157142857142875,High
8,9,8.3,62,54,37,77,43.8,4,10,1,7,136,-0.7666666666666667,0.33036507936507925,-0.08528571428571449,Moderate
14,5,6.6,69,42,82,79,48.5,1,8,1,20,75,0.7333333333333333,0.27265873015873016,0.40857142857142864,Moderate
3,3,8.8,82,47,52,43,49.9,3,5,1,13,136,-0.26666666666666666,0.3218492063492063,-0.09514285714285732,Low
2,11,5.7,68,38,80,125,55.5,1,4,0,20,180,0.6666666666666666,0.49591269841269847,0.6567857142857142,Moderate
4,9,7.6,73,36,84,44,56.5,3,14,0,12,12,0.8,0.9413888888888888,0.6500000000000001,Moderate
18,3,6.9,63,24,179,41,51.5,7,5,1,13,66,3.966666666666667,0.6582936507936509,0.6028571428571428,High
8,6,6.4,79,30,160,75,56.5,5,12,1,7,68,3.3333333333333335,1.0377380952380952,0.9928571428571428,High
5,5,6.3,62,55,16,66,57.2,1,7,0,2,19,-1.4666666666666666,0.6140000000000002,0.5285000000000001,Low
8,7,7.2,80,43,125,22,43.6,2,5,0,13,11,2.1666666666666665,-0.051650793650793586,0.17835714285714285,Moderate
8,4,7.5,85,44,15,49,51.9,3,3,0,8,31,-1.5,0.34708730158730156,0.042714285714285705,Low
14,4,6.7,80,37,154,111,44.8,4,14,0,8,86,3.1333333333333333,0.5559999999999998,0.6314999999999998,High
8,2,5.6,86,40,27,29,43.1,3,2,0,2,65,-1.1,-0.10684920634920629,0.1126428571428572,Low
20,2,7.1,71,38,53,79,56.7,4,11,1,20,105,-0.23333333333333334,0.9488015873015875,0.5802857142857145,High
5,5,5.7,76,31,32,76,57.1,3,5,1,7,57,-0.9333333333333333,0.6825158730158731,0.6133571428571428,Low
5,6,4.9,75,48,114,115,52.5,4,8,0,1,73,1.8,0.6926587301587301,0.9060714285714285,High
8,1,8.9,67,55,26,40,35.0,5,7,0,4,62,-1.1333333333333333,-0.14722222222222223,-0.5675,Low
21,6,6.6,66,57,32,30,42.3,5,19,1,11,8,-0.9333333333333333,0.5987380952380951,0.4118571428571428,Moderate
1,14,6.5,62,37,42,26,51.5,5,10,1,10,135,-0.6,0.6868650793650792,0.47321428571428575,Moderate
6,5,5.9,82,33,19,47,55.3,3,3,2,3,15,-1.3666666666666667,0.4978650793650793,0.43471428571428555,Moderate
14,4,6.2,81,38,4,39,45.8,1,2,0,7,74,-1.8666666666666667,-0.10757142857142868,0.031142857142856972,Low
5,2,6.9,77,51,102,78,35.0,6,14,2,8,65,1.4,0.21166666666666667,0.17249999999999993,Moderate
5,8,7.5,74,57,30,55,49.5,6,13,0,11,107,-1.0,0.8028968253968254,0.2939285714285714,Moderate
7,2,7.3,78,42,48,43,55.4,5,9,0,10,71,-0.4,0.8455396825396824,0.4366428571428571,Moderate
9,3,7.6,81,48,31,77,38.2,5,1,3,3,24,-0.9666666666666667,-0.17639682539682527,-0.4029285714285713,Low
3,9,6.5,77,50,142,78,53.7,10,5,1,12,44,2.7333333333333334,0.9984047619047621,0.6463571428571429,Moderate
1,14,6.0,59,36,72,72,43.2,4,2,1,8,43,0.4,0.0120952380952382,0.1581428571428572,Moderate
3,11,6.1,74,27,9,19,45.6,2,6,0,20,44,-1.7,0.07073015873015881,0.16942857142857154,Low
2,11,7.1,64,26,155,95,44.9,3,2,4,3,43,3.1666666666666665,0.04748412698412693,0.22414285714285714,Moderate
4,3,7.1,62,46,37,91,45.3,4,11,1,7,98,-0.7666666666666667,0.4491349206349205,0.19828571428571423,Moderate
3,11,7.4,65,42,78,61,43.9,4,5,0,6,74,0.6,0.13851587301587293,0.034857142857142746,Low
7,12,7.9,84,51,79,68,39.0,1,12,1,20,62,0.6333333333333333,-0.024206349206349214,0.002857142857142815,Moderate
6,3,6.4,69,27,18,79,51.6,1,4,0,9,92,-1.4,0.26930158730158743,0.26228571428571423,Low
2,4,5.6,86,36,107,50,49.0,3,5,1,5,14,1.5666666666666667,0.2891269841269842,0.5753571428571429,Moderate
4,9,7.7,76,49,60,94,35.7,3,19,4,13,51,0.0,0.23951587301587313,0.09135714285714291,Moderate
11,5,6.0,69,40,152,75,50.2,3,3,0,4,120,3.066666666666667,0.2994761904761906,0.5967142857142858,Moderate
1,16,6.2,55,28,100,16,51.3,6,9,0,9,21,1.3333333333333333,0.6977063492063491,0.636142857142857,Moderate
4,12,7.2,73,38,28,49,48.7,2,5,2,3,7,-1.0666666666666667,0.20784920634920656,0.0888571428571429,Low
9,6,6.3,70,24,38,79,54.4,2,10,0,18,23,-0.7333333333333333,0.6762539682539682,0.5852142857142857,Moderate
3,4,6.9,63,43,14,40,35.6,5,6,0,2,177,-1.5333333333333334,-0.15593650793650787,-0.2580714285714286,Low
7,9,6.4,75,46,180,36,59.6,1,5,0,20,66,4.0,0.6172380952380954,0.9358571428571429,High
9,10,7.8,77,58,49,68,36.9,3,8,1,4,59,-0.36666666666666664,-0.1282301587301588,-0.2319285714285714,Moderate
5,2,6.3,77,40,37,56,35.0,1,13,0,1,5,-0.7666666666666667,-0.18182539682539683,0.08642857142857147,Low
16,3,7.0,80,54,80,5,35.0,3,10,2,20,72,0.6666666666666666,-0.21230158730158732,-0.014285714285714284,Moderate
4,8,7.9,59,47,41,64,46.5,4,15,1,3,32,-0.6333333333333333,0.6159920634920636,0.21857142857142853,Low
1,10,5.5,66,57,43,47,43.2,3,5,2,20,152,-0.5666666666666667,0.024793650793650923,0.2588571428571429,Low
5,10,6.6,69,64,82,57,61.2,6,2,0,6,106,0.7333333333333333,0.9387619047619049,0.6181428571428571,High
3,6,6.7,70,42,19,67,47.0,3,10,2,2,88,-1.3666666666666667,0.3965873015873016,0.24571428571428572,Low
17,10,6.9,68,34,18,57,47.1,1,6,4,9,126,-1.4,0.11378571428571439,0.0969285714285714,High
9,3,6.9,88,43,180,105,53.8,3,5,0,3,59,4.0,0.5662380952380952,0.6743571428571427,High
2,2,6.7,78,54,62,8,49.1,2,13,0,3,180,0.06666666666666667,0.4660079365079366,0.5019285714285714,Low
12,6,6.6,58,39,143,78,57.9,7,3,1,5,69,2.7666666666666666,0.9159761904761904,0.7002142857142857,Moderate
13,3,6.9,91,56,123,43,35.0,1,6,0,17,114,2.1,-0.44626984126984126,-0.003571428571428642,High
3,9,5.8,77,44,39,69,53.5,5,5,1,1,49,-0.7,0.6460714285714286,0.5053571428571428,Moderate
14,2,5.7,71,55,59,34,42.9,5,14,1,6,55,-0.03333333333333333,0.451611111111111,0.512,Moderate
3,2,6.8,81,34,97,58,54.4,1,8,1,5,93,1.2333333333333334,0.5148253968253969,0.5880714285714286,Moderate
6,7,6.0,70,53,71,104,35.0,1,3,1,17,62,0.36666666666666664,-0.48563492063492064,-0.06178571428571429,Low
6,5,7.4,74,32,43,68,51.7,2,1,1,2,130,-0.5666666666666667,0.22110317460317483,0.0670714285714286,Low
22,2,8.6,69,41,85,36,53.2,3,7,3,2,48,0.8333333333333334,0.5340000000000003,0.17850000000000016,High
10,1,5.7,63,42,159,65,47.4,3,4,0,11,95,3.3,0.19807936507936502,0.6112857142857141,Moderate
4,3,7.7,57,62,110,144,44.9,5,5,1,3,180,1.6666666666666667,0.3424047619047618,0.0923571428571428,Moderate
2,4,6.8,87,40,50,58,42.0,2,8,0,11,70,-0.3333333333333333,0.0234920634920635,0.0985714285714286,Low
12,1,6.2,81,39,90,108,48.0,4,16,1,6,108,1.0,0.7680952380952382,0.7121428571428571,High
4,7,7.7,78,19,49,36,60.1,1,10,0,10,119,-0.36666666666666664,0.8183095238095239,0.5387142857142858,Moderate
12,6,7.7,59,42,139,117,51.9,7,4,1,6,79,2.6333333333333333,0.7250238095238096,0.3462857142857142,High
7,9,7.6,85,29,40,180,53.9,2,7,1,6,180,-0.6666666666666666,0.6588333333333333,0.26200000000000007,Moderate
4,5,6.9,78,62,106,180,36.2,2,13,2,8,49,1.5333333333333334,0.07661904761904775,0.18992857142857145,Moderate
5,7,5.9,75,45,93,53,66.6,0,5,1,4,180,1.1,0.8844603174603172,1.0158571428571423,High
1,1,7.6,61,43,152,66,56.4,5,3,2,15,27,3.066666666666667,0.7018095238095239,0.5027142857142858,High
4,14,5.7,64,42,122,44,42.4,4,7,0,0,61,2.066666666666667,0.12355555555555547,0.4544999999999999,Moderate
1,7,6.9,80,60,34,102,54.6,5,16,0,4,21,-0.8666666666666667,1.1250952380952384,0.6476428571428572,Moderate
10,4,6.9,57,33,150,13,40.8,1,6,0,3,21,3.0,-0.21860317460317474,0.23792857142857127,Low
18,1,5.7,80,30,75,50,66.5,3,10,1,3,92,0.5,1.2551984126984126,1.1457142857142857,High
7,0,6.9,63,28,44,26,50.9,7,15,1,2,17,-0.5333333333333333,0.971769841269841,0.5330714285714284,Moderate
8,10,7.2,55,54,114,5,35.0,2,4,1,6,110,1.8,-0.4932539682539683,-0.13571428571428573,Moderate
2,12,5.6,56,46,52,32,44.9,3,5,1,5,141,-0.26666666666666666,0.08462698412698406,0.31485714285714284,Low
1,19,6.0,74,23,43,61,52.7,5,11,1,3,69,-0.5666666666666667,0.815468253968254,0.6277857142857144,High
2,9,7.6,66,57,67,67,41.8,5,0,1,13,164,0.23333333333333334,-0.061222222222222344,-0.2335,Moderate
3,8,6.5,68,29,180,51,51.4,2,5,1,8,20,4.0,0.33157142857142863,0.6723571428571429,High
10,3,7.0,68,40,130,67,40.4,4,8,1,1,94,2.3333333333333335,0.09482539682539676,0.21557142857142855,Moderate
3,21,6.0,70,23,180,17,55.0,8,9,2,20,5,4.0,0.9986507936507936,0.9821428571428572,High
8,3,6.1,80,41,62,97,45.0,3,4,0,6,55,0.06666666666666667,0.12563492063492065,0.22678571428571434,Low
5,2,7.4,60,47,49,58,46.1,1,10,1,6,41,-0.36666666666666664,0.2127539682539683,0.17121428571428568,Low
4,13,6.4,72,33,100,87,51.1,6,5,1,1,43,1.3333333333333333,0.6247380952380953,0.48085714285714276,Moderate
1,12,6.4,89,56,3,18,48.8,1,9,0,4,2,-1.9,0.2540952380952379,0.283642857142857,Low
4,6,6.6,72,51,33,125,53.2,1,8,0,7,104,-0.9,0.5352698412698415,0.4270714285714287,Moderate
5,7,7.5,69,41,30,33,35.0,5,9,1,5,57,-1.0,-0.08357142857142859,-0.25535714285714284,Low
6,8,5.9,78,70,31,24,55.4,1,9,0,4,24,-0.9666666666666667,0.5577619047619047,0.639142857142857,Moderate
7,0,6.8,72,57,72,85,62.6,2,6,2,5,128,0.4,0.9090634920634922,0.7144285714285715,Moderate
9,5,5.7,62,37,9,113,44.2,1,4,0,5,74,-1.7,-0.025920634920634802,0.1402857142857143,Moderate
15,4,8.0,70,34,41,163,62.0,4,15,0,3,107,-0.6333333333333333,1.4234920634920638,0.6660714285714286,High
10,3,5.7,86,31,22,62,55.7,5,7,0,10,35,-1.2666666666666666,0.8087222222222223,0.6035,Moderate
23,8,6.6,68,46,20,116,39.7,4,6,4,6,25,-1.3333333333333333,0.04634126984126997,-0.06757142857142841,High
8,1,6.6,78,51,55,40,35.0,4,4,1,5,56,-0.16666666666666666,-0.32103174603174606,-0.17821428571428566,Low
7,1,6.4,73,36,87,59,39.1,4,5,3,8,122,0.9,-0.07970634920634914,0.08835714285714283,Moderate
8,3,6.4,83,43,87,115,61.0,4,3,0,7,99,0.9,0.8965873015873017,0.6882142857142856,High
7,7,6.8,81,42,26,29,41.5,0,1,2,4,86,-1.1333333333333333,-0.414563492063492,-0.17642857142857138,Low
4,2,5.8,74,22,107,82,40.3,7,4,0,10,80,1.5666666666666667,0.16413492063492047,0.2507857142857142,Moderate
3,9,6.3,73,41,53,133,41.7,4,6,2,14,53,-0.23333333333333334,0.15523015873015888,0.12742857142857153,Low
10,8,7.4,79,63,61,48,37.0,4,7,0,2,48,0.03333333333333333,-0.11500000000000002,-0.15750000000000006,Low
12,4,6.2,59,41,14,130,35.0,3,1,3,6,28,-1.5333333333333334,-0.3948412698412698,-0.2964285714285715,Low
10,5,7.4,67,59,49,52,47.8,2,9,0,7,123,-0.36666666666666664,0.3135396825396824,0.19364285714285698,Low
13,6,7.7,74,60,17,63,49.9,3,5,0,6,73,-1.4333333333333333,0.3440714285714285,0.009857142857142773,Moderate
10,6,8.3,73,62,82,180,41.9,4,6,2,6,172,0.7333333333333333,0.2164523809523809,-0.14407142857142874,Moderate
3,8,6.5,79,46,120,10,35.0,1,4,1,2,137,2.0,-0.5543650793650794,0.0017857142857142794,Low
6,6,7.3,55,45,131,17,36.7,7,8,0,8,14,2.3666666666666667,0.07276984126984139,0.05457142857142867,Moderate
3,7,7.5,68,45,104,34,56.5,5,3,0,14,94,1.4666666666666666,0.6707539682539683,0.4032142857142857,Moderate
5,5,5.8,59,42,91,78,45.8,4,3,2,3,45,1.0333333333333334,0.17147619047619037,0.34721428571428564,Moderate
3,1,6.4,79,47,62,45,47.9,4,1,1,9,29,0.06666666666666667,0.1578809523809523,0.17557142857142843,Low
11,5,6.6,72,33,76,45,55.3,3,14,1,1,104,0.5333333333333333,0.8884999999999998,0.7689999999999999,High
4,2,7.8,69,40,121,28,60.0,3,6,1,2,11,2.033333333333333,0.7953968253968254,0.5839285714285715,Moderate
4,4,6.0,69,53,113,30,61.3,1,10,0,15,24,1.7666666666666666,0.8656428571428572,1.0322142857142855,Moderate
6,11,5.9,74,29,180,81,48.8,5,11,0,6,15,4.0,0.662190476190476,0.870785714285714,High
7,2,7.7,66,44,37,175,41.7,2,2,0,6,49,-0.7666666666666667,-0.07429365079365066,-0.2718571428571428,Moderate
2,10,6.8,71,29,106,92,35.0,2,4,1,4,95,1.5333333333333334,-0.3965873015873016,-0.08571428571428567,Low
6,9,5.4,89,56,42,35,55.8,1,21,0,11,62,-0.6,1.0165555555555554,1.109,High
4,6,7.0,76,38,82,132,59.2,4,1,0,15,26,0.7333333333333333,0.7630476190476192,0.45957142857142863,Moderate
10,12,6.3,71,47,43,64,52.9,4,7,1,5,29,-0.5666666666666667,0.6182777777777777,0.46699999999999997,High
7,17,6.7,63,58,53,70,59.0,6,3,1,7,180,-0.23333333333333334,0.8899206349206349,0.4907142857142856,Moderate
4,3,5.5,63,64,49,9,53.0,7,6,1,2,48,-0.36666666666666664,0.7259523809523811,0.5964285714285714,Moderate
1,6,7.7,65,47,27,41,49.3,2,12,0,12,101,-1.1,0.47596031746031736,0.21685714285714275,Low
4,3,5.9,67,47,53,70,45.9,2,8,0,6,35,-0.23333333333333334,0.21232539682539678,0.38057142857142845,Low
10,5,7.9,86,50,15,69,52.0,4,14,0,8,24,-1.5,0.8333333333333334,0.29,Moderate
6,14,5.9,71,36,100,55,44.8,3,8,0,1,37,1.3333333333333333,0.21282539682539667,0.46507142857142836,Low
6,8,7.7,82,38,180,28,54.4,5,3,1,15,23,4.0,0.5695873015873015,0.4952142857142857,High
7,1,7.4,84,49,28,25,61.4,0,9,0,1,38,-1.0666666666666667,0.7622063492063491,0.549142857142857,Moderate
3,4,8.5,78,53,12,19,41.7,6,9,0,5,9,-1.6,0.2690396825396827,-0.27435714285714274,Low
6,7,5.5,68,46,78,50,51.9,1,5,3,7,45,0.6,0.2862936507936508,0.6073571428571428,Moderate
1,3,6.5,77,57,98,71,55.5,4,20,1,6,170,1.2666666666666666,1.20734126984127,1.0189285714285714,High
3,5,7.3,74,54,153,55,43.5,2,7,1,9,77,3.1,0.051944444444444446,0.28500000000000003,Low
10,6,6.1,77,49,30,20,57.4,1,10,1,6,29,-1.0,0.6790317460317459,0.6902142857142858,High
8,6,8.2,66,15,20,84,59.9,7,8,1,6,19,-1.3333333333333333,1.1912142857142858,0.3155714285714286,Moderate
4,8,7.6,82,34,60,38,43.7,1,2,3,20,119,0.0,-0.20318253968253958,-0.13685714285714273,Moderate
4,5,6.0,85,36,98,45,45.7,5,7,0,20,127,1.2666666666666666,0.3398333333333335,0.44100000000000006,High
7,2,7.6,77,48,77,28,50.4,2,7,1,4,9,0.5666666666666667,0.3324444444444444,0.2495,Low
3,5,5.5,90,41,101,18,50.1,2,12,1,13,107,1.3666666666666667,0.48640476190476206,0.8108571428571429,Moderate
10,6,7.1,71,48,124,83,55.2,2,3,1,17,44,2.1333333333333333,0.4666984126984129,0.4842142857142858,High
6,4,5.6,67,57,34,24,40.8,2,9,1,20,137,-0.8666666666666667,-0.0325714285714287,0.2611428571428571,Moderate
7,7,8.7,77,27,20,10,43.7,1,6,0,5,103,-1.3333333333333333,-0.09143650793650782,-0.31507142857142834,Low
4,9,6.1,68,19,98,113,43.9,1,4,0,7,121,1.2666666666666666,-0.03942063492063498,0.2837857142857143,Moderate
1,4,7.7,75,35,9,180,50.8,1,6,0,4,122,-1.7,0.41695238095238074,0.04542857142857129,Low
10,3,6.2,67,53,80,80,38.2,4,12,0,15,19,0.6666666666666666,0.15312698412698425,0.2788571428571429,Low
2,8,6.7,69,44,57,40,41.2,2,8,0,3,11,-0.1,-0.03250793650793638,0.10957142857142863,Low
1,5,6.2,85,57,118,43,51.7,5,12,0,12,55,1.9333333333333333,0.7861825396825399,0.7788571428571429,Moderate
11,18,5.3,93,54,86,125,48.7,8,8,0,13,14,0.8666666666666667,0.7994365079365081,0.6520714285714286,High
5,13,8.0,80,56,100,58,39.0,4,11,1,6,56,1.3333333333333333,0.12896825396825395,0.009285714285714286,Moderate
14,6,7.7,71,58,70,79,40.8,5,4,1,7,54,0.3333333333333333,0.049968253968253835,-0.15921428571428584,Moderate
5,1,6.8,67,40,19,26,47.6,5,7,0,5,180,-1.3666666666666667,0.40422222222222226,0.1605000000000001,Moderate
2,7,7.0,78,56,61,115,49.0,1,4,1,16,76,0.03333333333333333,0.19230158730158736,0.1867857142857143,Low
3,5,8.6,70,39,166,24,45.0,5,5,0,2,69,3.533333333333333,0.21357142857142855,0.0778571428571429,Low
2,1,6.0,72,41,34,41,47.0,3,2,1,20,5,-0.8666666666666667,0.08198412698412699,0.17714285714285713,Low
14,2,7.7,65,65,82,123,48.4,3,4,1,18,53,0.7333333333333333,0.3075238095238095,0.0987857142857142,Moderate
10,5,7.5,90,60,93,114,42.8,2,18,0,3,47,1.1,0.4788571428571427,0.39328571428571424,High
2,8,6.8,75,59,46,36,46.8,2,6,0,15,61,-0.4666666666666667,0.14361904761904754,0.17542857142857135,Low
1,1,7.0,62,38,48,54,40.0,4,2,1,5,127,-0.4,-0.15190476190476193,-0.17285714285714288,Low
1,11,7.0,72,45,8,40,60.5,2,2,1,6,103,-1.7333333333333334,0.6217063492063492,0.34214285714285697,Low
3,6,6.8,71,34,63,58,47.6,3,10,1,15,8,0.1,0.41358730158730167,0.35621428571428576,Moderate
1,1,8.0,62,45,45,41,35.2,5,4,0,6,31,-0.5,-0.24425396825396808,-0.44221428571428556,Low
4,3,5.4,62,67,54,71,35.0,1,6,1,16,96,-0.2,-0.41515873015873017,0.08642857142857135,Low
10,7,6.7,64,36,137,16,48.0,0,3,0,2,17,2.566666666666667,-0.06507936507936504,0.3707142857142857,Moderate
4,3,5.6,82,48,84,67,60.5,3,6,3,1,5,0.8,0.8612301587301587,0.8914285714285712,High
6,21,5.5,70,53,9,111,48.6,3,6,3,8,37,-1.7,0.3746190476190477,0.3644285714285714,High
3,3,6.6,72,57,62,111,57.3,1,11,2,6,44,0.06666666666666667,0.8113571428571428,0.7082857142857143,Moderate
8,5,8.8,75,32,54,51,41.4,3,2,2,3,25,-0.2,-0.158904761904762,-0.43085714285714305,Low
3,9,7.8,73,22,8,60,58.0,7,4,1,10,112,-1.7333333333333334,0.9361904761904762,0.18428571428571439,Moderate
3,6,6.0,80,68,33,57,51.9,4,3,1,4,36,-0.9,0.4226428571428571,0.35021428571428576,Moderate
12,1,6.9,66,32,25,79,36.7,4,3,2,6,106,-1.1666666666666667,-0.23691269841269827,-0.2832857142857143,Low
15,3,7.4,73,48,40,135,63.4,4,7,0,20,130,-0.6666666666666666,1.1696666666666666,0.5819999999999999,Moderate
9,7,6.5,69,64,105,155,63.1,2,5,1,4,20,1.5,0.9736269841269842,0.8358571428571429,Moderate
8,14,6.3,76,49,81,29,54.5,3,7,0,2,57,0.7,0.5847222222222221,0.61,Moderate
1,7,7.1,74,48,16,28,44.9,4,4,0,6,78,-1.4666666666666666,0.11113492063492059,-0.06621428571428567,Low
6,2,5.9,76,43,33,11,50.4,5,5,0,10,52,-0.9,0.4421269841269841,0.37985714285714267,Low
8,3,6.6,72,40,39,65,44.6,4,4,0,14,25,-0.7,0.13874603174603178,0.0697857142857144,Low
9,6,8.5,82,64,124,10,58.7,6,1,1,20,76,2.1333333333333333,0.7383253968253969,0.28707142857142864,High
3,1,7.6,64,31,42,53,41.2,3,5,1,11,39,-0.6,-0.058539682539682406,-0.17114285714285699,Low
2,7,6.4,72,51,97,48,44.7,5,6,1,11,43,1.2333333333333334,0.26245238095238105,0.30992857142857144,Moderate
5,5,6.8,73,37,9,180,54.7,5,2,3,16,15,-1.7,0.7162619047619048,0.20564285714285718,Low
5,12,6.9,80,42,37,51,49.5,3,10,0,17,46,-0.7666666666666667,0.49130952380952375,0.3307142857142856,Moderate
6,6,6.4,73,54,44,62,35.0,4,6,0,4,30,-0.5333333333333333,-0.22515873015873014,-0.11357142857142863,Low
8,18,6.0,69,32,102,57,44.3,3,6,1,7,29,1.4,0.12111904761904747,0.38042857142857134,Moderate
9,2,6.3,79,15,44,98,41.3,3,2,0,3,38,-0.5333333333333333,-0.1111825396825398,-0.02135714285714293,Low
6,2,6.9,95,39,157,48,41.8,3,9,2,9,67,3.2333333333333334,0.10576190476190464,0.371142857142857,High
7,0,8.0,68,56,91,89,40.8,3,7,2,6,93,1.0333333333333334,0.03488888888888876,-0.07350000000000008,Low
6,4,4.6,66,40,18,64,44.3,3,9,0,7,36,-1.4,0.2360396825396824,0.5011428571428571,Low
3,4,6.2,75,25,77,22,35.0,5,21,1,5,69,0.5666666666666667,0.3327777777777778,0.4325,Moderate
3,1,7.8,68,50,151,73,57.4,2,17,1,6,21,3.033333333333333,1.0545873015873015,0.8952142857142857,High
4,6,6.2,71,48,71,65,45.8,1,21,1,5,180,0.36666666666666664,0.5998888888888888,0.7414999999999998,Moderate
16,5,6.4,72,36,49,105,52.3,5,15,0,3,155,-0.36666666666666664,0.9892142857142856,0.6750714285714284,High
4,3,6.6,55,43,18,45,47.6,3,2,1,17,35,-1.4,0.1134285714285715,0.050142857142857225,Low
5,3,6.6,66,46,176,31,47.3,5,6,1,7,61,3.8666666666666667,0.3605634920634919,0.5504285714285714,Moderate
1,1,7.0,77,23,69,16,57.6,5,7,0,9,53,0.3,0.8431111111111113,0.5505,Low
11,1,7.4,72,43,102,180,57.8,4,2,1,2,38,1.4,0.789095238095238,0.42614285714285693,Moderate
20,9,7.7,74,14,55,107,48.6,2,3,0,18,133,-0.16666666666666666,0.19636507936507946,0.0087142857142857,High
1,4,6.4,63,50,147,180,38.9,4,2,0,10,71,2.9,-0.06140476190476196,0.14664285714285702,Low
5,7,5.1,73,29,13,53,54.7,2,9,0,16,94,-1.5666666666666667,0.6251507936507937,0.7131428571428573,Moderate
3,1,6.2,73,61,128,75,35.4,2,7,1,16,99,2.2666666666666666,-0.2903333333333334,0.1719999999999999,Moderate
22,4,5.8,84,33,65,93,48.5,2,15,0,5,36,0.16666666666666666,0.6048809523809523,0.7060714285714286,High
4,10,8.4,71,63,100,112,50.1,1,10,0,15,135,1.3333333333333333,0.4527539682539684,0.24371428571428572,Low
5,1,5.4,56,57,39,39,46.4,3,7,0,11,7,-0.7,0.2313333333333333,0.4194999999999999,Low
0,6,7.1,89,53,22,35,53.7,4,10,1,8,16,-1.2666666666666666,0.7291984126984128,0.38421428571428584,Low
9,5,4.6,69,27,108,95,45.4,3,7,0,1,180,1.6,0.24855555555555547,0.702,High
6,6,6.9,64,52,58,44,45.4,6,10,2,10,26,-0.06666666666666667,0.49903174603174594,0.2602142857142856,Moderate
7,7,7.0,80,67,67,18,46.3,2,2,0,2,13,0.23333333333333334,-0.04173809523809538,0.06364285714285702,Low
10,7,4.2,69,47,80,121,46.1,3,11,0,7,108,0.6666666666666666,0.45180158730158737,0.8372857142857143,High
6,6,6.0,70,50,180,5,48.8,6,3,2,10,36,4.0,0.35869841269841257,0.6247142857142856,Moderate
13,8,6.2,61,36,55,77,37.1,7,5,1,18,70,-0.16666666666666666,0.05029365079365085,-0.016642857142857133,Moderate
4,8,6.0,83,61,34,171,44.3,2,7,1,11,33,-0.8666666666666667,0.2168333333333332,0.23899999999999993,Moderate
2,2,8.1,81,39,21,174,51.1,3,5,0,8,92,-1.3,0.521404761904762,-0.01414285714285704,Low
3,5,6.9,69,59,51,55,44.0,6,5,0,8,25,-0.3,0.26968253968253975,0.057857142857142795,Low
5,5,7.6,76,50,7,87,45.3,7,8,1,1,24,-1.7666666666666666,0.5375476190476189,-0.04992857142857145,Low
2,3,8.1,74,57,23,40,47.3,4,3,1,6,55,-1.2333333333333334,0.19675396825396815,-0.18028571428571427,Low
2,6,6.4,84,56,33,79,43.8,4,2,1,4,130,-0.9,0.046873015873015726,0.008642857142856952,Moderate
12,2,6.2,86,38,64,133,55.9,2,1,1,2,46,0.13333333333333333,0.48232539682539677,0.45557142857142846,Moderate
4,10,6.1,59,37,134,159,45.9,5,7,0,4,8,2.466666666666667,0.4754999999999999,0.5195000000000001,Moderate
8,1,6.4,81,49,34,66,43.3,5,0,0,7,61,-0.8666666666666667,0.005166666666666545,-0.061000000000000165,Low
3,10,6.8,87,25,46,76,57.2,5,2,1,1,57,-0.4666666666666667,0.7132063492063493,0.37314285714285716,Moderate
5,1,6.0,66,64,117,137,37.9,4,11,2,2,49,1.9,0.1672460317460317,0.3687857142857142,High
10,5,7.0,76,38,119,37,40.9,5,4,1,5,102,1.9666666666666666,0.007801587301587254,0.08878571428571423,Moderate
1,9,7.7,60,35,15,103,59.3,5,6,2,2,68,-1.5,0.9805634920634921,0.3154285714285712,Moderate
2,6,7.0,74,62,61,12,50.1,1,13,1,9,89,0.03333333333333333,0.44878571428571445,0.4769285714285715,Low
7,4,7.3,69,50,90,90,46.2,4,6,1,8,62,1.0,0.3099523809523811,0.17992857142857155,Moderate
6,2,7.4,57,46,66,80,40.6,2,14,2,14,30,0.2,0.1992222222222223,0.16299999999999998,Low
5,1,8.3,71,47,160,21,45.9,4,13,1,14,119,3.3333333333333335,0.46978571428571425,0.3709285714285713,Moderate
26,1,8.2,71,59,109,13,51.9,3,8,0,6,37,1.6333333333333333,0.4856587301587301,0.2980714285714287,Moderate
4,2,7.1,86,48,57,69,44.8,3,4,0,10,19,-0.1,0.08552380952380939,0.03328571428571426,Low
4,2,8.2,64,41,180,42,44.4,3,13,0,1,44,4.0,0.35895238095238086,0.3934285714285715,Moderate
5,21,6.7,74,49,33,25,44.6,2,1,0,8,34,-0.9,-0.14617460317460307,-0.04842857142857143,Moderate
4,1,5.5,91,51,88,54,48.7,4,11,1,9,67,0.9333333333333333,0.5610238095238096,0.7077857142857144,Moderate
4,5,7.8,64,38,92,135,52.5,2,1,2,20,59,1.0666666666666667,0.33154761904761904,0.14357142857142863,Moderate
4,1,5.8,72,31,27,41,40.8,4,4,0,4,13,-1.1,-0.05892063492063503,0.06578571428571421,Low
2,7,7.3,76,31,85,72,54.4,0,5,2,12,29,0.8333333333333334,0.35657142857142854,0.3848571428571429,Moderate
13,2,6.6,57,43,89,147,64.8,2,2,1,14,54,0.9666666666666667,0.934095238095238,0.743642857142857,High
5,5,8.0,57,50,81,51,47.2,1,7,0,3,30,0.7,0.14733333333333345,0.09350000000000008,Low
4,8,4.6,71,13,80,75,43.7,4,10,0,2,145,0.6666666666666666,0.3236428571428573,0.6667142857142859,High
2,2,7.3,80,27,122,7,40.6,3,15,2,7,180,2.066666666666667,0.22049206349206354,0.34907142857142864,Moderate
7,3,7.1,90,52,69,81,51.6,5,6,0,1,39,0.3,0.6096190476190477,0.3244285714285715,Moderate
11,10,6.8,71,46,74,54,35.0,3,3,1,8,20,0.4666666666666667,-0.4078571428571429,-0.19428571428571426,Low
5,17,8.7,73,84,23,62,39.5,1,2,0,10,24,-1.2333333333333334,-0.36551587301587296,-0.5478571428571428,Low
2,6,7.2,62,61,73,5,35.0,4,8,2,11,14,0.43333333333333335,-0.21706349206349207,-0.12392857142857144,Low
2,4,5.7,75,37,167,53,48.0,3,4,0,2,180,3.566666666666667,0.2117460317460318,0.6492857142857142,Moderate
7,3,7.0,77,41,180,75,35.0,2,7,0,11,50,4.0,-0.30833333333333335,0.15,Moderate
7,7,7.7,67,55,60,124,58.0,4,18,3,6,32,0.0,1.3073015873015872,0.7317857142857143,High
3,7,5.0,71,33,41,105,44.4,2,8,1,1,66,-0.6333333333333333,0.1837142857142856,0.46307142857142847,Moderate
6,5,8.1,91,26,40,106,42.8,2,8,1,6,93,-0.6666666666666666,0.11282539682539669,-0.12992857142857145,Low
6,7,6.2,77,37,125,81,35.0,4,1,0,9,29,2.1666666666666665,-0.38261904761904764,-0.01892857142857149,Moderate
4,1,8.4,92,49,73,24,52.0,2,2,1,9,19,0.43333333333333335,0.22142857142857145,0.00464285714285706,Low
10,8,6.8,67,50,71,53,43.4,0,6,0,6,180,0.36666666666666664,-0.1238253968253969,0.1359285714285714,Moderate
11,4,5.5,82,46,39,24,39.0,3,16,0,9,28,-0.7,0.20309523809523813,0.43714285714285717,Moderate
7,10,5.5,80,30,8,17,67.9,2,15,0,7,47,-1.7333333333333334,1.393436507936508,1.1980714285714287,High
5,6,5.0,76,50,47,105,56.1,2,1,1,20,14,-0.43333333333333335,0.46021428571428574,0.6290714285714285,High
12,12,5.8,86,34,120,64,37.6,4,4,1,6,22,2.0,-0.17736507936507928,0.20228571428571435,High
2,6,6.7,79,50,35,75,52.2,6,16,0,2,126,-0.8333333333333334,1.053761904761905,0.6131428571428572,Low
10,9,7.2,71,34,74,37,36.3,2,9,0,20,110,0.4666666666666667,-0.22062698412698428,-0.053857142857143,Moderate
4,2,5.5,89,52,81,40,60.5,1,2,1,9,24,0.7,0.5550396825396825,0.7871428571428569,High
3,7,6.9,76,38,100,39,51.9,6,1,1,9,64,1.3333333333333333,0.4645476190476191,0.3030714285714285,Low
7,3,6.4,88,61,19,50,60.8,3,6,1,14,52,-1.3666666666666667,0.8558412698412697,0.5979285714285713,High
12,1,6.5,76,45,109,104,51.4,3,10,1,3,31,1.6333333333333333,0.6356984126984127,0.6377142857142857,Moderate
12,6,7.3,80,60,44,86,52.6,5,9,0,6,41,-0.5333333333333333,0.7673174603174604,0.3426428571428573,Moderate
15,7,7.8,85,59,38,71,42.9,6,13,1,9,3,-0.7333333333333333,0.5236746031746031,0.06342857142857143,Low
13,4,6.5,75,53,104,37,42.2,5,4,0,9,26,1.4666666666666666,0.0663015873015874,0.17778571428571435,Moderate
4,2,5.3,73,58,11,51,50.2,5,5,1,6,98,-1.6333333333333333,0.47757142857142876,0.4238571428571429,Moderate
6,13,7.8,74,35,78,78,35.0,3,4,1,3,63,0.6,-0.34547619047619044,-0.3307142857142857,Low
6,14,6.3,82,37,45,87,35.0,2,8,0,9,110,-0.5,-0.25928571428571434,-0.036428571428571394,Moderate
7,2,5.5,68,45,86,16,52.7,3,4,0,20,16,0.8666666666666667,0.3821349206349207,0.6227857142857143,Moderate
14,8,7.1,75,55,43,106,57.7,3,11,0,2,70,-0.5666666666666667,0.9571349206349208,0.5852857142857144,High
9,5,7.5,80,39,34,37,46.4,4,6,0,10,79,-0.8666666666666667,0.26006349206349205,0.010928571428571413,Low
3,3,7.9,75,44,106,45,58.6,4,3,1,4,72,1.5333333333333334,0.7108095238095238,0.4012142857142857,Moderate
2,9,5.6,72,55,170,54,62.1,2,6,2,7,23,3.6666666666666665,0.8521190476190477,1.1544285714285714,High
13,4,7.6,94,66,33,73,37.5,6,2,1,5,70,-0.9,-0.10996031746031745,-0.39035714285714285,Moderate
0,10,6.2,79,45,52,26,59.7,3,5,0,5,19,-0.26666666666666666,0.7439603174603175,0.6538571428571429,Low
7,9,6.9,71,52,13,48,54.5,4,10,2,2,54,-1.5666666666666667,0.7796428571428571,0.42071428571428565,Moderate
2,3,8.0,76,38,31,97,48.2,3,10,1,3,27,-0.9666666666666667,0.4839206349206351,0.08421428571428581,Low
4,2,5.7,79,35,17,103,55.4,1,4,0,15,60,-1.4333333333333333,0.4669682539682539,0.49628571428571416,Moderate
4,7,7.2,75,41,156,41,48.2,6,1,0,11,34,3.2,0.3002698412698414,0.2795714285714286,Low
13,3,6.3,69,42,26,81,46.9,4,6,0,16,32,-1.1333333333333333,0.3314523809523809,0.2159285714285714,Low
9,2,6.7,65,27,168,127,54.0,6,4,0,3,153,3.6,0.7639682539682541,0.6567857142857142,High
6,4,6.8,72,52,111,37,45.0,5,8,1,7,40,1.7,0.33515873015873016,0.3410714285714286,Low
5,2,7.3,92,33,167,116,48.1,1,4,3,4,59,3.566666666666667,0.15291269841269853,0.3722857142857144,Moderate
5,5,5.8,65,46,15,69,46.8,4,12,1,2,15,-1.5,0.5279047619047618,0.44435714285714284,Low
5,3,6.1,68,36,146,52,41.7,4,3,2,3,49,2.8666666666666667,-0.04191269841269827,0.30921428571428583,Low
5,3,7.9,70,44,103,20,35.0,7,3,0,5,14,1.4333333333333333,-0.17896825396825397,-0.31428571428571433,Low
6,2,4.5,76,48,36,180,42.4,2,9,0,7,77,-0.8,0.2127619047619047,0.5066428571428572,Low
4,3,6.4,84,44,27,63,44.6,6,14,1,4,58,-1.1,0.627,0.36049999999999993,Low
3,6,6.4,76,29,71,109,54.3,3,10,2,4,37,0.36666666666666664,0.771753968253968,0.6472142857142855,Moderate
6,10,6.3,82,26,56,21,56.3,2,4,1,1,56,-0.13333333333333333,0.4830238095238094,0.5157857142857142,High
5,20,6.6,72,37,69,57,59.0,3,6,1,2,139,0.3,0.7826190476190477,0.6339285714285714,High
2,1,8.0,71,31,99,68,51.0,4,3,1,1,64,1.3,0.3943650793650795,0.13821428571428573,Moderate
5,13,7.0,80,36,51,24,61.7,3,1,1,11,32,-0.3,0.6888809523809525,0.4570714285714287,High
8,1,4.9,76,46,180,71,37.2,4,9,0,6,160,4.0,-0.009015873015872884,0.6406428571428572,Moderate
4,14,6.3,71,63,107,34,47.0,3,15,0,12,38,1.5666666666666667,0.5384920634920636,0.6785714285714286,High
13,6,7.2,65,42,80,56,49.2,3,10,0,8,32,0.6666666666666666,0.48336507936507944,0.3767142857142857,Moderate
2,11,6.6,78,43,21,33,44.6,5,9,0,13,58,-1.3,0.3484285714285714,0.16764285714285723,Low
4,2,5.8,91,12,67,26,35.0,3,6,2,5,8,0.23333333333333334,-0.33182539682539686,0.04892857142857146,Moderate
10,9,7.3,89,50,93,45,52.5,0,1,1,15,53,1.1,0.09821428571428571,0.2335714285714286,High
13,1,7.7,70,36,90,71,51.1,5,19,0,4,17,1.0,1.0402936507936509,0.6283571428571428,High
8,1,7.9,83,44,15,28,44.0,1,7,0,1,11,-1.5,-0.0222222222222222,-0.15000000000000005,Low
19,3,7.6,81,34,24,63,53.7,0,15,1,7,13,-1.2,0.6722142857142859,0.44457142857142873,Moderate
3,6,8.6,73,47,89,58,46.9,2,6,1,11,81,0.9666666666666667,0.17256349206349203,-0.029071428571428554,Low
4,7,8.4,74,69,150,78,45.5,5,14,3,10,116,3.0,0.6175,0.345,Moderate
12,11,7.1,84,52,35,20,35.0,0,4,1,2,66,-0.8333333333333334,-0.609920634920635,-0.3157142857142856,Low
10,6,7.2,64,38,23,26,38.2,2,5,1,9,85,-1.2333333333333334,-0.2902063492063491,-0.23864285714285707,Low
15,4,6.7,76,48,18,44,46.5,1,1,0,12,88,-1.4,-0.10623015873015867,-0.028928571428571456,Low
5,8,8.5,73,23,43,104,42.0,4,3,0,5,51,-0.5666666666666667,0.029365079365079386,-0.3592857142857142,Low
16,3,6.7,74,45,151,47,35.0,3,3,1,6,10,3.033333333333333,-0.4156349206349207,0.01571428571428568,High
7,6,7.2,91,45,60,60,48.4,5,7,2,4,85,0.0,0.478,0.21699999999999992,Moderate
1,9,6.0,78,69,21,64,51.1,4,9,2,14,39,-1.3,0.6087063492063493,0.46764285714285714,Moderate
16,4,7.6,76,42,35,94,47.6,3,6,0,11,103,-0.8333333333333334,0.3107301587301588,0.03192857142857154,Moderate
5,2,7.0,74,42,28,38,51.3,5,12,0,5,120,-1.0666666666666667,0.7626269841269839,0.40185714285714275,Moderate
14,11,5.5,78,49,60,127,35.0,6,2,1,1,12,0.0,-0.16246031746031747,-0.030357142857142916,Moderate
1,9,8.3,69,33,105,89,45.5,6,5,2,16,12,1.5,0.3749603174603175,-0.007142857142857256,Moderate
7,4,7.1,67,30,172,42,35.0,1,16,0,11,45,3.7333333333333334,-0.09023809523809523,0.3696428571428572,Moderate
12,15,6.3,72,46,126,5,37.9,4,12,1,6,88,2.2,0.05629365079365073,0.3673571428571428,High
10,5,7.8,81,38,141,28,56.4,1,5,1,13,36,2.7,0.4643492063492064,0.49735714285714283,Moderate
3,5,7.8,83,31,129,93,51.4,3,3,1,5,40,2.3,0.3734761904761905,0.26021428571428573,Moderate
6,4,6.3,64,45,121,26,54.5,2,5,0,4,52,2.033333333333333,0.4432936507936508,0.6528571428571428,High
10,1,7.2,95,39,11,50,58.4,3,9,1,4,101,-1.6333333333333333,0.854984126984127,0.45164285714285707,High
2,8,4.9,71,56,37,25,44.0,5,15,1,10,13,-0.7666666666666667,0.5268253968253969,0.6585714285714285,Moderate
7,6,7.4,65,57,66,46,49.6,5,4,0,10,61,0.2,0.40930158730158744,0.14728571428571424,Low
11,4,6.3,59,32,90,105,54.4,4,11,1,9,90,1.0,0.8741904761904763,0.7437857142857143,High
12,7,8.8,91,27,52,30,49.9,7,10,1,10,70,-0.26666666666666666,0.7526428571428571,0.04771428571428553,High
5,3,6.6,64,61,20,76,46.5,4,4,0,10,36,-1.3333333333333333,0.236468253968254,0.07928571428571436,Low
4,2,6.7,55,44,180,135,40.7,6,7,0,7,23,4.0,0.28150000000000014,0.37350000000000005,Moderate
12,2,7.4,89,55,38,180,54.3,3,2,2,4,89,-0.7333333333333333,0.5649285714285712,0.16114285714285695,High
14,6,6.7,74,33,49,61,54.3,3,7,2,5,26,-0.36666666666666664,0.6112777777777776,0.45399999999999985,Moderate
13,21,8.4,55,53,71,72,58.7,4,11,1,11,78,0.36666666666666664,1.0310238095238096,0.45778571428571424,High
10,4,6.4,62,56,60,114,48.7,4,3,2,5,32,0.0,0.34197619047619066,0.2517142857142857,Moderate
5,10,8.0,79,54,15,87,45.5,2,2,2,10,81,-1.5,-0.001071428571428563,-0.26535714285714285,Low
3,6,9.0,70,48,180,102,43.8,4,1,1,2,85,4.0,0.03671428571428559,-0.10742857142857148,Moderate
5,12,4.9,84,45,51,155,42.9,2,7,1,7,7,-0.3,0.1360555555555555,0.4319999999999999,Moderate
3,10,5.6,79,38,12,84,36.1,2,9,0,16,6,-1.6,-0.17740476190476182,0.06514285714285725,Low
3,4,5.9,94,46,145,135,36.8,2,10,1,11,138,2.8333333333333335,-0.05352380952380964,0.3947142857142856,High
12,4,6.3,82,32,154,38,41.1,2,18,2,10,115,3.1333333333333333,0.3179126984126985,0.7047857142857143,High
3,3,5.5,86,38,81,16,51.2,4,9,1,7,72,0.7,0.559873015873016,0.7081428571428572,Moderate
4,2,7.7,67,43,17,115,40.2,4,3,1,17,48,-1.4333333333333333,-0.039412698412698274,-0.3382857142857142,Low
15,3,5.4,82,42,104,32,44.2,3,8,1,11,180,1.4666666666666666,0.16026984126984134,0.5445714285714286,High
14,2,6.2,80,53,140,11,44.2,2,3,0,6,23,2.6666666666666665,-0.10830158730158719,0.35171428571428576,Low
5,8,6.9,69,43,45,102,50.6,5,9,0,5,29,-0.5,0.6950952380952381,0.35514285714285715,Low
9,2,8.1,73,30,60,57,58.0,3,7,1,6,103,0.0,0.7733333333333334,0.34750000000000014,High
8,8,6.3,95,60,54,161,41.9,2,8,0,7,44,-0.2,0.13343650793650788,0.19307142857142856,Moderate
6,4,7.5,66,30,8,67,58.9,1,8,1,5,70,-1.7333333333333334,0.7273253968253968,0.3780714285714285,Moderate
7,7,6.9,69,37,103,42,47.1,2,5,2,5,73,1.4333333333333333,0.1280714285714287,0.28085714285714286,Low
12,5,4.9,61,55,59,72,41.3,6,0,1,5,120,-0.03333333333333333,-0.011500000000000107,0.20399999999999985,Moderate
4,18,5.8,91,55,68,180,52.6,3,9,0,2,91,0.26666666666666666,0.7384285714285715,0.6651428571428573,High
10,4,6.6,72,51,39,89,60.8,3,5,2,3,59,-0.7,0.8634603174603174,0.5843571428571428,High
10,6,5.4,81,51,65,24,47.6,6,1,1,16,78,0.16666666666666666,0.2543809523809524,0.3490714285714286,High
2,1,5.3,76,36,43,66,50.9,1,3,1,2,93,-0.5666666666666667,0.1876428571428571,0.46771428571428564,Moderate
3,3,7.9,84,32,78,81,50.5,3,11,1,13,26,0.6,0.6053571428571429,0.3167857142857142,Low
3,11,5.9,61,22,37,180,44.6,3,6,1,0,151,-0.7666666666666667,0.27128571428571435,0.24442857142857138,Moderate
4,16,8.8,76,25,36,143,48.6,2,5,2,11,54,-0.8,0.3077936507936509,-0.17414285714285724,High
12,14,6.7,67,29,62,82,45.3,2,4,0,1,65,0.06666666666666667,0.0558015873015872,0.13078571428571414,Moderate
5,4,7.5,68,35,63,8,59.4,2,9,2,5,51,0.1,0.7866507936507936,0.559142857142857,Moderate
3,6,6.7,62,31,105,32,44.3,4,6,1,10,91,1.5,0.16000793650793638,0.2654285714285713,Low
16,2,7.3,84,25,25,43,42.5,3,7,1,11,35,-1.1666666666666667,0.06027777777777778,-0.06499999999999997,Moderate
17,4,5.6,65,32,56,26,42.8,7,7,2,5,89,-0.13333333333333333,0.3215555555555554,0.31899999999999995,High
5,4,6.5,61,34,33,47,52.9,3,9,1,9,55,-0.9,0.6041507936507935,0.4641428571428571,Moderate
11,4,5.9,85,43,38,3,35.0,3,8,2,20,27,-0.7333333333333333,-0.28595238095238096,0.0160714285714285,Moderate
8,2,6.4,76,58,58,71,41.5,5,3,0,9,71,-0.06666666666666667,0.03686507936507938,0.030714285714285628,Low
7,2,6.1,55,33,138,55,59.2,4,4,0,3,12,2.6,0.7846349206349209,0.8427857142857145,High
12,2,7.4,80,32,55,98,40.1,2,11,2,6,76,-0.16666666666666666,0.08957936507936515,0.03478571428571427,Moderate
7,8,5.3,73,45,180,15,57.6,4,14,1,7,53,4.0,1.0253333333333334,1.3255000000000001,High
2,9,7.4,78,44,180,61,56.4,2,11,1,6,170,4.0,0.7819682539682539,0.8362857142857141,High
14,17,7.3,69,35,19,48,61.4,3,8,1,1,60,-1.3666666666666667,0.9520476190476189,0.5155714285714285,High
8,13,6.4,56,34,110,180,62.6,2,6,1,4,58,1.6666666666666667,1.0146190476190478,0.8794285714285713,High
5,2,6.5,77,56,144,47,35.0,8,3,0,15,109,2.8,-0.08230158730158726,0.033214285714285724,Moderate
4,10,8.2,80,39,7,21,59.1,2,5,1,12,35,-1.7666666666666666,0.6447380952380953,0.17335714285714307,Moderate
5,3,6.7,59,43,41,105,49.9,3,2,2,4,42,-0.6333333333333333,0.28359523809523807,0.15914285714285706,Low
2,1,8.3,89,40,65,146,35.0,3,4,1,5,74,0.16666666666666666,-0.2699206349206349,-0.4507142857142858,Low
1,3,7.1,65,38,31,63,45.0,2,8,2,5,80,-0.9666666666666667,0.16404761904761903,0.08857142857142865,Low
8,2,6.9,86,45,17,18,39.6,6,8,0,3,98,-1.4333333333333333,0.1377142857142858,-0.07342857142857145,Low
6,3,5.6,72,43,42,6,49.9,2,1,3,6,46,-0.6,0.07121428571428569,0.3255714285714286,Low
3,11,6.4,84,56,32,141,39.4,1,5,0,6,74,-0.9333333333333333,-0.17509523809523814,-0.04014285714285725,Moderate
7,6,7.3,78,35,4,56,59.8,1,21,1,16,89,-1.8666666666666667,1.219888888888889,0.8014999999999999,Moderate
2,5,6.5,70,12,180,54,56.9,2,9,1,9,17,4.0,0.7252619047619047,0.9516428571428572,High
4,3,5.9,82,31,7,39,54.1,3,8,1,4,78,-1.7666666666666666,0.6135476190476191,0.5115714285714286,Moderate
1,16,6.0,86,47,112,64,45.3,3,6,0,15,63,1.7333333333333334,0.1738968253968253,0.4354285714285713,Moderate
11,10,5.5,84,32,32,179,40.8,2,21,2,6,91,-0.9333333333333333,0.5682222222222221,0.6164999999999999,High
11,7,7.7,68,29,20,102,46.6,6,6,1,5,34,-1.3333333333333333,0.4746190476190477,-0.05307142857142855,Moderate
8,1,7.6,81,46,39,114,37.1,4,4,1,5,79,-0.7,-0.14430952380952375,-0.33021428571428557,Low
20,17,6.1,85,43,73,62,55.9,2,5,4,2,180,0.43333333333333335,0.5462936507936508,0.6098571428571428,High
10,2,6.9,79,58,47,76,35.0,5,5,0,6,41,-0.43333333333333335,-0.17865079365079364,-0.2221428571428572,Low
7,9,6.0,68,39,42,31,47.8,6,17,0,10,79,-0.6,0.8425873015873016,0.6497142857142856,High
10,4,8.4,81,56,37,22,44.9,0,4,0,5,110,-0.7666666666666667,-0.16219841269841276,-0.2412142857142858,Low
14,1,5.9,79,47,48,79,43.5,5,11,0,13,132,-0.4,0.42146825396825394,0.3817857142857142,Moderate
7,1,8.0,83,37,180,112,50.9,2,2,1,4,39,4.0,0.26970634920634917,0.30914285714285705,High
4,4,7.6,66,29,25,21,39.7,4,16,2,6,53,-1.1666666666666667,0.2979285714285716,0.05564285714285734,Moderate
9,13,6.3,65,25,39,105,49.9,4,6,0,6,12,-0.7,0.4931190476190476,0.3384285714285714,High
5,8,6.1,81,50,107,47,68.6,4,14,2,9,77,1.5666666666666667,1.5558888888888887,1.3329999999999997,High
4,11,6.8,72,50,57,96,49.6,3,4,0,18,24,-0.1,0.3315238095238096,0.22978571428571434,Moderate
4,6,7.0,61,63,85,37,53.9,3,2,1,11,41,0.8333333333333334,0.38803968253968246,0.33664285714285713,Moderate
3,6,7.3,74,38,96,2,41.8,2,6,1,20,7,1.2,-0.11915873015873028,0.06292857142857138,Low
4,6,8.2,58,33,65,38,50.3,5,21,0,7,72,0.16666666666666666,1.0390555555555554,0.5115000000000001,Moderate
8,13,5.4,74,45,34,68,54.1,0,9,0,2,41,-0.8666666666666667,0.48148412698412707,0.6951428571428571,High
2,14,6.6,71,54,8,180,44.1,2,7,1,4,9,-1.7333333333333334,0.21783333333333343,0.06300000000000011,Low
4,6,6.7,70,50,76,86,42.1,2,6,0,4,128,0.5333333333333333,-0.012325396825396767,0.12692857142857145,Low
4,9,7.2,63,36,68,39,47.5,6,9,0,8,104,0.26666666666666666,0.5522619047619048,0.26714285714285707,Moderate
5,1,6.7,92,45,61,20,45.5,1,3,0,5,11,0.03333333333333333,-0.10646825396825393,0.10571428571428569,Low
8,4,5.4,69,34,130,105,44.7,2,5,0,6,73,2.3333333333333335,0.09007142857142872,0.5388571428571429,Moderate
7,6,6.9,75,32,39,119,44.7,0,8,2,20,10,-0.7,0.07943650793650806,0.13457142857142862,Low
5,1,6.5,91,37,38,138,51.1,5,4,0,1,108,-0.7333333333333333,0.5790238095238096,0.27978571428571425,Low
4,2,7.3,75,31,71,64,61.5,3,10,1,3,68,0.36666666666666664,1.0457539682539683,0.7057142857142856,Moderate
7,6,7.7,55,36,68,34,43.4,6,3,3,20,141,0.26666666666666666,0.1479206349206349,-0.11478571428571434,Moderate
12,5,6.3,86,53,17,31,36.5,4,1,1,5,28,-1.4333333333333333,-0.3706746031746032,-0.2614285714285714,Low
3,2,6.3,75,56,67,50,56.1,0,4,1,8,78,0.23333333333333334,0.37291269841269836,0.5372857142857143,High
5,7,7.0,79,31,15,25,55.9,3,3,1,15,38,-1.5,0.5004206349206348,0.25021428571428567,Low
3,5,8.1,78,69,180,69,39.9,2,8,2,3,123,4.0,-0.058785714285714344,0.13307142857142862,Moderate
11,4,6.3,76,37,62,107,59.9,0,15,0,11,33,0.06666666666666667,1.0001031746031745,0.9530714285714285,Moderate
4,4,6.9,71,48,78,47,49.8,4,7,0,10,77,0.6,0.4598888888888888,0.3564999999999999,Low
0,0,4.9,66,56,53,38,58.4,5,14,3,14,44,-0.23333333333333334,1.1535555555555554,1.1019999999999999,Moderate
7,14,6.3,75,40,87,38,40.1,4,4,1,9,107,0.9,-0.09375396825396819,0.10728571428571435,Moderate
4,4,6.4,69,12,133,117,41.2,4,7,1,7,96,2.433333333333333,0.15066666666666678,0.3235,Moderate
1,5,6.2,83,56,180,39,54.2,5,13,1,12,3,4.0,0.9299523809523812,1.0374285714285716,High
6,2,6.3,74,33,95,108,46.7,2,14,1,2,40,1.1666666666666667,0.5048333333333335,0.6110000000000001,Moderate
4,11,7.5,72,50,177,45,43.2,1,3,0,16,20,3.9,-0.18219047619047607,0.18671428571428578,Moderate
6,5,8.0,65,51,18,55,43.4,3,9,1,11,56,-1.4,0.18553968253968248,-0.12085714285714289,Low
5,6,6.0,68,41,57,34,52.1,3,3,0,2,126,-0.1,0.339420634920635,0.41621428571428576,Low
8,2,6.2,62,39,20,103,61.1,3,12,1,6,37,-1.3333333333333333,1.142515873015873,0.8158571428571431,High
1,4,6.7,85,67,38,27,63.6,3,8,0,5,27,-0.7333333333333333,1.027714285714286,0.7340714285714287,Moderate
2,8,6.2,68,28,113,23,35.0,3,4,0,7,87,1.7666666666666666,-0.4065873015873016,0.03678571428571423,Low
10,13,7.3,55,50,79,121,58.2,3,10,1,6,47,0.6333333333333333,0.9605873015873017,0.6267142857142858,High
17,5,7.6,65,36,63,49,56.4,1,2,0,4,84,0.1,0.3805396825396825,0.2516428571428571,Moderate
9,1,6.9,78,51,15,47,47.5,4,21,1,5,54,-1.5,0.8563888888888889,0.53,Moderate
7,9,7.1,87,35,58,119,44.8,1,2,2,8,58,-0.06666666666666667,-0.06368253968253981,-0.021357142857142904,Moderate
5,3,7.8,68,58,117,82,37.7,4,15,0,10,57,1.9,0.2399920634920636,0.1620714285714287,Moderate
6,2,5.6,56,16,56,28,47.4,2,14,1,18,45,-0.13333333333333333,0.4474444444444444,0.657,Moderate
6,4,7.2,82,47,78,36,51.4,1,4,0,9,41,0.6,0.21252380952380956,0.26628571428571424,Low
4,10,6.2,62,39,64,33,52.6,1,6,1,7,27,0.13333333333333333,0.3346190476190478,0.49942857142857144,High
4,5,7.0,71,41,38,173,70.0,2,6,0,14,96,-0.7333333333333333,1.3398412698412698,0.8164285714285713,High
6,5,6.2,90,61,53,123,54.8,3,5,1,9,68,-0.23333333333333334,0.6312380952380952,0.5093571428571427,Moderate
6,3,8.4,68,27,48,33,48.7,4,1,1,4,33,-0.4,0.18054761904761923,-0.18542857142857141,Low
8,11,7.3,74,65,136,31,55.9,0,6,0,6,44,2.533333333333333,0.41423015873015856,0.5859285714285714,High
11,6,5.5,68,35,180,35,52.0,7,10,0,0,43,4.0,0.8526984126984126,1.0082142857142857,High
2,7,7.3,57,51,158,26,35.0,2,4,2,11,48,3.2666666666666666,-0.46992063492063496,-0.04321428571428565,Moderate
7,4,6.5,75,54,11,108,54.8,2,2,0,6,30,-1.6333333333333333,0.4407619047619047,0.26614285714285696,Low
4,1,6.7,67,47,27,116,45.8,3,10,0,2,121,-1.1,0.39703174603174596,0.22971428571428554,Low
5,2,6.0,64,42,47,160,48.2,3,7,0,5,21,-0.43333333333333335,0.44677777777777794,0.38850000000000007,Low
0,13,7.5,74,37,34,28,39.9,2,8,0,0,32,-0.8666666666666667,-0.1043412698412699,-0.12692857142857147,Low
13,9,6.7,66,37,43,27,47.9,0,6,1,17,13,-0.5666666666666667,0.04978571428571421,0.2184285714285713,Moderate
9,2,6.5,78,36,31,104,55.2,1,2,1,9,41,-0.9666666666666667,0.3876507936507938,0.3281428571428572,Moderate
1,1,6.8,72,46,89,28,47.3,4,4,1,20,52,0.9666666666666667,0.21913492063492052,0.24078571428571421,Low
7,2,7.9,65,47,87,137,56.1,2,3,2,20,94,0.9,0.5671984126984126,0.27871428571428564,Moderate
12,12,5.8,64,37,47,117,48.4,5,1,0,12,36,-0.43333333333333335,0.32704761904761903,0.2580714285714285,High
5,21,6.8,79,31,81,65,53.6,4,3,0,3,52,0.7,0.5080317460317462,0.3812142857142858,High
11,4,9.0,82,44,126,70,36.7,2,2,0,4,65,2.2,-0.4159603174603173,-0.4268571428571427,Moderate
10,6,7.1,76,17,62,82,48.4,6,7,1,12,82,0.06666666666666667,0.5691111111111111,0.23950000000000002,Moderate
5,9,6.9,81,31,88,15,41.3,4,3,1,11,38,0.9333333333333333,-0.10102380952380965,0.012214285714285567,Moderate
16,13,6.1,67,48,132,25,60.4,2,9,1,6,175,2.4,0.8505396825396826,1.0066428571428572,High
4,15,7.7,67,59,66,39,48.9,2,1,2,2,11,0.2,0.06288095238095237,-0.011928571428571497,Low
5,4,6.3,88,41,42,34,55.2,3,2,0,3,62,-0.6,0.4432063492063493,0.39064285714285724,Moderate
4,10,7.9,74,43,54,180,48.5,2,20,0,14,64,-0.2,0.8801190476190476,0.45392857142857135,High
2,11,7.7,90,50,12,35,43.5,3,5,1,4,34,-1.6,0.02496031746031746,-0.19464285714285717,Low
3,4,7.1,80,58,16,69,52.6,4,4,2,15,51,-1.4666666666666666,0.5031904761904764,0.16478571428571442,Low
2,3,8.2,82,63,61,13,48.6,1,6,0,2,40,0.03333333333333333,0.13239682539682546,0.021928571428571582,Low
18,3,6.2,57,46,57,31,50.4,4,7,0,4,115,-0.1,0.46911111111111103,0.4444999999999999,High
3,6,6.8,67,56,8,180,52.6,2,4,0,2,21,-1.7333333333333334,0.4931904761904764,0.1972857142857144,Moderate
6,15,6.1,71,51,23,59,58.4,2,8,0,8,106,-1.2333333333333334,0.7626031746031745,0.6455714285714286,High
3,3,5.7,94,38,77,87,62.1,2,3,0,7,180,0.5666666666666667,0.7816428571428572,0.8187142857142855,High
9,4,5.6,60,51,18,10,46.2,4,6,0,13,60,-1.4,0.22106349206349218,0.2974285714285716,Low
9,5,6.2,67,31,139,11,39.3,2,2,1,3,130,2.6333333333333333,-0.3645158730158731,0.173642857142857,Low
14,2,5.1,67,19,139,110,53.5,4,16,0,7,2,2.6333333333333333,1.0178174603174603,1.1921428571428572,High
3,9,7.0,73,44,88,35,54.1,3,11,0,4,11,0.9333333333333333,0.7162460317460317,0.6072857142857143,Moderate
6,4,6.0,63,28,47,46,53.5,1,3,3,12,30,-0.43333333333333335,0.282420634920635,0.4332142857142858,Moderate
6,21,6.9,71,37,83,29,54.3,4,4,0,11,59,0.7666666666666667,0.5352460317460316,0.41828571428571415,High
5,8,6.4,72,29,74,43,62.7,2,7,1,3,66,0.4666666666666667,0.9026111111111115,0.8210000000000001,High
10,7,7.9,66,47,8,54,51.0,3,7,1,9,61,-1.7333333333333334,0.45500000000000007,0.042499999999999954,Moderate
23,6,8.0,77,61,28,45,53.9,3,10,0,3,29,-1.0666666666666667,0.682642857142857,0.24771428571428572,High
4,4,5.1,62,26,61,42,55.6,2,12,0,7,28,0.03333333333333333,0.7605714285714287,0.9458571428571428,Moderate
7,12,6.4,64,57,3,67,47.1,2,12,1,4,79,-1.9,0.4058492063492065,0.3183571428571429,Low
8,3,7.5,76,37,45,39,36.2,3,9,0,3,21,-0.5,-0.15623809523809512,-0.18185714285714277,Low
9,7,7.4,59,50,62,26,38.9,2,17,1,20,42,0.06666666666666667,0.16986507936507933,0.18771428571428567,Moderate
5,4,5.8,84,62,38,141,59.7,3,9,1,2,74,-0.7333333333333333,1.014595238095238,0.8031428571428574,Moderate
2,4,6.1,61,50,119,37,56.6,3,11,1,16,32,1.9666666666666666,0.830968253968254,0.9172857142857144,High
7,11,6.6,86,47,89,92,48.5,1,1,0,11,103,0.9666666666666667,0.037103174603174624,0.22607142857142865,High
3,3,6.8,63,68,19,75,57.7,4,1,0,7,9,-1.3666666666666667,0.6322142857142857,0.29207142857142865,Low
2,3,7.2,74,40,121,51,53.6,5,7,2,10,94,2.033333333333333,0.7020000000000001,0.5255,Low
11,3,4.9,74,41,112,142,46.9,2,20,0,1,13,1.7333333333333334,0.7658968253968254,1.0759285714285713,High
24,4,7.7,68,63,53,78,57.4,6,2,1,7,93,-0.23333333333333334,0.791095238095238,0.23914285714285696,High
1,1,7.6,75,42,93,51,45.1,5,16,1,9,60,1.1,0.6409285714285715,0.3876428571428573,Low
20,6,7.7,76,53,142,53,45.5,1,3,0,2,42,2.7333333333333334,-0.06980158730158727,0.13321428571428567,Moderate
5,9,7.0,74,56,38,20,54.8,5,16,0,2,22,-0.7333333333333333,1.042984126984127,0.6461428571428571,High
5,8,6.9,74,38,180,35,46.2,5,4,0,2,22,4.0,0.24407936507936517,0.4177857142857143,Moderate
2,5,7.6,71,40,52,37,52.0,5,8,0,14,145,-0.26666666666666666,0.6501587301587302,0.2635714285714286,Low
4,8,5.6,79,52,154,167,35.0,4,2,1,3,40,3.1333333333333333,-0.2513492063492064,0.18714285714285717,Moderate
3,4,7.2,77,45,70,39,39.4,4,3,0,7,60,0.3333333333333333,-0.15985714285714292,-0.14228571428571438,Low
7,14,6.2,80,49,35,28,46.7,7,4,1,8,91,-0.8333333333333334,0.39213492063492067,0.19278571428571434,Moderate
6,8,6.9,63,38,16,61,38.1,4,3,1,3,2,-1.4666666666666666,-0.19391269841269834,-0.2637857142857143,Low
7,3,8.2,71,20,15,86,54.9,4,1,0,20,180,-1.5,0.5184365079365078,-0.046928571428571375,Moderate
3,5,8.2,71,34,52,180,52.7,5,4,0,19,72,-0.26666666666666666,0.6976904761904763,0.06528571428571449,Moderate
9,3,6.5,66,44,42,180,49.8,1,5,1,6,180,-0.6,0.3362380952380951,0.2793571428571428,Moderate
16,4,6.6,80,47,21,29,47.0,5,12,0,3,37,-1.3,0.5591269841269841,0.3253571428571429,Moderate
6,10,7.1,70,51,44,67,59.0,4,3,0,4,53,-0.5333333333333333,0.7532539682539683,0.39821428571428574,Moderate
4,1,6.9,74,45,58,122,47.9,5,4,1,5,62,-0.06666666666666667,0.41724603174603164,0.16378571428571417,Low
4,2,7.1,67,34,18,12,43.4,1,8,1,13,99,-1.4,-0.03128571428571435,0.00807142857142859,Low
5,8,6.1,71,37,47,47,53.2,4,4,0,1,123,-0.43333333333333335,0.5057460317460319,0.4352857142857144,Moderate
8,3,6.7,90,35,165,38,43.4,4,21,0,20,53,3.5,0.6618888888888889,0.817,High
5,7,5.3,68,39,19,150,42.1,5,8,0,2,60,-1.3666666666666667,0.33021428571428574,0.28657142857142864,Low
15,9,6.2,68,42,91,38,56.8,2,2,1,7,14,1.0333333333333334,0.4529841269841269,0.578642857142857,High
7,7,7.6,76,53,45,180,43.4,3,7,0,8,55,-0.5,0.25299999999999995,-0.040499999999999974,Moderate
12,3,7.0,85,49,27,42,49.0,5,16,3,0,65,-1.1,0.8064285714285714,0.4446428571428571,Moderate
9,3,8.7,82,24,60,96,44.9,3,4,1,17,117,0.0,0.12002380952380948,-0.23621428571428563,Moderate
10,11,6.3,76,44,172,34,56.4,2,7,0,8,37,3.7333333333333334,0.6091111111111112,0.8944999999999999,High
2,15,7.3,65,40,79,77,51.9,2,6,2,3,38,0.6333333333333333,0.4186746031746032,0.3234285714285714,Moderate
10,6,7.4,86,43,73,43,47.9,1,2,3,5,64,0.43333333333333335,-0.008626984126984205,0.056642857142856995,Moderate
5,3,6.8,66,31,21,58,51.1,3,3,4,2,45,-1.3,0.32108730158730164,0.15621428571428578,Low
11,1,8.0,62,36,40,68,46.3,1,9,0,5,35,-0.6666666666666666,0.19715079365079352,0.02114285714285704,Moderate
5,6,4.9,74,57,145,177,64.4,3,7,1,20,173,2.8333333333333335,1.194666666666667,1.3119999999999998,High
9,9,7.1,90,31,68,20,47.1,3,6,0,5,180,0.26666666666666666,0.20600793650793664,0.18692857142857153,Moderate
4,12,6.1,73,66,69,15,54.3,4,9,2,7,34,0.3,0.6982619047619045,0.666142857142857,Moderate
8,4,7.4,91,42,58,22,62.6,4,7,0,4,89,-0.06666666666666667,1.0081111111111112,0.603,High
6,6,5.7,75,23,75,101,40.5,5,6,1,4,151,0.5,0.13234126984126984,0.25142857142857133,Moderate
11,3,6.0,66,39,40,129,61.9,1,10,1,9,49,-0.6666666666666666,1.0026428571428572,0.8677142857142855,High
4,3,6.4,65,67,38,55,51.5,5,1,1,5,38,-0.7333333333333333,0.3976587301587301,0.22357142857142848,Low
3,3,7.9,69,55,80,180,35.0,5,2,0,17,46,0.6666666666666666,-0.17023809523809527,-0.4003571428571429,Low
4,4,6.0,73,23,13,74,47.2,2,5,0,8,10,-1.5666666666666667,0.16812698412698426,0.21635714285714291,Low
10,6,6.5,74,45,26,65,35.0,7,4,1,6,68,-1.1333333333333333,-0.09325396825396826,-0.2332142857142857,Moderate
3,11,7.2,69,53,9,47,47.9,3,6,0,11,63,-1.7,0.2720079365079364,0.04592857142857132,Low
3,8,8.1,69,46,131,80,43.3,0,1,0,4,65,2.3666666666666667,-0.27689682539682553,-0.08742857142857141,Low
3,10,6.4,75,19,23,25,52.8,4,6,2,6,3,-1.2333333333333334,0.5347301587301587,0.36792857142857127,High
4,3,6.4,78,43,77,46,35.0,2,2,2,7,60,0.5666666666666667,-0.5191269841269841,-0.14535714285714296,Low
14,1,5.5,77,34,9,32,35.8,5,13,0,3,82,-1.7,0.09417460317460304,0.18042857142857133,Moderate
4,1,7.1,90,53,96,135,45.7,2,21,1,9,123,1.2,0.7398333333333336,0.6435000000000001,High
7,7,7.6,80,45,59,69,48.7,5,14,1,3,54,-0.03333333333333333,0.7515000000000002,0.35350000000000015,Moderate
9,20,7.2,61,43,26,53,50.9,3,3,2,5,23,-1.1333333333333333,0.306531746031746,0.09271428571428567,Moderate
1,3,6.3,70,49,48,48,56.4,5,1,1,9,57,-0.4,0.6103809523809524,0.41307142857142853,Low
8,0,6.4,81,34,50,70,42.6,2,11,0,7,56,-0.3333333333333333,0.17096825396825402,0.2722857142857142,Low
20,6,7.4,81,40,107,123,41.7,4,3,0,1,46,1.5666666666666667,0.03697619047619062,-0.015785714285714264,Moderate
2,4,5.8,60,30,16,19,54.5,2,2,2,13,56,-1.4666666666666666,0.3283730158730158,0.3921428571428571,Low
17,5,7.7,65,32,54,20,35.6,3,2,4,4,51,-0.2,-0.4543492063492063,-0.41235714285714287,Moderate
9,5,6.1,83,38,67,180,56.1,2,3,2,9,62,0.23333333333333334,0.6149761904761905,0.5437142857142857,High
6,6,7.8,90,31,86,96,55.0,2,5,1,4,3,0.8666666666666667,0.5435714285714287,0.31785714285714284,Moderate
12,8,7.1,70,41,86,145,50.3,2,13,2,6,152,0.8666666666666667,0.6722301587301587,0.5279285714285714,High
3,2,8.0,58,54,73,21,56.1,7,3,0,4,42,0.43333333333333335,0.7716428571428573,0.22621428571428573,Moderate
3,10,6.2,69,59,72,27,46.4,3,4,1,12,56,0.4,0.11085714285714283,0.27628571428571425,Moderate
3,4,7.0,82,50,46,31,48.6,4,2,1,4,47,-0.4666666666666667,0.2095396825396826,0.08014285714285713,Low
4,14,8.4,69,35,13,49,58.2,6,3,1,9,65,-1.5666666666666667,0.8305873015873018,0.06921428571428573,Moderate
4,1,7.7,85,52,57,37,52.4,4,4,0,1,148,-0.1,0.4586349206349206,0.1562857142857142,Low
2,5,7.8,62,49,6,104,49.8,2,10,2,2,77,-1.8,0.49703174603174594,0.10471428571428568,Low
11,2,7.1,69,44,96,61,54.3,1,5,1,15,61,1.2,0.40651587301587294,0.4443571428571428,Moderate
17,5,5.1,78,44,180,45,39.5,2,14,1,7,41,4.0,0.11083333333333333,0.8175000000000001,High
6,11,6.4,72,53,61,19,40.7,7,11,2,7,61,0.03333333333333333,0.36213492063492075,0.24278571428571427,Moderate
4,7,6.7,70,38,180,8,51.8,3,7,0,6,59,4.0,0.4398888888888888,0.7064999999999999,High
8,5,6.4,92,54,30,48,35.4,3,1,0,6,56,-1.0,-0.46795238095238106,-0.2794285714285715,Low
4,7,7.1,71,59,180,23,47.1,5,3,0,13,180,4.0,0.23553174603174612,0.38121428571428584,Moderate
9,2,5.8,83,13,152,84,39.3,3,4,0,7,28,3.066666666666667,-0.14530952380952392,0.33328571428571424,Moderate
2,2,5.7,73,36,73,69,47.3,5,6,1,8,51,0.43333333333333335,0.4027857142857142,0.4504285714285713,Moderate
3,2,7.4,71,48,25,59,47.0,4,21,2,3,29,-1.1666666666666667,0.8472222222222221,0.4524999999999999,Moderate
3,7,5.1,73,33,97,95,36.8,3,7,1,5,1,1.2333333333333334,-0.13844444444444456,0.32899999999999996,Moderate
12,12,5.6,67,48,43,159,51.7,3,3,0,8,34,-0.5666666666666667,0.460309523809524,0.43921428571428583,Moderate
2,3,6.3,55,45,81,49,44.2,3,0,2,11,65,0.7,-0.10655555555555545,0.10100000000000009,Low
15,8,7.0,70,48,146,86,43.7,4,6,1,16,160,2.8666666666666667,0.19300793650793666,0.2974285714285715,High
3,4,5.7,73,39,72,37,46.1,0,15,1,7,94,0.4,0.3013253968253969,0.6690714285714285,Moderate
7,3,5.9,88,29,106,108,46.6,3,9,0,9,113,1.5333333333333334,0.38842857142857157,0.5626428571428571,High
12,13,7.0,91,43,62,52,44.0,2,9,2,8,14,0.06666666666666667,0.14253968253968258,0.18214285714285713,Moderate
4,9,8.4,68,32,26,92,49.0,5,4,0,12,18,-1.1333333333333333,0.4334126984126984,-0.14571428571428574,Low
8,6,6.3,79,29,114,16,38.0,2,9,0,4,31,1.8,-0.16746031746031748,0.25464285714285717,Moderate
2,6,5.4,67,43,8,148,56.7,7,9,2,8,54,-1.7333333333333334,1.1540396825396828,0.7081428571428572,Moderate
10,6,7.2,61,35,18,180,54.5,2,10,2,11,69,-1.4,0.7929761904761904,0.38071428571428567,High
4,5,7.7,88,33,18,25,45.7,7,3,0,12,44,-1.4,0.3080873015873017,-0.17078571428571424,Low
18,2,4.9,82,50,34,13,40.0,4,10,1,20,10,-0.8666666666666667,0.08825396825396825,0.3882142857142857,Moderate
12,1,7.6,70,29,142,27,36.8,1,17,1,10,13,2.7333333333333334,0.009809523809523726,0.2897142857142857,Moderate
19,7,6.7,72,54,106,108,56.3,5,8,0,20,56,1.5333333333333334,0.9225476190476188,0.6850714285714284,High
1,4,7.2,72,60,24,93,38.3,2,16,0,13,89,-1.2,0.18159523809523798,0.08114285714285704,Moderate
2,1,6.3,62,37,5,51,60.7,2,17,0,4,11,-1.8333333333333333,1.178642857142857,0.8917142857142859,Moderate
2,3,7.6,61,57,132,79,53.0,3,6,0,4,44,2.4,0.5370634920634921,0.4364285714285715,Moderate
9,2,7.6,70,49,41,12,66.0,4,7,0,5,18,-0.6333333333333333,1.1500000000000001,0.6275000000000001,High
5,5,6.3,72,42,24,67,50.9,2,5,0,2,12,-1.2,0.32684920634920633,0.3023571428571429,Low
5,13,6.6,94,49,34,31,35.3,2,3,0,8,41,-0.8666666666666667,-0.48657936507936517,-0.25028571428571433,Low
10,11,6.7,64,47,23,123,55.6,4,4,2,6,22,-1.2333333333333334,0.6981904761904763,0.3422857142857142,Moderate
12,19,6.1,75,53,31,118,40.8,2,8,1,3,57,-0.9666666666666667,0.03615873015873003,0.13757142857142857,High
16,2,7.8,76,54,93,43,51.6,4,5,2,20,120,1.1,0.46501587301587316,0.23335714285714293,High
11,4,5.8,75,51,88,3,42.5,5,4,0,2,82,0.9333333333333333,0.04202380952380952,0.2692857142857143,Low
3,7,7.7,64,64,9,52,49.8,5,4,0,4,71,-1.7,0.4249682539682539,-0.041714285714285815,Low
4,2,6.8,77,51,164,90,51.7,4,10,0,12,51,3.466666666666667,0.7003095238095239,0.7317142857142859,Moderate
8,2,6.5,74,55,46,87,43.7,2,12,0,14,31,-0.4666666666666667,0.2750714285714287,0.30635714285714294,Low
5,3,7.1,65,28,45,27,42.6,5,3,0,9,28,-0.5,0.037476190476190566,-0.09128571428571419,Low
8,3,7.2,69,30,101,132,49.9,1,7,0,4,88,1.3666666666666667,0.3588333333333333,0.3644999999999999,Moderate
5,4,7.2,96,23,61,13,51.0,4,4,1,7,92,0.03333333333333333,0.36896825396825406,0.21178571428571427,Moderate
7,4,7.5,79,49,56,115,35.0,5,7,0,5,18,-0.13333333333333333,-0.0638888888888889,-0.2475,Low
4,6,6.7,79,45,38,47,52.3,5,8,1,15,83,-0.7333333333333333,0.6747698412698411,0.39507142857142846,Moderate
5,3,4.9,80,48,29,33,55.5,8,7,0,5,64,-1.0333333333333334,0.9674999999999999,0.7549999999999999,Moderate
9,7,5.4,69,53,108,74,48.8,4,13,1,5,70,1.6,0.659174603174603,0.8354285714285713,High
4,5,8.4,75,35,180,82,59.5,1,4,2,2,125,4.0,0.6281349206349207,0.5542857142857143,High
11,21,7.5,69,25,86,13,47.6,4,9,1,2,77,0.8666666666666667,0.3945396825396826,0.2626428571428572,High
12,5,5.8,57,29,180,127,52.0,1,7,1,8,45,4.0,0.44777777777777783,0.8700000000000001,High
1,6,8.3,83,25,31,40,63.1,3,3,0,20,25,-0.9666666666666667,0.8410873015873017,0.2787142857142855,Moderate
2,4,7.5,68,47,129,12,51.5,3,2,0,2,43,2.3,0.2522619047619047,0.28714285714285703,Low
6,6,8.9,83,34,77,40,45.8,1,1,1,6,16,0.5666666666666667,-0.14217460317460326,-0.2874285714285716,Low
5,10,7.5,94,46,57,89,54.2,4,3,0,11,12,-0.1,0.561698412698413,0.21671428571428586,Moderate
5,1,6.5,73,47,131,85,39.0,3,6,0,2,24,2.3666666666666667,-0.08626984126984126,0.2064285714285714,Low
12,2,6.0,75,47,36,130,56.6,5,6,1,3,23,-0.8,0.8890634920634921,0.5844285714285715,Moderate
2,7,6.7,66,25,101,171,53.9,7,2,0,3,42,1.3666666666666667,0.8035952380952379,0.429142857142857,Moderate
8,3,5.4,68,46,66,95,47.1,0,14,3,5,68,0.2,0.37505555555555564,0.7080000000000001,Moderate
4,3,7.1,69,31,53,29,54.0,2,3,1,2,180,-0.23333333333333334,0.35269841269841273,0.27071428571428574,Moderate
5,4,5.6,80,55,89,20,47.1,5,8,0,3,88,0.9666666666666667,0.41076984126984134,0.5590714285714287,Low
14,12,6.2,69,52,24,37,37.0,5,14,0,3,59,-1.2,0.18944444444444442,0.15999999999999998,High
1,4,8.8,70,47,72,50,48.8,1,5,1,3,32,0.4,0.14679365079365062,-0.07814285714285735,Low
7,5,6.0,87,42,42,76,52.2,4,2,1,20,29,-0.6,0.42153968253968266,0.35314285714285715,Moderate
6,7,6.3,80,54,44,180,44.0,6,5,1,6,45,-0.5333333333333333,0.4085714285714286,0.14535714285714288,Moderate
11,0,6.8,90,49,33,97,53.7,3,13,2,5,24,-0.9,0.8385634920634922,0.5499285714285715,High
1,10,5.6,74,63,23,14,48.8,2,11,1,16,45,-1.2333333333333334,0.3877460317460316,0.5307857142857142,Moderate
2,1,9.0,80,61,147,69,54.7,3,2,1,3,133,2.9,0.45959523809523817,0.1656428571428572,Moderate
3,4,7.9,86,42,92,22,46.0,7,4,0,10,77,1.0666666666666667,0.35396825396825393,0.016785714285714223,Low
10,3,7.6,67,56,157,83,53.5,6,13,3,19,91,3.2333333333333334,1.0140079365079364,0.7139285714285715,High
5,2,6.3,68,40,124,89,48.1,4,4,2,20,84,2.1333333333333333,0.3229126984126985,0.43978571428571434,High
4,9,5.7,78,12,107,85,54.0,5,5,1,1,65,1.5666666666666667,0.6863492063492064,0.7078571428571427,High
5,4,7.9,66,31,63,159,60.4,2,5,1,10,180,0.1,0.8565714285714287,0.40485714285714275,Moderate
1,3,7.2,72,40,21,53,41.2,3,10,1,8,82,-1.3,0.12003174603174614,-0.010785714285714232,Low
3,7,7.6,75,53,15,19,39.5,3,12,1,3,97,-1.5,0.07718253968253969,-0.08964285714285704,Low
7,6,7.5,69,59,27,29,43.2,2,4,1,3,180,-1.1,-0.09758730158730146,-0.15971428571428564,Low
4,6,4.9,87,55,12,76,38.6,1,11,0,10,27,-1.6,-0.06903174603174596,0.3197857142857143,Moderate
1,1,7.5,73,43,164,131,48.5,0,6,1,12,62,3.466666666666667,0.19234126984126987,0.3989285714285714,Moderate
7,9,8.0,86,33,72,28,50.7,3,10,0,8,20,0.4,0.5197539682539684,0.2617142857142858,Moderate
4,8,6.6,91,47,100,180,44.7,3,3,0,12,113,1.3333333333333333,0.1686428571428573,0.19671428571428587,Moderate
3,3,9.0,71,43,35,38,44.5,1,5,2,8,39,-0.8333333333333334,-0.06003968253968252,-0.33464285714285713,Low
4,5,7.2,90,41,44,113,43.9,2,5,1,9,91,-0.5333333333333333,0.0629603174603174,-0.015142857142857222,Low
3,5,6.3,86,33,25,56,36.3,1,2,1,7,21,-1.1666666666666667,-0.5161825396825398,-0.21885714285714297,Low
1,5,6.3,86,26,76,29,68.4,3,7,0,4,17,0.5333333333333333,1.2102222222222228,1.0145000000000002,High
5,2,6.6,76,49,64,36,35.0,4,2,1,11,26,0.13333333333333333,-0.3969047619047619,-0.2128571428571428,Low
13,5,7.4,65,30,37,24,44.9,5,8,1,16,54,-0.7666666666666667,0.31621428571428567,0.048071428571428466,Moderate
3,18,7.4,85,37,164,41,36.4,1,17,0,1,60,3.466666666666667,0.0073650793650793175,0.36771428571428566,High
1,11,6.5,78,51,20,161,44.8,6,2,0,6,118,-1.3333333333333333,0.3163174603174602,-0.011357142857142968,Moderate
5,3,7.6,79,39,3,22,43.8,3,10,1,5,155,-1.9,0.20258730158730148,-0.04778571428571429,Low
7,4,6.5,64,42,54,156,47.7,4,5,2,0,40,-0.2,0.41507142857142876,0.24635714285714289,Low
13,9,6.6,68,34,104,73,50.7,4,3,0,9,180,1.4666666666666666,0.38642063492063505,0.38671428571428584,High
7,2,7.3,89,42,62,36,35.6,4,11,0,3,27,0.06666666666666667,-0.048476190476190395,-0.06521428571428563,Low
13,12,7.2,59,23,131,41,55.7,7,7,0,12,86,2.3666666666666667,0.9187222222222223,0.6135,High
7,2,7.6,73,45,29,99,50.4,5,0,0,5,12,-1.0333333333333334,0.3613333333333333,-0.0705,Low
1,5,8.2,74,51,59,25,43.1,2,8,0,20,61,-0.03333333333333333,0.036325396825396886,-0.09092857142857125,Low
12,1,6.7,75,39,135,13,51.8,3,1,1,7,48,2.5,0.23115873015873006,0.42257142857142843,Low
4,13,7.0,80,43,119,180,55.8,5,12,0,15,27,1.9666666666666666,1.1229047619047619,0.7643571428571427,High
6,18,5.7,56,32,102,32,37.9,2,7,0,3,101,1.4,-0.2256111111111112,0.2694999999999999,Moderate
9,3,7.1,77,52,55,20,53.3,1,3,0,10,43,-0.16666666666666666,0.24453174603174588,0.2547142857142856,Low
11,16,5.5,68,46,25,30,63.9,1,3,0,15,19,-1.1666666666666667,0.7326428571428572,0.7777142857142855,High
4,1,5.3,68,39,62,38,45.6,3,12,0,5,39,0.06666666666666667,0.37279365079365084,0.6133571428571429,Low
5,4,7.1,80,56,80,8,42.5,3,7,0,6,26,0.6666666666666666,0.021388888888888888,0.10750000000000007,Low
11,6,7.3,73,38,74,65,42.8,4,5,0,5,170,0.4666666666666667,0.09346031746031734,0.0093571428571428,Low
9,9,7.7,74,39,69,153,55.9,3,5,0,2,54,0.3,0.7140714285714285,0.3198571428571428,High
4,8,6.4,58,38,126,63,41.4,3,11,0,3,124,2.2,0.1758571428571428,0.42628571428571416,Moderate
13,2,6.7,90,31,57,58,37.9,4,8,0,2,21,-0.1,-0.027674603174603234,0.010571428571428492,Moderate
7,8,6.9,92,44,101,72,54.4,3,2,0,15,20,1.3666666666666667,0.4494285714285714,0.4091428571428571,Moderate
8,2,9.0,71,40,94,19,44.0,2,6,1,7,13,1.1333333333333333,-0.0012698412698412542,-0.17357142857142857,Low
8,6,6.7,55,31,115,52,50.5,1,2,1,5,130,1.8333333333333333,0.11837301587301594,0.36214285714285704,Moderate
4,4,7.2,80,45,121,47,52.3,5,2,0,12,109,2.033333333333333,0.4604841269841268,0.34364285714285703,Moderate
13,4,7.5,69,30,60,69,38.5,1,0,1,6,166,0.0,-0.4741666666666666,-0.3325,Moderate
6,9,7.8,64,26,92,48,50.1,3,6,0,1,73,1.0666666666666667,0.37211904761904774,0.21442857142857152,Moderate
7,7,7.1,92,35,110,97,52.8,1,3,0,5,32,1.6666666666666667,0.3075873015873016,0.3772142857142857,Moderate
4,5,7.4,62,48,80,72,51.0,4,2,1,10,42,0.6666666666666666,0.36309523809523814,0.16714285714285707,Low
5,5,7.1,81,54,48,60,43.4,0,9,3,7,5,-0.4,-0.008904761904761978,0.11164285714285715,Low
3,12,6.9,73,47,14,66,49.7,3,1,0,3,12,-1.5333333333333334,0.19554761904761922,0.022071428571428617,Low
9,2,6.1,63,23,150,78,61.6,5,6,2,9,10,3.0,1.0562857142857143,1.0019285714285715,High
1,10,8.0,88,48,101,97,51.6,1,6,1,7,39,1.3666666666666667,0.3607301587301589,0.24692857142857144,Low
11,3,5.4,84,40,44,79,35.0,4,6,1,10,78,-0.5333333333333333,-0.20626984126984124,0.06142857142857135,Moderate
2,3,7.9,81,32,51,26,49.5,6,7,0,6,60,-0.3,0.5563888888888888,0.10499999999999993,Low
3,4,7.0,69,40,52,116,52.6,4,4,0,1,17,-0.26666666666666666,0.5554126984126986,0.27228571428571435,Low
12,3,7.1,55,32,49,122,47.0,1,2,0,4,40,-0.36666666666666664,0.03865079365079365,0.022142857142857186,Moderate
14,5,6.7,75,38,173,54,41.5,1,4,2,5,85,3.7666666666666666,-0.21297619047619046,0.2942857142857142,Moderate
7,8,4.2,68,40,80,66,49.9,2,21,2,1,57,0.6666666666666666,0.8521666666666667,1.2369999999999999,High
9,2,7.3,69,37,13,64,36.6,3,21,1,7,110,-1.5666666666666667,0.3181111111111112,0.1280000000000001,Moderate
6,5,8.6,86,58,14,75,46.9,3,3,1,14,40,-1.5333333333333334,0.15097619047619043,-0.30228571428571427,Low
6,7,8.0,78,32,44,41,59.8,3,8,0,6,135,-0.5333333333333333,0.8722698412698412,0.4075714285714285,Moderate
2,3,5.9,72,36,61,127,50.3,4,6,1,4,128,0.03333333333333333,0.535563492063492,0.47542857142857126,Moderate
8,13,5.9,63,45,180,53,36.0,4,2,1,3,65,4.0,-0.33301587301587304,0.22964285714285704,High
11,17,4.7,80,31,180,30,70.0,1,16,2,5,91,4.0,1.4714285714285715,1.859642857142857,High
4,4,7.0,77,49,18,76,48.6,2,10,0,10,123,-1.4,0.411920634920635,0.23871428571428577,Low
8,11,7.0,58,54,63,12,54.1,4,12,3,10,12,0.1,0.7930714285714286,0.5733571428571429,High
9,6,6.5,83,16,55,55,61.6,1,3,2,4,25,-0.16666666666666666,0.656920634920635,0.6087142857142858,High
6,7,6.1,86,41,155,31,47.5,9,13,0,20,57,3.1666666666666665,0.8862301587301588,0.7914285714285716,High
2,13,6.6,63,54,22,84,55.9,4,2,0,7,83,-1.2666666666666666,0.5969285714285713,0.30914285714285705,Moderate
1,5,7.4,71,62,4,33,56.0,3,8,1,4,146,-1.8666666666666667,0.6923809523809524,0.2985714285714285,Low
7,21,6.8,56,56,91,81,47.5,2,8,1,20,50,1.0333333333333334,0.29654761904761906,0.3660714285714286,High
10,2,7.3,73,34,80,71,50.7,3,1,0,12,69,0.6666666666666666,0.24610317460317474,0.14707142857142863,Low
3,1,7.2,78,42,47,82,51.7,4,2,0,13,31,-0.43333333333333335,0.40570634920634935,0.14064285714285718,Low
3,3,6.7,69,40,91,134,53.4,2,7,0,4,102,1.0333333333333334,0.5852222222222222,0.5319999999999999,Low
9,1,6.1,91,30,106,11,65.9,2,8,0,2,86,1.5333333333333334,1.0467698412698418,1.078071428571429,High
7,6,7.8,73,40,81,38,58.0,3,3,3,2,80,0.7,0.6093650793650794,0.3382142857142858,High
6,9,6.5,89,37,106,139,54.1,4,8,0,8,178,1.5333333333333334,0.7913253968253968,0.6540714285714286,High
8,2,7.5,91,48,42,37,54.4,0,2,2,20,135,-0.6,0.21053968253968258,0.15664285714285714,Moderate
4,6,6.0,72,40,61,81,37.0,5,4,0,4,58,0.03333333333333333,-0.11880952380952381,0.0017857142857142772,Low
12,6,5.3,63,31,94,41,44.4,1,3,0,9,72,1.1333333333333333,-0.1326349206349207,0.40021428571428563,Moderate
13,5,6.7,75,35,90,48,47.8,4,2,2,10,92,1.0,0.19242857142857128,0.21864285714285697,Moderate
7,3,7.4,72,36,88,51,39.1,4,2,0,2,22,0.9333333333333333,-0.19573809523809518,-0.16985714285714287,Low
6,12,7.2,65,44,30,28,49.0,3,4,0,3,30,-1.0,0.228968253968254,0.07428571428571427,Low
12,11,6.2,100,59,70,34,55.5,2,9,1,2,15,0.3333333333333333,0.6400396825396826,0.6871428571428572,High
2,9,6.2,77,12,18,45,50.5,4,8,1,10,112,-1.4,0.5248809523809523,0.37857142857142856,Moderate
1,3,6.5,56,59,77,35,38.5,4,2,0,9,34,0.5666666666666667,-0.24051587301587302,-0.057857142857142885,Low
2,4,6.7,80,46,27,53,67.0,10,14,1,5,14,-1.1,1.8905555555555558,0.98,High
1,3,6.7,86,31,53,48,48.1,5,8,1,2,116,-0.23333333333333334,0.48688095238095247,0.30657142857142855,Low
9,3,6.5,75,65,99,15,49.6,2,5,0,8,47,1.3,0.21057142857142866,0.4158571428571429,Moderate
13,8,6.5,83,33,13,160,45.3,7,18,0,4,23,-1.5666666666666667,0.9758015873015871,0.4432857142857142,High
21,5,8.4,75,34,32,52,47.2,3,5,0,4,180,-0.9333333333333333,0.21034920634920645,-0.15614285714285708,Moderate
10,3,7.7,74,26,180,17,35.0,3,2,0,3,29,4.0,-0.4846825396825397,-0.11535714285714288,Moderate
3,7,7.2,73,42,26,156,70.0,5,11,0,8,110,-1.1333333333333333,1.6995238095238094,0.8942857142857142,High
4,15,5.1,77,59,180,180,53.7,1,9,2,1,143,4.0,0.6545952380952382,1.1006428571428573,High
1,4,7.7,77,56,9,180,45.8,4,7,0,15,146,-1.7,0.42766666666666653,-0.07600000000000012,Low
15,15,6.0,70,42,55,77,40.0,5,3,1,3,81,-0.16666666666666666,-0.02396825396825396,0.04821428571428571,Moderate
11,3,6.5,75,41,133,35,47.2,4,3,1,11,129,2.433333333333333,0.1866984126984128,0.3717142857142858,Moderate
9,7,5.8,71,39,94,26,69.7,1,5,3,11,69,1.1333333333333333,1.0606269841269842,1.1288571428571428,High
10,9,5.8,107,37,10,30,47.3,2,5,2,3,27,-1.6666666666666667,0.12373809523809516,0.24685714285714278,High
3,18,6.8,74,34,32,19,53.0,1,4,1,1,13,-0.9333333333333333,0.2656349206349207,0.2692857142857143,Moderate
9,1,7.7,76,37,88,67,51.2,2,6,0,6,64,0.9333333333333333,0.3760634920634922,0.25492857142857145,Moderate
1,7,5.7,69,63,59,23,48.8,1,2,1,11,97,-0.03333333333333333,0.009650793650793466,0.3461428571428569,Low
11,10,7.7,71,50,33,20,49.8,4,21,1,6,142,-0.9,0.929888888888889,0.5039999999999999,High
9,7,5.8,71,41,180,180,41.5,2,9,0,4,111,4.0,0.17226190476190478,0.6121428571428571,High
5,4,8.1,55,40,24,65,38.7,2,5,1,10,37,-1.2,-0.22437301587301575,-0.37864285714285695,Low
5,12,6.5,76,45,62,50,48.0,2,3,1,11,34,0.06666666666666667,0.10603174603174609,0.21821428571428575,Low
9,6,6.6,69,25,28,38,49.0,5,13,1,15,30,-1.0666666666666667,0.6948412698412698,0.43142857142857155,Moderate
10,7,6.3,65,59,85,110,48.5,6,11,0,20,143,0.8333333333333334,0.7475793650793651,0.5542857142857143,High
8,1,5.5,74,38,31,64,43.1,3,4,0,2,95,-0.9666666666666667,0.003468253968254044,0.1972857142857143,Low
5,5,6.4,86,55,47,143,43.8,2,13,3,3,108,-0.43333333333333335,0.37750793650793635,0.35792857142857126,Low
4,2,7.7,73,22,9,69,54.3,2,7,0,8,41,-1.7,0.5534999999999999,0.17899999999999988,Moderate
5,4,5.8,70,48,51,150,51.7,6,2,0,4,69,-0.3,0.6145952380952382,0.39564285714285724,Moderate
5,3,8.0,76,39,61,40,47.2,5,4,0,4,74,0.03333333333333333,0.29463492063492075,-0.04221428571428562,Low
13,10,6.0,81,12,40,64,49.9,0,2,0,10,80,-0.6666666666666666,0.03803968253968248,0.2791428571428571,High
4,4,7.8,89,48,38,51,55.9,7,13,0,4,113,-0.7333333333333333,1.1531190476190476,0.45342857142857146,High
5,2,8.9,77,45,22,47,41.5,3,5,1,8,180,-1.2666666666666666,-0.0517063492063492,-0.43964285714285717,Low
7,13,8.1,75,42,20,127,38.2,3,6,0,7,116,-1.3333333333333333,-0.07560317460317448,-0.3750714285714284,Low
24,2,7.2,65,55,86,25,43.3,4,5,1,6,24,0.8666666666666667,0.07151587301587291,0.07185714285714276,Moderate
5,2,6.5,84,25,38,36,52.1,2,1,1,6,59,-0.7333333333333333,0.20354761904761914,0.2240714285714286,Low
8,8,6.9,70,32,42,58,61.5,2,9,1,3,6,-0.6,0.9367063492063492,0.674642857142857,High
6,4,7.1,85,29,147,180,56.6,1,13,3,2,80,2.9,0.9279523809523811,0.8694285714285714,High
5,3,8.7,77,37,85,38,48.0,2,7,0,17,17,0.8333333333333334,0.23555555555555563,0.0050000000000001155,Low
3,1,6.9,68,21,21,88,42.0,6,5,0,10,63,-1.3,0.2163492063492064,-0.07714285714285721,Low
2,5,7.2,74,54,30,11,53.1,3,15,2,14,137,-1.0,0.787436507936508,0.5115714285714286,Moderate
11,5,7.3,72,36,180,54,48.5,3,18,0,9,82,4.0,0.7353571428571428,0.8167857142857142,High
4,5,7.7,83,46,72,67,48.2,2,0,0,11,12,0.4,0.026777777777777956,-0.04649999999999996,Low
5,9,6.2,66,55,22,70,50.1,3,5,0,18,26,-1.2666666666666666,0.36084920634920653,0.29085714285714287,Low
13,5,7.9,80,66,93,61,55.5,2,4,3,17,95,1.1,0.49146825396825405,0.30428571428571416,Moderate
5,2,7.2,72,26,171,72,39.6,2,21,1,11,122,3.7,0.39533333333333337,0.6305000000000001,High
5,3,7.4,89,62,14,83,39.2,1,5,2,3,44,-1.5333333333333334,-0.2485396825396824,-0.2661428571428571,Low
13,7,7.0,64,45,82,70,41.0,1,5,1,4,101,0.7333333333333333,-0.18198412698412697,0.02785714285714285,Moderate
12,8,4.6,77,47,34,160,59.5,2,7,0,4,23,-0.8666666666666667,0.888611111111111,0.94,High
8,5,7.8,66,48,125,88,40.6,6,7,2,5,104,2.1666666666666665,0.22477777777777788,0.040500000000000064,Moderate
3,2,7.0,77,38,104,60,56.0,4,4,3,20,48,1.4666666666666666,0.6461904761904763,0.5042857142857142,Moderate
3,2,6.2,78,58,65,20,61.8,2,11,0,6,62,0.16666666666666666,0.9794126984126983,0.9207857142857141,Moderate
4,6,5.7,75,58,30,38,47.2,4,3,0,0,115,-1.0,0.19003174603174616,0.2542142857142857,Low
8,12,5.8,83,55,114,50,54.7,5,6,1,12,39,1.8,0.7146746031746033,0.7574285714285715,High
7,6,6.6,71,42,126,13,44.0,3,4,2,20,30,2.2,-0.012698412698412667,0.26928571428571435,Moderate
4,2,6.4,78,41,11,69,49.6,2,4,0,12,79,-1.6333333333333333,0.23485714285714296,0.18478571428571428,Low
4,11,7.5,77,52,19,48,35.0,3,1,0,18,10,-1.3666666666666667,-0.48595238095238097,-0.5114285714285715,Low
18,8,6.0,63,43,132,2,42.1,7,7,0,14,165,2.4,0.26338888888888895,0.41800000000000004,High
3,6,7.8,69,38,8,79,42.1,3,9,1,14,128,-1.7333333333333334,0.15370634920634926,-0.14985714285714277,Low
8,2,5.0,65,59,30,4,66.7,1,8,2,3,61,-1.0,1.0083253968253971,1.1045714285714285,High
13,4,5.3,71,25,128,128,50.1,5,11,0,9,38,2.2666666666666666,0.7729126984126985,0.8847857142857143,High
6,6,7.2,58,50,28,99,43.5,1,4,4,9,54,-1.0666666666666667,-0.07297619047619047,-0.09571428571428575,Low
8,9,7.4,72,42,44,59,52.1,3,0,1,5,71,-0.5333333333333333,0.26005555555555565,0.05299999999999997,Moderate
4,4,6.1,77,40,75,69,57.1,3,2,0,9,143,0.5,0.5675952380952382,0.5651428571428572,High
6,13,7.4,80,35,180,90,55.6,4,2,0,8,24,4.0,0.5900952380952381,0.5551428571428569,High
1,10,6.4,70,48,36,31,45.6,2,1,3,8,51,-0.8,-0.09450793650793643,0.04157142857142854,Low
20,9,6.0,63,27,62,102,46.3,3,9,1,6,180,0.06666666666666667,0.36826190476190457,0.42614285714285705,High
8,21,5.9,62,42,47,80,49.5,6,0,1,10,35,-0.43333333333333335,0.3663888888888888,0.2449999999999999,Moderate
10,7,5.6,96,25,12,66,50.7,4,11,2,9,101,-1.6,0.6643571428571431,0.5602857142857144,High
12,5,8.3,64,29,180,10,43.3,0,11,0,14,5,4.0,0.002468253968253828,0.2857857142857141,Moderate
18,1,6.8,55,39,102,55,48.2,1,1,0,8,52,1.4,-0.017507936507936334,0.2145714285714287,High
1,4,7.6,69,14,56,30,36.4,1,7,0,5,90,-0.13333333333333333,-0.36200000000000004,-0.22299999999999998,Low
11,3,7.7,85,29,19,57,44.9,5,5,0,11,7,-1.3666666666666667,0.24573809523809514,-0.1351428571428572,Moderate
6,3,7.2,86,48,75,116,44.2,2,5,0,8,48,0.5,0.07979365079365092,0.07135714285714291,Low
6,12,6.8,80,58,26,76,61.3,6,7,0,8,14,-1.1333333333333333,1.1429444444444445,0.589,High
12,3,6.9,65,33,94,68,41.4,5,5,1,2,46,1.1333333333333333,0.10046031746031737,0.08735714285714274,Moderate
12,7,8.4,62,64,52,36,49.8,3,18,1,12,124,-0.26666666666666666,0.7738571428571428,0.34328571428571414,High
3,2,6.6,80,44,49,58,45.3,3,4,1,2,78,-0.36666666666666664,0.09580158730158717,0.11578571428571424,Low
10,14,6.8,82,50,79,42,43.8,5,3,0,1,98,0.6333333333333333,0.10814285714285704,0.08221428571428566,Moderate
3,5,6.5,80,40,59,20,53.9,4,7,0,3,28,-0.03333333333333333,0.6143888888888889,0.502,Low
3,17,7.6,77,41,20,63,46.2,8,2,0,8,135,-1.3333333333333333,0.4037619047619049,-0.1618571428571427,Low
13,5,7.4,82,36,53,55,51.6,1,3,2,8,180,-0.23333333333333334,0.2069206349206351,0.1462142857142857,Moderate
7,7,7.5,70,49,19,4,46.4,7,9,0,1,62,-1.3666666666666667,0.5305396825396824,0.05914285714285712,Moderate
4,11,5.7,71,32,80,56,53.9,6,6,1,14,51,0.6666666666666666,0.7520079365079364,0.6659285714285714,Moderate
6,3,6.0,90,39,113,52,41.3,2,8,0,8,11,1.7666666666666666,-0.014674603174603298,0.3750714285714285,Moderate
8,6,6.8,66,44,19,23,38.9,5,21,0,3,45,-1.3666666666666667,0.5093888888888888,0.29950000000000004,Moderate
13,4,6.7,83,46,43,94,40.2,2,5,1,2,30,-0.5666666666666667,-0.12465079365079351,-0.041142857142857085,Low
3,13,6.2,75,48,49,78,45.9,4,6,1,4,114,-0.36666666666666664,0.2831190476190476,0.2609285714285714,Low
6,1,7.6,68,58,63,68,52.8,2,12,1,11,133,0.1,0.6634603174603174,0.42935714285714294,Moderate
7,5,7.2,81,58,17,101,50.4,3,7,0,5,82,-1.4333333333333333,0.48022222222222216,0.16949999999999993,Low
4,8,6.0,66,36,49,35,47.1,2,3,2,4,42,-0.36666666666666664,0.0488650793650795,0.24621428571428575,Moderate
4,17,5.2,67,13,63,47,52.1,2,4,0,2,66,0.1,0.32291269841269854,0.5997857142857141,High
5,21,7.4,84,41,9,52,55.2,5,7,2,12,33,-1.7,0.7751111111111112,0.2585,Moderate
9,6,6.9,86,40,33,116,36.1,2,7,0,12,55,-0.9,-0.2132777777777777,-0.16700000000000004,Moderate
10,7,7.7,65,69,40,6,44.3,3,4,0,5,62,-0.6666666666666666,-0.006976190476190608,-0.1292142857142858,Low
4,5,6.4,85,52,10,45,63.0,5,5,2,8,138,-1.6666666666666667,1.0469047619047618,0.6128571428571428,High
3,10,6.2,78,21,24,46,45.3,2,6,2,6,24,-1.2,0.08723015873015863,0.18042857142857124,Low
2,1,6.5,81,64,50,113,38.5,7,2,0,6,18,-0.3333333333333333,0.04615079365079364,-0.1253571428571429,Low
2,6,6.6,81,33,40,78,39.0,1,5,2,4,95,-0.6666666666666666,-0.2630952380952381,-0.06714285714285707,Low
8,6,7.2,81,34,67,119,47.6,4,8,0,17,70,0.23333333333333334,0.47660317460317464,0.23907142857142857,Moderate
9,2,8.2,81,73,76,70,35.0,3,3,0,7,73,0.5333333333333333,-0.3900793650793651,-0.43428571428571416,Low
5,3,8.3,79,59,54,180,61.4,1,7,0,5,148,-0.2,0.9296666666666665,0.39949999999999974,High
12,9,6.7,81,39,13,33,57.3,2,9,1,6,58,-1.5666666666666667,0.7199285714285713,0.5111428571428571,Moderate
12,12,7.2,77,30,10,102,60.9,3,1,0,8,82,-1.6666666666666667,0.739547619047619,0.29557142857142843,High
4,3,6.3,81,20,48,46,35.0,5,7,0,5,24,-0.4,-0.14055555555555557,-0.05749999999999997,Low
4,6,8.1,58,49,19,21,67.7,4,5,1,1,152,-1.3666666666666667,1.1650714285714288,0.47885714285714304,High
4,1,6.0,72,37,72,67,54.7,3,10,3,15,69,0.4,0.7430873015873016,0.7317142857142859,High
6,5,6.8,77,48,37,79,35.0,0,17,1,3,39,-0.7666666666666667,-0.08007936507936511,0.1132142857142858,Low
7,4,6.3,77,53,50,93,40.0,2,5,1,20,145,-0.3333333333333333,-0.13476190476190478,0.0403571428571429,Low
15,5,7.0,70,32,58,30,45.3,5,6,2,4,19,-0.06666666666666667,0.2694523809523809,0.1254285714285713,Moderate
6,1,5.9,75,42,123,36,54.4,3,11,0,11,31,2.1,0.7308571428571429,0.8962857142857142,High
6,11,7.6,74,25,39,78,46.5,5,4,2,13,49,-0.7,0.30535714285714294,-0.04821428571428563,Moderate
2,10,5.5,63,31,118,21,46.8,2,19,0,4,51,1.9333333333333333,0.5912380952380951,0.9543571428571427,Moderate
18,13,6.9,60,47,2,29,36.5,2,9,4,6,76,-1.9333333333333333,-0.22051587301587305,-0.1753571428571429,Moderate
5,6,7.5,59,53,101,66,35.0,2,5,0,12,91,1.3666666666666667,-0.3897619047619048,-0.19214285714285717,Low
7,9,6.4,71,44,104,85,47.8,2,4,0,7,87,1.4666666666666666,0.1716349206349205,0.3632857142857141,Moderate
3,7,8.8,77,16,92,56,36.4,2,6,3,2,37,1.0666666666666667,-0.30215873015873024,-0.3715714285714287,Moderate
5,4,6.5,81,53,70,7,48.7,1,1,1,10,79,0.3333333333333333,-0.04834126984126963,0.2020714285714286,Low
15,6,6.8,70,69,84,49,44.9,1,9,0,14,97,0.8,0.11303968253968248,0.29914285714285715,Moderate
4,1,7.7,78,49,131,67,55.7,3,12,2,6,143,2.3666666666666667,0.8595158730158732,0.6688571428571429,Moderate
7,15,7.5,62,31,115,53,53.6,1,5,0,10,91,1.8333333333333333,0.3661269841269843,0.4008571428571428,Moderate
4,5,7.3,76,61,18,78,57.8,3,11,0,7,25,-1.4,0.9305238095238094,0.49078571428571427,Moderate
6,5,6.8,68,53,105,114,39.4,5,11,1,5,73,1.5,0.2758571428571428,0.24378571428571427,Moderate
9,4,5.0,55,49,180,33,49.2,3,18,0,7,39,4.0,0.7435238095238096,1.2402857142857144,High
2,7,6.8,68,34,27,56,49.8,2,17,1,15,180,-1.1,0.6936984126984126,0.5322142857142858,Moderate
5,19,7.2,70,36,55,133,49.2,4,3,1,4,57,-0.16666666666666666,0.3855873015873017,0.11421428571428578,Moderate
2,5,5.9,80,32,84,180,44.2,1,7,1,1,30,0.8,0.1556666666666668,0.3785,Moderate
2,5,6.4,79,51,58,30,43.1,3,8,2,8,68,-0.06666666666666667,0.1085476190476191,0.22157142857142853,Low
1,10,6.2,78,45,74,52,55.9,2,8,0,8,80,0.4666666666666667,0.6423253968253967,0.6805714285714285,Moderate
2,7,5.6,86,34,77,43,56.8,6,5,0,6,180,0.5666666666666667,0.8323492063492064,0.7343571428571427,High
4,1,7.1,66,36,55,86,47.2,2,2,1,1,12,-0.16666666666666666,0.07431746031746045,0.043142857142857274,Low
2,4,6.0,75,38,153,12,48.1,5,11,2,7,53,3.1,0.5540238095238097,0.7647857142857144,Moderate
4,4,5.6,75,36,153,46,56.7,4,2,4,9,38,3.1,0.5907063492063493,0.8356428571428574,High
9,8,8.2,87,39,67,27,45.0,1,7,0,8,99,0.23333333333333334,0.02166666666666668,-0.04249999999999986,Low
9,6,5.9,82,45,12,91,49.6,2,15,0,0,9,-1.6,0.6521587301587302,0.5890714285714285,Moderate
5,10,7.5,71,29,39,44,47.3,4,4,0,8,180,-0.7,0.2369126984126983,-0.006714285714285791,Low
4,14,6.9,71,27,37,35,39.6,1,3,0,9,75,-0.7666666666666667,-0.35530158730158723,-0.16628571428571431,Low
2,7,6.7,71,39,53,13,43.8,3,3,0,3,147,-0.23333333333333334,-0.057412698412698526,0.034714285714285587,Low
5,1,7.4,68,71,114,72,45.6,0,7,3,3,97,1.8,0.03200000000000004,0.23299999999999998,Low
14,13,8.2,68,39,143,18,45.2,3,16,0,6,150,2.7666666666666666,0.4754285714285716,0.41064285714285736,High
2,9,7.2,70,51,103,180,35.0,4,10,2,2,5,1.4333333333333333,0.048809523809523817,0.008214285714285688,Low
3,3,6.5,65,27,86,131,44.8,7,4,0,20,23,0.8666666666666667,0.42107936507936494,0.2107857142857142,Low
1,6,6.7,75,34,72,63,57.8,6,4,3,3,47,0.4,0.8638571428571428,0.5307857142857142,Moderate
4,7,5.4,77,33,32,79,43.5,2,6,0,7,97,-0.9333333333333333,0.0428968253968254,0.2864285714285713,Moderate
17,6,7.0,55,56,138,101,42.5,3,3,0,7,34,2.6,-0.018134920634920622,0.15571428571428572,Moderate
14,3,7.2,72,21,37,30,55.7,3,5,1,1,18,-0.7666666666666667,0.5684047619047621,0.3213571428571429,Moderate
20,4,6.9,72,45,102,33,55.0,2,5,1,8,58,1.4,0.47357142857142864,0.5153571428571427,Moderate
8,1,7.2,78,47,46,84,40.9,3,11,1,9,27,-0.4666666666666667,0.17669047619047612,0.0712857142857142,Low
9,3,7.0,63,27,142,27,49.8,0,2,0,7,57,2.7333333333333334,-0.007571428571428687,0.35614285714285704,Low
5,4,6.6,74,44,18,48,50.8,1,7,1,2,19,-1.4,0.30599999999999977,0.289,Low
7,1,6.1,68,18,48,51,48.2,3,2,2,1,63,-0.4,0.14709523809523825,0.2306428571428573,Low
7,1,6.8,56,38,84,41,68.1,4,1,0,8,14,0.8,1.062436507936508,0.7665714285714285,High
5,7,6.9,73,44,101,58,60.4,1,1,0,5,45,1.3666666666666667,0.5348253968253969,0.5605714285714285,High
4,5,7.0,70,62,75,41,46.3,4,3,0,9,77,0.5,0.15286507936507923,0.1122142857142856,Low
5,1,7.3,68,45,64,73,49.1,2,5,2,2,82,0.13333333333333333,0.25251587301587314,0.17335714285714293,Low
3,5,5.8,81,38,91,41,50.5,3,0,1,5,95,1.0333333333333334,0.1680555555555556,0.4025,Moderate
9,3,7.7,77,43,28,94,63.5,4,14,1,11,115,-1.0666666666666667,1.3786111111111112,0.7025,High
8,1,6.8,78,40,48,30,57.0,4,9,0,2,54,-0.4,0.8364285714285714,0.5721428571428572,Moderate
9,7,7.2,86,38,82,29,50.0,0,21,0,7,26,0.7333333333333333,0.6822222222222222,0.72,Moderate
3,3,7.0,67,39,180,74,46.9,4,1,2,13,6,4.0,0.14510317460317454,0.3355714285714285,Moderate
6,3,6.5,78,43,59,36,41.4,4,13,0,8,104,-0.03333333333333333,0.2839523809523809,0.2984285714285714,Low
3,2,8.0,62,48,148,73,58.5,4,4,1,9,41,2.933333333333333,0.7731349206349207,0.5142857142857143,Moderate
7,7,6.6,78,45,105,61,49.5,0,15,0,10,88,1.5,0.4809920634920634,0.6960714285714287,High
20,7,6.1,71,57,29,10,48.7,10,9,0,16,61,-1.0333333333333334,0.8407063492063495,0.39814285714285724,High
10,3,6.3,86,49,79,9,49.3,1,2,0,5,38,0.6333333333333333,0.016595238095237982,0.30614285714285705,Low
12,11,7.2,69,40,57,49,47.0,2,10,1,8,19,-0.1,0.30992063492063493,0.25321428571428567,Moderate
7,14,7.2,75,73,65,29,40.2,3,7,1,3,23,0.16666666666666666,-0.05877777777777766,-0.016499999999999945,Low
10,6,5.6,78,45,93,105,47.8,2,1,0,17,36,1.1,0.0867142857142856,0.39007142857142857,Moderate
1,5,7.0,70,17,123,58,50.0,4,6,1,6,28,2.1,0.44539682539682546,0.42892857142857144,Moderate
13,15,7.6,61,68,38,80,62.8,3,11,0,7,138,-0.7333333333333333,1.1577460317460317,0.6382857142857143,High
5,4,6.3,85,57,168,82,44.7,3,3,1,20,131,3.6,0.05975396825396839,0.4192142857142859,Moderate
5,1,7.2,72,44,88,37,43.8,2,6,1,2,92,0.9333333333333333,0.009730158730158603,0.1204285714285713,Low
17,10,7.5,77,32,19,47,50.6,4,17,0,7,49,-1.3666666666666667,0.8530317460317461,0.41371428571428576,High
7,3,7.5,60,65,76,40,40.5,2,3,0,7,37,0.5333333333333333,-0.24257936507936506,-0.14678571428571427,Low
2,6,7.0,70,50,100,78,47.2,3,4,0,3,39,1.3333333333333333,0.20352380952380963,0.23028571428571437,Moderate
2,2,6.9,89,55,79,46,43.8,2,1,0,8,27,0.6333333333333333,-0.15884126984126995,0.007571428571428403,Low
8,11,8.0,77,56,72,51,62.7,2,8,2,3,33,0.4,0.947214285714286,0.5645714285714288,High
5,1,7.0,65,43,64,168,51.0,2,12,2,5,40,0.13333333333333333,0.6935714285714286,0.4828571428571429,High
3,11,5.4,71,49,28,47,53.9,5,7,1,12,29,-1.0666666666666667,0.7110555555555554,0.6169999999999999,Moderate
4,11,5.6,68,40,56,90,40.0,6,21,0,2,54,-0.13333333333333333,0.7,0.635,Moderate
6,3,7.9,69,59,76,57,56.1,0,2,0,5,100,0.5333333333333333,0.3092619047619047,0.22264285714285703,Low
8,13,7.3,79,56,180,97,64.9,5,2,1,14,70,4.0,1.0830396825396829,0.8516428571428574,High
7,6,6.5,70,40,29,122,52.9,3,12,1,20,7,-1.0333333333333334,0.7946269841269841,0.5398571428571428,High
1,6,6.8,59,26,74,19,48.1,3,5,1,10,96,0.4666666666666667,0.21418253968253975,0.25585714285714295,Moderate
3,15,7.7,87,47,111,57,55.6,4,21,0,8,54,1.7,1.2320000000000002,0.873,High
5,5,6.4,81,57,40,35,56.6,3,1,0,5,132,-0.6666666666666666,0.4716031746031747,0.38157142857142856,Low
6,2,7.2,55,36,180,54,46.8,2,5,0,3,30,4.0,0.1279047619047618,0.4118571428571427,Moderate
12,2,7.0,64,47,111,39,64.5,3,3,2,12,67,1.7,0.9029761904761906,0.7482142857142857,High
6,14,7.5,67,33,169,70,35.0,2,9,0,2,180,3.6333333333333333,-0.2424603174603175,0.09214285714285711,Moderate
13,5,7.0,65,30,24,35,49.9,0,7,1,6,24,-1.2,0.18438888888888882,0.20699999999999993,Low
3,1,7.4,74,31,53,36,39.3,4,18,0,4,26,-0.23333333333333334,0.36802380952380936,0.20578571428571416,Moderate
6,3,5.1,57,64,45,79,55.0,4,3,2,4,73,-0.5,0.5865873015873017,0.6307142857142857,Moderate
4,14,5.9,88,70,15,29,69.9,3,0,0,3,49,-1.5,1.0277222222222226,0.7770000000000001,High
3,3,6.3,75,61,27,36,49.0,2,16,0,5,134,-1.1,0.5997619047619047,0.5671428571428572,Moderate
9,6,7.5,55,40,88,180,51.6,3,2,0,8,127,0.9333333333333333,0.4434285714285715,0.18764285714285717,Moderate
5,8,6.8,71,48,21,31,35.0,5,4,0,1,98,-1.3,-0.26436507936507936,-0.29821428571428565,Low
10,3,9.0,83,63,68,27,54.6,4,9,2,3,33,0.26666666666666666,0.7250952380952382,0.1651428571428572,Moderate
4,7,7.8,76,44,62,36,41.8,4,5,0,3,3,0.06666666666666667,0.016238095238095135,-0.13814285714285718,Low
4,5,8.5,75,43,28,29,48.3,7,1,1,10,67,-1.0666666666666667,0.3581031746031745,-0.26492857142857146,Low
13,1,6.6,82,56,7,72,47.8,4,10,0,7,68,-1.7666666666666666,0.5048095238095236,0.25721428571428573,Moderate
6,4,6.8,72,49,26,14,49.8,1,1,0,20,33,-1.1333333333333333,0.008936507936507812,0.07257142857142854,Low
7,11,6.0,62,52,32,79,41.0,5,2,0,4,144,-0.9333333333333333,-0.012460317460317455,-0.007857142857142882,Low
4,3,6.4,65,50,76,63,43.9,5,11,0,7,57,0.5333333333333333,0.42169047619047617,0.3762857142857141,Low
13,5,5.8,69,30,179,95,40.9,4,10,1,13,180,3.966666666666667,0.2198650793650793,0.6202142857142857,High
10,13,6.4,90,54,32,161,49.6,4,4,1,12,44,-0.9333333333333333,0.4704126984126985,0.23728571428571427,Moderate
9,1,5.9,75,43,59,45,46.6,1,12,0,5,94,-0.03333333333333333,0.29223809523809535,0.5308571428571429,Low
12,2,6.9,76,43,82,34,56.0,2,12,0,11,135,0.7333333333333333,0.7696825396825399,0.6953571428571428,High
4,1,6.2,69,47,139,161,52.3,2,3,2,11,11,2.6333333333333333,0.4228650793650793,0.5922142857142856,Moderate
3,5,7.3,74,59,90,175,47.2,3,21,1,3,97,1.0,0.9184444444444445,0.6385000000000001,Moderate
11,18,5.3,70,38,180,62,50.1,3,6,1,2,134,4.0,0.38767460317460334,0.8719285714285714,High
7,3,7.5,67,45,53,126,55.7,2,5,0,4,34,-0.23333333333333334,0.6084047619047621,0.3088571428571429,Moderate
2,4,5.0,77,16,19,175,51.8,2,4,2,6,107,-1.3666666666666667,0.45163492063492056,0.5157857142857142,Moderate
4,12,7.0,77,53,40,178,49.5,4,10,0,8,133,-0.6666666666666666,0.6990873015873015,0.3207142857142857,Moderate
3,8,5.9,75,50,6,102,58.7,1,3,1,20,58,-1.8,0.5786428571428573,0.5042142857142856,High
7,2,6.2,75,43,11,108,49.3,6,8,0,13,33,-1.6333333333333333,0.6742142857142855,0.32507142857142846,Moderate
14,5,6.9,81,36,75,59,50.1,4,2,0,6,99,0.5,0.30815079365079373,0.21514285714285714,Moderate
13,15,5.6,85,45,108,22,44.7,7,6,2,20,96,1.6,0.36689682539682555,0.47742857142857154,High
4,5,5.8,79,47,6,40,47.3,3,4,0,20,80,-1.8,0.1658015873015872,0.20828571428571419,Low
13,4,6.7,68,59,114,88,49.5,2,9,1,16,70,1.8,0.4300396825396825,0.5296428571428571,Moderate
3,2,6.2,61,46,48,37,61.9,2,8,0,16,48,-0.4,0.8956587301587302,0.7955714285714285,Moderate
7,9,6.5,75,51,80,102,46.1,5,20,1,8,59,0.6666666666666666,0.885452380952381,0.6919285714285714,Moderate
5,11,7.9,78,36,43,20,42.1,8,3,1,20,133,-0.5666666666666667,0.20719841269841277,-0.2512857142857143,Moderate
4,8,4.7,72,53,123,85,51.0,8,4,0,12,143,2.1,0.7156349206349207,0.8042857142857142,High
12,6,7.1,77,45,31,180,40.9,7,3,1,20,67,-0.9666666666666667,0.26430952380952377,-0.17728571428571427,Moderate
2,5,8.4,67,32,10,24,56.7,3,9,1,18,13,-1.6666666666666667,0.7495952380952382,0.18814285714285722,Moderate
8,1,6.4,67,63,66,31,43.5,3,12,1,2,115,0.2,0.270515873015873,0.36785714285714277,Low
8,8,5.8,87,17,23,88,47.8,5,6,0,5,56,-1.2333333333333334,0.44639682539682524,0.32292857142857134,Moderate
3,3,7.2,68,44,13,48,54.4,2,19,0,8,76,-1.5666666666666667,0.9632380952380952,0.6223571428571428,Moderate
2,8,6.9,81,32,16,109,54.1,2,3,1,14,37,-1.4666666666666666,0.4460873015873017,0.21621428571428575,Low
6,1,7.9,81,50,30,104,52.2,2,4,4,0,72,-1.0,0.3907460317460319,0.04778571428571428,Low
6,11,7.2,70,36,47,180,43.0,2,12,2,5,31,-0.43333333333333335,0.34690476190476194,0.16535714285714284,Moderate
7,6,5.9,68,50,49,86,35.0,0,2,1,7,47,-0.36666666666666664,-0.6080158730158731,-0.12785714285714295,Low
3,10,6.4,72,42,34,109,48.2,2,6,0,10,56,-0.8666666666666667,0.28773015873015895,0.2574285714285714,Low
8,17,7.2,86,49,13,8,52.8,3,0,2,7,155,-1.5666666666666667,0.23488888888888884,0.03149999999999992,Moderate
5,9,7.4,58,12,9,34,43.9,6,14,1,1,180,-1.7,0.5632777777777778,0.11949999999999988,Moderate
6,19,7.1,65,37,39,86,50.1,1,9,4,8,180,-0.7,0.3881507936507938,0.29014285714285726,Moderate
12,9,6.7,81,45,50,29,41.5,5,12,1,15,105,-0.3333333333333333,0.31162698412698414,0.21535714285714283,Moderate
6,3,6.9,86,47,67,56,62.9,0,12,0,2,29,0.23333333333333334,0.9712936507936508,0.8648571428571428,High
2,5,6.7,84,28,83,109,55.4,6,3,0,6,48,0.7666666666666667,0.7712539682539683,0.4577142857142856,Moderate
15,6,6.0,82,49,107,63,52.0,2,9,1,3,27,1.5666666666666667,0.5147619047619048,0.709642857142857,High
8,5,5.8,85,53,34,56,47.5,5,8,1,6,42,-0.8666666666666667,0.4687698412698412,0.3985714285714286,Moderate
12,4,7.9,85,43,56,8,35.0,3,8,2,2,163,-0.13333333333333333,-0.2803968253968254,-0.2889285714285715,Moderate
1,11,7.7,76,39,38,25,41.8,3,2,0,6,43,-0.7333333333333333,-0.16979365079365094,-0.26635714285714296,Low
12,6,7.5,65,48,100,144,52.8,4,15,1,5,81,1.3333333333333333,0.9883809523809524,0.6250714285714285,High
4,8,6.8,77,47,48,108,50.4,3,2,2,15,97,-0.4,0.3094285714285714,0.1741428571428571,Low
9,2,6.8,93,42,62,180,62.3,1,14,2,14,180,0.06666666666666667,1.2201666666666666,0.9089999999999999,High
5,5,6.5,77,43,147,59,52.1,0,10,0,4,27,2.9,0.4171984126984128,0.7537142857142858,High
2,7,6.6,66,30,33,78,37.6,3,7,1,3,29,-0.9,-0.12133333333333327,-0.0694999999999999,Low
8,7,5.9,68,53,82,41,37.6,3,5,0,20,86,0.7333333333333333,-0.2338730158730158,0.11835714285714283,Moderate
3,1,7.7,72,47,16,44,57.3,1,3,0,7,58,-1.4666666666666666,0.45119841269841254,0.1722142857142856,Low
4,4,5.9,79,47,32,44,49.7,0,9,2,17,58,-0.9333333333333333,0.25681746031746044,0.4706428571428572,Moderate
12,6,5.5,56,38,33,53,35.0,1,3,1,2,128,-0.9,-0.5423015873015873,-0.06928571428571433,Moderate
4,3,7.2,79,43,89,36,42.8,1,14,1,16,102,0.9666666666666667,0.18266666666666653,0.3214999999999999,Low
0,15,5.7,78,49,180,35,49.6,3,5,0,1,33,4.0,0.29946031746031754,0.7583571428571427,Moderate
4,13,8.0,80,51,28,55,48.5,1,0,0,3,61,-1.0666666666666667,-0.039722222222222214,-0.2,Low
12,4,6.0,78,44,69,20,37.5,3,3,2,2,56,0.3,-0.3331349206349206,0.008214285714285709,Moderate
10,2,6.2,66,42,127,62,51.9,1,18,3,11,38,2.2333333333333334,0.7639126984126985,0.9787857142857141,High
10,6,7.7,64,52,79,69,49.6,9,3,2,9,17,0.6333333333333333,0.665809523809524,0.09871428571428573,Moderate
7,7,5.9,62,40,36,77,51.1,3,5,0,7,56,-0.8,0.41362698412698423,0.4083571428571428,Low
2,7,6.9,56,67,68,37,35.0,2,10,0,15,96,0.26666666666666666,-0.24341269841269841,-0.026785714285714347,Low
6,9,7.4,78,44,3,36,35.0,3,3,0,6,92,-1.9,-0.4278571428571429,-0.47678571428571437,Low
5,2,8.4,70,43,134,35,52.4,2,1,1,3,69,2.466666666666667,0.21593650793650787,0.14057142857142846,Moderate
1,9,9.0,73,36,91,121,45.4,5,3,1,14,180,1.0333333333333334,0.26792063492063484,-0.2247857142857143,Low
2,5,6.4,95,37,91,75,38.5,2,14,1,4,43,1.0333333333333334,0.09916666666666668,0.33749999999999997,Moderate
3,8,7.7,86,38,27,69,49.4,5,6,0,11,29,-1.1,0.4972857142857142,0.04842857142857131,Low
2,6,6.7,71,48,90,60,55.1,7,2,0,11,88,1.0,0.7342619047619049,0.43764285714285717,Moderate
14,4,5.8,90,44,23,61,53.3,1,8,0,18,11,-1.2333333333333334,0.46865873015873,0.5450714285714284,High
13,2,6.0,67,26,103,46,53.0,6,13,0,3,97,1.4333333333333333,0.9503968253968256,0.8439285714285715,High
5,3,6.9,70,59,22,180,54.6,6,9,2,3,92,-1.2666666666666666,1.0284285714285717,0.4176428571428572,Moderate
9,5,7.7,78,56,25,60,55.6,4,3,1,5,59,-1.1666666666666667,0.5924761904761905,0.14371428571428563,Low
3,3,6.4,76,45,180,62,46.5,5,16,0,3,180,4.0,0.7161507936507938,0.8571428571428572,High
5,3,7.5,69,59,50,67,35.0,4,9,1,20,180,-0.3333333333333333,-0.11246031746031745,-0.20535714285714285,Low
3,6,7.4,72,16,95,19,46.1,0,2,0,9,78,1.1666666666666667,-0.1829603174603174,0.05764285714285709,Low
3,5,6.4,70,33,159,40,55.7,4,13,0,2,25,3.3,0.9318968253968255,0.9949285714285715,Moderate
5,0,4.6,84,44,112,41,35.8,4,11,0,3,51,1.7333333333333334,-0.03392063492063504,0.5382857142857143,Moderate
4,3,6.7,60,57,10,46,52.0,2,9,1,12,39,-1.6666666666666667,0.4958730158730159,0.34464285714285714,Low
9,12,6.5,63,39,120,63,41.9,1,0,2,2,61,2.0,-0.3278333333333334,0.09449999999999995,Moderate
11,2,6.3,83,21,87,31,35.0,6,8,1,3,4,0.9,-0.054841269841269843,0.0685714285714286,Low
6,13,5.9,78,33,175,39,41.5,1,3,1,7,16,3.8333333333333335,-0.26535714285714285,0.41071428571428564,Moderate
3,3,8.3,80,49,80,78,61.0,6,11,2,12,9,0.6666666666666666,1.2745238095238094,0.5667857142857142,Moderate
4,6,5.7,74,63,137,49,48.1,2,11,1,20,43,2.566666666666667,0.3951349206349207,0.7772857142857144,Moderate
7,2,6.5,71,19,85,84,35.8,6,2,1,7,133,0.8333333333333334,-0.17423809523809533,-0.11885714285714297,Moderate
9,5,7.0,76,38,36,27,40.8,5,6,0,7,69,-0.8,0.06361904761904748,-0.06457142857142865,Low
8,1,7.2,85,53,76,93,42.3,3,5,0,19,87,0.5333333333333333,0.03540476190476178,0.016857142857142737,Low
3,9,6.7,92,43,49,42,47.7,6,5,2,2,15,-0.36666666666666664,0.42173809523809547,0.1988571428571429,Low
6,3,6.0,89,43,61,176,64.1,1,9,0,12,22,0.03333333333333333,1.1181507936507935,0.9576428571428568,High
3,4,6.4,74,25,51,101,35.8,2,9,0,20,9,-0.3,-0.17201587301587312,0.013642857142856984,Low
11,6,6.3,74,66,51,39,44.3,2,11,0,2,114,-0.3,0.21302380952380937,0.3432857142857142,Low
2,9,7.2,66,50,50,79,41.5,5,11,1,3,59,-0.3333333333333333,0.33146825396825397,0.09928571428571425,Low
2,6,6.4,78,36,23,42,50.6,2,10,1,5,52,-1.2333333333333334,0.4641428571428572,0.41621428571428565,Low
1,5,7.6,71,41,20,31,49.0,0,4,0,7,54,-1.3333333333333333,0.03230158730158732,-0.020714285714285616,Low
27,5,7.5,77,48,113,85,40.2,5,5,1,7,16,1.7666666666666666,0.06534920634920648,-0.006142857142857061,Moderate
6,9,6.0,80,58,91,135,43.0,2,7,1,2,93,1.0333333333333334,0.11833333333333335,0.3425,Moderate
1,2,7.0,63,39,49,57,44.7,2,2,0,6,20,-0.36666666666666664,-0.07040476190476176,-0.029357142857142776,Low
5,8,7.4,74,41,30,177,48.4,8,19,2,20,54,-1.0,1.2365714285714287,0.4498571428571427,High
10,11,7.1,55,52,105,56,52.2,4,11,1,2,25,1.5,0.7207460317460318,0.5752857142857144,High
7,5,5.3,71,37,29,40,53.5,2,6,1,4,62,-1.0333333333333334,0.4495634920634921,0.5964285714285714,Moderate
3,5,7.8,56,46,15,45,50.6,4,5,2,8,40,-1.5,0.42223809523809536,0.008357142857142924,Low
4,3,6.5,80,27,57,19,52.8,6,3,1,15,58,-0.1,0.5542539682539683,0.34971428571428564,Low
5,6,7.5,75,22,38,129,43.0,2,4,1,13,11,-0.7333333333333333,0.004523809523809541,-0.1382142857142857,Low
5,6,8.7,85,41,25,52,44.3,6,2,2,12,25,-1.1666666666666667,0.17270634920634906,-0.39885714285714285,Low
4,8,5.7,90,23,37,30,56.5,4,7,0,2,15,-0.7666666666666667,0.7424999999999999,0.6649999999999999,Moderate
5,1,8.3,84,47,89,104,53.6,3,4,0,17,80,0.9666666666666667,0.5204126984126985,0.1672857142857142,Moderate
3,2,7.4,75,57,51,68,38.1,4,4,0,14,66,-0.3,-0.15042063492063484,-0.2352142857142857,Low
3,17,5.8,64,36,36,38,59.7,0,5,1,2,169,-0.8,0.5572936507936509,0.6838571428571429,High
12,10,6.9,87,33,24,12,43.9,4,2,0,20,4,-1.2,-0.02307142857142866,-0.09835714285714298,Moderate
22,1,7.9,84,50,119,91,59.9,5,2,1,18,53,1.9666666666666666,0.8513730158730157,0.44414285714285684,High
2,1,5.5,73,30,32,44,38.3,2,7,0,4,26,-0.9333333333333333,-0.1942777777777779,0.14149999999999985,Low
9,7,7.1,86,23,73,22,40.9,2,4,0,6,40,0.43333333333333335,-0.20886507936507942,-0.04371428571428569,Moderate
17,6,7.7,73,32,25,103,53.0,7,9,0,13,41,-1.1666666666666667,0.9375396825396827,0.2371428571428571,High
26,7,7.6,73,33,70,45,35.0,5,2,0,10,43,0.3333333333333333,-0.32023809523809527,-0.3728571428571428,High
9,11,5.7,85,47,85,64,45.1,2,2,0,8,33,0.8333333333333334,-0.04462698412698408,0.30014285714285704,Moderate
6,9,6.2,75,44,38,72,47.3,3,6,2,4,40,-0.7333333333333333,0.2727857142857142,0.2754285714285713,Moderate
21,4,6.2,85,42,87,109,51.5,1,7,0,9,116,0.9,0.4052777777777778,0.5525,High
5,5,6.1,83,46,43,39,35.8,2,2,0,2,22,-0.5666666666666667,-0.49090476190476195,-0.15385714285714291,Low
2,8,7.9,75,41,28,39,45.3,0,12,0,7,30,-1.0666666666666667,0.16040476190476177,0.06435714285714271,Low
2,1,5.6,84,27,16,79,35.1,4,3,0,14,6,-1.4666666666666666,-0.30891269841269836,-0.12628571428571417,Low
6,2,7.2,82,42,14,43,45.0,5,2,2,5,71,-1.5333333333333334,0.12753968253968254,-0.1428571428571429,Low
9,4,6.7,78,58,138,109,42.3,3,2,1,8,180,2.6,-0.0539603174603176,0.173642857142857,Moderate
9,4,7.3,65,53,40,96,42.9,4,7,1,5,23,-0.6666666666666666,0.20383333333333326,-0.015500000000000007,Low
5,10,7.2,81,28,14,27,51.2,4,15,1,8,61,-1.5333333333333334,0.7863809523809525,0.4145714285714286,Moderate
3,5,6.7,73,49,90,52,50.5,2,1,0,20,180,1.0,0.1493253968253969,0.2710714285714285,Low
1,5,6.6,77,25,80,63,51.1,3,9,0,4,48,0.6666666666666666,0.5409285714285714,0.5101428571428572,Low
4,2,8.3,82,50,37,55,64.8,2,3,0,3,79,-0.7666666666666667,0.8675873015873016,0.3447142857142855,Moderate
5,5,6.9,60,42,73,81,48.0,0,10,0,3,54,0.43333333333333335,0.2571428571428572,0.37571428571428567,Low
9,6,6.2,80,30,61,47,36.4,2,2,0,13,1,0.03333333333333333,-0.4550158730158731,-0.10835714285714296,Low
6,1,6.2,67,43,32,46,57.0,3,3,0,5,27,-0.9333333333333333,0.5732539682539682,0.4657142857142856,Low
4,5,7.1,64,48,14,80,46.5,5,5,0,9,33,-1.5333333333333334,0.3432936507936509,0.005357142857142935,Low
6,6,7.0,74,40,95,81,51.5,2,6,0,20,65,1.1666666666666667,0.4051190476190476,0.4039285714285714,Moderate
4,0,7.7,62,62,127,48,55.1,3,5,2,14,123,2.2333333333333334,0.5614047619047621,0.44085714285714284,Moderate
19,8,6.3,80,41,16,67,40.4,5,11,0,3,48,-1.4666666666666666,0.26863492063492056,0.1387857142857143,Moderate
5,4,5.0,77,24,142,117,51.6,7,3,0,6,21,2.7333333333333334,0.6758095238095241,0.7887142857142856,High
7,7,7.4,67,44,41,93,47.9,1,10,0,4,28,-0.6333333333333333,0.3326428571428571,0.20521428571428557,Low
6,5,6.1,81,59,161,45,51.3,3,1,0,18,41,3.3666666666666667,0.24421428571428555,0.5775714285714285,Moderate
5,2,7.2,76,31,172,69,41.5,1,3,0,4,72,3.7333333333333334,-0.23202380952380952,0.17571428571428566,Low
2,2,6.6,83,22,80,90,51.1,3,21,0,7,85,0.6666666666666666,0.9995,0.8530000000000002,Moderate
7,6,5.3,75,32,43,78,41.1,3,3,4,6,180,-0.5666666666666667,-0.10669047619047611,0.17371428571428577,Moderate
11,8,8.1,80,39,107,173,45.0,1,10,1,1,110,1.5666666666666667,0.2910317460317461,0.16071428571428578,Moderate
1,2,7.1,78,49,123,117,42.7,0,4,1,1,59,2.1,-0.155642857142857,0.13528571428571445,Low
1,8,6.4,80,51,87,35,44.1,1,11,1,1,51,0.9,0.13291269841269848,0.40978571428571425,Low
7,3,5.4,80,23,76,52,43.2,4,6,0,12,29,0.5333333333333333,0.13273015873015886,0.3874285714285714,Moderate
2,7,5.9,79,40,44,43,44.3,2,3,3,4,10,-0.5333333333333333,-0.06824603174603189,0.16721428571428557,Low
6,3,5.7,72,49,40,39,63.5,5,14,1,12,67,-0.6666666666666666,1.3841666666666668,1.0824999999999998,High
10,1,7.5,82,46,16,46,47.3,2,12,1,8,43,-1.4666666666666666,0.391515873015873,0.1643571428571428,Low
4,3,8.3,83,27,117,103,46.7,8,6,0,0,90,1.9,0.6135634920634923,0.08742857142857137,Low
3,3,7.2,76,50,107,88,42.0,5,21,1,13,126,1.5666666666666667,0.7211111111111111,0.5425,Moderate
27,7,6.1,80,44,72,146,45.4,3,6,1,9,22,0.4,0.2695079365079364,0.32092857142857145,High
2,15,6.6,75,32,40,34,52.6,3,7,1,6,44,-0.6666666666666666,0.504777777777778,0.39800000000000013,Moderate
13,21,7.1,75,51,74,87,49.0,2,11,1,20,82,0.4666666666666667,0.47785714285714287,0.4017857142857143,High
14,9,7.2,82,28,27,27,45.5,3,13,0,2,82,-1.1,0.3917857142857143,0.21892857142857136,Moderate
13,10,6.9,60,57,41,122,50.6,4,2,0,2,118,-0.6333333333333333,0.4006507936507937,0.1451428571428571,Moderate
4,6,6.3,79,36,122,88,36.5,0,6,2,5,82,2.066666666666667,-0.395436507936508,0.14392857142857146,Low
9,5,7.9,77,44,9,12,41.2,4,6,1,6,70,-1.7,-0.001714285714285585,-0.2775714285714286,Low
4,10,7.2,74,64,24,53,45.8,0,13,1,4,21,-1.2,0.23417460317460304,0.22042857142857128,Moderate
5,8,6.5,72,37,65,49,41.6,3,13,2,11,176,0.16666666666666666,0.2407301587301588,0.31942857142857145,Moderate
7,12,4.7,65,49,66,146,64.3,4,5,2,8,46,0.2,1.1509603174603174,1.0893571428571427,High
11,13,6.6,75,66,42,26,44.2,4,19,1,2,43,-0.6,0.6131269841269842,0.49385714285714305,High
12,11,6.2,78,41,45,99,51.7,2,3,0,13,176,-0.5,0.3269761904761907,0.3392142857142858,Moderate
9,4,5.7,60,33,13,18,43.3,1,5,0,3,180,-1.5666666666666667,-0.1362619047619049,0.15185714285714275,Low
7,3,8.1,88,34,50,101,35.0,0,2,1,15,68,-0.3333333333333333,-0.5913492063492064,-0.5103571428571428,Moderate
10,2,6.3,67,64,97,68,50.7,2,3,0,6,25,1.2333333333333334,0.2475317460317462,0.4217142857142858,Low
4,4,6.0,71,65,90,19,42.7,2,4,2,8,85,1.0,-0.13119841269841256,0.24528571428571433,Moderate
7,8,7.9,81,37,50,149,49.6,3,9,2,3,93,-0.3333333333333333,0.5689841269841271,0.16264285714285712,Moderate
8,4,6.5,66,39,33,41,37.9,3,3,2,3,180,-0.9,-0.29180158730158734,-0.15728571428571433,Low
16,10,7.0,55,34,53,90,35.0,1,9,3,7,42,-0.23333333333333334,-0.2869047619047619,-0.11035714285714286,Moderate
4,0,6.5,75,58,60,57,54.6,2,4,2,11,52,0.0,0.44652380952380966,0.43978571428571434,Low
4,8,7.6,72,39,6,50,50.4,6,8,2,1,62,-1.8,0.6592698412698412,0.10057142857142859,Low
5,4,4.9,76,49,33,14,62.9,4,10,0,3,81,-0.9,1.1198650793650793,1.0727142857142855,High
4,3,7.0,62,62,57,84,43.0,3,21,1,8,99,-0.1,0.6283333333333333,0.4825,Moderate
3,5,7.4,70,62,14,90,59.9,7,1,2,7,29,-1.5333333333333334,0.9478809523809523,0.24057142857142838,Moderate
13,10,6.9,62,66,78,117,41.8,6,12,1,8,88,0.6,0.48957142857142855,0.25935714285714273,High
5,3,5.4,63,12,65,105,65.1,3,9,0,6,25,0.16666666666666666,1.2175952380952377,1.1026428571428568,High
1,3,7.3,70,55,113,59,52.8,2,6,1,6,180,1.7666666666666666,0.43917460317460316,0.4354285714285714,Moderate
3,4,6.8,75,54,84,43,56.7,6,13,1,7,119,0.8,1.1135634920634923,0.7674285714285716,Moderate
2,2,8.2,77,38,38,88,35.0,2,7,1,18,12,-0.7333333333333333,-0.2938888888888889,-0.41499999999999987,Low
12,3,7.9,59,63,36,55,46.6,2,12,0,4,42,-0.8,0.37001587301587313,0.12335714285714286,Low
1,3,7.2,82,42,49,78,48.8,3,13,0,3,16,-0.36666666666666664,0.5969523809523808,0.3729285714285713,Low
5,4,7.6,85,58,98,84,46.2,2,5,0,5,180,1.2666666666666666,0.1342380952380954,0.118857142857143,Moderate
19,2,5.3,67,36,22,121,43.6,0,9,0,20,95,-1.2666666666666666,0.06787301587301592,0.3676428571428572,Moderate
9,3,8.2,73,51,90,29,48.5,5,6,0,12,91,1.0,0.4123412698412699,0.09142857142857158,Low
1,18,6.0,75,49,113,31,58.3,2,6,1,5,80,1.7666666666666666,0.655563492063492,0.8279285714285711,High
10,4,6.4,77,33,40,65,42.6,4,11,0,3,180,-0.6666666666666666,0.29874603174603176,0.24728571428571422,Moderate
1,5,6.9,75,67,137,8,46.1,3,21,0,5,72,2.566666666666667,0.6833888888888889,0.793,High
11,6,7.0,78,35,40,49,47.8,2,1,1,1,59,-0.6666666666666666,0.024492063492063385,0.012571428571428477,Low
10,7,8.1,80,50,51,105,35.0,2,10,0,16,126,-0.3,-0.16785714285714287,-0.2792857142857142,Moderate
10,5,7.3,86,44,163,86,47.5,2,2,0,18,23,3.433333333333333,0.08781746031746035,0.2871428571428571,High
13,13,6.8,85,23,27,7,43.9,5,6,1,10,34,-1.1,0.18089682539682536,0.0409285714285714,Moderate
6,4,6.8,80,39,27,120,54.0,1,1,1,2,112,-1.1,0.3157142857142857,0.20107142857142857,Moderate
2,5,9.0,74,55,41,21,67.5,1,1,0,18,139,-0.6333333333333333,0.8132142857142858,0.25607142857142856,Moderate
5,8,5.9,75,54,42,14,55.5,3,15,2,6,28,-0.6,0.8987698412698413,0.8410714285714284,High
6,12,8.1,69,63,80,30,45.8,3,7,3,20,125,0.6666666666666666,0.19433333333333325,0.03149999999999998,Moderate
6,2,8.0,60,45,74,107,44.1,2,20,1,3,49,0.4666666666666667,0.6010079365079366,0.3544285714285715,Low
16,3,4.7,68,58,21,14,46.0,4,7,0,4,42,-1.3,0.25222222222222224,0.485,Moderate
17,6,5.5,80,18,13,104,50.9,3,21,1,6,22,-1.5666666666666667,1.0060555555555555,0.8719999999999999,High
5,6,8.2,69,45,157,148,35.0,1,8,0,10,46,3.2333333333333334,-0.25817460317460317,-0.0889285714285713,Moderate
4,2,6.6,79,39,15,73,44.8,5,6,0,9,25,-1.5,0.29473015873015856,0.0729285714285714,Low
6,1,7.8,66,39,58,18,42.9,5,8,0,15,86,-0.06666666666666667,0.21954761904761894,-0.029428571428571436,Low
7,4,7.2,59,33,59,58,50.3,1,15,0,10,31,-0.03333333333333333,0.5803253968253967,0.5000714285714285,Moderate
4,3,5.0,74,29,23,41,43.1,4,12,1,4,71,-1.2333333333333334,0.33029365079365086,0.4933571428571428,Moderate
10,7,8.1,87,31,19,82,35.0,4,9,1,10,56,-1.3666666666666667,-0.09579365079365079,-0.38785714285714273,Moderate
10,5,6.1,64,12,9,39,46.4,3,1,1,17,39,-1.7,0.017047619047619034,0.0505714285714286,Moderate
17,4,5.2,89,59,57,31,53.9,1,4,2,10,85,-0.1,0.31946825396825396,0.6387857142857143,High
10,3,5.8,86,39,73,15,50.9,3,6,2,12,68,0.43333333333333335,0.37145238095238087,0.5409285714285713,Moderate
6,7,6.1,82,37,64,67,62.0,2,6,0,6,180,0.13333333333333333,0.8620634920634922,0.7989285714285715,High
6,2,8.0,86,12,180,92,35.0,3,7,2,20,162,4.0,-0.2227777777777778,-0.024999999999999967,High
9,5,7.3,65,29,118,20,55.6,2,2,2,9,71,1.9333333333333333,0.37898412698412703,0.4176428571428571,Moderate
1,3,6.2,71,42,83,85,54.8,3,4,0,6,25,0.7666666666666667,0.5533015873015873,0.5557857142857141,Low
4,3,8.9,70,30,69,19,39.9,5,3,0,15,85,0.3,-0.09291269841269847,-0.4272857142857143,Low
3,4,6.9,89,42,120,180,43.1,3,6,2,7,77,2.0,0.20378571428571435,0.2319285714285714,Low
3,3,7.1,75,54,109,34,58.9,6,6,0,6,179,1.6333333333333333,0.952563492063492,0.6434285714285715,Moderate
5,0,7.2,74,35,87,57,59.4,1,6,0,14,78,0.9,0.6672857142857144,0.5859285714285714,Moderate
8,0,8.6,68,25,74,29,45.1,5,6,0,0,39,0.4666666666666667,0.25934126984126993,-0.12057142857142847,Moderate
4,5,7.6,87,37,4,70,47.0,1,5,1,1,86,-1.8666666666666667,0.08801587301587302,-0.09214285714285705,Low
6,4,5.6,71,29,64,76,55.8,5,2,1,3,45,0.13333333333333333,0.650206349206349,0.586142857142857,Moderate
6,3,7.4,75,37,55,64,41.1,5,7,0,4,1,-0.16666666666666666,0.15394444444444452,-0.049500000000000016,Low
5,0,6.5,81,33,41,37,36.7,4,12,1,18,133,-0.6333333333333333,0.037849206349206466,0.08385714285714296,Low
6,1,6.0,85,51,8,92,52.2,4,2,1,8,80,-1.7333333333333334,0.43931746031746044,0.2681428571428571,Low
8,1,6.7,68,38,40,55,44.2,1,7,1,5,34,-0.6666666666666666,0.01677777777777789,0.12850000000000006,Low
3,10,7.6,74,51,50,41,42.0,4,3,0,13,51,-0.3333333333333333,-0.040634920634920614,-0.1842857142857142,Low
6,3,6.3,58,51,56,44,39.4,3,2,1,4,22,-0.13333333333333333,-0.25668253968253973,-0.0483571428571429,Low
5,1,8.6,89,37,180,30,47.9,1,1,1,4,26,4.0,-0.058785714285714344,0.08557142857142858,Moderate
6,4,5.9,67,64,60,59,43.1,5,16,0,8,61,0.0,0.5598174603174604,0.5426428571428572,Moderate
11,8,5.9,80,29,56,25,50.0,3,4,1,18,37,-0.13333333333333333,0.2706349206349206,0.3967857142857142,Moderate
5,0,6.0,68,52,19,7,60.3,2,7,1,10,26,-1.3666666666666667,0.7546111111111111,0.6814999999999998,Moderate
4,2,6.7,80,39,39,58,42.1,4,7,1,2,151,-0.7,0.12561111111111117,0.063,Low
3,1,7.0,68,44,44,76,35.8,2,7,2,10,53,-0.5333333333333333,-0.2712222222222223,-0.1660000000000001,Low
6,7,6.9,65,40,99,26,43.2,3,7,1,20,58,1.3,0.07288888888888902,0.21100000000000002,Moderate
4,9,5.9,77,47,12,127,49.1,3,11,3,2,51,-1.6,0.5934682539682541,0.45978571428571424,Moderate
9,6,6.5,61,52,95,108,44.4,4,3,1,3,147,1.1666666666666667,0.14180952380952377,0.19271428571428567,Low
7,12,8.2,66,16,46,61,40.6,2,2,0,7,46,-0.4666666666666667,-0.2504603174603174,-0.36985714285714266,Moderate
18,8,6.6,80,48,113,35,41.2,3,2,1,4,106,1.7666666666666666,-0.18568253968253956,0.09564285714285725,Moderate
3,8,6.2,73,23,49,63,54.4,4,10,0,13,75,-0.36666666666666664,0.7918095238095237,0.6302142857142857,High
10,8,7.9,58,56,33,101,54.9,2,1,2,2,113,-0.9,0.40176984126984117,0.050571428571428434,Moderate
4,9,5.5,64,25,30,24,36.1,6,6,0,11,22,-1.0,-0.08454761904761897,0.041928571428571454,Low
1,6,6.3,68,34,180,13,58.6,3,16,1,8,63,4.0,1.072873015873016,1.2376428571428573,High
20,3,7.6,79,34,69,87,50.9,2,6,0,4,100,0.3,0.38478571428571423,0.21592857142857144,High
8,6,7.9,89,31,46,99,50.1,1,2,1,2,46,-0.4666666666666667,0.15259523809523826,-0.03235714285714288,Moderate
7,7,8.5,73,41,39,85,46.8,5,7,0,4,52,-0.7,0.4337777777777777,-0.11100000000000004,Low
2,9,6.4,79,55,48,43,57.8,1,9,1,9,3,-0.4,0.6868730158730159,0.6661428571428569,Moderate
5,9,7.1,70,41,78,165,56.1,6,16,0,8,87,0.6,1.3292619047619048,0.7676428571428572,High
13,3,6.6,73,68,117,180,41.6,6,12,0,2,134,1.9,0.5505714285714286,0.40335714285714297,Moderate
4,2,7.6,77,64,17,90,55.1,2,0,1,17,48,-1.4333333333333333,0.36283333333333345,0.04050000000000013,Low
5,4,6.5,95,53,15,127,54.2,3,2,1,1,45,-1.5,0.5015396825396827,0.2581428571428572,Moderate
11,10,5.4,93,64,23,109,48.7,7,3,2,6,170,-1.2333333333333334,0.5364206349206351,0.3342142857142857,High
7,4,6.0,67,59,85,62,57.3,4,1,1,12,180,0.8333333333333334,0.5997698412698411,0.5850714285714285,High
7,2,6.5,78,29,166,35,37.3,3,7,1,14,13,3.533333333333333,-0.18261111111111125,0.27149999999999985,Moderate
5,3,6.6,74,57,34,69,54.5,6,3,0,8,44,-0.8666666666666667,0.6863095238095239,0.32571428571428584,Low
4,14,7.3,79,48,180,73,55.5,3,2,0,4,68,4.0,0.5000396825396826,0.5696428571428571,Moderate
7,3,6.8,87,50,18,98,45.9,1,14,2,5,17,-1.4,0.39105555555555555,0.30700000000000005,Low
6,4,6.5,80,44,56,50,62.3,3,4,1,20,8,-0.13333333333333333,0.8519126984126983,0.6607857142857141,High
10,13,6.0,83,44,162,97,49.3,4,7,1,17,68,3.4,0.4929444444444443,0.7089999999999999,High
7,10,6.1,88,35,26,51,35.0,7,15,3,2,61,-1.1333333333333333,0.284047619047619,0.15107142857142863,High
11,2,7.5,90,58,39,55,39.3,1,18,0,8,86,-0.7,0.1891349206349205,0.1532857142857142,High
5,7,6.7,72,29,122,72,46.6,3,8,0,3,84,2.066666666666667,0.3127142857142858,0.43407142857142855,Moderate
3,6,6.9,66,43,20,36,46.7,3,6,1,6,47,-1.3333333333333333,0.2057857142857144,0.08992857142857143,Low
13,10,5.9,93,30,173,52,57.4,5,1,0,3,3,3.7666666666666666,0.6598253968253966,0.8255714285714284,High
6,2,6.7,63,56,27,168,48.2,2,10,2,1,51,-1.1,0.49614285714285733,0.3017142857142857,Low
10,3,7.2,82,30,93,36,46.8,2,4,0,5,4,1.1,0.07219047619047608,0.16578571428571415,Low
5,1,7.2,61,58,82,180,50.1,4,18,1,3,114,0.7333333333333333,1.0140238095238097,0.6372857142857142,High
4,2,6.9,68,52,29,25,54.6,2,6,1,9,62,-1.0333333333333334,0.48239682539682555,0.3494285714285714,Low
11,5,6.4,89,24,64,87,41.0,1,17,0,10,28,0.13333333333333333,0.2654761904761905,0.4307142857142857,Moderate
6,11,7.0,88,35,48,36,57.1,2,2,0,20,46,-0.4,0.4642619047619048,0.3401428571428571,Moderate
7,16,7.8,70,14,70,30,62.8,1,11,0,6,82,0.3333333333333333,0.9688571428571429,0.6832857142857144,High
18,2,6.8,76,58,44,56,43.0,3,7,1,6,43,-0.5333333333333333,0.09722222222222224,0.08500000000000002,Moderate
19,8,6.9,75,34,56,58,59.5,5,0,0,4,26,-0.13333333333333333,0.7252777777777777,0.3924999999999999,High
14,2,7.2,67,49,120,104,49.6,5,15,0,8,25,2.0,0.8666031746031747,0.6315714285714286,High
14,4,5.9,68,38,52,91,51.5,6,5,1,4,28,-0.26666666666666666,0.6471825396825397,0.4603571428571427,Moderate
1,0,7.4,74,46,31,51,43.9,7,4,1,19,142,-0.9666666666666667,0.2916904761904761,-0.11121428571428582,Low
5,8,7.2,90,33,61,16,45.5,3,4,0,8,93,0.03333333333333333,0.05813492063492068,0.046785714285714264,Low
6,4,7.1,64,37,54,93,61.6,8,7,2,12,5,-0.2,1.3086666666666669,0.6155,High
3,0,6.4,74,58,18,35,44.8,3,12,1,6,56,-1.4,0.33346031746031735,0.2868571428571427,Low
6,1,6.2,79,20,157,146,37.3,1,5,1,2,122,3.2333333333333334,-0.26403968253968263,0.24435714285714272,Moderate
5,3,7.2,77,44,79,89,48.1,2,4,0,3,134,0.6333333333333333,0.18957936507936518,0.1697857142857143,Low
3,16,7.6,63,50,60,89,39.3,5,0,1,10,98,0.0,-0.14927777777777793,-0.326,Moderate
7,6,6.8,63,49,10,62,47.9,2,11,2,8,66,-1.6666666666666667,0.40057936507936504,0.26128571428571423,Low
1,13,6.0,60,42,24,61,61.3,3,17,1,14,99,-1.2,1.283420634920635,1.0097142857142856,High
6,9,6.0,83,35,51,81,46.9,3,11,0,7,73,-0.3,0.4433571428571428,0.47378571428571414,Moderate
9,5,8.9,75,41,57,138,45.2,5,6,0,2,9,-0.1,0.3849523809523811,-0.21257142857142855,Low
1,7,7.1,68,52,180,37,35.0,3,10,1,9,43,4.0,-0.17674603174603176,0.21821428571428578,Moderate
3,2,5.0,57,55,39,52,39.8,6,10,1,17,18,-0.7,0.2559206349206348,0.3772142857142856,Moderate
15,5,6.4,92,34,51,54,42.5,3,8,1,11,42,-0.3,0.10821428571428571,0.18607142857142853,Moderate
1,8,8.0,68,50,113,30,49.6,2,16,3,3,25,1.7666666666666666,0.6200952380952383,0.5026428571428572,Moderate
7,6,6.5,72,39,58,43,47.6,4,17,1,16,9,-0.06666666666666667,0.7135873015873018,0.5962142857142857,Moderate
6,3,6.7,71,18,16,89,48.6,1,2,2,2,62,-1.4666666666666666,0.07398412698412703,0.057642857142857135,Low
11,11,6.2,80,51,37,51,54.7,1,10,1,20,104,-0.7666666666666667,0.5919761904761905,0.6092142857142857,Moderate
7,5,7.4,74,12,84,56,36.4,3,3,0,3,34,0.8,-0.34263492063492074,-0.23228571428571437,Low
3,6,5.0,71,33,180,50,55.4,6,7,2,11,180,4.0,0.8485555555555556,1.1119999999999999,High
2,2,7.7,60,40,37,36,50.9,1,1,1,7,26,-0.7666666666666667,0.08288095238095236,-0.0244285714285715,Low
10,8,5.6,57,50,64,179,44.7,4,1,0,4,49,0.13333333333333333,0.1627698412698414,0.2245714285714287,Moderate
7,18,7.4,84,29,29,91,35.0,3,12,1,10,44,-1.0333333333333334,-0.04531746031746032,-0.1546428571428572,Moderate
6,4,8.5,93,40,14,105,54.1,3,5,0,3,74,-1.5333333333333334,0.5797380952380954,-0.011642857142857052,Moderate
8,9,7.3,63,50,31,158,42.5,3,13,1,4,36,-0.9666666666666667,0.40234126984126983,0.12142857142857146,Low
9,3,8.0,92,63,154,74,43.7,3,6,3,7,28,3.1333333333333333,0.11300793650793661,0.14242857142857152,High
9,7,8.7,82,16,19,157,54.2,0,1,0,8,70,-1.3666666666666667,0.2991587301587304,-0.14542857142857119,Moderate
5,2,7.2,84,28,53,20,41.6,2,7,0,11,22,-0.23333333333333334,-0.07244444444444438,-0.004499999999999987,Low
5,3,8.4,77,51,39,25,60.6,7,4,0,15,15,-0.7,1.0143015873015873,0.23478571428571426,Moderate
3,3,5.9,87,53,35,166,45.6,1,5,0,6,60,-0.8333333333333334,0.13168253968253973,0.24085714285714277,Low
5,5,7.6,62,32,91,55,57.0,5,13,2,7,175,1.0333333333333334,1.0737301587301586,0.6539285714285715,High
9,10,6.4,78,44,29,66,46.6,2,18,2,4,19,-1.0333333333333334,0.5965238095238097,0.5397857142857142,Moderate
6,1,5.2,61,32,40,20,57.8,6,18,1,14,83,-0.6666666666666666,1.316079365079365,1.1132857142857142,High
8,8,7.2,83,44,60,53,46.2,1,2,0,6,45,0.0,-0.07401587301587288,0.008142857142857174,Low
4,2,5.7,73,62,92,180,44.7,3,4,0,9,53,1.0666666666666667,0.20435714285714301,0.3627857142857143,Low
3,4,7.6,82,68,5,102,43.4,3,12,0,1,113,-1.8333333333333333,0.3449047619047618,0.0023571428571429187,Low
6,8,7.2,77,35,53,35,53.3,7,13,1,13,41,-0.23333333333333334,1.0183412698412695,0.5179285714285713,High
4,11,7.2,74,42,29,14,48.8,4,4,1,6,48,-1.0333333333333334,0.2710793650793649,0.06578571428571416,Low
3,4,6.3,74,34,9,85,49.7,3,3,1,20,1,-1.7,0.2880873015873018,0.17171428571428582,Moderate
3,5,9.0,66,53,124,110,43.0,5,16,2,7,49,2.1333333333333333,0.611984126984127,0.15714285714285717,Moderate
1,7,7.1,74,43,51,66,48.9,3,11,1,15,116,-0.3,0.5166904761904763,0.3412857142857143,Low
5,1,7.8,78,61,7,22,42.8,1,0,1,4,99,-1.7666666666666666,-0.332888888888889,-0.38850000000000007,Low
6,1,6.3,55,48,50,69,48.2,1,2,2,6,32,-0.3333333333333333,0.03376190476190492,0.20064285714285723,Low
5,19,7.4,69,18,95,121,36.7,6,4,0,9,39,1.1666666666666667,-0.021198412698412564,-0.16721428571428565,Moderate
4,3,5.6,67,71,32,99,53.6,4,3,1,12,100,-0.9333333333333333,0.545809523809524,0.4687142857142857,Moderate
3,9,7.0,82,45,155,92,46.5,2,20,3,19,50,3.1666666666666665,0.69234126984127,0.8039285714285715,High
8,2,6.3,79,47,39,15,44.9,3,17,1,5,37,-0.7,0.49430952380952375,0.5027142857142857,Moderate
6,5,8.0,65,47,137,50,51.2,4,17,1,3,52,2.566666666666667,0.8833650793650795,0.6392142857142858,Moderate
10,7,8.2,72,55,42,64,45.8,2,2,2,5,88,-0.6,-0.013126984126984216,-0.2238571428571428,Moderate
3,1,7.2,63,30,46,40,50.8,2,14,1,4,130,-0.4666666666666667,0.6137777777777775,0.4539999999999999,Moderate
7,6,5.9,59,42,180,84,43.2,3,8,0,2,57,4.0,0.17304761904761917,0.6170714285714285,Moderate
12,6,5.8,77,57,94,102,61.1,6,3,1,11,48,1.1333333333333333,1.0199761904761908,0.8137142857142858,High
19,9,6.2,71,45,100,33,48.4,3,13,1,2,108,1.3333333333333333,0.5289523809523808,0.6634285714285714,Moderate
3,6,8.2,59,41,116,61,48.8,2,2,0,2,17,1.8666666666666667,0.11853968253968239,0.05114285714285716,Moderate
2,4,5.1,71,59,90,11,50.9,2,7,0,8,45,1.0,0.3360555555555555,0.7344999999999999,Low
6,2,6.7,66,26,100,61,37.7,5,1,1,2,55,1.3333333333333333,-0.21667460317460305,-0.0879285714285714,Low
5,2,7.6,69,43,31,34,44.0,4,3,0,1,80,-0.9666666666666667,0.041587301587301624,-0.1717857142857142,Low
6,9,6.4,72,48,21,14,43.7,1,5,1,7,23,-1.3,-0.12270634920634908,0.06135714285714289,Low
10,8,6.1,82,43,88,116,67.7,4,6,0,6,14,0.9333333333333333,1.30634126984127,1.0299285714285715,High
8,9,7.5,68,41,88,42,35.0,6,8,2,4,1,0.9333333333333333,-0.04261904761904762,-0.1389285714285714,Moderate
4,0,7.2,57,62,25,50,66.0,2,7,1,3,38,-1.1666666666666667,1.058888888888889,0.6575,Moderate
7,14,7.0,83,58,53,68,39.7,1,1,1,5,50,-0.23333333333333334,-0.3855634920634919,-0.19792857142857134,Low
4,8,6.7,57,31,58,84,42.9,3,9,0,6,80,-0.06666666666666667,0.19526190476190472,0.19164285714285703,Low
7,1,5.8,73,39,58,51,48.6,2,4,0,10,59,-0.06666666666666667,0.16985714285714293,0.37728571428571434,Low
3,5,6.2,77,53,52,15,46.9,7,9,0,3,17,-0.26666666666666666,0.5652619047619046,0.384142857142857,Low
6,3,8.4,92,47,24,50,58.6,6,12,0,4,54,-1.2,1.1711269841269842,0.3658571428571429,Moderate
2,2,7.9,63,51,36,45,45.8,3,7,0,8,96,-0.8,0.2109999999999999,-0.04350000000000015,Low
4,11,6.9,85,34,16,43,40.0,4,3,3,6,38,-1.4666666666666666,-0.12841269841269842,-0.20678571428571435,Moderate
5,9,8.1,69,28,62,68,47.0,6,1,1,4,106,0.06666666666666667,0.2762698412698413,-0.14892857142857135,Low
8,14,7.2,69,36,71,52,42.0,3,10,0,4,67,0.36666666666666664,0.15492063492063493,0.13821428571428568,Moderate
7,2,6.2,73,50,51,25,55.0,3,1,0,15,157,-0.3,0.3884920634920635,0.3960714285714284,Moderate
7,7,6.2,69,50,98,42,45.6,1,3,0,16,15,1.2666666666666666,-0.07752380952380947,0.2887142857142857,Low
10,5,7.1,76,49,100,38,38.9,2,2,1,1,91,1.3333333333333333,-0.35251587301587306,-0.09335714285714285,Moderate
5,3,6.8,83,52,36,46,38.0,4,21,1,7,73,-0.8,0.4277777777777778,0.31500000000000006,Moderate
2,8,5.5,87,48,180,10,51.0,6,7,0,13,117,4.0,0.6061111111111112,0.8925000000000001,High
7,6,6.1,90,40,80,126,35.0,2,10,0,9,6,0.6666666666666666,-0.14452380952380953,0.14321428571428577,Moderate
5,8,7.9,65,50,127,146,35.0,6,2,1,2,21,2.2333333333333334,-0.14134920634920634,-0.2828571428571429,Low
7,2,7.7,86,49,9,41,39.2,4,5,1,8,34,-1.7,-0.09520634920634907,-0.33114285714285707,Low
2,4,6.2,76,60,62,74,37.8,2,10,1,6,14,0.06666666666666667,-0.07630158730158744,0.1647142857142856,Low
16,4,7.3,73,45,94,158,48.5,3,11,0,5,116,1.1333333333333333,0.6009126984126985,0.4017857142857143,High
4,4,6.2,76,12,40,172,60.4,5,11,0,11,48,-0.6666666666666666,1.2853015873015874,0.8162857142857143,High
12,3,8.5,77,23,66,38,67.2,7,7,0,7,31,0.2,1.432888888888889,0.5685000000000001,High
5,3,7.5,63,38,7,96,41.5,1,5,1,11,84,-1.7666666666666666,-0.1305952380952381,-0.23214285714285712,Low
5,4,8.2,78,55,32,8,44.0,1,2,0,6,40,-0.9333333333333333,-0.223015873015873,-0.3028571428571427,Low
20,11,7.6,77,38,49,78,41.2,5,1,2,6,35,-0.36666666666666664,-0.04028571428571415,-0.2679285714285713,High
6,15,6.7,76,40,33,14,47.2,3,13,1,11,64,-0.9,0.45384126984126993,0.3724285714285715,Low
3,7,5.8,69,24,6,65,60.5,4,3,3,5,16,-1.8,0.8185317460317459,0.5757142857142856,High
3,4,7.9,56,27,112,53,54.0,5,2,2,5,177,1.7333333333333334,0.5436507936507936,0.24964285714285708,Moderate
3,9,5.5,70,43,24,47,49.8,3,11,0,2,91,-1.2,0.5360793650793649,0.5807857142857142,Moderate
16,5,6.4,73,57,68,64,44.9,3,5,0,13,14,0.26666666666666666,0.12018253968253964,0.21485714285714275,Moderate
12,7,7.2,73,57,104,45,55.4,2,3,0,9,90,1.4666666666666666,0.43347619047619046,0.4227142857142856,High
6,2,6.2,74,51,39,67,60.2,4,4,0,17,8,-0.7,0.8429682539682543,0.6077857142857143,Moderate
11,12,6.6,83,53,69,65,61.5,4,7,3,17,34,0.3,1.006388888888889,0.7374999999999999,High
6,6,6.4,81,47,29,180,49.7,2,7,1,4,28,-1.0333333333333334,0.46983333333333355,0.3185,Moderate
7,2,6.7,84,68,124,93,53.9,1,12,1,13,85,2.1333333333333333,0.6740714285714285,0.7723571428571429,Moderate
15,3,6.4,74,23,175,89,47.4,1,1,2,14,64,3.8333333333333335,-0.015730158730158754,0.4430714285714284,High
7,10,6.3,78,19,46,12,40.6,1,2,0,1,63,-0.4666666666666667,-0.3715714285714285,-0.037357142857142804,Low
1,7,7.1,80,49,24,18,54.5,5,11,1,4,44,-1.2,0.8486904761904761,0.44178571428571434,Low
6,5,6.8,67,28,89,32,60.6,0,12,1,2,67,0.9666666666666667,0.8411269841269843,0.8683571428571429,High
6,3,6.2,69,77,25,164,35.0,3,14,0,2,79,-1.1666666666666667,0.10722222222222222,0.10249999999999997,Low
4,6,6.1,79,22,92,151,47.7,1,5,0,12,51,1.0666666666666667,0.20951587301587316,0.411357142857143,Moderate
4,8,6.5,89,55,18,27,44.3,2,14,2,12,13,-1.4,0.3068333333333332,0.31149999999999994,Moderate
2,1,5.5,89,64,108,92,50.0,2,4,0,3,112,1.6,0.27841269841269844,0.5967857142857143,Moderate
7,11,6.7,80,33,21,32,47.1,3,5,3,12,51,-1.3,0.18362698412698425,0.11085714285714288,Low
10,4,7.9,67,39,110,37,35.6,4,9,3,3,51,1.6666666666666667,-0.11879365079365072,-0.10735714285714285,Moderate
7,8,5.6,68,40,34,65,64.8,2,1,0,2,50,-0.8666666666666667,0.8072698412698411,0.7525714285714284,Moderate
8,10,7.5,60,39,42,39,39.8,3,17,1,9,63,-0.6,0.29147619047619033,0.1472142857142857,Moderate
15,7,7.1,73,18,67,38,42.7,3,14,0,15,180,0.23333333333333334,0.3137222222222224,0.2810000000000002,Moderate
13,2,7.1,65,51,77,119,47.6,2,2,0,8,84,0.5666666666666667,0.1289841269841271,0.11014285714285722,Moderate
4,5,6.3,90,70,73,62,46.6,3,1,1,9,180,0.43333333333333335,0.051603174603174706,0.18157142857142863,Low
7,3,7.6,67,47,163,27,39.1,2,7,1,5,114,3.433333333333333,-0.17716666666666658,0.12550000000000006,Low
4,11,6.6,70,42,109,13,46.2,5,5,0,5,127,1.6333333333333333,0.2553492063492065,0.321357142857143,Moderate
11,4,8.6,76,36,108,84,53.9,6,7,0,17,126,1.6,0.8188333333333332,0.25700000000000006,Moderate
9,4,7.8,69,53,9,134,46.8,4,13,1,1,147,-1.7,0.6358412698412697,0.10792857142857137,Low
4,4,8.3,66,42,50,73,47.7,5,13,2,9,44,-0.3333333333333333,0.6752301587301589,0.14992857142857138,Low
4,1,6.4,81,45,39,82,37.3,3,10,1,8,7,-0.7,-0.02324603174603189,0.05721428571428556,Low
4,7,7.6,78,35,134,83,40.4,3,2,0,4,112,2.466666666666667,-0.16834920634920642,-0.05085714285714285,Low
8,5,8.6,64,38,72,57,41.1,2,9,2,2,36,0.4,0.017595238095238157,-0.15985714285714275,Low
4,19,6.6,71,42,127,72,41.2,4,7,2,4,25,2.2333333333333334,0.1006666666666668,0.2735000000000002,Moderate
7,4,6.2,84,55,75,53,62.9,0,2,2,11,79,0.5,0.6108174603174603,0.721642857142857,High
3,6,7.6,83,70,62,36,46.9,3,0,0,8,39,0.06666666666666667,0.0004999999999999449,-0.093,Low
2,1,7.5,55,40,36,62,53.5,1,3,1,19,82,-0.8,0.3001984126984128,0.14321428571428574,Low
5,3,7.7,70,29,40,57,48.9,1,21,0,8,68,-0.6666666666666666,0.7305,0.4945,Moderate
13,4,8.1,70,42,40,48,43.9,1,14,0,5,70,-0.6666666666666666,0.2454999999999999,0.07450000000000004,Low
5,2,6.0,72,36,22,47,39.5,4,12,0,9,23,-1.2666666666666666,0.17496031746031745,0.20785714285714285,Low
6,8,6.7,77,26,51,81,45.3,2,7,0,3,74,-0.3,0.16183333333333322,0.18899999999999986,Moderate
5,10,6.4,82,46,72,48,50.5,3,9,2,1,21,0.4,0.49726190476190474,0.5071428571428571,Low
7,8,8.0,69,39,78,25,47.5,7,7,0,13,40,0.6,0.5319444444444446,0.09499999999999999,Low
4,2,7.8,69,19,82,111,58.8,2,21,0,15,20,0.7333333333333333,1.3026666666666666,0.8789999999999998,High
9,2,5.7,75,72,59,24,62.9,6,4,1,1,114,-0.03333333333333333,1.0500238095238095,0.8262857142857142,High
5,12,7.0,76,56,12,134,61.1,1,5,1,2,33,-1.6,0.7936269841269843,0.45585714285714296,High
9,15,6.4,72,45,36,26,46.9,3,3,2,14,124,-0.8,0.09653174603174598,0.13771428571428557,Moderate
15,1,6.1,69,45,21,56,56.5,1,12,1,6,35,-1.3,0.7499603174603174,0.6978571428571428,Moderate
18,4,6.5,70,37,2,20,52.3,9,12,1,3,57,-1.9333333333333333,1.0542936507936507,0.4543571428571428,High
10,5,8.5,66,59,142,109,47.1,1,18,0,5,96,2.7333333333333334,0.6001349206349207,0.46978571428571436,High
3,10,8.5,80,27,69,94,53.5,0,9,0,5,40,0.3,0.4833730158730159,0.2221428571428572,Low
7,10,6.2,77,61,29,133,49.9,1,4,1,19,127,-1.0333333333333334,0.2528015873015872,0.2737857142857142,Moderate
5,3,7.5,90,43,81,48,38.2,5,8,3,12,53,0.7,0.0413809523809525,-0.06042857142857134,Low
12,1,7.1,72,50,103,180,49.4,3,2,2,15,68,1.4333333333333333,0.34442857142857136,0.2291428571428571,Moderate
4,13,5.7,83,55,78,98,64.6,1,5,1,4,63,0.6,0.9111269841269839,0.9533571428571427,High
7,3,6.8,89,54,4,103,42.3,1,13,1,19,37,-1.8666666666666667,0.19889682539682527,0.13542857142857137,Moderate
13,3,6.6,55,38,59,44,43.6,3,9,1,1,61,-0.03333333333333333,0.18231746031746038,0.23264285714285723,Moderate
13,9,5.9,70,36,102,121,37.9,1,13,0,20,32,1.4,0.02089682539682533,0.4059285714285713,High
7,8,6.0,91,48,17,25,38.9,5,7,0,10,38,-1.4333333333333333,0.01161111111111103,0.03449999999999996,Moderate
6,4,6.4,91,39,71,35,69.1,3,5,3,8,29,0.36666666666666664,1.1769603174603172,0.9483571428571426,High
2,2,8.2,78,22,36,63,36.2,1,6,1,3,64,-0.8,-0.37004761904761896,-0.4125714285714283,Low
14,5,7.2,65,36,97,20,49.2,8,4,0,3,35,1.2333333333333334,0.5624126984126987,0.24778571428571433,Moderate
6,6,6.7,63,44,180,142,57.0,0,9,2,7,180,4.0,0.6942063492063492,0.9196428571428572,High
7,5,6.5,85,50,156,117,50.7,4,4,0,5,19,3.2,0.4710238095238096,0.5627857142857143,Moderate
5,5,6.8,65,29,25,70,47.3,1,9,1,9,105,-1.1666666666666667,0.24437301587301577,0.2236428571428571,Moderate
3,3,6.8,72,36,150,55,55.8,3,2,1,15,90,3.0,0.4935396825396824,0.591142857142857,Moderate
1,2,6.9,80,32,18,43,60.6,4,2,0,10,159,-1.4,0.7628730158730159,0.38764285714285707,Moderate
2,6,7.8,82,29,97,72,51.1,5,8,2,3,28,1.2333333333333334,0.648547619047619,0.31407142857142867,Moderate
8,5,7.4,78,41,110,50,40.0,2,1,3,8,34,1.6666666666666667,-0.3253968253968254,-0.11642857142857149,Low
7,9,6.5,90,62,42,37,38.9,4,6,1,9,72,-0.6,-0.077436507936508,-0.019071428571428618,Low
8,21,7.9,80,14,68,180,37.9,3,6,0,14,34,0.26666666666666666,-0.030214285714285777,-0.22907142857142868,Moderate
4,4,6.9,68,48,38,92,49.2,3,12,1,14,95,-0.7333333333333333,0.594793650793651,0.3813571428571429,Moderate
4,6,6.3,66,47,10,51,42.0,3,4,3,8,22,-1.6666666666666667,-0.06047619047619046,-0.028214285714285692,Low
6,4,6.7,76,36,41,105,52.2,4,3,2,5,66,-0.6333333333333333,0.4894761904761906,0.25671428571428573,Moderate
3,7,5.9,67,57,18,27,53.9,4,19,0,10,14,-1.4,1.0507380952380951,0.8473571428571428,Moderate
4,11,5.9,63,44,139,85,48.2,3,4,0,4,92,2.6333333333333333,0.2563015873015875,0.5502857142857143,Moderate
17,13,7.0,86,27,94,38,52.9,1,1,0,11,59,1.1333333333333333,0.17510317460317454,0.3005714285714285,High
5,4,5.7,63,20,32,139,55.6,4,7,0,1,22,-0.9333333333333333,0.8231111111111111,0.6255,High
5,3,7.0,86,38,32,22,43.4,2,1,0,7,83,-0.9333333333333333,-0.20350793650793653,-0.13942857142857146,Low
9,5,6.9,94,39,30,103,46.9,7,4,0,4,70,-1.0,0.4844682539682539,0.06378571428571415,Moderate
18,3,6.0,74,27,16,28,40.8,3,4,0,13,21,-1.4666666666666666,-0.14003174603174615,0.0032857142857141974,Moderate
8,10,8.3,82,55,39,54,40.5,3,3,3,3,49,-0.7,-0.16035714285714286,-0.3792857142857144,Moderate
6,7,5.4,89,40,180,27,35.0,3,13,1,8,131,4.0,-0.08071428571428572,0.6014285714285714,High
7,4,6.9,59,43,180,11,57.5,4,21,0,2,84,4.0,1.2663888888888888,1.2425,High
9,1,8.0,76,61,73,70,48.7,5,10,0,0,50,0.43333333333333335,0.6097539682539683,0.2042142857142858,Moderate
20,5,7.2,86,69,25,62,35.0,1,6,3,2,103,-1.1666666666666667,-0.4251587301587301,-0.3010714285714286,Moderate
9,11,6.3,83,54,62,19,45.9,7,5,1,10,108,0.06666666666666667,0.3818492063492064,0.24735714285714286,Moderate
11,2,6.0,79,72,13,84,54.2,3,11,3,12,56,-1.5666666666666667,0.7751904761904763,0.5977857142857144,Moderate
2,6,7.3,67,17,2,70,49.9,1,2,2,11,124,-1.9333333333333333,0.11137301587301579,-0.0433571428571429,Moderate
2,11,8.8,66,54,75,78,46.6,5,8,2,7,101,0.5,0.45271428571428585,-0.05092857142857151,Moderate
6,4,6.5,78,41,34,107,55.9,5,6,1,20,24,-0.8666666666666667,0.8320079365079364,0.4709285714285713,Moderate
5,9,9.0,77,37,88,180,57.1,1,1,2,8,125,0.9333333333333333,0.5218809523809524,0.061571428571428596,High
5,4,6.2,89,35,52,75,42.0,5,2,1,2,80,-0.26666666666666666,0.028095238095238086,0.037142857142857075,Low
12,7,7.9,72,37,119,115,47.5,2,7,0,4,43,1.9666666666666666,0.29861111111111116,0.2149999999999999,Moderate
3,1,7.2,73,53,46,86,39.0,4,14,1,3,57,-0.4666666666666667,0.26722222222222225,0.09999999999999998,Low
3,2,8.0,79,46,60,34,52.3,8,9,1,10,44,0.0,0.8960396825396825,0.2511428571428571,Moderate
4,14,8.1,80,43,15,39,47.1,1,11,1,7,84,-1.5,0.27235714285714296,0.02228571428571441,Moderate
4,1,6.7,73,42,108,83,54.3,1,7,0,3,41,1.6,0.5023888888888888,0.6014999999999998,Moderate
2,4,8.5,57,55,58,43,50.0,2,9,0,2,180,-0.06666666666666667,0.4025396825396826,0.08964285714285716,Low
4,8,7.0,79,58,15,49,53.3,2,7,0,13,36,-1.5,0.4862777777777776,0.28649999999999987,Moderate
2,5,6.1,75,44,87,65,49.7,3,14,0,10,117,0.9,0.6587222222222223,0.7160000000000001,Moderate
8,13,8.3,59,42,180,124,51.7,10,5,0,7,180,4.0,0.9595158730158734,0.3663571428571428,High
15,7,6.2,70,31,43,19,37.7,2,4,1,20,88,-0.5666666666666667,-0.35619841269841257,-0.05721428571428566,Moderate
8,5,6.5,76,35,166,35,48.8,6,4,2,10,54,3.533333333333333,0.4277460317460316,0.5307857142857142,High
7,9,6.7,55,44,13,50,58.2,5,3,2,4,39,-1.5666666666666667,0.7650317460317463,0.36671428571428577,Moderate
12,8,7.1,68,58,78,50,35.0,3,15,2,20,94,0.6,0.016269841269841247,0.10607142857142864,Low
3,8,5.7,81,40,90,34,35.0,3,2,1,5,63,1.0,-0.4657936507936508,0.009642857142857078,Low
2,6,6.4,76,62,92,55,42.2,4,2,0,20,56,1.0666666666666667,-0.05179365079365067,0.10814285714285714,Low
7,9,6.1,86,50,85,26,46.9,3,4,2,4,79,0.8333333333333334,0.13224603174603167,0.3412857142857143,Moderate
6,16,6.9,60,39,80,31,35.0,0,2,1,2,42,0.6666666666666666,-0.6691269841269842,-0.22535714285714298,Low
3,5,6.1,94,43,56,69,58.0,5,3,0,6,27,-0.13333333333333333,0.7771428571428572,0.5732142857142858,Moderate
12,4,7.1,76,26,59,98,42.3,4,3,0,3,71,-0.03333333333333333,0.03619841269841256,-0.06528571428571431,Low
15,3,8.2,84,27,180,34,39.2,1,7,1,17,138,4.0,-0.23155555555555543,0.06600000000000023,High
7,7,6.6,71,32,81,180,51.2,1,6,2,16,47,0.7,0.4349523809523811,0.42992857142857155,Moderate
21,5,6.6,74,32,82,118,45.5,5,11,1,16,82,0.7333333333333333,0.5548015873015872,0.40428571428571436,High
16,5,5.7,85,16,120,63,49.8,2,7,1,2,108,2.0,0.34433333333333327,0.6714999999999999,High
4,7,7.4,68,51,48,172,47.5,4,3,3,3,34,-0.4,0.3524206349206349,0.010714285714285635,Low
8,3,9.0,71,36,129,19,40.1,5,2,1,8,155,2.3,-0.11962698412698408,-0.3173571428571428,Moderate
0,1,7.3,66,50,27,99,38.1,5,0,3,16,79,-1.1,-0.1921666666666666,-0.39199999999999996,Low
6,9,6.0,78,12,78,20,39.6,3,12,1,8,57,0.6,0.08279365079365086,0.3508571428571429,Moderate
4,7,7.7,68,46,48,20,40.0,2,3,1,3,60,-0.4,-0.2873015873015873,-0.2667857142857143,Low
5,2,6.2,70,34,22,47,35.0,4,7,1,5,26,-1.2666666666666666,-0.2061111111111111,-0.10500000000000002,Low
5,1,5.6,72,36,161,147,50.3,3,17,0,3,180,3.3666666666666667,0.8839761904761904,1.0922142857142858,High
8,7,8.8,81,61,51,50,59.8,4,7,2,2,152,-0.3,0.9132222222222222,0.25649999999999973,High
6,9,8.0,86,60,44,8,36.1,2,8,0,19,30,-0.5333333333333333,-0.297563492063492,-0.3034285714285713,Low
6,5,6.5,77,58,166,22,41.3,4,16,1,13,73,3.533333333333333,0.37103968253968245,0.6486428571428571,High
5,6,7.1,80,45,103,50,37.7,3,11,1,20,9,1.4333333333333333,-0.005087301587301467,0.13528571428571445,Moderate
17,3,5.8,72,62,68,54,35.0,5,14,0,20,39,0.26666666666666666,0.11833333333333332,0.28,High
8,3,7.4,65,52,98,51,43.4,3,2,1,16,82,1.2666666666666666,-0.06890476190476197,-0.015857142857143,Moderate
4,4,6.8,71,34,180,52,51.3,1,9,1,8,64,4.0,0.4043730158730157,0.7311428571428571,Moderate
5,10,7.2,89,37,87,29,50.1,2,4,1,11,89,0.9,0.21291269841269855,0.2497857142857143,Moderate
5,2,7.1,82,51,73,112,51.5,4,6,1,4,85,0.43333333333333335,0.5728968253968254,0.3314285714285714,Moderate
10,9,7.2,63,37,16,13,48.1,3,17,1,6,120,-1.4666666666666666,0.6360873015873016,0.3837142857142858,Moderate
6,3,6.0,77,56,73,9,51.8,0,8,0,5,49,0.43333333333333335,0.2767142857142856,0.5900714285714285,Low
6,2,7.1,80,42,22,75,44.4,5,21,1,3,94,-1.2666666666666666,0.8146666666666665,0.4195000000000001,Low
10,8,6.4,73,42,180,31,49.7,1,4,1,7,13,4.0,0.1304682539682541,0.6102857142857143,High
3,1,7.4,95,53,66,180,51.8,3,6,0,20,29,0.2,0.5952857142857142,0.2704285714285713,Low
3,3,6.1,79,40,16,50,51.7,2,7,1,12,18,-1.4666666666666666,0.4153888888888891,0.3985000000000002,Moderate
12,9,5.9,95,42,125,68,55.3,2,13,1,10,16,2.1666666666666665,0.811674603174603,0.9854285714285712,High
3,7,6.4,80,45,75,35,35.0,4,3,2,4,32,0.5,-0.3623015873015873,-0.12178571428571436,Low
3,7,7.1,73,72,36,36,43.9,3,10,0,7,44,-0.8,0.2226428571428571,0.12521428571428572,Low
14,1,6.9,77,38,51,77,65.2,0,6,1,2,21,-0.3,0.8838412698412702,0.7224285714285715,Moderate
4,4,5.9,79,39,15,77,47.6,4,1,1,7,167,-1.5,0.179936507936508,0.13657142857142857,Moderate
0,6,6.2,81,50,46,27,49.7,1,6,1,9,22,-0.4666666666666667,0.1974523809523811,0.3674285714285715,Low
5,2,5.3,71,68,39,31,48.5,1,2,0,6,24,-0.7,0.005039682539682538,0.3571428571428571,Low
9,9,7.2,81,29,36,28,47.1,1,4,2,3,79,-0.8,0.01013492063492076,0.032285714285714306,Moderate
4,9,7.1,95,41,54,83,48.5,3,4,1,5,11,-0.2,0.2675793650793651,0.13678571428571434,Low
6,4,5.2,65,52,4,50,37.6,6,6,0,8,62,-1.8666666666666667,0.011841269841269923,0.07442857142857143,Low
1,3,7.3,76,56,13,123,41.4,8,3,0,5,34,-1.5666666666666667,0.29014285714285715,-0.24228571428571427,Low
3,4,5.6,64,42,43,147,35.4,5,6,1,9,75,-0.5666666666666667,-0.046047619047619115,0.03592857142857145,Low
5,4,8.5,91,29,117,30,49.9,4,2,1,5,59,1.9,0.2669285714285714,0.034142857142857086,Moderate
4,3,6.4,67,36,59,180,51.6,2,21,0,1,83,-0.03333333333333333,1.0553333333333335,0.8505,Moderate
4,10,5.2,83,45,121,118,44.3,4,2,1,4,83,2.033333333333333,0.11270634920634909,0.4536428571428569,Moderate
13,1,7.8,91,52,29,9,66.0,0,2,0,1,68,-1.0333333333333334,0.7014285714285716,0.4196428571428572,High
4,11,6.1,84,47,118,84,40.5,7,7,1,1,122,1.9333333333333333,0.28250000000000003,0.3175,Moderate
11,3,6.5,79,46,73,50,50.0,5,10,1,9,170,0.43333333333333335,0.6460317460317461,0.5057142857142857,High
3,3,5.8,82,52,48,29,55.2,3,1,0,4,41,-0.4,0.4019365079365081,0.46457142857142875,Low
3,7,7.8,75,48,38,38,45.1,5,2,0,1,56,-0.7333333333333333,0.12648412698412703,-0.1848571428571428,Low
14,13,6.4,63,31,77,84,58.7,4,6,0,2,13,0.5666666666666667,0.8657857142857144,0.6799285714285713,High
7,7,7.0,70,61,22,33,58.3,3,5,0,5,12,-1.2666666666666666,0.6887380952380951,0.3968571428571427,Moderate
10,12,6.5,68,42,95,33,44.0,2,6,1,10,34,1.1666666666666667,0.014285714285714304,0.2664285714285714,Low
9,1,6.0,77,43,51,31,44.2,2,6,0,1,122,-0.3,0.021063492063492173,0.24992857142857147,Low
7,1,7.9,72,26,18,86,61.1,3,3,0,5,59,-1.4,0.8021984126984127,0.2562142857142858,Moderate
6,1,6.7,67,48,45,59,41.4,0,9,0,16,4,-0.5,-0.10001587301587309,0.11414285714285705,Low
2,7,7.6,67,63,73,27,46.3,4,5,0,2,39,0.43333333333333335,0.2087380952380951,0.059357142857142824,Low
8,0,7.6,73,46,43,51,58.7,1,4,0,4,99,-0.5666666666666667,0.5576904761904764,0.32778571428571446,Low
4,6,6.4,61,43,32,96,46.4,2,2,0,2,98,-0.9333333333333333,0.04942857142857142,0.08414285714285706,Low
4,6,7.1,86,32,105,38,52.9,5,16,1,3,42,1.5,0.9774841269841269,0.7391428571428571,Moderate
11,2,6.2,82,24,49,180,52.0,4,4,1,17,180,-0.36666666666666664,0.5995238095238096,0.3867857142857143,High
10,6,7.8,78,52,27,66,35.0,3,3,1,11,173,-1.1,-0.39452380952380955,-0.4867857142857142,Moderate
10,6,6.6,87,67,7,135,54.7,4,3,1,12,9,-1.7666666666666666,0.6353095238095239,0.26421428571428585,High
2,5,6.5,55,50,142,66,39.5,1,3,1,12,16,2.7333333333333334,-0.32535714285714284,0.1632142857142857,Low
2,3,5.7,75,39,43,18,35.0,1,8,1,4,33,-0.5666666666666667,-0.40261904761904765,0.06357142857142853,Low
5,3,7.2,77,45,97,169,50.7,3,12,1,4,48,1.2333333333333334,0.7478492063492066,0.521357142857143,Moderate
13,8,6.6,55,47,32,51,35.0,2,8,0,8,27,-0.9333333333333333,-0.2992857142857143,-0.12142857142857136,Low
6,16,6.2,67,56,86,35,40.1,1,2,1,8,30,0.8666666666666667,-0.36851587301587296,0.06514285714285711,Moderate
2,6,6.3,71,49,8,26,49.3,4,6,2,7,27,-1.7333333333333334,0.3783412698412697,0.24292857142857138,Low
6,4,7.6,75,57,40,53,43.9,1,7,1,16,146,-0.6666666666666666,0.0010555555555554902,-0.03799999999999997,Low
15,7,6.9,87,30,17,14,53.4,5,9,0,9,62,-1.4333333333333333,0.7233174603174602,0.3691428571428571,High
3,10,8.3,78,48,109,43,47.8,5,2,0,13,23,1.6333333333333333,0.25353968253968234,-0.013857142857143095,Moderate
4,2,5.9,67,31,45,32,49.3,4,3,0,5,94,-0.5,0.2778650793650792,0.31971428571428556,Low
5,7,8.8,92,37,27,81,50.4,3,5,0,10,25,-1.1,0.38657142857142845,-0.14264285714285732,Low
12,3,5.7,55,21,138,47,35.0,1,13,0,5,114,2.6,-0.19182539682539684,0.4439285714285714,High
9,7,7.0,69,49,61,22,58.2,6,16,0,5,31,0.03333333333333333,1.264873015873016,0.8056428571428571,Moderate
2,1,7.5,75,45,48,29,48.4,3,3,0,2,71,-0.4,0.16736507936507933,0.02021428571428567,Low
13,2,5.1,72,37,89,54,44.7,2,4,1,16,109,0.9666666666666667,-0.002309523809523664,0.4602857142857144,Moderate
7,4,6.9,63,50,175,25,43.2,2,6,1,4,32,3.8333333333333335,-0.03060317460317448,0.37242857142857144,Moderate
3,10,6.8,71,53,93,66,61.4,4,9,0,8,73,1.1,1.0744285714285713,0.8166428571428571,High
7,2,6.9,63,38,62,62,53.7,3,3,1,8,180,0.06666666666666667,0.4425317460317462,0.3192142857142858,Low
6,12,6.8,95,40,75,80,50.0,4,7,0,7,46,0.5,0.5055555555555556,0.3725,Moderate
3,21,7.4,67,43,47,67,44.5,0,13,4,20,47,-0.43333333333333335,0.19123015873015872,0.20392857142857138,Moderate
3,9,7.9,79,19,92,180,58.8,2,19,1,4,115,1.0666666666666667,1.307904761904762,0.8293571428571426,High
19,2,6.8,71,37,125,42,47.7,1,4,0,4,13,2.1666666666666665,0.052690476190476336,0.34278571428571436,Moderate
2,4,7.7,67,49,51,150,49.5,2,8,0,4,45,-0.3,0.4632142857142857,0.16857142857142854,Low
7,3,6.5,92,33,53,60,53.1,5,6,2,5,69,-0.23333333333333334,0.6537857142857143,0.43442857142857144,High
4,5,7.6,66,57,40,139,52.2,4,1,0,8,21,-0.6666666666666666,0.45582539682539697,0.039571428571428695,Moderate
7,8,6.5,59,29,64,54,52.3,2,0,0,8,49,0.13333333333333333,0.19683333333333322,0.2664999999999999,Moderate
4,4,7.0,89,47,114,74,35.0,2,8,0,10,97,1.8,-0.27373015873015877,0.013571428571428581,Moderate
3,13,6.4,98,30,71,62,35.0,3,12,0,0,28,0.36666666666666664,-0.07753968253968255,0.1253571428571428,Moderate
4,2,5.2,83,25,126,138,55.3,2,8,2,10,58,2.2,0.7108809523809523,0.9675714285714284,High
3,4,6.2,85,46,23,63,40.7,3,3,1,8,19,-1.2333333333333334,-0.1413571428571427,-0.04578571428571425,Low
11,4,6.3,80,31,104,173,51.5,1,4,2,4,177,1.4666666666666666,0.36924603174603177,0.49178571428571427,High
10,6,6.6,74,32,90,106,39.8,2,3,2,1,86,1.0,-0.20074603174603187,0.02471428571428569,Moderate
3,3,5.9,67,55,78,107,45.5,3,8,0,12,124,0.6,0.30210317460317465,0.4310714285714285,Low
14,6,7.5,55,50,20,118,43.3,6,14,0,7,45,-1.3333333333333333,0.629611111111111,0.11149999999999995,Moderate
8,8,7.0,56,30,122,79,59.6,3,1,0,6,12,2.066666666666667,0.6554920634920636,0.5715714285714286,High
8,3,6.6,80,41,113,12,35.0,3,3,3,2,32,1.7666666666666666,-0.45452380952380955,-0.06178571428571425,Low
4,2,7.2,61,50,77,116,49.5,0,5,0,4,13,0.5666666666666667,0.18496031746031744,0.23535714285714282,Low
3,4,4.8,63,41,36,86,52.4,8,6,0,15,100,-0.8,0.8511746031746031,0.6684285714285714,Moderate
6,13,7.3,70,33,52,113,54.1,3,8,0,0,70,-0.26666666666666666,0.6957698412698413,0.3790714285714286,High
18,14,7.9,76,57,51,14,55.6,2,5,1,4,80,-0.3,0.4794603174603176,0.23085714285714273,High
8,6,6.3,75,50,103,9,35.0,4,8,0,11,28,1.4333333333333333,-0.21261904761904762,0.1085714285714286,Low
3,3,6.9,68,55,31,93,35.0,3,3,0,8,49,-0.9666666666666667,-0.3645238095238095,-0.31928571428571434,Low
5,2,6.5,73,37,6,13,52.9,0,11,0,8,19,-1.8,0.4378015873015872,0.45378571428571424,Low
10,3,6.2,76,59,60,24,55.4,4,15,0,11,24,0.0,0.9720476190476189,0.8305714285714284,High
3,4,7.5,86,40,43,26,48.5,2,4,0,7,50,-0.5666666666666667,0.13757936507936508,0.0392857142857143,Low
3,5,7.1,72,67,140,128,42.6,5,3,0,9,72,2.6666666666666665,0.14969841269841277,0.1462142857142858,Moderate
3,1,6.2,71,40,3,45,35.9,1,8,0,14,180,-1.9,-0.3321190476190477,-0.0969285714285715,Low
6,12,8.5,78,33,180,56,41.7,3,3,1,14,44,4.0,-0.1041349206349205,-0.025785714285714134,Moderate
27,10,6.1,72,33,37,147,55.0,1,14,1,7,97,-0.7666666666666667,0.8550000000000001,0.7500000000000001,High
11,6,6.7,72,42,100,22,43.9,8,12,0,6,180,1.3333333333333333,0.6118492063492063,0.41235714285714276,High
2,2,6.9,78,57,27,61,68.9,0,4,0,2,20,-1.1,0.9611349206349209,0.7162857142857143,Moderate
7,1,5.7,74,44,105,28,52.8,3,4,1,4,175,1.5,0.3999682539682539,0.6382857142857141,Moderate
9,3,6.4,59,41,24,43,48.6,2,7,2,16,89,-1.2,0.2681111111111112,0.2729999999999999,Low
5,3,6.8,79,55,77,49,49.8,3,0,1,9,53,0.5666666666666667,0.14544444444444432,0.17149999999999993,Low
7,6,5.9,79,52,70,8,45.5,5,6,1,6,27,0.3333333333333333,0.2540079365079365,0.35392857142857137,Moderate
1,14,5.7,73,45,59,28,58.8,0,8,0,11,56,-0.03333333333333333,0.6128253968253967,0.8175714285714284,Moderate
9,19,9.0,66,38,35,180,48.1,3,10,1,12,43,-0.8333333333333334,0.5716428571428572,-0.08378571428571421,Moderate
2,4,7.2,72,55,125,59,51.4,3,4,0,3,129,2.1666666666666665,0.3714126984126984,0.3837857142857142,Moderate
6,4,5.4,78,27,96,7,40.9,5,4,0,1,111,1.2,-0.025531746031746086,0.31128571428571417,Low
2,5,6.3,81,58,18,59,45.5,2,9,1,3,42,-1.4,0.21781746031746035,0.2396428571428572,Low
6,8,6.2,66,58,36,28,51.0,6,1,1,9,122,-0.8,0.41182539682539687,0.23857142857142855,Moderate
10,2,6.9,70,63,53,85,50.5,2,6,3,4,64,-0.23333333333333334,0.36456349206349214,0.28642857142857137,Moderate
7,9,7.6,84,37,106,54,54.3,4,9,3,7,155,1.5333333333333334,0.7415952380952379,0.4961428571428571,High
2,8,5.7,74,35,75,27,58.7,1,11,0,11,34,0.5,0.7810238095238097,0.9402857142857143,High
3,2,7.3,71,41,109,23,41.4,2,6,2,6,39,1.6333333333333333,-0.1138253968253969,0.08342857142857142,Low
7,5,5.3,81,37,88,34,42.2,3,2,0,7,83,0.9333333333333333,-0.14179365079365067,0.29064285714285715,Moderate
13,1,6.8,57,50,103,36,50.3,6,3,3,13,33,1.4333333333333333,0.4606428571428572,0.3372142857142857,Moderate
5,5,7.5,85,50,68,128,65.0,4,3,1,11,56,0.26666666666666666,1.091031746031746,0.5682142857142857,High
27,2,6.7,62,44,19,117,52.5,1,2,2,7,71,-1.3666666666666667,0.2805952380952381,0.1821428571428571,High
10,3,6.0,69,66,31,87,35.0,4,1,1,6,80,-0.9666666666666667,-0.375952380952381,-0.21892857142857142,Low
8,5,6.0,70,49,23,50,52.2,2,4,2,2,24,-1.2333333333333334,0.3307460317460319,0.36278571428571427,Moderate
3,4,6.2,73,29,23,162,47.7,7,6,1,18,12,-1.2333333333333334,0.6574523809523811,0.24992857142857142,Low
1,1,6.5,71,47,19,48,42.6,2,6,0,9,34,-1.3666666666666667,-0.032047619047618985,0.03442857142857146,Low
17,1,7.6,85,40,92,102,35.3,4,5,0,2,102,1.0666666666666667,-0.20292857142857157,-0.22314285714285714,Moderate
6,1,6.4,87,24,6,71,43.2,4,6,1,10,16,-1.8,0.15384126984126997,0.03742857142857142,Low
14,10,5.3,69,32,71,53,57.1,2,12,1,6,111,0.36666666666666664,0.8402936507936509,0.9808571428571429,High
7,10,6.6,68,43,120,94,42.6,5,6,0,4,71,2.0,0.21906349206349215,0.2694285714285715,Moderate
1,7,6.7,55,39,86,32,42.3,5,11,0,15,97,0.8666666666666667,0.31524603174603155,0.30078571428571416,Low
2,7,7.5,80,54,46,106,50.0,3,8,1,2,180,-0.4666666666666667,0.5034920634920634,0.20607142857142857,Low
8,4,7.2,68,58,14,159,50.7,2,21,0,16,43,-1.5333333333333334,0.9915000000000002,0.5710000000000001,Moderate
3,3,6.5,72,55,65,106,48.7,2,7,1,13,34,0.16666666666666666,0.3426111111111113,0.36100000000000004,Low
11,3,5.6,63,63,180,112,38.2,3,7,1,4,79,4.0,-0.05655555555555543,0.4910000000000001,High
5,9,6.5,72,35,31,71,55.1,4,2,0,1,61,-0.9666666666666667,0.5464841269841271,0.3251428571428572,Moderate
3,13,6.1,96,28,154,68,49.8,3,6,1,4,23,3.1333333333333333,0.38084126984126976,0.6579285714285714,High
9,5,6.2,63,24,123,83,69.4,1,10,0,5,27,2.1,1.2890317460317462,1.2652142857142856,High
3,10,6.2,67,32,33,4,35.0,1,9,1,2,60,-0.9,-0.38246031746031744,-0.0203571428571429,Low
5,3,6.5,65,52,34,16,41.9,4,15,1,8,175,-0.8666666666666667,0.35565873015873006,0.3080714285714285,Low
17,1,6.4,94,32,25,21,38.1,1,4,1,2,104,-1.1666666666666667,-0.4026428571428571,-0.12521428571428575,Moderate
1,2,8.1,68,57,157,114,40.9,3,5,2,14,87,3.2333333333333334,-0.004261904761904817,0.019857142857142907,Low
9,4,6.4,66,59,35,55,45.5,3,2,0,7,143,-0.8333333333333334,0.03003968253968256,0.06464285714285703,Low
9,4,6.4,74,43,24,68,44.8,5,14,0,5,131,-1.2,0.5748888888888887,0.3589999999999999,Moderate
12,9,8.1,61,38,54,180,56.1,2,9,0,10,100,-0.2,0.8292619047619048,0.33264285714285724,High
2,4,5.8,68,64,11,117,45.8,5,6,0,3,113,-1.6333333333333333,0.38861904761904753,0.23292857142857132,Low
16,3,6.2,66,36,138,63,41.8,4,3,0,10,50,2.6,-0.02519047619047629,0.2747142857142856,High
7,14,7.8,76,26,119,89,55.7,4,5,0,11,16,1.9666666666666666,0.7006269841269843,0.421357142857143,High
8,11,6.6,66,32,56,39,40.2,3,6,1,6,150,-0.13333333333333333,-0.08338095238095225,0.03742857142857158,Moderate
6,5,6.3,76,37,132,15,51.1,5,4,2,3,147,2.4,0.4423571428571429,0.5497857142857143,Moderate
2,7,6.2,69,31,32,95,58.4,3,3,2,4,17,-0.9333333333333333,0.6906984126984126,0.5077142857142857,Moderate
5,4,6.2,68,47,94,10,47.0,4,4,1,16,96,1.1333333333333333,0.1856349206349206,0.3492857142857142,Low
2,15,6.0,71,43,81,108,50.2,3,3,1,5,28,0.7,0.3361428571428573,0.41921428571428576,Moderate
1,4,6.1,61,37,107,22,57.0,2,7,0,19,67,1.5666666666666667,0.6227777777777778,0.7850000000000001,High
8,12,7.2,65,50,180,72,37.5,2,9,3,6,4,4.0,-0.12773809523809526,0.2471428571428571,Moderate
3,10,8.3,80,45,123,18,47.8,3,2,0,11,47,2.1,0.09242857142857128,0.021142857142856908,Moderate
2,12,6.1,85,47,151,27,55.7,1,2,1,1,107,3.033333333333333,0.3245952380952382,0.7131428571428573,High
9,8,7.1,69,38,86,73,43.0,3,5,2,7,103,0.8666666666666667,0.0446825396825397,0.08035714285714293,Moderate
3,6,6.7,67,39,54,64,56.5,5,8,0,15,74,-0.2,0.8826587301587301,0.5610714285714284,Low
17,4,7.8,87,41,36,117,58.2,2,2,2,4,51,-0.8,0.6037619047619049,0.20314285714285724,Moderate
3,3,7.2,89,57,179,34,57.5,5,5,1,3,140,3.966666666666667,0.7871825396825397,0.7303571428571428,High
6,1,7.1,70,45,31,38,44.1,3,1,3,0,131,-0.9666666666666667,-0.08756349206349197,-0.13842857142857132,Low
7,3,6.2,77,44,84,180,44.0,4,10,1,5,61,0.8,0.4538095238095239,0.40571428571428564,Low
3,10,8.0,78,49,89,109,53.1,4,8,1,6,59,0.9666666666666667,0.7129920634920635,0.3190714285714286,Low
3,3,5.0,70,54,107,79,50.7,3,8,1,17,34,1.5666666666666667,0.5049920634920636,0.8170714285714287,Moderate
2,4,7.3,66,35,49,172,45.5,2,4,1,14,25,-0.36666666666666664,0.16480158730158734,-0.0007142857142856673,Low
14,21,5.8,91,50,13,48,54.9,0,1,2,14,33,-1.5666666666666667,0.20954761904761895,0.3680714285714285,High
5,7,6.1,66,51,88,96,53.8,2,11,4,5,39,0.9333333333333333,0.7038571428571428,0.7557857142857142,Moderate
10,3,6.5,72,48,17,22,46.5,1,3,2,3,70,-1.4333333333333333,-0.0592460317460317,0.06071428571428571,Low
4,8,7.6,85,45,39,138,40.5,2,12,1,1,67,-0.7,0.18773809523809526,0.00035714285714295163,Low
4,3,6.0,82,32,76,117,48.7,4,13,1,1,49,0.5333333333333333,0.7024523809523812,0.6474285714285715,Moderate
6,4,7.4,78,45,101,143,55.9,5,6,0,13,37,1.3666666666666667,0.8720079365079364,0.48092857142857126,Moderate
4,7,5.8,85,29,180,19,56.6,5,7,0,11,53,4.0,0.8014444444444445,1.008,High
12,3,6.2,74,44,11,35,55.7,1,6,0,7,24,-1.6333333333333333,0.47634126984127,0.4599285714285714,Moderate
5,4,8.0,80,50,155,43,56.9,2,15,0,3,6,3.1666666666666665,0.9273253968253967,0.7980714285714285,High
3,7,6.2,66,38,67,60,49.9,3,0,1,3,111,0.23333333333333334,0.16216666666666663,0.2544999999999999,Moderate
14,3,6.4,67,34,17,123,38.2,5,3,1,15,13,-1.4333333333333333,-0.05385714285714273,-0.17078571428571426,Low
3,2,6.0,81,51,18,12,39.7,7,14,1,5,94,-1.4,0.4165000000000001,0.2610000000000001,Moderate
5,4,7.1,68,20,12,60,47.4,2,7,1,4,87,-1.6,0.23299999999999998,0.08450000000000002,Low
15,14,8.3,75,37,35,88,47.6,2,3,2,7,86,-0.8333333333333334,0.13025396825396837,-0.17628571428571438,High
2,2,5.7,68,43,83,77,48.7,2,4,0,11,13,0.7666666666666667,0.20324603174603192,0.4602857142857143,Low
7,7,6.3,69,33,79,123,48.7,3,2,1,10,59,0.6333333333333333,0.24959523809523826,0.2881428571428572,Moderate
5,2,7.5,78,53,57,69,52.7,2,10,0,20,36,-0.1,0.5886428571428572,0.37171428571428583,Moderate
11,7,8.0,87,51,49,49,62.9,3,4,2,2,119,-0.36666666666666664,0.8778015873015873,0.3987857142857143,High
7,3,6.5,73,39,23,42,48.7,1,2,2,6,34,-1.2333333333333334,0.026261904761904965,0.11314285714285716,Low
4,1,7.3,62,53,54,163,40.8,5,8,1,3,85,-0.2,0.28615873015873006,-0.014928571428571479,Low
1,8,5.8,73,54,120,76,42.7,2,1,2,1,43,2.0,-0.17500793650793633,0.2695714285714287,Low
17,7,6.9,72,39,36,32,48.3,5,10,0,17,18,-0.8,0.5495317460317459,0.2922142857142856,Moderate
8,8,6.6,70,29,22,88,49.0,3,5,0,3,35,-1.2666666666666666,0.3313492063492064,0.18785714285714294,Low
8,8,7.1,64,37,29,97,35.7,5,8,1,18,53,-1.0333333333333334,-0.016674603174603043,-0.19542857142857128,Moderate
11,7,7.4,89,28,108,165,37.1,2,3,2,4,34,1.6,-0.25669047619047614,-0.1512857142857143,High
5,7,7.3,81,38,64,39,54.4,3,4,3,15,70,0.13333333333333333,0.4841904761904763,0.3037857142857143,High
1,3,7.3,83,50,109,13,48.6,2,1,1,12,75,1.6333333333333333,0.02049206349206359,0.1565714285714286,Low
7,8,7.6,83,35,89,119,46.6,3,5,1,9,103,0.9666666666666667,0.2577936507936509,0.10835714285714296,Moderate
6,4,9.0,84,51,110,83,43.8,2,13,1,12,72,1.6666666666666667,0.3108412698412697,0.06042857142857136,Moderate
3,3,7.0,84,41,97,39,49.2,1,13,1,3,55,1.2333333333333334,0.4382857142857145,0.5399285714285715,Low
12,4,6.4,66,29,54,37,55.2,7,3,0,3,24,-0.2,0.7489206349206351,0.43171428571428566,Moderate
6,2,7.1,81,29,24,36,46.7,6,10,1,4,72,-1.2,0.5486428571428572,0.17921428571428585,Low
1,2,7.7,68,61,63,52,38.0,1,8,2,2,138,0.1,-0.22984126984126985,-0.14642857142857144,Low
10,13,5.2,64,55,34,140,35.0,6,6,2,18,153,-0.8666666666666667,-0.005158730158730147,0.07142857142857137,High
4,4,6.0,55,59,97,121,48.4,1,10,1,10,39,1.2333333333333334,0.3862539682539682,0.6052142857142857,Low
8,8,6.8,92,45,63,167,47.6,4,6,1,6,35,0.1,0.4585079365079366,0.2419285714285715,High
8,6,8.0,73,28,52,24,38.0,3,7,4,2,55,-0.26666666666666666,-0.16333333333333333,-0.255,Moderate
2,5,5.5,85,67,180,147,41.9,2,3,2,11,32,4.0,-0.06069047619047624,0.5052142857142856,Moderate
3,2,7.8,83,43,59,90,53.6,2,6,1,12,34,-0.03333333333333333,0.5096190476190477,0.2369285714285715,Low
9,7,6.3,97,59,27,93,40.5,1,2,0,5,56,-1.1,-0.28607142857142853,-0.08785714285714287,Moderate
6,3,6.7,83,37,86,99,40.4,5,8,1,5,51,0.8666666666666667,0.19704761904761897,0.15807142857142847,Low
4,15,5.9,70,56,121,47,46.6,8,7,1,14,128,2.033333333333333,0.5825555555555556,0.5429999999999999,High
5,9,8.6,71,47,144,83,51.4,3,2,1,8,176,2.8,0.32665079365079364,0.12914285714285717,High
14,4,8.1,92,39,14,30,45.3,3,3,0,3,180,-1.5333333333333334,0.028976190476190364,-0.2627857142857143,Moderate
14,3,5.5,81,18,40,64,55.8,0,2,1,3,68,-0.6666666666666666,0.3035396825396824,0.5436428571428569,High
7,5,6.2,71,40,105,39,42.1,5,1,1,4,176,1.5,-0.04311904761904756,0.14407142857142857,Low
3,3,6.3,85,36,63,55,44.4,6,10,1,4,19,0.1,0.46625396825396814,0.3477142857142857,Low
4,4,6.5,73,38,68,23,44.5,4,4,2,13,42,0.26666666666666666,0.08757936507936506,0.15678571428571428,Low
11,3,7.5,61,58,33,73,47.8,5,1,0,6,81,-0.9,0.25115873015872997,-0.09242857142857153,Low
5,4,7.3,80,57,63,10,58.6,6,6,2,16,61,0.1,0.9123968253968254,0.4844285714285715,High
3,8,4.7,60,50,29,50,62.2,2,4,0,2,9,-1.0333333333333334,0.780746031746032,0.9052857142857142,High
7,4,7.6,82,43,44,54,54.5,4,4,2,18,25,-0.5333333333333333,0.5720238095238095,0.20428571428571435,Moderate
11,10,8.2,73,50,125,21,41.6,1,2,1,10,55,2.1666666666666665,-0.3165714285714285,-0.14235714285714274,Moderate
10,7,6.0,82,46,143,107,51.9,4,10,2,4,34,2.7666666666666666,0.7281984126984126,0.8252142857142858,High
7,10,5.9,68,40,47,16,52.3,3,0,0,11,67,-0.43333333333333335,0.22127777777777766,0.32899999999999985,Moderate
3,1,6.4,93,37,62,10,36.2,3,5,4,7,13,0.06666666666666667,-0.3313174603174602,-0.06114285714285712,Low
2,1,7.6,84,46,34,167,39.5,2,7,0,2,175,-0.8666666666666667,-0.0036111111111111205,-0.18499999999999994,Low
8,1,7.7,90,41,27,17,61.6,4,4,2,14,32,-1.1,0.8504126984126986,0.3572857142857142,High
10,7,7.1,65,40,60,52,39.6,5,5,1,4,14,0.0,0.0016825396825397507,-0.08664285714285704,Low
5,8,6.5,60,42,77,85,52.4,6,10,1,3,18,0.5666666666666667,0.8595873015873016,0.5877142857142856,Moderate
13,13,6.7,64,43,24,31,37.8,3,3,1,1,35,-1.2,-0.3074126984126986,-0.2177857142857144,Low
5,2,7.5,63,52,120,6,54.8,2,8,0,13,180,2.0,0.5417142857142856,0.5350714285714285,Moderate
24,6,5.1,71,40,126,48,48.5,4,15,0,4,86,2.2,0.6882142857142857,0.9810714285714286,High
9,4,7.1,70,67,168,12,47.0,3,7,0,5,180,3.6,0.22833333333333333,0.4625000000000001,Moderate
5,2,7.4,67,34,49,169,57.3,3,3,1,7,12,-0.36666666666666664,0.7234206349206347,0.30721428571428555,Low
3,1,6.9,63,29,97,30,53.2,1,6,1,7,119,1.2333333333333334,0.35828571428571454,0.4774285714285714,Low
6,6,5.7,85,12,93,89,43.6,4,12,2,11,53,1.1,0.40612698412698417,0.5608571428571429,High
6,7,6.5,86,46,22,14,41.4,2,3,0,13,71,-1.2666666666666666,-0.23096825396825404,-0.07978571428571432,Low
12,9,8.1,74,50,4,66,48.3,0,11,2,4,18,-1.8666666666666667,0.28969047619047605,0.030785714285714277,Moderate
4,4,5.9,83,50,53,20,39.2,2,12,0,15,15,-0.23333333333333334,-0.0018730158730157487,0.2938571428571429,Low
5,15,6.5,69,30,88,22,52.0,3,6,0,8,31,0.9333333333333333,0.4287301587301588,0.48892857142857143,Moderate
3,6,7.0,86,27,95,29,44.0,6,12,0,10,91,1.1666666666666667,0.49079365079365084,0.3503571428571429,Moderate
6,6,8.6,83,54,26,180,51.3,4,3,0,20,13,-1.1333333333333333,0.5323095238095237,-0.1402857142857143,Low
12,3,7.0,79,43,140,72,44.3,2,11,2,5,96,2.6666666666666665,0.24969047619047602,0.44328571428571417,Moderate
11,3,5.3,76,42,38,95,41.8,4,14,2,2,69,-0.7333333333333333,0.4032222222222221,0.4964999999999999,Moderate
13,1,7.8,65,39,49,29,49.7,3,7,2,8,95,-0.36666666666666664,0.3687222222222224,0.12350000000000014,Low
6,5,7.9,72,31,67,21,51.1,2,17,0,2,63,0.23333333333333334,0.713309523809524,0.4787142857142857,Moderate
11,10,7.9,81,30,76,18,49.8,3,7,2,8,41,0.5333333333333333,0.3609999999999999,0.17649999999999988,Moderate
4,12,7.2,88,49,45,34,44.3,3,1,0,2,78,-0.5,-0.08300793650793664,-0.11492857142857155,Low
18,4,6.3,75,36,161,89,50.5,2,3,0,6,38,3.3666666666666667,0.2618650793650794,0.5757142857142857,High
5,8,6.2,85,42,86,146,49.2,5,12,0,9,22,0.8666666666666667,0.7881269841269842,0.6238571428571429,Moderate
4,19,6.2,74,38,27,63,37.1,0,5,0,3,47,-1.1,-0.43192857142857144,-0.08664285714285713,Low
7,6,7.5,83,12,27,46,56.7,2,7,0,7,5,-1.1,0.6359444444444446,0.33100000000000007,Moderate
5,3,6.7,73,26,1,29,44.4,3,5,0,6,93,-1.9666666666666666,0.05879365079365072,-0.020142857142857212,Low
3,5,6.1,72,38,51,43,51.7,5,2,1,11,14,-0.3,0.42903968253968267,0.34314285714285725,Low
5,20,6.3,61,76,49,43,51.9,4,2,0,7,29,-0.36666666666666664,0.3713730158730158,0.30914285714285716,Moderate
15,2,6.2,75,38,14,60,51.8,4,6,1,3,29,-1.5333333333333334,0.5286190476190475,0.3504285714285713,Moderate
7,5,7.9,81,53,156,28,43.8,1,5,1,5,115,3.2,-0.10265079365079377,0.1393571428571427,Moderate
5,0,5.0,77,63,180,111,42.6,3,10,2,15,59,4.0,0.24747619047619054,0.8137142857142856,Moderate
9,8,6.7,65,55,84,23,52.0,4,1,1,9,39,0.8,0.31793650793650796,0.30107142857142855,Moderate
3,14,6.2,86,27,74,59,46.3,2,4,1,13,121,0.4666666666666667,0.07524603174603163,0.27828571428571414,Moderate
4,2,8.1,77,42,59,63,53.6,5,13,0,1,14,-0.03333333333333333,0.9296190476190477,0.3844285714285715,Moderate
11,6,6.7,90,52,15,53,37.4,4,3,0,9,29,-1.5,-0.23430158730158734,-0.25228571428571434,Moderate
9,2,6.5,73,26,62,18,42.6,1,2,0,12,15,0.06666666666666667,-0.2749047619047619,0.02764285714285716,Low
6,21,6.4,81,55,54,97,52.3,4,18,0,5,67,-0.2,1.0208015873015872,0.7732857142857141,High
9,2,6.3,74,56,74,160,35.0,1,17,0,19,39,0.4666666666666667,0.07658730158730159,0.29321428571428576,Moderate
4,7,7.9,69,36,10,38,40.7,4,6,2,4,78,-1.6666666666666667,0.0046746031746033034,-0.29007142857142854,Low
7,7,6.8,70,73,33,21,59.6,4,1,1,18,42,-0.9,0.6577142857142858,0.3840714285714287,Moderate
7,3,7.0,79,35,42,67,55.1,5,12,1,0,55,-0.6,0.9658492063492065,0.5508571428571429,Moderate
19,8,7.5,75,31,30,180,42.5,5,12,0,7,52,-1.0,0.5244047619047619,0.055357142857142896,High
5,3,6.7,76,38,96,42,49.3,2,14,0,13,13,1.2,0.5484999999999999,0.6214999999999998,Low
7,3,7.1,67,53,101,29,53.8,3,6,0,20,59,1.3666666666666667,0.5175079365079364,0.4704285714285713,Moderate
11,16,7.0,82,47,33,160,49.4,3,5,1,2,180,-0.9,0.4293492063492063,0.15735714285714278,Moderate
3,2,6.7,81,46,75,128,52.2,3,11,2,5,36,0.5,0.7340793650793652,0.5702857142857143,Moderate
6,5,7.0,73,61,11,77,46.3,9,1,0,3,9,-1.6333333333333333,0.45476984126984116,-0.10492857142857154,Low
12,14,7.4,79,42,53,41,48.8,1,9,2,6,56,-0.23333333333333334,0.27965079365079343,0.233642857142857,Moderate
3,5,6.8,73,21,69,81,45.2,3,5,0,8,57,0.3,0.1525714285714287,0.15635714285714294,Moderate
16,7,6.7,76,51,59,63,50.1,6,21,0,4,76,-0.03333333333333333,1.1245,0.7530000000000001,High
5,8,5.9,76,58,81,79,65.5,3,10,1,1,58,0.7,1.242420634920635,1.0957142857142854,High
3,7,6.6,78,44,26,27,55.1,6,2,2,4,133,-1.1333333333333333,0.6309285714285716,0.29514285714285726,Low
9,3,5.3,76,30,91,110,44.3,1,3,1,15,116,1.0333333333333334,-0.06046825396825409,0.3897142857142856,Moderate
9,4,6.5,79,53,87,63,40.0,4,6,0,6,45,0.9,0.0009523809523809545,0.12642857142857145,Low
6,4,7.6,81,30,9,35,54.0,2,11,2,18,153,-1.7,0.6450793650793651,0.3017857142857143,High
1,6,7.1,80,41,80,103,60.9,4,6,1,9,27,0.6666666666666666,0.9858968253968255,0.6309285714285714,Moderate
2,6,6.6,73,35,18,34,37.0,1,3,1,1,38,-1.4,-0.4734126984126984,-0.2392857142857142,Low
2,7,5.7,79,42,48,28,50.1,4,12,1,6,68,-0.4,0.6308492063492065,0.6433571428571428,Moderate
11,2,6.4,55,42,179,15,58.6,4,9,0,17,46,3.966666666666667,0.8917619047619048,1.017642857142857,High
7,6,6.7,62,51,74,47,35.0,1,6,1,4,41,0.4666666666666667,-0.4418253968253968,-0.09107142857142861,Low
4,20,8.1,83,53,43,73,47.8,5,7,1,8,77,-0.5666666666666667,0.46544444444444427,-0.0010000000000000148,Moderate
16,6,5.1,73,37,126,84,35.0,2,1,1,20,53,2.2,-0.5126190476190476,0.1760714285714286,High
11,4,5.7,77,60,95,76,63.1,2,16,0,13,90,1.1666666666666667,1.2787063492063493,1.265142857142857,High
4,3,6.2,64,64,55,100,42.2,2,9,0,4,102,-0.16666666666666666,0.114873015873016,0.25064285714285717,Moderate
7,7,5.8,93,56,29,62,44.3,3,12,1,9,43,-1.0333333333333334,0.34096031746031735,0.40435714285714286,Moderate
6,15,6.0,76,36,69,62,69.1,4,10,2,2,35,0.3,1.4521984126984124,1.1562142857142854,High
3,7,6.6,81,34,53,97,56.0,2,3,1,2,92,-0.23333333333333334,0.5182539682539683,0.41821428571428576,Moderate
10,14,7.3,82,49,125,131,54.9,7,14,1,1,180,2.1666666666666665,1.232722222222222,0.757,High
2,9,6.0,76,40,132,77,38.1,2,1,0,5,99,2.4,-0.3808968253968253,0.1265714285714286,Moderate
2,2,5.8,76,32,94,20,56.8,1,7,2,7,4,1.1333333333333333,0.5448888888888888,0.7989999999999999,Moderate
0,3,6.0,67,46,62,50,48.8,2,1,2,6,76,0.06666666666666667,0.07060317460317447,0.27257142857142846,Low
22,4,6.9,77,34,167,154,47.4,3,3,1,12,14,3.566666666666667,0.26125396825396824,0.3927142857142856,High
2,7,7.8,81,47,22,46,45.5,3,10,0,14,13,-1.2666666666666666,0.3057539682539683,0.015714285714285778,Low
2,4,4.9,73,70,49,130,54.4,3,18,1,3,70,-0.36666666666666664,1.0853015873015874,1.086285714285714,High
15,7,7.1,65,44,90,104,45.4,3,5,0,3,180,1.0,0.18712698412698403,0.16235714285714287,High
4,3,6.6,78,57,17,16,43.7,0,2,0,6,65,-1.4333333333333333,-0.29429365079365066,-0.06935714285714271,Low
3,12,6.7,69,29,73,55,45.3,4,4,1,2,66,0.43333333333333335,0.1591349206349205,0.15828571428571414,Low
5,8,6.9,77,49,106,93,68.7,5,4,2,5,84,1.5333333333333334,1.3210238095238096,0.9077857142857142,High
9,4,7.4,78,44,7,113,48.3,3,2,2,6,74,-1.7666666666666666,0.22048412698412687,-0.096357142857143,Moderate
3,2,6.0,80,42,50,69,39.9,2,6,0,4,85,-0.3333333333333333,-0.13021428571428578,0.11842857142857138,Low
11,6,5.8,71,27,10,35,39.1,3,6,0,5,114,-1.6666666666666667,-0.13732539682539677,0.02942857142857147,Moderate
8,4,8.1,83,49,42,75,36.4,3,2,1,20,52,-0.6,-0.3572380952380953,-0.4883571428571429,Moderate
7,2,5.3,79,48,23,74,36.3,2,9,1,3,107,-1.2333333333333334,-0.17951587301587316,0.15114285714285702,Low
5,2,6.9,69,53,97,111,44.5,4,8,2,6,59,1.2333333333333334,0.3282142857142857,0.2735714285714285,Low
3,3,4.7,63,36,51,52,48.5,2,2,1,20,67,-0.3,0.09503968253968256,0.49214285714285705,Moderate
3,11,6.2,82,39,28,28,55.6,2,2,2,5,5,-1.0666666666666667,0.3878730158730159,0.38514285714285695,Moderate
7,2,7.8,88,48,68,82,53.8,3,11,1,7,88,0.26666666666666666,0.754968253968254,0.4082857142857142,High
5,9,6.0,66,34,78,35,52.2,0,3,0,8,132,0.6,0.14503174603174618,0.47171428571428575,Moderate
4,9,7.0,73,40,85,68,46.3,4,4,0,5,98,0.8333333333333334,0.21857936507936493,0.16578571428571418,Low
18,3,5.0,80,36,74,75,53.7,2,9,0,5,50,0.4666666666666667,0.6045952380952382,0.8531428571428573,High
5,17,7.4,62,36,107,68,53.5,5,3,3,20,110,1.5666666666666667,0.573531746031746,0.3382142857142857,High
11,7,7.3,75,42,101,84,48.9,4,3,1,4,16,1.3666666666666667,0.3176428571428571,0.2027142857142857,Moderate
8,8,7.0,75,63,117,33,47.8,3,4,0,9,76,1.9,0.18052380952380936,0.2907857142857142,Low
3,18,7.7,75,48,88,43,57.6,5,2,0,14,31,0.9333333333333333,0.6945396825396826,0.3326428571428571,High
6,1,6.5,87,46,46,38,48.4,4,6,0,3,49,-0.4666666666666667,0.35117460317460314,0.27592857142857136,Low
13,1,5.3,95,61,41,34,36.8,4,8,0,20,60,-0.6333333333333333,-0.10384126984126998,0.1825714285714285,Moderate
5,4,5.9,69,69,14,38,35.6,3,2,0,3,40,-1.5333333333333334,-0.43434920634920626,-0.1973571428571429,Low
24,1,6.8,67,36,80,8,56.0,1,9,0,5,33,0.6666666666666666,0.566984126984127,0.6221428571428572,High
2,3,5.4,63,40,15,41,64.0,4,13,0,10,36,-1.5,1.3065079365079364,1.0589285714285712,Moderate
3,6,6.7,83,34,76,146,35.1,3,21,1,4,38,0.5333333333333333,0.3417222222222223,0.3455,Moderate
5,3,7.3,75,44,38,56,43.7,3,2,0,9,133,-0.7333333333333333,-0.04984920634920623,-0.13935714285714274,Low
10,2,6.4,71,21,45,138,54.9,1,18,0,0,16,-0.5,0.9833571428571427,0.8287857142857141,High
6,3,6.5,74,44,83,24,63.9,3,5,0,17,11,0.7666666666666667,0.9307380952380951,0.8048571428571427,High
3,5,6.1,92,44,113,86,47.2,1,2,2,5,41,1.7666666666666666,0.00765079365079377,0.36314285714285727,Low
7,5,8.0,57,46,40,76,43.1,1,1,1,8,125,-0.6666666666666666,-0.22367460317460308,-0.3034285714285714,Low
8,5,7.3,61,60,58,70,51.6,2,2,1,6,53,-0.06666666666666667,0.2545396825396827,0.14764285714285721,Low
16,3,7.9,67,33,7,129,48.1,8,9,0,2,153,-1.7666666666666666,0.8125952380952383,0.010142857142857148,Moderate
4,11,6.8,64,65,18,18,54.0,3,18,0,10,11,-1.4,0.9428571428571428,0.6642857142857144,Moderate
7,4,6.1,65,32,62,25,61.3,2,11,0,10,38,0.06666666666666667,0.9624682539682541,0.9157857142857143,High
7,3,7.0,66,55,90,107,47.4,3,5,0,13,66,1.0,0.28046031746031747,0.23985714285714282,Moderate
14,3,7.3,84,70,94,29,53.8,5,2,0,3,166,1.1333333333333333,0.5079841269841268,0.30364285714285705,Moderate
18,2,4.6,79,41,161,135,50.2,1,12,0,14,58,3.3666666666666667,0.5542380952380954,1.121357142857143,High
10,2,8.1,77,37,11,109,49.6,3,21,0,14,127,-1.6333333333333333,0.9531111111111112,0.37300000000000016,High
2,6,7.5,70,43,80,136,56.5,3,4,0,7,12,0.6666666666666666,0.686468253968254,0.3717857142857142,Low
4,6,7.8,71,19,9,59,35.0,1,9,1,3,63,-1.7,-0.32134920634920633,-0.3603571428571428,Low
4,4,6.5,74,37,33,127,49.8,3,8,1,6,10,-0.9,0.5178253968253967,0.3425714285714285,Low
9,3,6.9,92,53,14,40,48.2,6,21,1,15,33,-1.5333333333333334,1.0134444444444446,0.5485,Moderate
5,6,6.7,84,34,131,39,52.0,6,3,1,13,94,2.3666666666666667,0.5404761904761906,0.4757142857142857,High
4,1,4.8,71,30,55,69,39.3,3,8,2,6,73,-0.16666666666666666,-0.019119047619047754,0.3800714285714285,Moderate
7,2,6.4,80,35,65,53,61.6,2,11,0,11,50,0.16666666666666666,1.0070793650793652,0.8797857142857142,High
6,2,6.8,78,34,72,38,51.0,3,4,2,4,35,0.4,0.33007936507936514,0.3092857142857144,Moderate
4,2,7.5,87,38,37,50,49.2,4,9,0,3,118,-0.7666666666666667,0.5076507936507938,0.18814285714285722,Low
8,10,6.8,61,38,54,29,42.1,3,9,0,2,89,-0.2,0.0981507936507937,0.14014285714285724,Low
6,1,5.7,88,65,44,140,59.8,3,16,1,4,180,-0.5333333333333333,1.267984126984127,1.038642857142857,High
6,4,7.0,80,40,39,98,36.7,2,12,0,1,21,-0.7,-0.027706349206349096,-0.008642857142857042,Low
10,10,6.2,75,62,180,38,42.5,6,11,1,3,56,4.0,0.3975793650793651,0.6292857142857142,Moderate
4,4,6.3,86,44,28,18,50.3,5,9,0,5,113,-1.0666666666666667,0.5882619047619047,0.40864285714285714,Moderate
11,1,5.1,72,51,50,62,48.8,1,14,0,0,138,-0.3333333333333333,0.4815555555555554,0.7715,Moderate
7,2,8.9,63,47,17,11,49.3,1,7,0,8,106,-1.4333333333333333,0.19738888888888878,-0.1610000000000001,Low
12,13,7.5,73,47,101,35,44.7,4,8,1,18,50,1.3666666666666667,0.25276984126984137,0.18457142857142866,High
9,7,7.6,78,34,153,80,52.1,1,9,0,9,72,3.1,0.47148412698412706,0.5476428571428573,High
2,8,7.0,78,25,21,39,54.3,4,9,1,8,115,-1.3,0.7249285714285713,0.38864285714285707,Moderate
3,6,6.8,66,40,26,60,39.6,3,1,2,4,94,-1.1333333333333333,-0.26561904761904753,-0.23342857142857135,Low
8,9,6.1,67,37,134,70,54.3,3,15,0,12,68,2.466666666666667,0.9069920634920633,1.0000714285714285,High
6,13,5.4,70,32,57,103,50.1,4,11,0,8,47,-0.1,0.678468253968254,0.6897857142857143,Moderate
6,5,6.5,84,45,105,36,39.6,3,9,1,11,180,1.5,-0.006571428571428506,0.24514285714285716,Moderate
4,7,6.2,74,46,28,31,53.1,7,7,0,5,26,-1.0666666666666667,0.7906111111111112,0.4529999999999999,Low
7,10,6.9,85,41,109,44,45.1,1,3,2,7,45,1.6333333333333333,-0.09780158730158722,0.17871428571428566,Moderate
5,5,5.6,92,29,106,64,60.7,2,11,0,15,32,1.5333333333333334,0.9788015873015875,1.0952857142857144,High
7,1,5.4,72,59,57,68,44.4,4,4,0,12,48,-0.1,0.13307936507936502,0.3187857142857142,Low
4,1,6.6,68,34,14,158,47.0,8,14,0,4,15,-1.5333333333333334,0.973888888888889,0.36500000000000005,Low
17,4,7.0,72,39,41,25,52.5,3,21,2,8,147,-0.6333333333333333,0.9902777777777778,0.7275,High
11,3,6.8,67,51,72,29,49.0,0,2,1,4,69,0.4,-0.041349206349206344,0.19214285714285717,Low
3,21,6.8,79,29,21,45,44.6,1,7,1,1,30,-1.3,0.02366666666666674,0.07550000000000007,Low
4,1,6.4,83,32,72,130,40.6,5,13,1,8,117,0.4,0.4190634920634921,0.3244285714285714,Low
1,3,6.6,72,24,62,77,53.2,3,9,0,6,15,0.06666666666666667,0.6509841269841271,0.5281428571428572,Low
9,2,6.9,82,19,180,23,49.1,3,19,0,9,123,4.0,0.7636269841269842,0.9333571428571428,High
6,9,6.9,60,54,22,40,44.4,5,3,0,5,96,-1.2666666666666666,0.13292063492063486,-0.059785714285714386,Low
13,21,7.8,80,33,99,136,44.7,7,1,0,3,104,1.3,0.31499206349206366,-0.07292857142857129,High
5,13,8.3,72,34,62,131,41.4,2,7,2,19,24,0.06666666666666667,0.04188888888888882,-0.18050000000000016,Moderate
8,4,5.6,83,50,7,46,37.1,4,3,0,6,2,-1.7666666666666666,-0.255579365079365,-0.08878571428571418,Low
5,4,6.6,60,32,106,44,48.7,1,6,0,13,92,1.5333333333333334,0.17134126984127007,0.41742857142857154,Low
17,9,6.2,65,44,80,10,49.6,1,6,1,2,48,0.6666666666666666,0.17406349206349214,0.4494285714285714,Moderate
4,2,5.9,60,13,88,12,56.3,4,4,1,11,20,0.9333333333333333,0.6063571428571427,0.665785714285714,Moderate
8,3,6.9,76,32,50,72,52.0,0,2,3,5,112,-0.3333333333333333,0.14142857142857146,0.20964285714285708,Moderate
6,2,6.8,74,40,30,15,50.1,2,3,4,8,5,-1.0,0.16164285714285728,0.1487142857142858,Low
6,10,8.2,73,52,47,75,47.9,2,12,3,8,46,-0.43333333333333335,0.4507380952380952,0.13735714285714296,Moderate
4,3,7.9,71,39,88,154,49.7,4,5,1,13,30,0.9333333333333333,0.5028492063492066,0.1463571428571429,Low
11,9,7.8,92,64,35,98,46.1,0,8,1,11,47,-0.8333333333333334,0.11910317460317467,0.009071428571428633,Moderate
11,4,6.8,86,34,106,18,39.5,4,1,0,3,95,1.5333333333333334,-0.25011904761904763,-0.03642857142857141,Moderate
7,0,6.3,77,26,60,63,35.0,0,8,0,8,36,0.0,-0.4192857142857144,0.0010714285714286016,Low
1,5,7.5,75,21,180,180,42.9,4,10,0,10,180,4.0,0.4043095238095238,0.3852142857142857,Moderate
8,1,5.5,89,38,137,104,41.2,2,9,0,4,51,2.566666666666667,0.07431746031746045,0.5481428571428573,High
4,4,6.8,71,42,30,115,38.9,2,13,2,4,56,-1.0,0.12589682539682534,0.09842857142857143,Low
2,0,4.8,72,51,180,37,48.9,5,21,0,1,139,4.0,0.9749444444444445,1.352,High
9,2,6.2,86,42,50,137,55.4,4,13,1,5,179,-0.3333333333333333,1.026174603174603,0.7484285714285713,High
8,5,5.9,68,37,58,69,52.0,2,18,0,8,69,-0.06666666666666667,0.8428571428571429,0.8617857142857142,High
2,5,6.1,64,50,93,16,56.7,2,8,1,19,80,1.1,0.638325396825397,0.7695714285714288,Moderate
16,1,5.0,80,43,180,51,54.9,4,6,2,5,71,4.0,0.6581190476190475,1.0684285714285713,High
6,3,6.9,77,49,180,77,41.4,2,3,0,5,31,4.0,-0.16096825396825404,0.2452142857142856,Low
7,12,7.6,73,56,44,34,54.9,0,19,1,5,36,-0.5333333333333333,0.8368492063492062,0.6448571428571428,Moderate
4,5,7.6,75,52,29,73,35.0,3,3,1,4,65,-1.0333333333333334,-0.3867460317460318,-0.4467857142857142,Low
10,18,5.9,71,55,40,121,35.0,0,5,1,4,28,-0.6666666666666666,-0.461984126984127,-0.06464285714285721,Moderate
12,5,8.4,84,14,168,94,45.6,2,14,1,9,37,3.6,0.4397777777777778,0.393,High
10,1,7.7,75,31,53,56,53.1,5,2,0,5,59,-0.23333333333333334,0.5064841269841269,0.11014285714285708,Moderate
11,9,6.6,74,61,109,21,40.9,2,10,2,4,15,1.6333333333333333,0.004309523809523735,0.3052142857142857,Moderate
4,1,6.5,81,41,29,18,41.2,5,8,1,9,82,-1.0333333333333334,0.14304761904761915,0.07457142857142866,Low
8,2,4.8,68,43,60,41,47.0,2,5,0,1,49,0.0,0.12246031746031749,0.5378571428571428,Low
3,1,6.5,88,68,62,48,43.5,2,6,1,12,12,0.06666666666666667,0.008452380952380954,0.16892857142857143,Low
14,11,7.2,59,43,46,74,60.4,3,3,0,8,112,-0.4666666666666667,0.7573650793650794,0.4277142857142857,High
7,6,8.9,82,61,75,24,54.4,3,4,0,7,56,0.5,0.46752380952380956,0.05128571428571426,Low
2,7,6.8,65,41,93,72,45.6,4,11,1,5,63,1.1,0.44152380952380954,0.39978571428571436,Moderate
9,7,7.3,66,30,32,32,44.7,4,2,0,4,33,-0.9333333333333333,0.03515079365079375,-0.12435714285714274,Moderate
11,10,7.8,65,36,102,33,44.5,4,7,0,5,16,1.4,0.2058333333333333,0.10000000000000005,Moderate
1,4,7.5,85,38,86,4,47.8,3,9,2,10,120,0.8666666666666667,0.3268730158730157,0.26864285714285707,Low
5,1,8.4,99,55,16,141,47.1,3,4,0,12,27,-1.4666666666666666,0.26902380952380966,-0.2277142857142857,Low
2,9,6.0,73,38,63,59,43.5,7,5,0,18,153,0.1,0.31829365079365085,0.23035714285714284,Moderate
7,6,8.0,73,46,40,64,49.8,2,10,1,6,33,-0.6666666666666666,0.4525873015873015,0.15471428571428567,Low
9,10,5.3,78,46,130,64,43.8,5,2,0,3,25,2.3333333333333335,0.09687301587301578,0.443642857142857,Moderate
6,19,7.8,61,35,100,74,40.7,2,0,0,5,47,1.3333333333333333,-0.3029444444444443,-0.21899999999999992,Moderate
11,0,7.3,63,24,61,105,41.2,5,7,0,7,135,0.03333333333333333,0.20400000000000013,-0.013999999999999875,Low
13,3,6.3,76,45,40,41,60.4,3,5,0,2,69,-0.6666666666666666,0.7921269841269842,0.6273571428571428,High
8,8,7.2,65,51,110,17,49.8,3,3,0,4,25,1.6666666666666667,0.2170317460317459,0.26971428571428563,Moderate
4,5,5.7,94,33,29,44,53.5,4,6,2,20,29,-1.0333333333333334,0.5873412698412699,0.5264285714285714,High
2,9,6.3,71,37,24,50,47.7,3,2,1,16,42,-1.2,0.12348412698412711,0.12064285714285722,Moderate
6,8,6.1,81,48,28,22,45.8,4,9,1,1,113,-1.0666666666666667,0.3235396825396824,0.3086428571428571,Low
3,11,7.1,73,53,70,47,61.0,2,4,2,8,32,0.3333333333333333,0.7234126984126985,0.5517857142857143,Moderate
6,4,7.0,72,19,57,64,45.6,3,6,0,7,80,-0.1,0.18739682539682548,0.13192857142857145,Low
2,8,8.5,76,32,120,101,47.3,5,9,1,19,42,2.0,0.5454841269841268,0.1636428571428571,High
4,5,7.1,74,58,85,20,44.9,5,21,0,3,69,0.8333333333333334,0.7760555555555555,0.5920000000000001,Low
10,5,7.6,91,35,69,36,50.9,4,3,0,11,76,0.3,0.35430952380952374,0.13021428571428575,Moderate
3,3,6.0,80,34,32,36,61.0,3,7,0,20,84,-0.9333333333333333,0.885,0.735,High
9,4,7.4,74,41,20,50,56.6,4,9,1,7,105,-1.3333333333333333,0.8406507936507938,0.3851428571428571,Moderate
2,2,5.6,78,52,72,94,55.3,2,6,1,0,83,0.4,0.590563492063492,0.7054285714285714,Low
14,4,6.8,82,36,16,78,49.2,3,3,1,12,39,-1.4666666666666666,0.257809523809524,0.08671428571428585,Moderate
6,5,7.4,69,65,112,150,35.1,3,11,0,6,60,1.7333333333333334,-0.010976190476190431,0.02728571428571426,Moderate
3,1,7.2,84,45,50,180,46.5,2,7,1,8,88,-0.3333333333333333,0.3258333333333334,0.13499999999999998,Low
2,12,6.2,60,43,24,107,44.7,2,4,1,6,24,-1.2,0.05657936507936523,0.10528571428571432,Low
6,4,7.5,72,47,54,132,61.9,4,13,0,5,13,-0.2,1.3131190476190475,0.7259285714285714,Moderate
4,6,5.5,69,25,44,103,61.2,6,6,0,7,52,-0.5333333333333333,1.1327301587301588,0.8299285714285713,High
3,3,7.2,69,55,123,180,68.9,2,7,0,3,92,2.1,1.3338333333333336,0.9895,High
10,4,7.1,62,35,39,72,55.0,3,4,1,9,22,-0.7,0.5478571428571429,0.29428571428571426,Low
9,7,6.0,71,45,37,88,58.7,2,15,0,4,50,-0.7666666666666667,1.058325396825397,0.9070714285714285,High
10,10,6.1,80,49,40,9,44.5,2,4,1,20,56,-0.6666666666666666,-0.061309523809523786,0.1567857142857144,Moderate
3,7,6.2,69,41,58,5,46.5,4,5,1,12,114,-0.06666666666666667,0.1932936507936508,0.2728571428571428,Low
9,9,5.5,75,56,54,125,48.9,8,2,0,14,163,-0.2,0.5941507936507936,0.37164285714285694,Moderate
3,2,6.1,70,39,45,180,41.6,2,1,0,13,138,-0.5,-0.10895238095238088,-0.0034285714285713295,Low
20,1,6.3,76,39,76,61,50.6,2,5,1,11,5,0.5333333333333333,0.3066825396825397,0.4233571428571428,Moderate
13,2,6.2,77,52,10,47,53.9,3,11,1,4,28,-1.6666666666666667,0.7205793650793649,0.5462857142857143,Moderate
14,7,5.8,79,57,23,47,48.4,7,2,1,4,40,-1.2333333333333334,0.4183174603174602,0.22664285714285706,Moderate
5,3,7.9,83,32,106,41,45.1,6,5,1,2,101,1.5333333333333334,0.30362698412698425,0.05335714285714283,Low
15,10,8.3,84,29,165,37,43.4,3,3,0,20,29,3.5,-0.0487460317460318,0.022714285714285576,High
14,18,7.5,71,28,59,37,51.3,4,11,0,4,98,-0.03333333333333333,0.6591349206349205,0.3632857142857142,High
3,5,5.4,60,36,32,61,43.2,3,5,2,7,5,-0.9333333333333333,0.040349206349206475,0.24885714285714283,Low
2,6,6.8,87,43,29,101,42.2,3,3,1,3,52,-1.0333333333333334,-0.031634920634920495,-0.09078571428571416,Low
4,4,6.2,66,51,71,92,52.2,0,1,1,9,12,0.36666666666666664,0.13693650793650808,0.3620714285714286,Moderate
6,2,7.1,93,53,31,43,48.2,6,8,0,6,163,-0.9666666666666667,0.5524920634920636,0.18457142857142872,Moderate
4,6,6.9,86,44,54,76,47.3,1,6,1,10,164,-0.2,0.1438968253968253,0.19292857142857128,Low
11,11,6.9,87,47,56,31,42.1,4,3,0,13,79,-0.13333333333333333,-0.047246031746031675,-0.04378571428571431,Moderate
7,7,7.2,76,41,23,57,47.2,2,2,0,4,96,-1.2333333333333334,0.04209523809523823,-0.054357142857142826,Low
7,1,6.1,73,51,80,88,38.9,5,2,1,6,20,0.6666666666666666,-0.09696031746031754,0.03164285714285713,Low
3,16,6.6,58,38,21,27,41.5,6,3,2,7,81,-1.3,0.054642857142857174,-0.09678571428571422,Low
9,1,7.4,66,46,113,113,48.2,2,6,1,6,151,1.7666666666666666,0.29217460317460336,0.2799285714285714,Moderate
22,4,6.9,67,48,28,65,49.0,1,9,1,6,74,-1.0666666666666667,0.31531746031746033,0.2646428571428571,Moderate
14,7,7.0,81,32,32,53,56.9,2,3,0,10,14,-0.9333333333333333,0.5098650793650794,0.32271428571428573,Moderate
11,1,6.6,91,52,39,180,46.3,1,9,0,9,89,-0.7,0.32159523809523793,0.2636428571428571,Moderate
1,3,6.7,77,49,104,78,35.0,2,1,1,10,42,1.4666666666666666,-0.5192857142857142,-0.15892857142857147,Low
11,6,7.6,81,44,118,67,46.3,2,13,4,3,85,1.9333333333333333,0.40556349206349196,0.40042857142857136,Moderate
10,9,7.2,87,48,15,52,53.0,3,18,0,4,143,-1.5,0.9356349206349207,0.5567857142857142,High
1,10,5.8,79,42,75,35,56.6,2,8,0,8,157,0.5,0.654936507936508,0.7740714285714285,Moderate
7,14,6.8,93,43,80,114,41.9,3,4,0,6,19,0.6666666666666666,0.005023809523809469,0.056285714285714265,Moderate
2,10,7.0,85,37,79,55,45.9,3,10,0,10,74,0.6333333333333333,0.3337539682539682,0.31021428571428566,Low
6,8,8.6,84,47,141,18,49.6,6,12,1,11,37,2.7,0.7305714285714286,0.35335714285714304,High
10,2,7.1,74,47,93,113,38.3,2,6,1,2,87,1.1,-0.15332539682539698,-0.014571428571428582,Low
4,4,7.6,91,49,27,81,45.7,1,5,0,11,17,-1.1,0.04173809523809536,-0.07364285714285701,Low
12,7,8.3,78,20,96,27,57.6,1,7,0,20,10,1.2,0.5886666666666669,0.39049999999999985,High
4,4,4.9,62,33,21,104,54.5,3,2,1,7,17,-1.3,0.4894841269841269,0.562142857142857,Low
1,1,6.2,77,30,63,155,53.5,3,3,0,20,83,0.1,0.5368650793650794,0.43821428571428567,Moderate
8,2,6.2,77,42,30,22,51.0,6,7,2,3,34,-1.0,0.6194444444444445,0.39499999999999996,Moderate
3,4,8.1,85,28,145,13,38.7,4,4,0,11,30,2.8333333333333335,-0.1845317460317459,-0.10471428571428557,Low
6,4,5.7,60,48,53,81,51.7,3,8,0,15,25,-0.23333333333333334,0.5522142857142859,0.5895714285714286,Moderate
6,8,6.7,87,48,48,65,56.3,2,0,1,2,18,-0.4,0.3890555555555554,0.3114999999999999,Low
9,6,7.2,89,51,63,23,49.9,2,3,1,20,52,0.1,0.161531746031746,0.15521428571428564,Moderate
10,4,6.7,69,64,78,65,60.1,4,8,0,7,40,0.6,0.9791031746031748,0.7290714285714287,Moderate
3,5,6.7,76,56,127,15,59.4,5,21,0,8,180,2.2333333333333334,1.423,1.202,High
2,6,5.6,73,20,22,74,57.4,2,4,0,3,48,-1.2666666666666666,0.5914126984126984,0.5862857142857142,Moderate
4,1,6.4,63,33,18,100,35.7,6,7,1,12,132,-1.4,0.017611111111111258,-0.129,Low
12,16,7.3,70,54,70,164,49.2,7,1,0,1,28,0.3333333333333333,0.5486031746031746,0.07707142857142868,Moderate
5,7,5.8,67,45,61,37,42.7,4,3,1,13,68,0.03333333333333333,-0.013579365079364927,0.17921428571428583,Low
8,10,6.8,69,60,45,106,40.3,6,1,3,6,38,-0.5,0.016992063492063388,-0.1649285714285715,Low
2,4,6.1,81,33,72,180,42.1,4,5,2,13,65,0.4,0.18973809523809532,0.19335714285714295,Moderate
9,5,6.6,73,63,78,26,45.8,4,5,1,5,110,0.6,0.18512698412698403,0.23185714285714282,Low
6,3,6.1,82,29,61,180,53.0,3,7,2,20,78,0.03333333333333333,0.685,0.55,High
6,4,5.0,80,30,39,34,46.5,3,7,0,10,10,-0.7,0.2302777777777778,0.49249999999999994,Moderate
12,2,7.7,80,31,56,118,51.4,3,12,1,6,11,-0.13333333333333333,0.7226825396825397,0.3523571428571428,High
2,5,7.8,73,23,12,91,49.6,2,5,0,5,103,-1.6,0.2950158730158731,-0.029142857142857054,Low
6,3,7.8,68,62,162,17,51.5,2,11,1,17,28,3.4,0.5125793650793651,0.5742857142857143,High
10,7,5.7,80,37,30,84,59.4,1,9,2,3,58,-1.0,0.8044285714285714,0.7916428571428571,High
6,11,6.1,68,44,145,136,42.9,4,1,2,6,52,2.8333333333333335,0.033992063492063435,0.2855714285714286,Moderate
8,14,7.8,68,31,73,36,57.4,1,11,0,16,124,0.43333333333333335,0.7325238095238094,0.5287857142857142,High
5,10,7.1,84,31,50,81,40.9,2,6,1,7,77,-0.3333333333333333,-0.07188095238095243,-0.044071428571428546,Low
12,1,6.0,62,37,97,82,55.7,2,3,0,13,41,1.2333333333333334,0.48808730158730174,0.6242142857142858,High
6,2,7.9,91,26,84,11,48.2,4,18,0,6,24,0.8,0.7407460317460319,0.4627857142857143,High
4,6,7.4,86,47,39,30,44.9,6,13,2,18,102,-0.7,0.5681190476190476,0.19592857142857134,Moderate
9,2,6.8,71,37,134,165,50.9,2,8,0,5,27,2.466666666666667,0.5428809523809524,0.5755714285714286,High
3,5,8.5,84,28,69,72,50.9,3,5,2,2,166,0.3,0.3990714285714285,0.02985714285714286,Moderate
2,0,8.3,87,43,100,71,47.0,1,9,0,8,28,1.3333333333333333,0.231984126984127,0.139642857142857,Low
11,9,6.0,69,42,100,137,49.0,0,12,0,6,7,1.3333333333333333,0.4357936507936508,0.6878571428571428,Moderate
1,10,5.8,85,59,61,43,52.0,0,2,1,4,20,0.03333333333333333,0.10920634920634922,0.42964285714285716,Low
7,3,5.9,78,49,180,120,35.5,3,3,0,10,35,4.0,-0.31202380952380954,0.2432142857142856,Moderate
10,3,7.1,92,62,42,92,35.0,2,3,1,8,18,-0.6,-0.4323015873015873,-0.3267857142857142,Low
1,5,6.3,71,67,18,49,47.7,1,17,1,2,50,-1.4,0.5247539682539684,0.5342142857142859,Low
6,10,6.9,65,65,30,69,44.3,3,3,0,19,21,-1.0,0.027309523809523683,-0.04278571428571443,Low
11,1,5.3,69,65,41,5,51.7,3,6,2,6,93,-0.6333333333333333,0.39634126984127005,0.5724285714285715,Moderate
5,3,5.9,73,52,22,55,54.4,5,1,0,8,42,-1.2666666666666666,0.5281587301587302,0.35807142857142854,Moderate
3,2,7.5,79,27,103,28,57.9,0,0,0,10,51,1.4333333333333333,0.28661111111111104,0.3569999999999999,Low
3,2,6.0,65,34,101,71,39.5,1,7,2,15,26,1.3666666666666667,-0.17694444444444443,0.26249999999999996,Moderate
5,1,5.9,70,38,22,49,43.4,3,3,1,4,25,-1.2666666666666666,-0.035412698412698465,0.08521428571428562,Low
3,5,6.8,73,23,98,51,57.2,5,12,1,5,102,1.2666666666666666,1.0425714285714287,0.7888571428571429,High
10,3,6.0,75,28,100,41,42.5,3,4,2,19,40,1.3333333333333333,-0.049087301587301575,0.2642857142857143,Moderate
17,3,7.4,71,44,5,180,35.0,5,5,1,7,57,-1.8333333333333333,-0.0630952380952381,-0.4146428571428572,Moderate
6,1,4.5,69,57,33,98,48.2,7,3,1,8,36,-0.9,0.5016984126984129,0.5017142857142858,Moderate
9,2,7.3,88,49,91,102,47.7,4,2,0,1,9,1.0333333333333334,0.24792857142857155,0.11314285714285723,Low
3,2,7.3,70,24,28,83,35.0,5,2,0,5,27,-1.0666666666666667,-0.27801587301587305,-0.4253571428571428,Low
8,5,7.2,64,57,12,53,44.3,0,2,1,1,13,-1.6,-0.22618253968253982,-0.16885714285714298,Low
4,5,6.1,78,55,57,109,54.9,2,13,0,6,17,-0.1,0.8392301587301586,0.7684285714285713,Moderate
7,6,6.8,59,59,53,60,50.6,4,3,0,4,89,-0.23333333333333334,0.36747619047619057,0.22121428571428578,Moderate
14,7,5.0,71,71,30,15,46.7,3,9,0,10,60,-1.0,0.28959523809523813,0.5331428571428573,Moderate
5,1,5.1,91,47,132,44,52.2,3,3,1,11,149,2.4,0.3550317460317462,0.7642142857142857,High
11,5,7.1,64,12,155,76,59.9,0,4,0,3,35,3.1666666666666665,0.5728015873015874,0.7312857142857141,High
5,9,6.3,73,44,157,76,56.2,5,7,2,17,77,3.2333333333333334,0.846777777777778,0.8510000000000002,High
2,9,5.3,79,55,112,87,47.8,2,21,1,3,40,1.7333333333333334,0.7809999999999999,1.0614999999999999,High
11,5,7.3,55,43,16,38,49.2,0,3,2,16,25,-1.4666666666666666,0.01336507936507951,-0.0007857142857141536,Moderate
2,7,6.6,73,44,71,74,54.4,1,3,2,5,12,0.36666666666666664,0.3540317460317461,0.41521428571428576,Moderate
15,4,6.5,75,25,31,39,42.2,3,2,1,12,180,-0.9666666666666667,-0.1362380952380951,-0.06185714285714279,Moderate
3,5,7.9,66,69,103,71,57.7,3,3,1,1,17,1.4333333333333333,0.6325317460317461,0.36671428571428566,Moderate
11,2,5.9,61,41,12,67,57.1,1,6,0,7,13,-1.6,0.5748968253968255,0.5569285714285713,Moderate
4,15,7.8,85,48,118,83,36.6,2,4,1,11,58,1.9333333333333333,-0.33458730158730154,-0.18271428571428563,Moderate
2,11,5.2,76,38,25,50,46.6,5,7,0,6,14,-1.1666666666666667,0.385888888888889,0.4255,Low
6,4,6.6,80,47,18,138,55.8,2,4,0,12,5,-1.4,0.5905238095238095,0.3532857142857142,Moderate
1,2,5.9,70,22,118,81,58.5,3,9,0,4,8,1.9333333333333333,0.8939285714285714,0.9496428571428571,High
3,6,6.8,79,49,29,51,49.0,3,5,1,1,89,-1.0333333333333334,0.2902380952380953,0.17035714285714293,Low
5,4,7.6,63,54,53,74,68.9,1,9,1,4,85,-0.23333333333333334,1.2208174603174606,0.8016428571428574,Moderate
1,4,7.6,56,33,79,76,45.9,5,2,0,18,80,0.6333333333333333,0.20470634920634914,-0.023357142857142847,Low
10,8,5.4,75,31,90,73,47.7,3,7,1,1,111,1.0,0.32761111111111124,0.586,Moderate
4,6,7.0,76,39,13,42,48.3,3,1,1,11,8,-1.5666666666666667,0.10588095238095227,-0.03992857142857151,Low
8,9,6.9,70,28,99,50,51.1,5,5,1,14,39,1.3,0.5169603174603176,0.3908571428571428,High
2,11,6.5,75,49,7,73,47.7,4,10,2,2,28,-1.7666666666666666,0.501420634920635,0.2717142857142858,Low
8,5,6.8,77,53,6,84,40.3,4,3,2,10,30,-1.8,-0.06935714285714298,-0.20528571428571435,Low
7,9,7.2,59,37,55,19,37.9,2,7,0,9,19,-0.16666666666666666,-0.24005555555555563,-0.11050000000000007,Low
4,2,7.8,77,58,48,55,48.3,2,3,2,1,123,-0.4,0.1250873015873015,-0.03528571428571432,Low
4,3,7.6,73,40,49,53,63.4,3,3,0,17,44,-0.36666666666666664,0.869031746031746,0.4552142857142857,Moderate
17,4,6.8,65,41,180,47,35.0,3,11,0,6,55,4.0,-0.12992063492063494,0.2992857142857143,High
8,11,6.3,73,49,94,40,39.0,1,2,0,3,165,1.1333333333333333,-0.4124603174603175,0.03464285714285714,Low
6,2,6.6,74,64,140,7,52.7,2,14,0,8,138,2.6666666666666665,0.6626111111111113,0.8510000000000001,Moderate
13,1,6.7,71,62,53,180,56.6,3,2,0,6,88,-0.23333333333333334,0.6684285714285715,0.39014285714285707,High
8,5,7.5,83,21,79,133,45.3,2,4,0,5,90,0.6333333333333333,0.11246825396825387,0.033285714285714176,Moderate
10,9,6.8,73,57,53,16,40.8,4,14,1,20,78,-0.23333333333333334,0.2704444444444444,0.24149999999999996,Moderate
2,2,7.0,62,44,24,16,52.1,5,5,2,16,68,-1.2,0.5241825396825398,0.2158571428571429,Low
4,3,8.2,75,44,149,64,52.0,2,2,1,17,175,2.966666666666667,0.26587301587301587,0.22964285714285726,Moderate
9,5,8.2,71,47,17,34,42.8,6,9,0,8,105,-1.4333333333333333,0.335206349206349,-0.17635714285714282,Low
8,4,7.1,72,54,76,180,54.1,2,12,1,10,70,0.5333333333333333,0.846404761904762,0.588357142857143,Moderate
7,1,7.4,73,26,130,52,42.5,2,3,0,5,35,2.3333333333333335,-0.13924603174603173,0.06571428571428567,Low
14,5,6.3,77,46,14,34,45.8,3,5,0,15,49,-1.5333333333333334,0.12734920634920624,0.12435714285714279,Moderate
5,4,6.2,90,46,64,65,45.1,2,14,1,1,60,0.13333333333333333,0.3850555555555556,0.503,Moderate
3,5,4.9,64,31,42,37,49.1,1,10,1,5,20,-0.6,0.32442063492063505,0.6812142857142857,Moderate
2,3,7.4,68,52,63,30,55.1,3,0,0,9,76,0.1,0.36283333333333345,0.1905,Low
7,10,5.8,82,41,99,16,51.3,4,5,0,11,20,1.3,0.4215158730158729,0.5893571428571428,High
1,7,7.6,87,36,6,37,44.1,3,9,2,17,75,-1.8,0.19703968253968263,-0.05985714285714275,Low
6,3,7.6,73,43,135,131,38.9,3,15,0,2,52,2.5,0.28176984126984117,0.27807142857142864,Moderate
9,2,5.4,69,65,54,118,49.8,1,3,0,12,79,-0.2,0.1959206349206348,0.44471428571428556,Moderate
14,8,5.8,66,36,23,60,42.1,3,8,0,18,37,-1.2333333333333334,0.09688095238095246,0.20907142857142866,Moderate
2,7,6.9,64,28,106,156,43.2,4,10,1,5,97,1.5333333333333334,0.39114285714285724,0.3142142857142857,Moderate
6,9,8.9,69,32,80,50,53.1,5,9,0,8,15,0.6666666666666666,0.7498174603174603,0.16764285714285712,Moderate
5,3,7.3,84,49,128,87,35.0,2,5,3,13,124,2.2666666666666666,-0.3664285714285715,-0.08964285714285714,Moderate
5,7,8.2,72,49,77,18,47.8,3,5,0,7,180,0.5666666666666667,0.19957142857142846,0.009357142857142904,Low
2,4,8.9,85,26,31,58,41.1,2,9,0,7,48,-0.9666666666666667,0.018706349206349268,-0.31485714285714284,Low
7,3,6.6,85,65,17,51,51.4,4,4,1,2,54,-1.4333333333333333,0.4291904761904762,0.2187857142857143,Moderate
8,2,7.1,74,43,168,61,56.5,5,14,0,4,64,3.6,1.093611111111111,0.9475,High
5,2,7.2,64,44,60,60,62.4,3,11,1,3,15,0.0,1.1175238095238094,0.7512857142857142,High
3,7,6.1,78,30,31,47,49.5,4,21,0,1,43,-0.9666666666666667,0.9463888888888888,0.77,Moderate
2,10,6.3,72,16,5,28,62.4,2,6,2,4,63,-1.8333333333333333,0.8367301587301588,0.6284285714285714,High
1,5,7.9,80,56,50,12,54.6,2,4,3,8,99,-0.3333333333333333,0.39652380952380967,0.16978571428571426,Low
10,15,6.5,57,26,109,98,43.9,4,6,1,6,19,1.6333333333333333,0.21534126984126978,0.2984285714285714,Moderate
4,2,6.0,64,29,116,82,45.5,0,9,0,4,51,1.8666666666666667,0.11003968253968255,0.5371428571428571,Low
6,1,7.5,65,36,25,180,50.9,1,12,0,2,33,-1.1666666666666667,0.6357380952380952,0.2948571428571428,Low
5,15,6.6,60,41,69,130,43.9,1,10,1,6,29,0.3,0.19375396825396818,0.2952142857142857,Moderate
11,2,7.5,69,47,98,95,43.8,4,3,2,1,53,1.2666666666666666,0.10036507936507923,0.007214285714285618,Low
2,17,5.7,64,28,103,92,56.0,1,2,0,6,59,1.4333333333333333,0.4103174603174604,0.672142857142857,High
7,2,5.7,64,43,44,69,47.7,2,0,0,1,107,-0.5333333333333333,0.006500000000000155,0.2185,Moderate
3,4,5.8,59,67,162,39,57.9,1,3,1,11,5,3.4,0.47264285714285714,0.8877142857142856,High
14,8,5.9,79,35,96,64,36.9,3,1,0,12,71,1.2,-0.3826746031746033,0.018071428571428447,Moderate
7,4,7.6,86,39,180,35,53.1,4,4,0,2,17,4.0,0.48791269841269846,0.5022857142857143,Moderate
6,4,4.7,86,46,113,150,45.7,1,6,2,4,29,1.7666666666666666,0.15411904761904774,0.6774285714285714,High
5,7,6.2,68,56,8,19,61.1,3,5,2,13,77,-1.7333333333333334,0.7991825396825398,0.585857142857143,Moderate
6,7,5.6,73,52,81,37,39.1,3,2,0,8,56,0.7,-0.2779603174603174,0.1276428571428572,Moderate
4,6,6.1,65,46,45,118,47.1,3,10,0,17,109,-0.5,0.45775396825396836,0.4187142857142858,Low
6,17,5.4,57,16,72,52,55.2,2,5,2,20,19,0.4,0.5036825396825398,0.7088571428571429,High
10,3,7.7,80,36,122,11,35.0,4,10,1,6,28,2.066666666666667,-0.13896825396825396,-0.031785714285714306,Low
11,3,7.7,74,43,82,47,46.9,4,8,0,4,180,0.7333333333333333,0.36510317460317454,0.16807142857142848,Moderate
4,4,6.0,76,39,24,46,39.2,6,10,0,11,69,-1.2,0.2222539682539684,0.1467142857142858,Low
6,4,7.4,58,35,43,31,52.8,3,10,0,12,11,-0.5666666666666667,0.6175873015873015,0.3572142857142856,Low
5,9,5.5,78,35,175,110,39.5,3,10,1,14,37,3.8333333333333335,0.10686507936507936,0.6207142857142857,High
4,18,6.6,60,48,180,42,61.1,1,6,0,3,54,4.0,0.7271190476190478,0.9744285714285716,High
4,11,7.1,62,67,180,46,41.1,2,3,0,16,104,4.0,-0.20891269841269836,0.20121428571428582,Low
4,5,7.5,95,45,118,34,42.4,5,5,0,13,80,1.9333333333333333,0.1076825396825396,0.07235714285714281,Moderate
15,1,7.6,78,35,54,31,35.0,4,4,0,14,94,-0.2,-0.331031746031746,-0.35571428571428565,Moderate
4,9,7.8,64,31,81,117,45.4,1,8,0,1,152,0.7,0.17538095238095228,0.10307142857142856,Moderate
10,8,7.1,67,45,43,180,48.4,4,10,0,4,64,-0.5666666666666667,0.6518095238095237,0.27771428571428575,Moderate
4,14,5.8,67,63,39,59,60.1,3,11,1,11,102,-0.7,1.0129126984126984,0.8747857142857145,High
7,21,7.8,82,36,72,124,38.3,4,9,2,11,35,0.4,0.09937301587301572,-0.10385714285714293,Moderate
3,6,6.3,83,59,115,40,48.0,2,3,0,11,17,1.8333333333333333,0.09492063492063499,0.3857142857142858,Moderate
2,3,5.9,68,61,81,86,44.1,2,2,0,15,22,0.7,-0.0651825396825396,0.22514285714285706,Low
5,2,4.4,75,21,95,99,42.0,5,12,1,5,37,1.1666666666666667,0.4119047619047619,0.7453571428571428,High
3,7,6.3,75,28,53,55,42.8,3,8,3,3,19,-0.23333333333333334,0.1228253968253967,0.21757142857142853,Low
12,8,7.0,58,50,83,98,35.5,3,13,1,9,31,0.7666666666666667,0.02067460317460315,0.09392857142857142,Moderate
2,5,6.1,55,38,180,24,44.4,4,6,1,6,60,4.0,0.15561904761904757,0.5609285714285714,Moderate
6,4,7.1,70,59,66,61,45.3,1,6,0,8,25,0.2,0.037230158730158606,0.1279285714285714,Low
6,1,6.9,82,48,20,36,50.7,1,5,0,5,78,-1.3333333333333333,0.21673809523809545,0.18135714285714288,Low
5,3,7.7,88,42,33,59,49.7,1,16,1,4,23,-0.9,0.5901507936507937,0.3581428571428572,Moderate
11,3,8.9,70,46,51,88,45.4,1,9,0,14,19,-0.3,0.1788730158730158,-0.13585714285714293,Low
8,3,7.3,80,40,95,116,38.0,3,4,1,2,72,1.1666666666666667,-0.16825396825396827,-0.11071428571428567,Low
8,3,7.9,70,34,127,49,52.8,1,1,0,9,64,2.2333333333333334,0.18282539682539684,0.22257142857142848,Moderate
14,15,7.2,66,35,7,77,43.7,3,7,0,12,10,-1.7666666666666666,0.15205555555555567,-0.056499999999999925,Moderate
18,5,6.6,73,34,66,30,47.6,1,5,1,7,49,0.2,0.07057142857142866,0.25585714285714295,Moderate
5,6,7.8,86,62,180,128,49.2,2,2,1,11,94,4.0,0.21098412698412713,0.29314285714285726,Moderate
4,5,7.2,59,51,56,180,46.8,3,8,0,20,46,-0.13333333333333333,0.4417142857142856,0.18757142857142844,Low
7,5,5.3,77,28,60,62,58.1,2,16,0,8,23,0.0,1.0381507936507937,1.0976428571428571,High
10,7,5.6,71,49,62,126,43.4,4,20,1,0,63,0.06666666666666667,0.7239523809523809,0.7234285714285714,High
5,3,5.7,64,27,48,120,49.9,7,4,0,2,17,-0.4,0.6383571428571428,0.4087857142857141,Low
4,4,6.9,80,33,56,23,35.2,4,12,2,6,42,-0.13333333333333333,-0.045206349206349083,0.006357142857142903,Low
3,2,7.3,75,31,100,106,49.9,7,4,0,11,27,1.3333333333333333,0.6228015873015873,0.25878571428571423,Moderate
6,6,5.1,79,44,36,11,40.6,2,11,2,5,63,-0.8,0.015412698412698461,0.4047857142857143,Low
4,3,7.6,79,21,110,117,51.9,4,3,0,9,42,1.6666666666666667,0.48930952380952375,0.2627142857142858,Moderate
11,11,6.9,71,32,31,7,41.9,4,2,0,5,143,-0.9666666666666667,-0.11862698412698419,-0.140857142857143,Moderate
3,1,8.1,75,43,44,27,35.0,3,7,0,3,129,-0.5333333333333333,-0.295,-0.3824999999999999,Low
21,8,7.0,77,47,78,180,58.5,8,7,1,3,123,0.6,1.2658333333333336,0.6000000000000001,High
3,10,7.6,55,39,93,143,54.8,1,3,0,6,20,1.1,0.44869841269841265,0.3072142857142857,Moderate
3,8,8.0,71,50,150,31,53.6,5,9,0,12,30,3.0,0.7512063492063492,0.5151428571428571,Moderate
3,4,7.1,79,59,37,55,44.3,4,1,3,5,133,-0.7666666666666667,0.006992063492063383,-0.11742857142857144,Low
12,5,6.2,65,30,168,128,55.8,6,2,1,3,32,3.6,0.7746507936507935,0.741142857142857,High
8,6,6.5,68,38,36,38,44.1,5,4,0,2,36,-0.8,0.1529126984126985,0.06478571428571431,Low
11,7,7.7,59,37,110,45,35.0,2,9,0,5,148,1.6666666666666667,-0.2702380952380953,-0.09035714285714289,Moderate
6,2,7.6,85,41,87,44,37.8,4,7,0,8,62,0.9,-0.08344444444444457,-0.10350000000000001,Low
1,1,7.7,69,30,135,79,62.1,3,6,1,20,63,2.5,0.9465634920634921,0.6994285714285713,High
20,3,7.3,73,60,16,4,56.3,3,12,0,17,117,-1.4666666666666666,0.8165158730158728,0.4693571428571428,High
9,1,6.4,86,49,130,34,64.1,3,2,1,3,23,2.3333333333333335,0.843706349206349,0.8601428571428568,High
4,1,6.7,71,48,42,16,44.9,4,7,0,9,30,-0.6,0.2049444444444444,0.15449999999999992,Low
10,7,5.3,70,39,85,61,62.2,3,7,0,5,80,0.8333333333333334,0.9667777777777778,1.026,High
6,3,6.5,68,23,45,130,46.6,4,7,1,5,54,-0.5,0.4081111111111112,0.24800000000000003,Low
7,5,7.8,55,24,27,45,46.3,7,1,1,6,180,-1.1,0.2858809523809522,-0.20492857142857152,Moderate
7,5,7.3,72,49,78,78,47.4,1,9,0,5,115,0.6,0.25776190476190475,0.27164285714285713,Low
3,1,8.0,92,34,12,27,51.1,3,12,1,18,78,-1.6,0.6080714285714287,0.18085714285714294,Moderate
2,2,7.2,88,34,112,69,52.6,4,8,1,1,39,1.7333333333333334,0.6460476190476192,0.5015714285714286,High
7,13,6.4,55,44,48,70,35.4,2,5,0,11,87,-0.4,-0.3673174603174603,-0.12014285714285725,Low
6,1,7.2,68,47,92,28,63.5,2,4,2,20,44,1.0666666666666667,0.8148015873015875,0.6642857142857141,High
13,9,6.9,72,44,20,64,50.1,5,4,1,5,97,-1.3333333333333333,0.45180158730158737,0.1347857142857143,Moderate
11,2,5.6,59,27,133,36,54.6,2,7,2,1,100,2.433333333333333,0.5303333333333335,0.8655,High
5,5,7.8,82,38,78,25,47.8,3,1,2,6,58,0.6,0.06449206349206336,-0.03242857142857149,Low
6,1,6.3,55,33,57,11,35.8,1,3,1,15,49,-0.1,-0.5529682539682541,-0.12528571428571433,Low
4,4,5.4,67,41,24,15,56.0,5,11,1,4,33,-1.2,0.9128571428571429,0.7842857142857143,High
10,2,6.9,78,30,103,180,56.4,4,10,0,4,81,1.4333333333333333,1.0118095238095237,0.7027142857142856,High
1,1,5.1,74,75,33,88,66.6,4,7,0,9,11,-0.9,1.2614444444444441,1.0629999999999997,High
1,1,5.6,81,46,17,105,58.3,4,7,2,19,62,-1.4333333333333333,0.9068333333333333,0.6864999999999998,High
3,1,5.3,78,60,180,40,35.0,3,1,1,5,66,4.0,-0.49484126984126986,0.2760714285714285,Moderate
2,4,4.9,89,42,43,108,56.4,5,5,0,0,38,-0.5666666666666667,0.8199047619047619,0.7598571428571428,High
4,13,4.2,87,32,17,89,44.2,3,12,0,2,4,-1.4333333333333333,0.36646031746031754,0.6513571428571429,Moderate
8,3,6.6,73,38,92,27,49.8,3,1,2,9,94,1.0666666666666667,0.15671428571428564,0.2725714285714286,Low
9,8,6.1,84,61,180,72,41.2,2,4,1,7,26,4.0,-0.13980952380952366,0.4077857142857144,Moderate
10,5,6.2,79,51,115,177,36.4,1,5,3,19,108,1.8333333333333333,-0.27009523809523817,0.11235714285714277,Moderate
9,5,8.5,71,41,112,52,45.7,4,4,0,10,68,1.7333333333333334,0.1738015873015874,-0.0472142857142856,Low
10,7,6.6,85,28,30,73,53.5,4,2,0,5,41,-1.0,0.4767063492063492,0.2571428571428572,Moderate
2,4,8.6,66,52,180,25,51.0,5,2,1,12,42,4.0,0.37753968253968256,0.2071428571428572,Moderate
8,8,7.6,72,44,34,89,60.7,2,2,0,7,77,-0.8666666666666667,0.6851507936507938,0.30814285714285733,Moderate
1,4,7.1,95,36,19,180,46.3,3,5,1,9,79,-1.3666666666666667,0.31207142857142844,0.01185714285714283,Low
13,5,6.2,80,43,96,49,50.5,3,2,1,2,43,1.2,0.24837301587301586,0.402142857142857,Moderate
7,5,8.3,80,44,105,39,42.1,5,5,0,7,109,1.5,0.09973809523809529,-0.10914285714285724,Low
19,12,6.9,85,30,46,102,49.8,6,8,1,0,10,-0.4666666666666667,0.6900476190476189,0.3050714285714285,Moderate
4,9,5.3,61,53,93,66,57.9,2,4,1,1,180,1.1,0.6050238095238095,0.8312857142857142,High
4,12,5.2,72,21,62,9,51.1,5,13,1,7,176,0.06666666666666667,0.7571190476190477,0.8244285714285714,High
8,9,5.7,67,19,85,49,58.0,2,3,2,2,92,0.8333333333333334,0.554920634920635,0.7157142857142856,High
10,4,7.9,72,55,54,48,54.3,3,5,3,14,73,-0.2,0.5254047619047618,0.19935714285714273,Moderate
3,6,8.6,81,15,114,25,41.5,5,6,2,16,64,1.8,0.09289682539682538,-0.1285714285714285,Moderate
2,6,6.9,86,37,60,132,61.8,2,6,0,8,40,0.0,0.9252857142857142,0.6429285714285713,High
3,10,8.4,87,49,175,103,43.0,10,6,2,3,20,3.8333333333333335,0.5803968253968256,0.10392857142857134,Moderate
13,14,6.8,74,50,26,99,50.6,5,4,2,9,21,-1.1333333333333333,0.5131904761904763,0.18228571428571436,Moderate
12,2,7.0,71,49,10,44,44.8,7,6,0,1,24,-1.6666666666666667,0.3958412698412697,-0.009571428571428661,Low
10,2,7.5,82,49,63,88,49.3,4,8,0,5,35,0.1,0.51865873015873,0.2275714285714285,Low
8,12,6.7,84,33,32,30,42.2,3,1,1,7,32,-0.9333333333333333,-0.1819523809523808,-0.12292857142857137,Low
5,5,6.7,75,36,34,102,37.5,1,5,1,6,9,-0.8666666666666667,-0.30392857142857144,-0.14464285714285718,Low
17,7,6.6,75,53,21,22,49.8,2,8,1,19,97,-1.3,0.3344920634920634,0.29507142857142854,Moderate
4,19,6.6,99,41,50,15,52.1,1,6,1,3,32,-0.3333333333333333,0.2921190476190477,0.3794285714285715,High
1,4,5.7,94,64,80,92,56.2,2,4,1,6,25,0.6666666666666666,0.5574126984126987,0.6777857142857143,Moderate
5,9,8.3,78,30,69,24,48.2,4,5,0,3,39,0.3,0.290904761904762,-0.01614285714285718,Low
17,13,9.0,80,57,112,37,44.3,4,8,0,10,95,1.7333333333333334,0.23699206349206337,-0.06242857142857147,High
9,15,7.3,81,56,50,44,43.6,3,1,0,1,73,-0.3333333333333333,-0.10339682539682532,-0.14092857142857135,Low
2,4,7.6,60,35,52,58,57.0,2,11,0,17,88,-0.26666666666666666,0.8056349206349207,0.49928571428571433,Moderate
18,4,6.4,69,35,20,121,60.4,2,5,0,12,57,-1.3333333333333333,0.8143492063492064,0.5598571428571427,High
6,3,6.2,80,35,180,102,47.7,5,4,0,6,25,4.0,0.3860238095238096,0.5852857142857142,Low
4,8,5.6,84,45,120,147,59.2,1,2,0,6,44,2.0,0.6154285714285717,0.8281428571428573,High
4,6,7.1,72,48,6,50,46.6,4,5,0,2,60,-1.8,0.24779365079365084,-0.011642857142857038,Low
2,4,7.2,68,48,84,73,42.9,4,4,3,6,27,0.8,0.07113492063492058,0.026285714285714204,Low
9,2,6.6,73,38,179,42,35.0,4,8,0,11,31,3.966666666666667,-0.17595238095238094,0.2460714285714286,Moderate
6,2,8.8,73,38,24,32,56.7,4,8,0,15,65,-1.2,0.7894365079365081,0.12457142857142858,Low
7,4,7.7,77,60,8,180,40.9,2,11,0,7,145,-1.7333333333333334,0.21669047619047613,-0.1112142857142858,Low
13,21,6.1,67,37,16,47,42.9,5,2,2,12,59,-1.4666666666666666,0.0374841269841269,-0.008357142857142869,Moderate
4,7,8.1,70,44,49,87,67.8,7,4,0,9,46,-0.36666666666666664,1.4071904761904759,0.5282857142857144,High
8,19,5.0,66,51,49,180,52.5,8,7,0,16,50,-0.36666666666666664,0.9958333333333333,0.6975,High
2,7,5.8,73,46,88,86,37.9,5,2,0,5,180,0.9333333333333333,-0.14418253968253975,0.07414285714285708,Low
2,1,7.6,60,44,132,74,49.9,4,6,1,8,154,2.4,0.4586746031746032,0.3434285714285714,Low
7,8,7.1,55,36,93,60,45.4,3,3,1,5,75,1.1,0.06680952380952374,0.11271428571428574,Low
7,6,8.3,72,20,45,15,53.7,0,11,1,1,95,-0.5,0.4760238095238096,0.2602857142857143,Moderate
3,3,6.1,73,39,41,79,57.9,3,5,1,2,25,-0.6333333333333333,0.7218492063492062,0.5898571428571429,Moderate
2,2,5.5,74,59,28,179,45.5,4,7,2,5,180,-1.0666666666666667,0.4130555555555556,0.3475,Moderate
16,4,6.0,79,47,80,48,48.3,1,11,0,13,63,0.6666666666666666,0.33635714285714274,0.5882857142857143,Moderate
9,5,7.7,72,33,82,79,47.6,4,15,1,3,45,0.7333333333333333,0.6821587301587302,0.38907142857142857,Moderate
13,4,7.0,77,33,85,54,48.4,4,4,0,3,152,0.8333333333333334,0.2975238095238094,0.22878571428571423,Moderate
2,1,6.0,76,53,65,97,52.2,4,3,0,17,87,0.16666666666666666,0.48058730158730173,0.4392142857142858,Moderate
22,4,5.2,72,40,94,85,62.5,3,2,0,4,25,1.1333333333333333,0.8283730158730158,0.9321428571428569,High
7,5,5.9,68,53,66,29,53.2,3,10,1,4,180,0.2,0.6333650793650795,0.6892142857142858,Moderate
5,4,5.9,69,46,58,54,42.6,2,6,1,4,57,-0.06666666666666667,-0.025380952380952324,0.23692857142857138,Low
9,10,7.7,63,38,24,95,39.8,5,3,0,3,42,-1.2,-0.012968253968254094,-0.33278571428571435,Low
2,1,6.8,70,44,24,148,36.9,4,1,1,2,110,-1.2,-0.2226746031746032,-0.3194285714285714,Low
10,6,7.6,68,45,166,180,53.3,2,1,0,15,123,3.533333333333333,0.41754761904761883,0.38757142857142846,High
12,6,8.4,80,42,39,46,40.9,2,8,2,4,27,-0.7,-0.039341269841269906,-0.2419285714285715,Moderate
17,12,6.8,84,54,146,88,36.2,2,1,0,7,36,2.8666666666666667,-0.454174603174603,-0.03542857142857134,Moderate
5,4,7.6,69,36,69,64,41.1,4,6,1,6,70,0.3,0.051563492063492124,-0.07807142857142846,Moderate
4,8,6.3,88,30,49,7,43.4,4,7,1,6,60,-0.36666666666666664,0.1274444444444444,0.19699999999999998,Low
1,13,7.7,66,57,83,75,70.0,3,10,0,12,12,0.7666666666666667,1.4404761904761907,0.9207142857142856,High
2,4,7.7,59,34,11,44,46.7,2,6,2,20,31,-1.6333333333333333,0.14800793650793664,-0.07257142857142852,Low
2,8,6.3,84,42,22,38,53.9,6,14,3,4,31,-1.2666666666666666,1.0177222222222222,0.6445000000000001,Moderate
12,6,6.0,62,46,57,35,40.0,3,12,0,20,159,-0.1,0.11746031746031746,0.31035714285714283,Moderate
3,1,9.0,60,27,31,34,46.2,3,2,0,12,20,-0.9666666666666667,0.038206349206349334,-0.3793571428571428,Low
8,10,6.9,73,62,26,51,46.6,3,7,0,8,63,-1.1333333333333333,0.25366666666666676,0.13049999999999998,Moderate
10,4,6.4,59,46,10,37,44.2,3,21,1,9,76,-1.6666666666666667,0.6301111111111112,0.506,Moderate
3,4,6.8,82,20,180,36,59.5,6,2,1,12,94,4.0,0.8389285714285712,0.7771428571428571,Moderate
6,1,5.9,73,32,22,78,55.4,1,16,1,6,79,-1.2666666666666666,0.8677619047619048,0.816642857142857,Moderate
3,4,8.0,76,47,17,105,56.5,1,1,2,7,43,-1.4333333333333333,0.411547619047619,0.04107142857142852,Moderate
9,14,5.8,72,52,164,52,52.8,3,10,1,9,21,3.466666666666667,0.6409206349206348,0.9397142857142857,High
8,4,5.4,80,45,37,31,39.7,2,2,0,9,45,-0.7666666666666667,-0.3242936507936507,0.07064285714285715,Low
18,5,7.2,73,19,45,180,44.7,3,3,2,10,10,-0.5,0.1686428571428573,-0.045785714285714214,High
4,8,8.0,84,28,144,45,45.3,2,5,0,8,87,2.8,0.0504047619047618,0.13685714285714276,Low
1,3,5.8,84,55,42,94,48.7,3,11,0,7,7,-0.6,0.5388015873015874,0.5402857142857144,Low
9,14,6.2,87,26,51,54,53.9,4,6,0,8,53,-0.3,0.6164523809523809,0.5059285714285714,High
3,1,7.6,72,35,14,114,47.8,2,5,0,3,93,-1.5333333333333334,0.23957142857142846,-0.04314285714285716,Low
4,6,7.8,65,59,71,27,43.0,4,18,1,12,35,0.36666666666666664,0.5245238095238095,0.2917857142857143,Moderate
12,15,7.0,74,36,55,70,43.9,7,3,0,2,86,-0.16666666666666666,0.27708730158730155,-0.00978571428571433,Moderate
1,3,6.4,56,42,70,121,60.0,5,6,0,3,131,0.3333333333333333,1.0320634920634921,0.7014285714285713,Moderate
2,5,7.1,70,26,25,61,54.0,1,6,1,11,160,-1.1666666666666667,0.4287301587301588,0.2864285714285714,Low
7,12,7.6,74,43,10,51,49.4,3,10,0,1,51,-1.6666666666666667,0.4868095238095237,0.13771428571428568,Moderate
8,6,4.9,76,38,36,32,52.8,5,12,0,13,162,-0.8,0.8234603174603174,0.8343571428571428,High
10,8,6.7,78,73,99,29,56.9,4,4,0,1,4,1.3,0.6522460317460317,0.5712857142857143,Moderate
3,5,6.6,74,36,82,33,35.0,1,3,0,6,85,0.7333333333333333,-0.5645238095238095,-0.13928571428571423,Low
3,3,6.4,81,48,74,102,42.5,4,15,0,4,79,0.4666666666666667,0.4782142857142857,0.44357142857142845,Moderate
4,6,7.7,91,59,99,98,40.8,7,5,0,14,84,1.3,0.240126984126984,-0.058142857142857246,Moderate
13,9,7.1,86,41,40,37,56.5,2,15,1,5,46,-0.6666666666666666,0.9026587301587301,0.6560714285714285,High
3,11,6.1,79,60,38,141,49.7,2,2,0,3,5,-0.7333333333333333,0.2479285714285716,0.2506428571428572,Low
3,8,6.0,80,27,68,40,44.7,7,2,2,3,52,0.26666666666666666,0.2440396825396827,0.19314285714285717,Moderate
5,2,7.2,77,43,141,27,45.8,3,3,0,9,21,2.7,0.04814285714285706,0.2272142857142856,Low
7,4,6.1,73,21,44,154,50.7,2,9,2,2,22,-0.5333333333333333,0.557373015873016,0.49564285714285733,Moderate
6,6,7.8,68,34,53,18,47.7,0,6,0,8,115,-0.23333333333333334,0.030785714285714402,0.04492857142857154,Low
6,5,6.0,78,60,45,79,59.6,4,11,2,17,55,-0.5,1.0793015873015874,0.8397857142857145,High
9,8,7.0,71,45,84,26,41.5,4,2,0,13,15,0.8,-0.11551587301587303,-0.03785714285714288,Moderate
4,3,7.1,70,40,89,96,57.7,2,8,1,4,20,0.9666666666666667,0.7722142857142859,0.6145714285714287,Moderate
6,11,5.9,74,41,3,67,47.7,2,1,0,4,36,-1.9,0.03999206349206366,0.10957142857142857,Low
1,8,5.4,82,62,145,115,46.3,5,6,0,4,47,2.8333333333333335,0.40889682539682526,0.6529285714285712,Moderate
6,11,5.9,70,50,16,32,59.1,0,3,0,5,90,-1.4666666666666666,0.4521984126984127,0.5412142857142856,Moderate
6,3,7.1,76,33,74,108,50.6,2,9,2,4,149,0.4666666666666667,0.5017619047619049,0.3926428571428572,Moderate
11,11,6.0,83,37,70,180,38.9,2,5,0,16,29,0.3333333333333333,-0.08759523809523814,0.10985714285714282,Moderate
6,5,6.8,81,50,78,58,42.7,4,3,1,16,151,0.6,0.00975396825396841,0.04671428571428583,Low
5,9,7.4,73,17,74,19,42.4,3,5,0,6,47,0.4666666666666667,-0.04231746031746039,-0.020142857142857254,Low
7,5,8.1,65,51,151,27,43.9,0,6,1,2,57,3.033333333333333,-0.13021428571428578,0.12342857142857144,Low
1,2,6.5,79,37,50,78,45.8,2,6,1,7,4,-0.3333333333333333,0.1452857142857142,0.20792857142857132,Low
4,9,5.6,65,51,94,37,49.3,4,4,1,8,30,1.1333333333333333,0.3191349206349205,0.5232857142857142,Low
9,0,7.4,64,43,15,180,50.1,3,2,0,6,57,-1.5,0.3759285714285715,-0.02235714285714288,Low
11,3,6.4,85,42,31,123,55.9,7,10,1,5,40,-0.9666666666666667,1.1259761904761905,0.5952142857142856,High
7,6,7.2,64,34,45,20,57.0,2,5,3,1,41,-0.5,0.5491269841269841,0.38035714285714284,Moderate
9,2,7.4,57,49,70,74,45.5,1,4,0,8,13,0.3333333333333333,-0.01075396825396822,0.034285714285714225,Low
5,3,7.6,79,29,114,26,52.1,2,7,1,8,78,1.8,0.4067222222222223,0.3930000000000001,Moderate
5,3,7.2,79,50,90,35,46.9,4,2,1,4,62,1.0,0.1374841269841269,0.10414285714285702,Low
6,9,7.1,78,46,140,87,45.2,7,6,2,2,51,2.6666666666666665,0.46161904761904776,0.30992857142857155,Moderate
6,10,5.0,64,51,66,26,35.0,2,8,2,1,31,0.2,-0.3270634920634921,0.24357142857142855,Moderate
14,11,5.4,73,48,40,76,54.1,3,5,0,14,84,-0.6666666666666666,0.5475158730158731,0.5958571428571428,High
4,18,7.2,68,37,94,17,41.8,5,1,1,5,57,1.1333333333333333,-0.08106349206349218,-0.06742857142857156,Low
14,6,6.9,64,50,62,36,49.7,2,10,2,14,73,0.06666666666666667,0.41697619047619067,0.39921428571428574,Moderate
10,2,6.9,83,50,8,43,62.0,1,0,1,3,20,-1.7333333333333334,0.5544444444444445,0.3475,Moderate
6,1,6.7,71,51,50,180,55.9,2,9,1,7,99,-0.3333333333333333,0.8202619047619046,0.561642857142857,Moderate
4,9,7.5,73,57,60,16,41.0,5,2,1,3,61,0.0,-0.08246031746031746,-0.20035714285714287,Low
9,2,7.7,69,23,180,52,49.8,5,9,0,13,36,4.0,0.6035396825396824,0.528642857142857,High
2,7,8.1,79,52,76,97,50.3,2,13,0,12,16,0.5333333333333333,0.6188968253968253,0.3279285714285714,Moderate
1,3,7.5,75,49,109,110,54.4,3,17,1,3,90,1.6333333333333333,1.0273650793650793,0.7527142857142859,High
4,8,6.7,71,43,60,93,43.8,4,12,1,17,22,0.0,0.41957142857142843,0.3093571428571428,Moderate
6,2,7.3,71,34,132,125,44.0,0,2,2,1,51,2.4,-0.15968253968253968,0.10464285714285715,Low
6,3,6.0,84,47,73,31,62.7,3,9,0,5,35,0.43333333333333335,1.027373015873016,0.9456428571428572,High
18,5,6.4,72,39,70,22,44.2,3,4,0,3,33,0.3333333333333333,0.006301587301587419,0.1702857142857143,Moderate
5,9,8.2,68,41,30,30,42.4,3,5,1,8,34,-1.0,-0.03009523809523816,-0.270142857142857,Low
7,6,6.2,76,57,36,30,43.7,3,19,0,2,40,-0.8,0.528404761904762,0.5338571428571428,Low
2,12,8.1,64,41,52,38,40.5,6,2,3,10,25,-0.26666666666666666,-0.013849206349206347,-0.3403571428571428,Low
7,1,6.6,83,37,84,18,60.7,5,2,1,5,67,0.8,0.8062619047619048,0.6081428571428573,Moderate
8,1,7.5,62,31,15,72,41.5,4,8,0,7,83,-1.5,0.14988095238095234,-0.12642857142857142,Low
6,4,7.6,85,33,71,51,45.6,2,4,0,7,24,0.36666666666666664,0.034857142857142934,0.004785714285714393,Low
10,1,6.9,61,37,64,26,43.4,3,5,1,4,45,0.13333333333333333,0.010460317460317406,0.07235714285714274,Low
3,8,7.8,72,29,66,58,35.0,5,5,0,18,29,0.2,-0.19865079365079366,-0.3321428571428571,Low
5,5,7.7,83,49,40,85,42.3,2,6,2,14,20,-0.6666666666666666,-0.004436507936508064,-0.13207142857142867,Moderate
8,5,7.3,61,58,70,84,54.5,3,2,0,8,31,0.3333333333333333,0.4672619047619047,0.2646428571428572,Moderate
11,0,7.6,76,51,47,95,52.6,3,5,1,11,75,-0.43333333333333335,0.5011269841269843,0.183357142857143,Moderate
3,2,7.3,90,52,22,74,48.1,4,2,0,2,105,-1.2666666666666666,0.23481746031746042,-0.04735714285714278,Low
15,3,6.1,74,58,54,119,53.4,3,7,2,13,8,-0.2,0.6352222222222222,0.5445,High
6,7,6.1,79,34,107,46,53.0,3,2,3,2,48,1.5666666666666667,0.3575396825396826,0.5221428571428572,Moderate
11,13,7.8,90,40,35,92,53.5,3,19,1,10,66,-0.8333333333333334,1.0382936507936507,0.5453571428571429,High
5,13,4.8,72,38,9,180,47.1,3,21,0,7,32,-1.7,0.9195000000000001,0.8705,High
6,2,6.6,67,57,65,89,57.6,0,3,1,5,45,0.16666666666666666,0.4480317460317461,0.49621428571428583,Low
15,1,6.5,74,54,14,31,55.4,3,7,1,12,17,-1.5333333333333334,0.6274444444444444,0.4344999999999999,Low
16,6,8.5,60,34,91,66,51.8,4,7,0,20,11,1.0333333333333334,0.571,0.16899999999999998,High
17,4,6.7,77,27,26,70,54.2,4,4,2,20,39,-1.1333333333333333,0.5763015873015875,0.30778571428571433,Moderate
6,5,6.9,67,41,44,91,64.3,3,2,0,3,22,-0.5333333333333333,0.9160396825396824,0.5636428571428569,High
3,9,6.8,67,58,33,13,43.2,2,2,0,2,67,-0.9,-0.18679365079365068,-0.07935714285714277,Low
8,12,7.0,73,52,81,71,38.8,2,5,3,4,11,0.7,-0.21320634920634932,-0.040642857142857224,Moderate
14,2,6.4,68,55,55,39,49.6,2,9,0,4,13,-0.16666666666666666,0.38009523809523826,0.4376428571428571,Low
10,9,6.9,64,45,87,107,40.5,5,15,0,5,7,0.9,0.4604365079365079,0.3285714285714285,Moderate
2,2,6.4,71,54,94,45,49.9,3,8,0,4,165,1.1333333333333333,0.43121428571428566,0.5155714285714285,Low
0,9,5.9,75,29,84,90,50.1,1,3,1,4,22,0.8,0.17830952380952397,0.44121428571428567,Moderate
19,10,6.4,72,12,54,14,41.0,7,2,0,7,50,-0.2,0.048650793650793625,-0.02285714285714295,High
7,20,7.1,64,29,24,34,35.0,1,3,1,7,166,-1.2,-0.5634126984126984,-0.37178571428571416,Low
4,7,5.9,55,45,51,75,37.2,3,9,2,10,12,-0.3,-0.0712380952380951,0.14314285714285716,Low
1,5,6.2,80,47,86,46,49.0,1,6,1,4,46,0.8666666666666667,0.18706349206349213,0.4464285714285714,Low
3,6,6.4,58,48,67,57,46.1,2,2,1,2,79,0.23333333333333334,-0.007404761904761817,0.16264285714285703,Low
1,13,5.6,83,45,67,62,37.1,4,14,1,3,10,0.23333333333333334,0.15505555555555559,0.3755000000000001,Low
2,6,5.7,84,60,126,27,44.7,2,10,0,11,51,2.2,0.18197619047619062,0.6192142857142858,Moderate
5,8,7.2,69,31,46,67,51.4,2,12,1,10,128,-0.4666666666666667,0.5993492063492064,0.41485714285714287,Moderate
7,8,7.7,95,50,99,97,47.4,5,8,0,16,43,1.3,0.5098253968253967,0.2255714285714285,Moderate
10,4,6.3,66,77,180,20,54.1,5,3,0,4,134,4.0,0.5471984126984129,0.7312142857142858,Moderate
2,5,6.0,82,26,56,116,49.3,5,18,1,5,29,-0.13333333333333333,0.9735793650793648,0.7582857142857142,High
7,16,7.3,73,50,46,33,46.4,5,21,0,4,70,-0.4666666666666667,0.858,0.5045000000000001,Moderate
7,20,7.0,80,41,40,74,60.5,3,4,1,3,60,-0.6666666666666666,0.7975793650793651,0.47928571428571415,High
1,6,7.0,67,26,66,31,45.3,6,12,0,6,81,0.2,0.5515158730158729,0.3168571428571428,Low
5,7,6.1,76,46,180,60,47.9,2,4,0,11,23,4.0,0.1483571428571428,0.6087857142857143,Moderate
10,8,7.0,83,53,11,43,59.0,1,6,0,15,58,-1.6333333333333333,0.6337301587301587,0.4189285714285714,Moderate
7,2,6.8,78,51,55,32,47.3,3,8,0,7,60,-0.16666666666666666,0.29976984126984113,0.2700714285714285,Low
2,4,7.8,72,28,137,127,37.5,2,3,0,20,37,2.566666666666667,-0.2809126984126984,-0.13678571428571423,Moderate
4,1,8.6,84,45,62,59,52.8,2,1,1,13,114,0.06666666666666667,0.26060317460317456,-0.062428571428571396,Moderate
16,9,6.6,66,23,39,84,52.9,3,4,1,1,180,-0.7,0.4666904761904761,0.31878571428571434,High
7,1,7.1,78,27,180,32,64.7,3,2,1,17,31,4.0,0.8684841269841271,0.8806428571428571,High
4,4,4.7,83,47,90,129,38.0,4,4,1,7,20,1.0,-0.08714285714285713,0.3317857142857143,Moderate
1,7,6.3,89,35,166,16,53.2,6,3,1,1,42,3.533333333333333,0.5689206349206353,0.6692142857142858,Moderate
3,4,7.5,61,39,124,31,41.3,0,7,1,12,25,2.1333333333333333,-0.2070555555555557,0.11149999999999993,Low
10,8,7.6,79,53,58,31,47.4,6,9,0,8,15,-0.06666666666666667,0.5388730158730157,0.16914285714285715,Moderate
8,3,6.6,73,58,107,28,41.3,7,7,0,6,17,1.5666666666666667,0.25627777777777766,0.22649999999999998,Low
7,10,6.4,67,39,47,61,54.8,2,8,0,8,44,-0.43333333333333335,0.6028253968253967,0.5450714285714284,High
15,7,6.4,64,48,16,49,52.3,2,6,0,9,93,-1.4666666666666666,0.40556349206349196,0.3354285714285713,Moderate
1,9,8.3,77,31,20,85,35.0,3,6,1,1,69,-1.3333333333333333,-0.26626984126984127,-0.5060714285714287,Low
7,2,6.5,86,23,121,76,49.2,6,3,0,2,105,2.033333333333333,0.4555873015873017,0.4017142857142858,Moderate
5,14,6.4,73,44,86,36,43.0,4,7,0,12,78,0.8666666666666667,0.14166666666666666,0.2599999999999999,Low
5,5,6.8,67,59,83,111,56.3,4,4,1,9,86,0.7666666666666667,0.7163571428571427,0.49578571428571416,Moderate
5,3,6.3,74,41,49,26,47.2,2,1,0,8,45,-0.36666666666666664,-0.028063492063491915,0.1395714285714287,Low
5,2,4.7,81,44,59,46,54.4,3,5,1,16,29,-0.03333333333333333,0.5276825396825398,0.7748571428571429,High
3,5,7.4,72,27,180,143,47.7,5,5,1,2,95,4.0,0.4672936507936509,0.40385714285714286,Moderate
24,9,8.7,85,53,40,23,35.0,6,5,0,9,20,-0.6666666666666666,-0.17087301587301587,-0.5546428571428571,Moderate
5,21,5.8,78,38,95,94,50.9,2,16,0,5,38,1.1666666666666667,0.7497063492063492,0.8816428571428571,High
7,2,7.0,78,57,56,127,54.1,3,5,2,2,18,-0.13333333333333333,0.6041825396825398,0.35585714285714287,Moderate
9,7,7.4,56,44,41,57,41.8,1,10,0,8,132,-0.6333333333333333,0.018142857142857016,0.02221428571428557,Low
3,3,7.7,85,23,78,48,48.3,1,3,1,4,131,0.6,0.05064285714285704,0.057214285714285606,Low
5,1,8.1,68,41,4,47,44.2,4,6,3,7,180,-1.8666666666666667,0.17217460317460329,-0.23507142857142838,Low
4,6,7.3,55,49,77,70,38.9,3,4,2,15,76,0.5666666666666667,-0.17886507936507942,-0.12871428571428573,Low
7,11,6.8,79,48,86,11,40.0,3,2,0,5,112,0.8666666666666667,-0.26634920634920634,-0.042857142857142844,Moderate
7,7,5.2,78,41,23,42,50.4,2,7,3,13,53,-1.2333333333333334,0.3479999999999999,0.5344999999999999,Low
10,5,6.8,77,45,108,180,48.0,1,5,1,3,21,1.6,0.25523809523809526,0.33785714285714286,Moderate
3,1,6.5,61,45,89,52,42.1,3,14,2,15,137,0.9666666666666667,0.3022777777777778,0.42300000000000004,Moderate
4,5,7.6,72,67,64,116,45.6,5,7,0,4,101,0.13333333333333333,0.4142222222222223,0.0730000000000001,Low
3,6,7.3,60,65,74,82,54.3,1,3,1,7,114,0.4666666666666667,0.3584206349206348,0.29721428571428565,Moderate
5,4,7.6,86,55,81,3,42.2,3,21,0,20,40,0.7,0.5023333333333334,0.4135000000000002,Low
2,8,7.4,80,55,89,31,46.9,2,8,1,2,61,0.9666666666666667,0.21399206349206343,0.23807142857142843,Low
5,3,5.5,59,23,57,94,54.6,5,11,0,18,50,-0.1,0.9376349206349208,0.8072857142857144,High
2,4,6.1,78,38,56,140,65.0,6,10,0,15,42,-0.13333333333333333,1.4876984126984127,0.9832142857142858,High
8,4,8.9,75,33,53,84,61.3,2,3,0,8,35,-0.23333333333333334,0.7423095238095238,0.17471428571428563,Moderate
5,3,7.4,69,38,40,111,55.6,6,5,0,3,53,-0.6666666666666666,0.853904761904762,0.29085714285714276,Low
5,3,6.6,76,57,107,19,41.3,3,8,0,6,70,1.5666666666666667,0.015325396825396687,0.25507142857142856,Low
4,4,7.6,55,33,69,120,51.6,3,3,0,3,58,0.3,0.4124761904761906,0.15121428571428583,Low
4,1,6.4,66,33,180,41,47.1,2,7,1,5,19,4.0,0.19838888888888903,0.6179999999999999,Low
10,1,7.8,77,45,118,69,40.5,7,16,3,10,41,1.9333333333333333,0.5872619047619049,0.27714285714285725,Moderate
4,11,6.7,63,22,39,65,50.1,2,21,1,1,104,-0.7,0.8600555555555557,0.7030000000000001,Moderate
13,10,5.4,84,53,42,20,65.7,3,3,2,19,138,-0.6,0.9358650793650796,0.8917142857142856,High
9,5,6.6,75,48,53,152,57.8,7,5,0,11,30,-0.23333333333333334,1.0651269841269841,0.5293571428571429,Moderate
5,20,4.7,63,32,34,116,41.2,5,3,1,8,12,-0.8666666666666667,0.0733650793650795,0.2592142857142858,Moderate
13,2,7.4,73,45,58,57,50.2,1,5,2,1,47,-0.06666666666666667,0.2175714285714287,0.17385714285714285,Moderate
4,7,5.4,84,44,27,56,47.1,5,13,0,18,21,-1.1,0.6293412698412699,0.5819285714285714,Moderate
5,9,6.4,80,64,50,7,49.2,1,8,0,2,139,-0.3333333333333333,0.2241587301587303,0.38457142857142856,Low
6,5,7.9,81,40,32,12,43.4,6,3,3,3,38,-0.9333333333333333,0.12347619047619046,-0.23978571428571438,Low
9,6,7.0,67,38,31,108,42.8,2,4,0,6,26,-0.9666666666666667,-0.027809523809523937,-0.0742142857142858,Low
26,8,8.9,74,62,52,42,35.0,4,4,2,10,111,-0.26666666666666666,-0.3188095238095238,-0.5882142857142858,High
7,9,5.4,61,44,6,57,38.7,6,14,1,3,9,-1.8,0.35483333333333344,0.306,Moderate
5,1,7.9,79,38,56,72,40.9,2,11,0,4,88,-0.13333333333333333,0.09669047619047612,-0.026214285714285808,Low
9,5,7.3,81,56,79,94,52.8,0,1,0,11,36,0.6333333333333333,0.16615873015873012,0.20757142857142857,Moderate
5,15,8.3,81,42,80,40,48.9,4,6,3,5,121,0.6666666666666666,0.37589682539682534,0.06092857142857126,Moderate
8,21,7.4,70,61,19,28,55.1,2,12,0,7,35,-1.3666666666666667,0.7225158730158732,0.42335714285714293,Moderate
8,4,7.8,55,37,16,51,51.0,5,5,0,11,105,-1.4666666666666666,0.5135714285714287,0.022857142857142937,Low
16,7,5.8,75,45,87,10,52.6,4,6,0,8,101,0.9,0.5090634920634922,0.6269285714285715,High
9,3,7.1,82,49,89,49,41.4,1,9,0,5,136,0.9666666666666667,-0.04446031746031753,0.15414285714285714,Moderate
23,5,7.5,69,46,66,37,50.2,1,10,1,15,22,0.2,0.37392063492063504,0.3192142857142858,Moderate
8,9,5.9,72,43,180,5,53.2,3,9,1,1,21,4.0,0.5709841269841271,0.9456428571428572,High
14,8,7.3,84,44,54,47,44.0,2,11,0,8,180,-0.2,0.2084126984126984,0.16678571428571431,Moderate
7,8,5.5,66,56,176,42,56.7,3,6,1,3,10,3.8666666666666667,0.6624523809523811,1.0249285714285714,High
14,14,6.4,62,37,95,64,44.4,4,5,1,19,74,1.1666666666666667,0.1643492063492063,0.26735714285714274,Moderate
4,8,7.7,80,59,37,109,51.9,3,9,0,6,34,-0.7666666666666667,0.6280396825396825,0.2341428571428571,Moderate
8,7,5.1,80,35,26,82,58.0,3,7,1,4,3,-1.1333333333333333,0.8011111111111112,0.7875000000000001,High
16,1,7.7,62,44,76,166,43.6,4,3,0,16,9,0.5333333333333333,0.17025396825396832,-0.08878571428571427,Moderate
1,6,7.2,76,37,70,102,53.1,7,8,0,12,20,0.3333333333333333,0.9052142857142857,0.4115714285714286,Moderate
9,10,4.7,70,28,44,18,42.4,5,7,1,7,12,-0.5333333333333333,0.16133333333333325,0.43449999999999994,Moderate
3,2,9.0,80,30,26,88,55.8,2,7,1,7,59,-1.1333333333333333,0.642111111111111,0.038999999999999896,Low
21,8,7.9,79,42,37,51,42.3,2,4,1,2,41,-0.7666666666666667,-0.11364285714285727,-0.23171428571428587,Moderate
9,5,6.5,78,42,79,155,50.4,7,2,1,4,47,0.6333333333333333,0.6283174603174602,0.30414285714285705,Moderate
18,3,6.5,78,78,16,4,62.2,3,8,0,14,59,-1.4666666666666666,0.9391587301587303,0.6720714285714287,Moderate
12,13,7.3,62,39,149,115,54.0,3,2,2,9,12,2.966666666666667,0.4792063492063492,0.4471428571428572,High
1,21,7.7,82,35,82,59,45.9,3,4,1,3,150,0.7333333333333333,0.12391269841269836,0.023785714285714216,Moderate
7,2,6.6,84,44,48,46,57.2,4,3,4,10,7,-0.4,0.648920634920635,0.44171428571428584,High
5,17,5.9,79,33,100,58,51.1,2,13,0,6,65,1.3333333333333333,0.6115634920634921,0.7969285714285713,High
3,3,6.8,58,12,58,7,35.2,1,12,2,6,75,-0.06666666666666667,-0.2629841269841268,0.028857142857143,Low
8,2,7.0,82,51,19,55,46.7,4,6,0,12,22,-1.3666666666666667,0.2935634920634922,0.06992857142857149,Low
9,8,5.9,81,35,67,57,53.3,2,1,3,6,90,0.23333333333333334,0.2808809523809522,0.4375714285714284,High
21,5,7.4,65,34,30,131,43.1,4,2,1,11,106,-1.0,0.0731507936507937,-0.1948571428571429,Moderate
9,4,6.6,81,53,23,26,35.7,3,4,0,2,39,-1.2333333333333334,-0.3717539682539681,-0.23721428571428557,Low
2,3,6.9,73,39,4,71,46.6,3,21,1,7,72,-1.8666666666666667,0.7758888888888891,0.4754999999999999,Low
14,3,5.5,61,46,35,93,50.9,3,5,2,2,51,-0.8333333333333334,0.4224047619047619,0.46985714285714275,Moderate
2,11,6.9,82,53,84,84,55.4,1,1,0,14,52,0.8,0.3387142857142857,0.36807142857142844,Moderate
4,3,8.4,83,20,34,92,48.3,0,4,0,0,116,-0.8666666666666667,0.06857936507936496,-0.14671428571428585,Low
9,8,6.3,74,28,71,120,51.8,1,3,0,5,92,0.36666666666666664,0.2881428571428571,0.3897142857142857,Moderate
7,4,8.4,64,37,17,27,56.2,3,20,0,3,23,-1.4333333333333333,1.1232857142857144,0.5049285714285715,Moderate
2,8,6.9,73,43,180,84,40.8,5,4,0,4,34,4.0,0.05552380952380939,0.2557857142857141,Low
17,6,7.5,71,27,35,44,38.7,3,2,1,6,39,-0.8333333333333334,-0.2881825396825396,-0.3318571428571428,Low
3,16,6.2,88,48,27,39,48.1,0,15,1,8,51,-1.1,0.39354761904761915,0.5290714285714285,Moderate
9,4,6.8,84,49,50,52,41.0,5,13,2,5,92,-0.3333333333333333,0.35039682539682543,0.21142857142857147,Moderate
4,2,5.0,63,46,180,167,48.5,3,3,2,19,40,4.0,0.3251984126984127,0.7907142857142857,High
1,9,8.5,71,36,52,47,35.0,1,17,0,3,180,-0.26666666666666666,-0.048968253968253966,-0.1467857142857142,Low
6,2,5.4,76,25,18,54,44.6,0,4,1,4,88,-1.4,-0.14014285714285707,0.2272857142857142,Low
2,1,6.9,87,39,34,100,49.7,1,3,0,6,107,-0.8666666666666667,0.17142063492063506,0.12921428571428578,Low
3,3,8.1,79,39,93,34,42.2,5,15,0,17,65,1.1,0.45582539682539686,0.18457142857142872,Low
4,5,6.3,76,39,85,88,56.3,1,2,1,1,30,0.8333333333333334,0.4193730158730157,0.531142857142857,Low
9,2,6.8,86,33,88,91,65.7,3,9,1,15,13,0.9333333333333333,1.2290396825396825,0.9331428571428572,High
10,8,6.6,78,24,73,83,47.5,2,9,0,14,98,0.43333333333333335,0.334484126984127,0.3846428571428572,High
13,5,7.1,85,32,77,10,53.7,3,3,1,12,35,0.5666666666666667,0.3847539682539684,0.32171428571428584,Moderate
6,3,6.4,78,42,160,126,39.2,2,5,1,11,102,3.3333333333333335,-0.13409523809523796,0.27385714285714285,Moderate
6,6,7.3,65,33,108,46,39.5,3,2,0,2,56,1.6,-0.24996031746031747,-0.09035714285714286,Low
2,4,7.2,94,45,113,54,43.8,1,2,1,6,18,1.7666666666666666,-0.18090476190476204,0.06864285714285698,Low
5,16,6.9,77,39,49,98,43.5,1,15,1,4,65,-0.36666666666666664,0.31876984126984126,0.3235714285714285,Moderate
15,2,7.4,67,17,107,31,53.9,3,13,0,20,23,1.5666666666666667,0.7742301587301587,0.6359285714285714,High
2,2,5.8,70,35,32,51,51.4,0,5,1,3,40,-0.9333333333333333,0.19823809523809524,0.4248571428571429,Low
4,1,6.0,64,48,15,78,39.3,1,3,1,5,11,-1.5,-0.3210238095238096,-0.07278571428571436,Low
13,10,6.6,72,12,121,103,51.1,3,5,2,10,9,2.033333333333333,0.4425158730158731,0.49835714285714294,High
4,11,4.4,91,40,44,61,50.6,1,5,0,2,104,-0.5333333333333333,0.24001587301587304,0.6758571428571427,Moderate
9,1,6.2,68,33,158,22,63.0,4,3,0,1,87,3.2666666666666666,0.8832539682539682,0.9607142857142855,High
13,2,5.7,86,66,94,134,43.5,3,4,1,18,51,1.1333333333333333,0.09924603174603175,0.33178571428571424,Moderate
3,5,5.4,62,53,20,73,45.7,3,9,0,12,112,-1.3333333333333333,0.30903968253968267,0.40814285714285714,Low
9,4,6.1,93,43,22,40,41.6,4,2,0,4,180,-1.2666666666666666,-0.09546031746031741,-0.032357142857142765,Low
9,7,6.9,82,46,68,32,47.4,1,5,0,5,47,0.26666666666666666,0.06379365079365075,0.20235714285714274,Low
8,21,7.7,74,49,167,168,41.7,4,8,1,6,42,3.566666666666667,0.2655476190476192,0.22457142857142864,High
14,7,6.1,90,67,40,62,47.2,3,2,1,1,75,-0.6666666666666666,0.11431746031746043,0.1806428571428573,Moderate
15,2,7.4,76,61,113,62,47.3,1,1,2,5,133,1.7666666666666666,-0.05023015873015882,0.1100714285714284,Moderate
5,14,8.1,59,54,25,22,47.3,3,8,4,7,8,-1.1666666666666667,0.28865873015873006,-0.032428571428571445,Moderate
4,8,7.3,82,22,46,98,50.2,1,0,0,16,121,-0.4666666666666667,0.08455555555555566,0.01850000000000005,Low
4,16,7.7,74,26,15,66,45.5,3,5,0,4,51,-1.5,0.14940476190476193,-0.12714285714285714,Moderate
4,14,7.1,71,41,65,17,40.6,4,6,1,4,110,0.16666666666666666,-0.0231587301587301,-0.015571428571428464,Low
2,2,6.7,60,52,68,30,46.5,3,8,0,6,60,0.26666666666666666,0.2615476190476191,0.29607142857142854,Low
23,2,8.3,80,54,149,151,53.9,5,19,0,7,50,2.966666666666667,1.2551825396825396,0.7548571428571428,High
5,8,7.7,81,40,61,51,47.5,2,21,1,14,180,0.03333333333333333,0.7275,0.5049999999999999,High
7,2,7.5,77,50,10,56,50.0,3,7,0,3,51,-1.6666666666666667,0.4122222222222222,0.0875,Low
1,7,7.7,69,48,68,30,45.4,5,6,1,11,79,0.26666666666666666,0.2739523809523809,0.030928571428571354,Low
10,2,6.5,75,49,80,64,40.6,5,7,2,4,131,0.6666666666666666,0.1314444444444445,0.15550000000000003,Moderate
7,5,5.6,75,50,21,107,45.1,3,7,0,13,52,-1.3,0.24838888888888896,0.3005000000000001,Low
10,1,7.7,76,49,37,86,56.5,4,6,2,1,67,-0.7666666666666667,0.7690079365079364,0.28642857142857137,Moderate
15,6,6.6,61,46,37,99,35.0,1,6,2,4,96,-0.7666666666666667,-0.384047619047619,-0.1660714285714285,Moderate
12,4,4.5,63,49,79,30,39.3,4,8,2,15,92,0.6333333333333333,0.004214285714285573,0.4925714285714285,Moderate
6,8,6.7,75,57,15,34,53.6,4,3,0,5,52,-1.5,0.4735873015873017,0.23371428571428576,Low
5,16,5.8,71,23,41,34,49.2,3,17,0,8,51,-0.6333333333333333,0.7089206349206352,0.7242142857142858,High
5,5,6.9,70,25,128,86,52.3,6,2,2,7,62,2.2666666666666666,0.5704841269841268,0.413642857142857,Moderate
7,8,5.5,68,43,33,97,44.7,3,2,2,10,80,-0.9,0.040706349206349336,0.19314285714285717,Moderate
7,4,7.3,75,52,47,44,49.8,5,10,1,10,112,-0.43333333333333335,0.6303650793650792,0.2947142857142857,Low
2,1,7.7,78,48,1,30,69.7,1,7,1,3,110,-1.9666666666666666,1.1365,0.621,Moderate
14,3,5.6,73,40,63,15,49.4,3,5,1,17,156,0.1,0.26823809523809516,0.47735714285714276,Moderate
14,17,7.7,79,40,64,66,53.2,4,13,0,3,62,0.13333333333333333,0.8482857142857145,0.4549285714285715,High
13,15,5.1,74,47,160,51,41.5,6,2,0,13,46,3.3333333333333335,0.045595238095238105,0.48464285714285715,High
2,7,7.4,78,40,54,26,47.0,3,13,1,10,165,-0.2,0.4581746031746031,0.2964285714285714,High
27,2,7.6,87,38,22,37,44.7,5,9,3,9,75,-1.2666666666666666,0.35737301587301595,-0.0018571428571426823,Low
5,5,6.6,71,50,106,68,39.5,1,1,1,11,41,1.5333333333333334,-0.394563492063492,-0.0014285714285713624,Low
7,8,5.9,87,38,95,96,52.0,1,19,2,5,17,1.1666666666666667,0.841904761904762,0.9828571428571428,High
6,15,6.4,65,55,52,38,47.2,3,3,1,9,104,-0.26666666666666666,0.1233650793650795,0.18671428571428575,Low
2,1,9.0,75,39,44,121,41.4,2,1,2,1,80,-0.5333333333333333,-0.18350793650793656,-0.5194285714285715,Low
4,12,6.9,74,38,107,77,40.1,6,2,1,11,20,1.5666666666666667,0.011484126984127051,-0.004857142857142907,Low
8,2,7.6,71,32,84,27,52.9,1,9,0,12,65,0.8,0.448595238095238,0.3991428571428572,Moderate
5,2,7.2,67,36,52,123,46.5,3,2,1,4,42,-0.26666666666666666,0.15059523809523812,-0.002857142857142902,Low
3,1,7.8,90,51,41,27,42.6,4,4,0,2,81,-0.6333333333333333,0.006523809523809598,-0.19521428571428562,Low
1,8,6.7,88,42,44,33,46.1,5,5,2,1,33,-0.5333333333333333,0.27307142857142863,0.13835714285714285,Low
10,1,5.9,66,50,111,118,50.3,1,5,0,4,101,1.7,0.2898492063492063,0.5718571428571426,Moderate
1,11,6.7,65,40,36,63,43.0,3,12,1,7,149,-0.8,0.2835714285714286,0.22535714285714287,Moderate
8,13,5.7,84,51,35,11,48.4,9,2,1,9,138,-0.8333333333333334,0.5116507936507937,0.274142857142857,Moderate
9,2,7.8,68,32,76,56,45.8,5,10,0,12,17,0.5333333333333333,0.4636984126984125,0.15971428571428567,Low
2,1,5.7,65,48,31,19,37.4,5,3,0,6,117,-0.9666666666666667,-0.2054126984126985,-0.037285714285714366,Low
4,7,7.3,85,54,15,34,35.0,2,2,1,17,100,-1.5,-0.5324603174603174,-0.4578571428571428,Low
1,10,7.9,75,28,59,66,49.3,2,6,0,4,15,-0.03333333333333333,0.28945238095238085,0.09042857142857129,Low
10,2,6.2,72,38,35,38,43.6,7,6,1,13,92,-0.8333333333333334,0.3351746031746033,0.15692857142857142,Low
3,13,7.1,77,14,77,76,56.1,3,5,1,8,60,0.5666666666666667,0.6375158730158731,0.45085714285714285,High
3,3,6.1,65,40,25,22,35.0,3,9,1,2,78,-1.1666666666666667,-0.22912698412698412,-0.022857142857142812,Low
6,8,7.4,75,53,21,68,55.5,3,1,1,9,180,-1.3,0.45876984126984127,0.12607142857142847,Moderate
9,9,5.6,75,41,19,58,70.0,3,5,1,9,22,-1.3666666666666667,1.2430158730158731,0.9853571428571428,High
12,1,7.7,77,47,84,98,35.0,4,1,0,3,65,0.8,-0.36373015873015874,-0.38392857142857145,Low
3,5,6.8,71,38,15,60,41.6,3,8,2,2,134,-1.5,0.07438095238095244,-0.0009285714285713481,Low
4,2,6.7,73,64,102,61,55.9,6,3,0,10,97,1.4,0.7404206349206349,0.5202142857142856,Moderate
4,4,7.5,55,30,23,109,41.8,1,3,1,14,32,-1.2333333333333334,-0.1740793650793652,-0.24028571428571435,Low
6,6,6.6,78,12,55,25,45.5,2,2,0,5,136,-0.16666666666666666,-0.06996031746031746,0.0796428571428572,Moderate
3,17,6.2,75,44,57,41,50.3,6,7,1,3,81,-0.1,0.6090555555555556,0.4414999999999999,Moderate
5,4,9.0,59,47,22,17,50.7,2,2,1,2,20,-1.2666666666666666,0.15515079365079382,-0.2668571428571428,Low
3,5,6.2,70,58,86,26,42.7,1,4,0,14,66,0.8666666666666667,-0.19008730158730144,0.20028571428571432,Low
3,1,4.9,93,38,16,49,35.0,5,3,0,8,72,-1.4666666666666666,-0.2800793650793651,-0.0067857142857143254,Moderate
10,17,7.7,74,61,69,32,49.6,5,4,1,1,158,0.3,0.39374603174603184,0.10228571428571429,Moderate
1,2,5.3,89,42,20,20,43.2,5,5,1,3,50,-1.3333333333333333,0.12812698412698423,0.23635714285714293,Low
17,4,6.1,76,39,65,27,43.5,2,1,1,9,33,0.16666666666666666,-0.19345238095238093,0.10357142857142863,Moderate
4,4,7.8,73,57,84,81,42.6,6,5,1,20,180,0.8,0.23557142857142863,-0.05914285714285708,Moderate
2,2,7.4,60,61,42,159,45.1,2,4,0,7,71,-0.6,0.13235714285714292,-0.04771428571428575,Low
3,3,7.7,66,55,37,21,49.5,4,3,0,17,61,-0.7666666666666667,0.27464285714285713,-0.009285714285714335,Low
22,3,6.7,67,55,101,73,46.3,2,14,1,5,49,1.3666666666666667,0.4479444444444443,0.5439999999999999,High
10,8,6.3,73,46,99,115,60.1,1,6,0,8,10,1.3,0.7632301587301589,0.7944285714285716,High
13,19,7.0,68,51,19,61,56.5,4,7,0,9,10,-1.3666666666666667,0.7769444444444443,0.39249999999999996,High
13,11,8.6,68,37,15,23,48.5,2,2,0,2,45,-1.5,0.06281746031746033,-0.28035714285714275,Moderate
21,9,4.2,78,31,52,22,42.1,3,4,0,10,50,-0.26666666666666666,-0.08819841269841264,0.4472857142857142,High
25,1,6.2,96,62,165,8,38.2,2,13,1,5,27,3.5,-0.0244920634920634,0.5199285714285715,High
2,8,7.1,73,40,39,95,41.4,2,10,0,6,48,-0.7,0.10903174603174595,0.05771428571428574,Low
5,7,7.6,100,52,69,139,42.4,6,7,0,4,66,0.3,0.3624444444444444,-0.010499999999999975,Moderate
6,8,7.0,79,51,60,24,45.8,5,15,1,16,68,0.0,0.6067142857142855,0.40257142857142847,Moderate
7,11,5.2,66,39,57,42,57.8,4,8,0,10,40,-0.1,0.8500476190476189,0.8700714285714285,High
11,2,4.2,80,36,13,170,49.8,6,1,1,7,82,-1.5666666666666667,0.5156031746031745,0.49507142857142833,High
4,2,7.7,74,39,126,33,50.8,6,9,1,4,93,2.2,0.6940952380952379,0.423642857142857,Moderate
2,1,6.8,82,57,88,84,45.8,3,3,1,4,65,0.9333333333333333,0.11147619047619038,0.16471428571428565,Low
4,5,6.0,57,32,68,57,44.5,2,5,1,5,47,0.26666666666666666,0.02773809523809527,0.27285714285714285,Low
2,13,7.0,70,54,14,73,55.5,4,4,2,13,58,-1.5333333333333334,0.6381349206349207,0.26428571428571423,Low
5,2,7.8,77,72,15,44,59.1,2,6,1,6,158,-1.5,0.7060079365079366,0.29192857142857154,Low
17,10,5.1,82,23,180,46,62.0,3,14,1,2,65,4.0,1.1911111111111112,1.4925000000000002,High
8,3,5.6,60,28,180,51,54.4,2,4,1,3,30,4.0,0.4308571428571429,0.8912857142857142,Moderate
7,1,7.3,93,55,87,148,36.8,5,3,1,10,44,0.9,-0.08907936507936519,-0.19528571428571434,Moderate
3,8,5.3,74,60,82,26,58.5,2,16,0,13,23,0.7333333333333333,1.0161507936507936,1.164642857142857,High
13,4,6.7,63,41,50,77,66.8,2,8,1,10,48,-0.3333333333333333,1.1606031746031746,0.8600714285714285,High
3,4,6.4,81,52,124,33,41.9,3,2,1,3,138,2.1333333333333333,-0.156404761904762,0.179142857142857,Low
0,2,7.3,70,30,32,41,43.4,5,1,0,2,63,-0.9333333333333333,0.017603174603174558,-0.19192857142857145,Low
6,12,6.7,71,50,95,104,55.2,6,4,1,3,21,1.1666666666666667,0.7924126984126986,0.5102857142857143,Moderate
3,2,7.4,82,42,16,40,57.1,4,20,0,6,64,-1.4666666666666666,1.2448968253968256,0.7044285714285714,Moderate
9,3,7.5,79,55,41,21,37.5,9,3,2,7,180,-0.6333333333333333,0.06797619047619051,-0.32428571428571423,Moderate
3,6,5.4,65,31,25,64,53.8,1,7,2,10,45,-1.1666666666666667,0.4587777777777777,0.6064999999999997,Moderate
9,7,4.9,76,56,10,31,43.0,5,3,1,3,35,-1.6666666666666667,0.0599206349206349,0.21821428571428564,Moderate
3,15,8.2,65,58,64,62,51.2,2,4,1,1,118,0.13333333333333333,0.2990793650793652,0.05028571428571451,Moderate
14,10,5.7,81,43,74,112,47.1,4,13,0,7,27,0.4666666666666667,0.6248968253968256,0.6469285714285714,High
8,4,7.6,83,50,14,75,45.3,3,1,1,3,66,-1.5333333333333334,0.0075476190476189385,-0.23242857142857148,Low
15,3,7.4,73,25,50,35,49.3,3,8,1,10,53,-0.3333333333333333,0.39310317460317445,0.21257142857142844,Moderate
16,3,6.8,67,31,42,92,44.7,6,3,0,6,31,-0.6,0.27086507936507953,0.016714285714285848,Moderate
8,5,7.6,80,42,8,11,43.7,4,10,0,17,85,-1.7333333333333334,0.25253174603174616,-0.03828571428571413,Low
21,7,6.9,73,38,128,28,46.2,4,16,1,2,44,2.2666666666666666,0.5982063492063493,0.6306428571428572,High
5,3,8.1,79,37,17,12,52.2,2,2,1,1,85,-1.4333333333333333,0.21709523809523823,-0.07685714285714275,Low
2,14,7.4,63,44,28,56,42.3,1,3,0,10,39,-1.0666666666666667,-0.21046825396825408,-0.19528571428571445,Low
13,6,9.0,76,47,41,105,45.3,2,7,3,11,41,-0.6333333333333333,0.1884999999999999,-0.23850000000000007,Low
7,3,6.6,74,61,19,133,58.6,2,11,1,20,134,-1.3666666666666667,0.9609682539682541,0.6397857142857144,High
4,3,6.8,78,38,12,70,51.4,3,9,0,6,69,-1.6,0.5622063492063492,0.31414285714285717,Moderate
12,5,8.6,88,48,88,60,48.6,1,13,1,2,180,0.9333333333333333,0.4346190476190477,0.21942857142857153,Moderate
8,8,6.1,95,39,78,129,35.0,1,15,3,19,54,0.6,-0.029285714285714304,0.28107142857142864,High
4,2,6.6,70,46,113,162,59.5,2,15,0,5,57,1.7666666666666666,1.1765476190476192,1.0160714285714285,High
6,2,6.2,68,33,116,180,37.0,2,6,2,1,67,1.8666666666666667,-0.13738095238095235,0.16142857142857137,Moderate
4,4,5.8,71,30,98,75,49.4,5,5,1,12,140,1.2666666666666666,0.4682380952380952,0.5298571428571428,Moderate
1,1,6.5,83,52,53,38,40.9,3,8,2,14,23,-0.23333333333333334,0.018436507936507876,0.12557142857142853,Low
3,7,6.7,77,38,76,143,40.4,0,7,1,3,82,0.5333333333333333,-0.12311111111111118,0.10449999999999993,Low
9,9,6.4,82,36,59,12,48.2,5,3,2,4,50,-0.03333333333333333,0.272809523809524,0.2342142857142857,Low
1,10,9.0,74,40,15,166,38.1,3,6,0,5,55,-1.5,-0.0367698412698412,-0.5480714285714285,Low
6,3,7.8,88,26,121,80,57.6,1,8,1,10,91,2.033333333333333,0.6832698412698415,0.5690714285714287,Moderate
8,1,6.6,90,56,55,56,35.0,3,1,1,15,74,-0.16666666666666666,-0.4770634920634921,-0.26392857142857135,Low
5,2,7.0,74,58,27,101,43.1,5,19,1,3,170,-1.1,0.7136269841269841,0.35335714285714287,Moderate
11,11,6.0,76,42,151,58,42.0,4,4,1,5,31,3.033333333333333,0.013968253968253984,0.3767857142857143,High
5,8,5.9,63,49,59,32,48.6,3,1,1,9,180,-0.03333333333333333,0.10826984126984134,0.27657142857142847,Moderate
13,6,7.1,74,64,57,70,39.0,3,7,1,5,66,-0.1,-0.06722222222222222,-0.05499999999999993,Moderate
3,7,6.4,79,57,75,42,44.8,2,6,0,4,145,0.5,0.06028571428571416,0.25792857142857123,Moderate
4,4,6.7,57,32,60,35,37.4,1,4,1,3,48,0.0,-0.4185873015873017,-0.11121428571428578,Low
3,5,6.1,67,39,28,76,40.6,1,5,0,3,154,-1.0666666666666667,-0.19331746031746022,0.038357142857142965,Low
7,19,6.0,66,49,111,53,45.6,1,9,2,3,48,1.7,0.14898412698412705,0.5276428571428572,High
6,0,7.1,70,39,103,68,52.2,5,13,0,16,25,1.4333333333333333,0.8721746031746033,0.6274285714285716,Moderate
11,2,6.2,62,24,1,49,41.9,3,8,2,8,32,-1.9666666666666666,0.07565873015873009,0.07807142857142849,Moderate
7,3,8.1,61,29,22,100,53.0,4,2,1,9,40,-1.2666666666666666,0.48420634920634925,-0.04035714285714277,Moderate
5,5,7.6,63,51,131,48,49.2,4,1,1,14,22,2.3666666666666667,0.21971428571428583,0.1770714285714287,Moderate
5,3,7.1,70,52,41,180,58.5,5,5,2,20,18,-0.6333333333333333,0.9944047619047619,0.43285714285714294,Moderate
2,4,5.3,68,44,145,85,40.0,4,4,1,6,51,2.8333333333333335,-0.04603174603174603,0.42428571428571427,Moderate
3,3,7.8,75,27,47,21,38.7,4,3,0,1,48,-0.43333333333333335,-0.21135714285714274,-0.3257857142857141,Low
15,4,5.3,87,61,25,65,47.1,5,3,0,20,46,-1.1666666666666667,0.2821984126984128,0.3087142857142858,Moderate
2,5,7.2,58,45,23,180,44.8,5,3,0,9,67,-1.2333333333333334,0.30647619047619035,-0.0977857142857144,Low
1,5,5.3,79,47,104,9,44.6,1,3,2,5,128,1.4666666666666666,-0.1591904761904761,0.4312142857142857,Low
7,3,6.8,89,57,82,3,50.9,3,13,0,8,155,0.7333333333333333,0.6081190476190476,0.5884285714285713,Moderate
1,3,6.4,67,38,68,29,52.6,2,2,1,18,42,0.26666666666666666,0.25398412698412715,0.3601428571428571,Low
8,4,7.0,67,19,75,25,37.3,6,9,1,6,22,0.5,0.07770634920634907,0.013642857142857054,Low
22,4,6.3,77,24,14,90,43.2,2,5,3,7,131,-1.5333333333333334,0.0059047619047620375,0.04635714285714297,Moderate
6,7,6.5,83,43,51,178,35.0,3,8,1,15,11,-0.3,-0.0915079365079365,-0.05642857142857143,Moderate
7,6,7.6,69,53,128,29,57.1,6,8,1,10,134,2.2666666666666666,0.937436507936508,0.6065714285714287,High
27,10,6.8,66,54,35,40,60.0,2,3,0,1,31,-0.8333333333333334,0.6349206349206349,0.4582142857142857,High
3,15,6.8,65,41,154,32,49.6,3,6,0,3,30,3.1333333333333333,0.33184126984126994,0.5294285714285715,Moderate
14,3,8.1,83,62,128,40,48.7,1,5,1,2,153,2.2666666666666666,0.1311825396825399,0.181357142857143,Moderate
3,9,6.7,70,28,92,85,48.7,0,8,1,3,17,1.0666666666666667,0.2216587301587303,0.4220714285714286,Moderate
21,7,6.2,76,39,48,106,46.8,6,5,1,1,11,-0.4,0.4523492063492063,0.2568571428571427,Moderate
4,11,6.4,67,37,84,11,64.2,3,12,1,8,12,0.8,1.179793650793651,1.0338571428571428,High
6,14,7.1,70,28,70,69,58.3,2,8,0,1,39,0.3333333333333333,0.7692142857142856,0.5850714285714285,High
5,5,7.6,77,39,35,156,41.4,6,9,3,13,29,-0.8333333333333334,0.40776190476190477,-0.06835714285714284,Moderate
16,8,5.9,71,47,88,32,54.9,4,8,0,2,37,0.9333333333333333,0.7084365079365078,0.7380714285714284,High
6,0,6.2,73,33,37,106,55.4,1,7,1,3,100,-0.7666666666666667,0.5774444444444444,0.5444999999999999,Low
13,1,6.0,69,38,32,18,58.6,2,9,0,5,78,-0.9333333333333333,0.7617619047619049,0.7201428571428573,High
9,5,7.9,84,37,11,60,50.7,1,4,1,4,64,-1.6333333333333333,0.20769047619047637,-0.044714285714285706,Low
13,1,5.9,87,32,91,91,35.0,4,3,1,3,133,1.0333333333333334,-0.30007936507936506,0.005714285714285644,Moderate
8,2,6.4,80,35,79,45,52.1,2,5,1,7,35,0.6333333333333333,0.35640476190476206,0.4583571428571428,Moderate
10,11,6.8,83,61,46,139,60.9,2,9,2,3,17,-0.4666666666666667,0.9997063492063492,0.684142857142857,High
2,6,5.6,76,72,46,80,45.9,5,9,1,5,102,-0.4666666666666667,0.45915079365079353,0.44414285714285723,Low
5,5,7.1,85,42,58,47,43.9,5,19,0,3,85,-0.06666666666666667,0.6896269841269841,0.4373571428571429,Moderate
5,5,6.3,84,69,39,73,45.4,4,2,4,10,36,-0.7,0.11220634920634913,0.08914285714285711,Low
9,2,7.3,83,61,141,111,50.3,4,3,0,6,60,2.7,0.41064285714285703,0.3447142857142857,Moderate
15,2,7.5,77,53,93,18,48.8,3,9,2,8,112,1.1,0.3874285714285713,0.31614285714285706,Moderate
7,6,6.4,61,47,68,66,45.0,5,6,2,7,54,0.26666666666666666,0.29595238095238097,0.2464285714285713,Low
14,1,7.4,81,28,92,102,58.5,6,4,1,10,60,1.0666666666666667,0.9386904761904762,0.47928571428571426,High
4,1,7.1,70,52,38,56,57.0,3,5,1,2,180,-0.7333333333333333,0.6557936507936508,0.3803571428571429,Low
21,16,5.7,75,44,64,60,48.6,1,2,2,6,121,0.13333333333333333,0.0417619047619048,0.35264285714285704,High
6,4,7.8,75,40,60,122,39.5,1,1,1,8,100,0.0,-0.334563492063492,-0.3264285714285714,Low
3,6,6.3,69,44,98,51,47.0,4,19,1,19,22,1.2666666666666666,0.7669047619047619,0.7703571428571429,Moderate
2,2,6.7,79,33,174,53,41.1,4,4,1,2,59,3.8,-0.032087301587301525,0.28478571428571425,Low
6,2,6.1,75,33,65,5,53.2,3,10,1,9,65,0.16666666666666666,0.6066984126984128,0.6517142857142858,Low
10,4,7.6,77,50,50,24,48.2,5,1,0,4,123,-0.3333333333333333,0.21471428571428589,-0.05542857142857127,Moderate
0,13,8.1,81,35,123,71,58.2,2,6,3,11,86,2.1,0.6955079365079367,0.48242857142857154,High
9,7,7.6,61,42,133,17,44.3,1,10,1,1,57,2.433333333333333,0.08619841269841257,0.29221428571428565,Moderate
18,5,7.8,63,26,27,176,49.8,4,7,2,16,54,-1.1,0.6032222222222221,0.07149999999999997,High
13,2,5.9,73,43,65,46,47.9,1,3,1,2,58,0.16666666666666666,0.030420634920634855,0.3277142857142856,Moderate
2,4,7.5,64,38,23,57,52.6,2,3,1,10,67,-1.2333333333333334,0.320809523809524,0.08371428571428582,Low
1,9,8.6,86,34,34,99,50.4,6,11,0,16,111,-0.8666666666666667,0.8208571428571427,0.0812857142857143,Moderate
3,5,6.7,60,17,59,91,54.5,2,12,1,14,44,-0.03333333333333333,0.765515873015873,0.6278571428571429,Moderate
21,4,6.7,59,34,52,113,51.0,2,5,0,9,91,-0.26666666666666666,0.3824603174603175,0.30535714285714277,Moderate
7,7,5.1,92,25,15,61,49.5,6,9,1,6,180,-1.5,0.6667063492063491,0.562142857142857,High
5,4,6.8,69,48,4,99,56.5,4,10,1,9,174,-1.8666666666666667,0.9263095238095237,0.47571428571428576,High
6,1,5.6,78,39,26,69,37.5,2,3,0,7,35,-1.1333333333333333,-0.3453571428571428,-0.029285714285714234,Low
8,1,7.3,69,55,21,180,37.1,1,7,1,6,71,-1.3,-0.16383333333333325,-0.2369999999999999,Low
3,13,7.6,67,56,57,43,42.2,9,2,2,1,180,-0.1,0.2682063492063494,-0.18935714285714272,Low
10,4,7.4,89,42,127,4,49.9,5,2,1,6,104,2.2333333333333334,0.30470634920634915,0.251642857142857,High
19,1,6.1,83,46,111,76,35.0,4,7,2,20,14,1.7,-0.17388888888888887,0.13500000000000006,Moderate
3,1,6.7,71,23,101,126,50.9,5,8,2,10,83,1.3666666666666667,0.699547619047619,0.5105714285714286,Moderate
8,3,6.4,77,51,63,34,44.5,2,5,0,3,93,0.1,0.0021825396825397095,0.1903571428571428,Low
7,3,6.2,77,49,41,46,55.8,2,13,0,11,23,-0.6333333333333333,0.8097301587301586,0.7379285714285714,Moderate
2,7,6.2,87,57,74,59,50.1,5,3,1,3,50,0.4666666666666667,0.41053174603174614,0.3637142857142857,Moderate
4,18,5.8,66,37,87,107,53.8,6,15,1,6,42,0.9,1.1256031746031747,0.9200714285714284,High
6,11,7.4,69,47,15,104,53.0,1,13,0,14,178,-1.5,0.6815079365079366,0.3789285714285714,Moderate
7,12,5.6,76,43,84,104,56.2,4,2,1,6,60,0.8,0.6326507936507938,0.6481428571428571,High
4,16,7.6,67,49,180,39,64.1,5,2,2,7,85,4.0,0.9825952380952379,0.7751428571428569,High
4,3,7.3,61,43,33,94,37.2,6,10,0,16,30,-0.9,0.18558730158730172,-0.11828571428571416,Low
16,1,7.3,70,43,180,101,48.4,4,10,0,6,111,4.0,0.564031746031746,0.5852142857142857,Moderate
4,9,6.0,55,56,63,18,50.7,2,2,0,5,47,0.1,0.1562619047619049,0.3606428571428572,Low
7,2,5.9,78,40,35,85,41.3,5,4,0,6,73,-0.8333333333333334,0.07913492063492053,0.08328571428571413,Low
6,15,7.2,88,45,68,26,46.4,2,1,2,12,100,0.26666666666666666,-0.06406349206349206,0.005571428571428515,High
13,6,6.9,62,43,53,59,36.1,2,3,2,7,90,-0.23333333333333334,-0.4194682539682539,-0.2312857142857143,Low
2,3,6.2,75,45,82,80,46.3,1,9,0,13,45,0.7333333333333333,0.21048412698412686,0.441142857142857,Low
9,5,7.1,61,57,135,124,52.1,2,15,0,12,48,2.5,0.8013253968253969,0.7615714285714287,Moderate
3,7,6.4,87,43,180,129,47.8,3,4,0,15,43,4.0,0.28719047619047605,0.5532857142857142,High
7,10,7.0,62,33,113,59,39.6,5,2,1,2,48,1.7666666666666666,-0.09768253968253962,-0.022357142857142853,Moderate
2,4,6.5,75,49,33,49,48.0,2,15,1,6,180,-0.9,0.5334920634920635,0.48857142857142855,Low
22,11,8.0,62,63,35,39,54.7,5,7,1,3,60,-0.8333333333333334,0.7381666666666667,0.20350000000000007,High
3,5,8.9,79,60,43,77,36.6,2,4,3,19,88,-0.5666666666666667,-0.3412539682539682,-0.5627142857142857,Moderate
4,5,8.6,68,39,39,65,54.8,3,4,1,7,38,-0.7,0.531079365079365,0.025785714285714266,Low
4,3,6.4,76,37,90,95,36.0,2,8,1,10,55,1.0,-0.20539682539682544,0.0885714285714285,Low
7,7,6.9,79,42,51,17,41.0,5,6,0,6,122,-0.3,0.061507936507936525,-0.0035714285714286385,Low
18,3,5.6,70,50,126,42,40.5,6,3,0,13,43,2.2,0.026309523809523817,0.31071428571428583,Moderate
3,3,6.7,62,18,24,70,39.9,3,5,1,7,30,-1.2,-0.09815079365079371,-0.09764285714285723,Low
2,16,6.5,84,43,49,110,35.0,1,9,0,2,61,-0.36666666666666664,-0.2646825396825397,-0.032857142857142856,Low
12,4,7.9,70,12,90,25,41.8,2,6,0,3,47,1.0,-0.09360317460317473,-0.05707142857142873,Moderate
4,2,6.9,71,38,49,110,48.1,4,3,0,7,37,-0.36666666666666664,0.3105317460317461,0.11871428571428574,Low
1,5,7.1,72,55,48,48,52.0,5,7,1,4,33,-0.4,0.6266666666666667,0.3125,Low
6,4,6.6,63,45,129,84,52.1,3,12,0,5,80,2.3,0.716404761904762,0.7483571428571429,Moderate
12,4,7.0,55,40,14,26,35.0,4,6,2,2,32,-1.5333333333333334,-0.26515873015873015,-0.2935714285714286,Low
16,2,6.2,73,36,50,162,52.2,5,4,1,3,4,-0.3333333333333333,0.6551904761904763,0.39528571428571424,Moderate
25,2,7.1,80,52,106,42,51.2,3,3,2,1,22,1.5333333333333334,0.3078095238095239,0.31921428571428584,High
6,7,6.7,74,30,124,62,41.8,7,21,0,7,56,2.1333333333333333,0.8165555555555555,0.6665,Moderate
3,5,6.6,68,28,61,147,53.0,3,8,0,1,9,0.03333333333333333,0.6840476190476191,0.49107142857142866,Low
3,0,5.2,63,49,36,17,52.6,1,6,2,4,61,-0.8,0.31684126984127003,0.6044285714285715,Low
12,3,6.3,85,41,75,45,48.1,4,8,2,4,77,0.5,0.41688095238095246,0.4315714285714286,Moderate
6,4,6.8,86,35,37,5,53.8,2,5,1,4,85,-0.7666666666666667,0.3884603174603174,0.33435714285714274,Low
12,9,7.6,81,52,25,16,37.3,2,6,1,4,61,-1.1666666666666667,-0.3061031746031747,-0.3020714285714286,Moderate
4,5,5.2,69,44,61,103,50.5,4,4,1,11,93,0.03333333333333333,0.44646825396825396,0.5467857142857141,Moderate
3,3,6.8,80,28,44,28,43.1,2,7,0,8,37,-0.5333333333333333,0.003944444444444514,0.08800000000000005,Low
4,5,6.8,65,46,49,28,46.5,2,8,0,6,80,-0.36666666666666664,0.1926587301587302,0.23107142857142862,Low
6,9,6.6,75,56,45,41,50.0,3,6,0,6,141,-0.5,0.35984126984126985,0.3039285714285715,Moderate
15,3,6.8,64,32,124,34,48.6,3,9,1,4,63,2.1333333333333333,0.3962063492063493,0.5101428571428572,Moderate
14,3,6.6,84,45,32,46,47.0,4,5,1,8,103,-0.9333333333333333,0.26134920634920633,0.1528571428571429,Moderate
6,8,5.4,71,47,30,62,48.4,6,5,2,5,180,-1.0,0.47546031746031747,0.39985714285714263,Moderate
2,4,6.8,67,54,64,99,46.6,2,6,0,1,32,0.13333333333333333,0.20461904761904776,0.2144285714285715,Low
20,4,7.3,76,35,106,11,54.4,1,12,0,2,84,1.5333333333333334,0.6054603174603175,0.637357142857143,High
9,5,6.1,71,27,29,3,40.6,3,8,0,4,89,-1.0333333333333334,-0.0339523809523809,0.12657142857142867,Low
2,1,5.6,92,28,103,65,69.0,9,1,1,3,180,1.4333333333333333,1.4629365079365082,1.0510714285714284,High
8,5,7.8,90,34,61,20,64.6,1,6,1,10,30,0.03333333333333333,0.8601746031746029,0.5719285714285712,High
6,21,4.8,64,12,81,53,46.0,4,3,0,20,113,0.7,0.15269841269841272,0.5032142857142857,High
14,1,5.5,76,67,180,16,47.3,3,2,0,7,180,4.0,0.0677063492063491,0.6386428571428571,High
7,1,6.8,74,49,174,56,51.7,1,14,0,2,44,3.8,0.6053888888888891,0.871,Moderate
9,4,6.5,88,43,69,89,46.6,3,6,2,3,50,0.3,0.2601746031746033,0.27942857142857147,Moderate
21,3,6.2,76,49,92,49,52.4,1,2,0,14,130,1.0666666666666667,0.20053968253968252,0.449142857142857,High
2,5,7.7,67,61,81,32,49.3,5,7,1,7,127,0.7,0.4873888888888887,0.20899999999999988,Moderate
8,8,8.2,67,48,108,33,45.8,3,3,1,2,98,1.6,0.05480952380952371,-0.03028571428571425,Moderate
10,4,7.6,78,45,119,71,66.1,2,17,0,17,31,1.9666666666666666,1.4438650793650794,1.1112142857142857,High
5,3,5.2,64,64,16,41,45.0,1,5,1,15,180,-1.4666666666666666,-0.03420634920634919,0.2978571428571428,Low
4,2,6.7,82,50,36,111,41.8,5,10,1,12,29,-0.8,0.3448095238095237,0.1322142857142856,Low
4,2,7.1,71,43,52,20,55.8,5,4,0,12,71,-0.26666666666666666,0.6594126984126982,0.35078571428571415,Low
4,1,6.3,66,42,76,97,51.5,2,3,0,7,39,0.5333333333333333,0.31575396825396823,0.39321428571428574,Low
3,10,6.7,90,39,122,70,51.1,5,8,2,3,48,2.066666666666667,0.6463253968253968,0.5690714285714286,Moderate
4,5,7.0,55,23,71,18,39.7,2,12,0,3,37,0.36666666666666664,0.01840476190476202,0.16135714285714295,Low
2,1,5.1,56,44,35,41,48.1,7,15,1,7,81,-0.8333333333333334,0.8624365079365081,0.7415714285714287,Moderate
6,5,7.7,69,55,84,29,49.0,5,10,0,7,55,0.8,0.5776984126984126,0.2932142857142857,Moderate
5,1,6.9,76,41,44,93,51.9,1,5,1,3,35,-0.5333333333333333,0.33407142857142863,0.2773571428571428,Low
2,4,5.2,73,50,136,75,49.4,2,0,0,3,27,2.533333333333333,0.08966666666666662,0.5869999999999999,Moderate
11,4,6.0,82,48,31,74,38.1,2,11,0,4,109,-0.9666666666666667,-0.027087301587301545,0.1597857142857143,Low
15,9,6.6,61,54,42,51,44.2,4,12,0,8,38,-0.6,0.390904761904762,0.29385714285714304,Low
4,3,6.1,66,48,122,55,47.1,2,4,3,13,41,2.066666666666667,0.10680158730158743,0.43978571428571445,Moderate
4,21,7.5,79,48,72,128,57.1,2,5,0,4,52,0.4,0.6736269841269843,0.39835714285714285,High
5,9,6.3,86,33,61,45,42.0,1,17,0,12,73,0.03333333333333333,0.2638095238095238,0.4707142857142858,Moderate
9,2,7.5,76,66,47,106,43.1,3,6,0,5,13,-0.43333333333333335,0.12156349206349214,-0.05557142857142852,Low
9,5,6.1,60,33,39,50,56.4,2,3,2,14,104,-0.7,0.4840317460317461,0.48271428571428565,High
12,14,6.3,76,29,66,58,41.0,1,4,0,20,108,0.2,-0.23103174603174603,0.08178571428571431,Moderate
9,5,6.9,67,54,19,90,59.2,4,9,0,4,89,-1.3666666666666667,1.0020952380952384,0.5481428571428572,High
3,10,5.5,69,58,127,63,52.0,4,9,2,20,148,2.2333333333333334,0.6480952380952381,0.8471428571428571,High
2,9,6.1,67,66,66,58,42.2,2,4,1,9,68,0.2,-0.11036507936507922,0.1527857142857144,Low
3,9,6.8,88,60,41,31,44.5,3,19,0,7,35,-0.6333333333333333,0.5655158730158729,0.4653571428571429,Moderate
7,4,6.6,83,34,35,103,49.7,7,2,2,8,107,-0.8333333333333334,0.5390396825396827,0.15564285714285728,Moderate
12,5,6.6,70,19,39,180,44.5,2,9,0,6,43,-0.7,0.3072619047619048,0.20964285714285724,Moderate
3,5,6.2,81,51,20,28,47.1,3,21,2,5,137,-1.3333333333333333,0.7506111111111112,0.653,Moderate
6,1,7.0,83,51,36,33,44.0,4,5,1,15,13,-0.8,0.11190476190476194,0.0028571428571428636,Low
9,1,6.0,55,36,92,180,60.7,2,7,3,9,60,1.0666666666666667,0.9648333333333334,0.876,High
3,6,7.6,66,59,37,92,35.0,5,2,1,11,11,-0.7666666666666667,-0.26801587301587304,-0.4553571428571428,Low
3,1,5.7,66,35,28,95,51.7,3,7,1,14,71,-1.0666666666666667,0.5320555555555557,0.4985,Moderate
4,9,5.4,77,40,79,73,41.8,5,2,0,9,55,0.6333333333333333,0.016873015873015745,0.23864285714285696,Low
3,6,6.6,61,47,19,39,51.2,4,14,0,12,80,-1.3666666666666667,0.7640000000000001,0.5035000000000001,Low
8,7,7.1,83,60,133,90,51.8,1,7,0,3,98,2.433333333333333,0.3976666666666666,0.5189999999999999,Moderate
15,1,6.2,66,51,114,43,51.4,2,3,0,6,135,1.8,0.2512539682539683,0.5027142857142857,Moderate
10,2,7.9,75,42,88,66,38.3,1,3,0,1,31,0.9333333333333333,-0.379357142857143,-0.2527857142857144,Low
4,3,7.4,80,55,11,46,41.4,4,3,4,8,78,-1.6333333333333333,-0.062079365079365144,-0.2647857142857144,Low
5,8,6.1,69,45,11,27,44.8,7,21,2,1,23,-1.6333333333333333,0.9126666666666666,0.579,Moderate
6,10,6.7,62,31,41,106,56.4,2,2,0,4,61,-0.6333333333333333,0.5105396825396825,0.354142857142857,Moderate
13,1,7.8,68,79,49,117,45.7,2,5,1,9,49,-0.36666666666666664,0.14840476190476204,-0.05364285714285703,Low
4,7,6.3,80,37,12,62,40.1,1,7,1,4,105,-1.6,-0.1599444444444444,0.00550000000000006,Low
12,9,6.6,79,42,20,54,41.6,0,9,0,8,180,-1.3333333333333333,-0.09657142857142853,0.07514285714285725,Moderate
6,1,6.7,58,42,38,70,39.9,6,2,1,17,82,-0.7333333333333333,-0.005293650793650847,-0.14835714285714297,Low
7,3,7.9,69,30,116,29,38.1,3,7,0,5,50,1.8666666666666667,-0.15327777777777774,-0.07450000000000004,Moderate
16,3,7.0,63,71,34,180,52.9,3,15,0,18,112,-0.8666666666666667,0.9662142857142856,0.5505714285714285,High
8,4,7.2,71,50,28,72,48.1,2,11,0,7,50,-1.0666666666666667,0.4206904761904763,0.24228571428571427,Moderate
4,6,6.8,60,44,56,19,57.6,5,3,0,6,79,-0.13333333333333333,0.7035873015873017,0.4387142857142858,Moderate
8,8,5.8,99,42,77,139,55.8,6,12,0,1,52,0.5666666666666667,1.144015873015873,0.8693571428571428,High
6,6,7.7,86,38,34,40,59.1,4,4,1,10,10,-0.8666666666666667,0.763468253968254,0.29978571428571427,Moderate
3,4,7.6,76,48,95,113,52.2,4,3,1,5,90,1.1666666666666667,0.4983650793650795,0.23421428571428587,Moderate
3,3,7.3,69,32,47,151,55.2,4,10,0,0,36,-0.43333333333333335,0.9255873015873017,0.45671428571428585,Low
2,6,8.2,94,68,158,39,61.4,2,5,1,9,65,3.2666666666666666,0.7682380952380952,0.6198571428571429,High
2,1,6.9,66,29,54,29,50.3,4,3,0,6,22,-0.2,0.31953174603174594,0.19721428571428562,Low
4,3,6.4,73,42,63,35,47.9,3,6,1,6,36,0.1,0.2586746031746031,0.3209285714285713,Low
3,10,6.6,84,48,66,29,47.4,1,1,0,18,29,0.2,-0.08239682539682543,0.13557142857142862,Low
6,10,7.0,58,46,18,22,42.1,5,3,1,1,27,-1.4,0.009420634920634982,-0.15628571428571425,Low
0,11,8.4,64,51,9,67,46.7,7,7,1,7,120,-1.7,0.5426111111111112,-0.17149999999999999,Low
4,12,8.2,88,34,66,17,39.9,3,10,0,5,120,0.2,0.021531746031745957,-0.11228571428571417,Low
3,2,5.7,83,25,180,30,52.6,1,3,0,4,166,4.0,0.22414285714285737,0.7912142857142858,Moderate
2,4,6.6,76,39,90,40,35.0,2,3,1,1,92,1.0,-0.4900793650793651,-0.11928571428571423,Low
2,3,7.4,68,51,22,40,50.3,3,5,1,8,53,-1.2666666666666666,0.33651587301587293,0.08685714285714276,Low
8,6,6.8,80,44,76,50,49.0,3,6,2,12,13,0.5333333333333333,0.3248412698412699,0.31642857142857145,Moderate
2,12,6.9,62,45,78,19,62.4,3,2,0,2,180,0.6,0.7505396825396825,0.591642857142857,Moderate
4,5,5.7,67,63,88,16,41.1,0,8,0,4,71,0.9333333333333333,-0.19700793650793647,0.3590714285714286,Low
7,11,7.1,77,25,14,97,60.7,3,6,2,8,180,-1.5333333333333334,0.9035634920634922,0.4599285714285716,High
4,5,7.0,90,50,76,123,48.0,3,3,1,10,48,0.5333333333333333,0.2538095238095239,0.16571428571428573,Moderate
9,17,7.2,66,50,56,157,59.9,7,8,0,3,14,-0.13333333333333333,1.272325396825397,0.5805714285714284,High
2,1,6.0,74,34,48,77,61.5,3,5,1,18,69,-0.4,0.8816269841269841,0.7328571428571427,Moderate
11,4,6.6,71,56,62,20,45.2,5,3,1,11,66,0.06666666666666667,0.14669841269841283,0.11671428571428584,Low
5,11,7.4,69,23,110,180,35.0,5,16,2,11,34,1.6666666666666667,0.3297619047619048,0.16214285714285712,High
3,5,7.4,75,49,55,59,47.7,7,4,0,9,39,-0.16666666666666666,0.4715793650793653,0.06278571428571429,Low
9,2,7.6,63,44,75,87,35.0,2,4,0,5,180,0.5,-0.4021428571428572,-0.30321428571428566,Low
1,7,5.9,74,64,114,52,48.3,0,10,0,16,11,1.8,0.2384206349206348,0.6622142857142855,Moderate
13,4,6.2,75,55,78,29,67.9,4,4,1,5,14,0.6,1.147246031746032,0.9362857142857144,High
12,4,7.8,79,36,129,19,56.6,3,7,0,12,115,2.3,0.6681111111111112,0.5305,High
5,2,6.6,71,36,78,180,44.4,3,4,3,10,27,0.6,0.19085714285714278,0.1612857142857143,Moderate
10,2,4.6,67,42,30,29,46.6,8,9,1,3,47,-1.0,0.633984126984127,0.6001428571428573,Moderate
2,3,7.1,72,41,66,36,44.2,6,8,0,6,1,0.2,0.3647142857142858,0.15207142857142875,Low
10,2,6.6,57,60,36,42,51.4,4,12,1,7,25,-0.8,0.7049047619047619,0.49485714285714294,Low
9,2,6.9,87,29,82,97,35.0,4,18,1,11,59,0.7333333333333333,0.2423015873015873,0.2367857142857142,Moderate
5,9,6.7,75,54,177,15,52.7,2,14,0,5,19,3.9,0.6715000000000001,0.9259999999999999,High
9,1,7.0,93,35,74,110,58.0,3,9,1,6,107,0.4666666666666667,0.9036507936507937,0.6321428571428572,Moderate
2,3,6.8,76,50,47,3,57.6,5,4,0,8,180,-0.43333333333333335,0.7215238095238097,0.44478571428571434,Moderate
3,5,5.6,67,46,46,123,49.1,1,6,0,1,43,-0.4666666666666667,0.27711904761904776,0.45442857142857146,Low
2,5,5.6,70,13,140,111,43.2,3,5,1,7,80,2.6666666666666665,0.09590476190476203,0.483857142857143,Moderate
7,5,8.9,65,63,87,55,46.5,0,13,1,0,41,0.9,0.26789682539682547,0.10142857142857142,Low
3,1,5.7,86,39,50,65,52.4,4,6,0,3,45,-0.3333333333333333,0.5611746031746031,0.5459285714285713,Low
11,12,4.5,68,36,15,5,43.6,1,3,4,7,80,-1.5,-0.20863492063492056,0.31871428571428584,Moderate
13,8,7.0,61,50,30,117,36.2,1,9,2,13,46,-1.0,-0.2029047619047618,-0.13185714285714276,Moderate
10,2,6.8,82,49,25,47,51.1,4,2,1,2,36,-1.1666666666666667,0.3398174603174603,0.13764285714285718,Moderate
12,4,8.0,91,54,75,55,50.7,4,8,2,2,48,0.5,0.5449920634920636,0.21207142857142866,Moderate
6,7,7.2,70,69,52,8,38.8,8,11,0,7,14,-0.26666666666666666,0.331079365079365,0.023285714285714163,Low
4,3,5.6,83,43,41,46,47.9,3,3,2,16,34,-0.6333333333333333,0.16375396825396818,0.32021428571428573,Low
7,3,7.3,67,59,23,52,47.3,4,11,0,11,21,-1.2333333333333334,0.49580158730158724,0.18828571428571425,Low
5,7,6.8,73,18,61,71,47.3,2,4,0,9,30,0.03333333333333333,0.133579365079365,0.17078571428571424,Moderate
7,3,7.4,85,48,146,65,45.5,0,7,1,3,32,2.8666666666666667,0.019722222222222235,0.30999999999999994,Moderate
3,6,7.6,76,49,85,156,46.4,2,17,0,2,13,0.8333333333333334,0.6518095238095238,0.4352142857142858,Moderate
10,12,5.9,71,50,21,95,51.9,4,3,3,16,20,-1.3,0.4648650793650793,0.33771428571428563,High
7,7,6.3,75,33,22,10,43.6,3,1,1,19,22,-1.2666666666666666,-0.14117460317460312,-0.03592857142857135,Low
5,9,7.2,77,41,90,9,64.8,4,12,0,8,142,1.0,1.271238095238095,0.9268571428571427,High
18,2,6.6,72,34,180,105,54.2,4,9,2,12,88,4.0,0.793761904761905,0.8531428571428572,High
5,11,6.2,73,49,111,79,51.9,3,8,0,6,158,1.7,0.5589920634920634,0.6530714285714285,High
6,7,7.3,68,49,71,136,41.3,5,6,0,13,38,0.36666666666666664,0.2072301587301586,-0.014571428571428624,Low
5,5,7.7,93,49,75,31,45.9,6,3,3,2,36,0.5,0.25708730158730153,-0.022285714285714346,Moderate
8,2,6.1,66,38,60,69,43.0,0,2,0,5,85,0.0,-0.2669047619047619,0.10464285714285718,Low
11,4,6.8,88,55,78,173,54.8,3,6,0,3,12,0.6,0.7225079365079364,0.49542857142857133,Moderate
4,11,6.4,62,49,6,36,50.1,6,2,0,17,26,-1.8,0.4159285714285715,0.13014285714285712,Moderate
8,6,5.7,60,45,14,58,54.5,1,4,2,4,94,-1.5333333333333334,0.37646825396825395,0.46178571428571424,Moderate
8,15,7.1,68,68,26,46,41.2,3,16,1,13,110,-1.1333333333333333,0.3265396825396827,0.1906428571428573,Moderate
11,1,7.2,67,50,107,135,46.0,2,5,1,14,97,1.5666666666666667,0.18190476190476196,0.20535714285714282,Moderate
10,3,6.2,74,56,81,20,41.4,6,3,0,20,33,0.7,0.04236507936507933,0.12021428571428563,Moderate
10,3,6.1,58,52,19,95,43.5,0,2,1,7,73,-1.3666666666666667,-0.21551587301587302,0.017142857142857196,Moderate
3,6,7.6,93,48,116,62,42.3,7,6,3,3,138,1.8666666666666667,0.30334126984126975,0.0754285714285714,Low
5,6,5.3,78,69,91,74,47.2,5,3,0,5,180,1.0333333333333334,0.29669841269841285,0.4767142857142858,Moderate
7,5,6.7,63,56,72,56,56.4,2,7,1,2,61,0.4,0.6335555555555555,0.5744999999999999,Moderate
2,4,5.7,77,44,35,83,46.8,3,11,1,17,95,-0.8333333333333334,0.44107936507936496,0.4832857142857142,Low
15,8,6.0,75,54,180,180,54.5,3,4,1,15,37,4.0,0.6453571428571429,0.8242857142857143,High
1,9,6.8,71,28,35,100,53.3,5,3,2,6,8,-0.8333333333333334,0.6000873015873014,0.2572142857142856,Moderate
2,0,8.1,60,48,6,44,47.4,5,12,0,4,39,-1.8,0.5937936507936508,0.037357142857142894,Low
7,1,6.6,64,41,131,54,49.6,4,3,0,11,126,2.3666666666666667,0.3158095238095239,0.4212142857142858,Moderate
3,4,7.4,84,34,112,99,51.6,5,4,0,3,47,1.7333333333333334,0.5581904761904763,0.3222857142857143,Moderate
7,6,7.6,60,47,109,83,68.0,6,4,1,15,53,1.6333333333333333,1.3450793650793649,0.7717857142857143,High
11,2,6.2,80,62,31,94,53.5,5,4,0,6,3,-0.9666666666666667,0.6381349206349207,0.3867857142857142,Moderate
6,5,6.0,71,34,57,71,40.6,0,11,1,1,96,-0.1,-0.05125396825396819,0.2997857142857143,Low
5,1,7.2,71,39,67,58,42.9,2,2,2,4,121,0.23333333333333334,-0.15029365079365084,-0.07335714285714295,Low
5,3,6.6,67,37,42,168,48.8,1,14,1,20,33,-0.6,0.5993333333333332,0.48900000000000005,Moderate
5,5,6.8,65,43,103,60,59.7,0,6,0,20,49,1.4333333333333333,0.6174523809523811,0.7049285714285716,Moderate
5,8,6.5,86,43,29,61,43.1,2,0,0,9,77,-1.0333333333333334,-0.20938888888888882,-0.09699999999999996,Low
13,3,7.3,71,49,72,101,54.8,3,19,0,6,16,0.4,1.1067936507936507,0.7643571428571428,High
5,6,6.7,79,51,70,87,42.6,2,5,1,7,12,0.3333333333333333,-0.024428571428571362,0.09835714285714287,Low
8,4,7.8,63,13,180,19,56.7,3,5,0,12,61,4.0,0.6011825396825399,0.603857142857143,High
7,7,6.8,72,60,18,90,46.6,2,4,2,6,180,-1.4,0.12319047619047631,0.04228571428571436,Moderate
5,7,6.1,91,54,13,22,40.4,4,9,0,2,29,-1.5666666666666667,0.08053968253968245,0.10914285714285715,Low
16,4,6.7,69,59,180,125,55.8,3,8,1,9,48,4.0,0.7856031746031744,0.8550714285714285,High
5,1,6.8,59,52,94,63,48.8,5,6,2,3,146,1.1333333333333333,0.4636190476190475,0.3554285714285713,Low
14,5,4.7,68,48,11,45,35.0,2,9,2,5,85,-1.6333333333333333,-0.2702380952380953,0.1871428571428571,High
11,9,5.7,58,44,136,22,44.0,4,7,1,5,129,2.533333333333333,0.17111111111111116,0.5374999999999999,High
8,11,6.8,89,30,17,50,53.1,2,7,1,2,39,-1.4333333333333333,0.4783888888888889,0.32050000000000006,Moderate
1,6,7.6,68,12,99,40,35.0,4,3,0,19,11,1.3,-0.35674603174603176,-0.2717857142857142,Moderate
7,6,6.5,75,22,65,57,45.6,1,6,1,8,91,0.16666666666666666,0.04628571428571435,0.2394285714285715,Low
13,1,6.3,86,45,62,53,53.3,2,7,3,14,164,0.06666666666666667,0.49072222222222206,0.5264999999999999,Moderate
13,1,7.2,70,33,9,13,57.3,5,9,0,3,123,-1.7,0.8977063492063491,0.41364285714285703,Moderate
8,11,6.8,70,42,82,67,53.9,1,5,0,7,90,0.7333333333333333,0.3951825396825397,0.44985714285714284,Moderate
16,5,7.6,82,32,180,29,39.3,1,8,2,15,101,4.0,-0.19689682539682551,0.20257142857142857,High
18,11,8.0,72,41,60,31,35.2,3,4,0,1,43,0.0,-0.38869841269841254,-0.4047142857142856,Moderate
3,6,6.0,79,57,77,55,35.0,3,12,0,2,180,0.5666666666666667,-0.08531746031746032,0.21035714285714285,Low
5,3,7.4,66,40,180,35,57.7,1,4,1,20,76,4.0,0.4949126984126986,0.6752857142857143,High
5,6,6.7,86,35,74,147,39.4,3,1,0,3,62,0.4666666666666667,-0.17795238095238097,-0.10192857142857151,Moderate
8,1,7.0,62,49,157,12,51.4,2,4,0,20,68,3.2333333333333334,0.25252380952380954,0.4987857142857142,Moderate
3,9,7.4,78,51,64,36,48.7,1,5,2,7,10,0.13333333333333333,0.12673809523809546,0.14385714285714288,Low
4,6,6.2,70,47,8,119,43.0,4,9,0,16,21,-1.7333333333333334,0.30531746031746027,0.15714285714285708,Low
13,2,5.4,81,59,180,62,44.5,2,10,0,11,119,4.0,0.2118650793650794,0.8007142857142857,High
7,11,7.2,70,43,5,99,54.3,2,6,0,12,86,-1.8333333333333333,0.5511190476190475,0.22792857142857129,Moderate
3,3,8.5,77,35,129,56,53.0,4,10,0,20,121,2.3,0.721031746031746,0.3857142857142858,High
4,2,6.6,68,42,63,145,44.5,3,21,2,9,47,0.1,0.7636111111111111,0.6125,Low
18,2,6.3,75,35,37,74,47.1,5,10,0,4,52,-0.7666666666666667,0.5421984126984127,0.36371428571428577,Moderate
11,1,5.8,82,39,77,63,50.4,4,16,0,15,89,0.5666666666666667,0.826095238095238,0.8216428571428571,High
3,5,6.2,74,18,15,11,44.5,8,5,1,11,32,-1.5,0.3766269841269842,0.10535714285714284,Low
11,4,5.8,60,48,44,22,49.1,5,8,1,15,40,-0.5333333333333333,0.5029920634920635,0.4715714285714286,Moderate
3,6,5.7,65,50,45,122,53.8,3,21,0,5,21,-0.5,1.1565555555555556,1.0039999999999998,High
4,8,5.7,92,48,32,60,37.1,2,5,1,7,13,-0.9333333333333333,-0.3019285714285713,0.013357142857142887,Moderate
7,2,7.3,82,58,33,62,35.0,2,2,1,12,139,-0.9,-0.5013492063492063,-0.4128571428571428,Low
16,1,7.9,70,47,76,72,55.0,2,11,0,10,41,0.5333333333333333,0.7311904761904762,0.4467857142857141,Moderate
7,12,7.3,65,64,84,105,42.9,5,3,1,4,61,0.8,0.13764285714285707,-0.019785714285714295,Moderate
8,18,8.0,68,51,83,16,36.7,5,3,1,5,9,0.7666666666666667,-0.24024603174603162,-0.3307857142857142,Moderate
1,2,6.5,81,44,18,33,50.4,2,3,0,1,40,-1.4,0.19514285714285706,0.18021428571428572,Low
5,5,8.5,71,50,166,23,45.7,3,9,0,8,87,3.533333333333333,0.25348412698412714,0.2306428571428572,Moderate
1,2,6.6,90,27,51,4,42.6,2,7,0,2,68,-0.3,-0.045222222222222164,0.12550000000000008,Low
4,4,6.6,90,37,19,166,57.5,1,4,1,5,158,-1.3666666666666667,0.631468253968254,0.40678571428571436,Moderate
13,3,6.1,76,46,20,21,47.4,6,10,0,11,23,-1.3333333333333333,0.5634761904761904,0.3652142857142857,Moderate
6,4,8.3,70,36,50,68,52.1,4,9,0,6,55,-0.3333333333333333,0.6581507936507937,0.16764285714285707,Moderate
16,3,7.2,73,39,29,46,62.2,2,12,1,11,124,-1.0333333333333334,1.062015873015873,0.6963571428571429,High
6,7,5.3,88,12,75,58,38.2,3,1,0,9,65,0.5,-0.3308412698412697,0.10957142857142865,Moderate
6,6,5.4,66,44,19,32,49.5,5,19,0,7,25,-1.3666666666666667,0.9249603174603175,0.8053571428571428,Moderate
2,7,6.1,60,53,14,32,41.7,3,5,1,1,46,-1.5333333333333334,-0.059373015873015744,0.03635714285714299,Low
12,5,8.2,71,36,58,49,40.5,8,10,0,14,39,-0.06666666666666667,0.41742063492063497,-0.11428571428571413,Moderate
11,18,6.8,75,28,32,107,48.0,4,10,1,4,5,-0.9333333333333333,0.5526984126984127,0.29071428571428576,Moderate
20,10,5.1,72,38,45,79,57.7,2,3,1,10,38,-0.5,0.5747539682539683,0.7117142857142857,High
8,6,6.5,79,57,84,14,52.8,1,11,2,2,146,0.8,0.5010793650793651,0.6457857142857142,High
1,8,7.0,79,45,81,59,48.8,4,8,1,3,82,0.7,0.46393650793650776,0.3450714285714285,Moderate
14,5,7.6,58,44,31,104,50.4,2,19,2,15,48,-0.9666666666666667,0.8454603174603174,0.4773571428571428,High
11,6,6.0,77,35,167,16,39.2,4,7,0,5,21,3.566666666666667,-0.05155555555555543,0.4185000000000001,Moderate
6,9,6.2,75,21,111,90,61.8,2,15,1,6,46,1.7,1.200047619047619,1.1500714285714284,High
4,7,6.7,91,71,41,48,37.5,4,3,3,6,37,-0.6333333333333333,-0.23535714285714285,-0.1842857142857143,Moderate
11,3,6.5,77,37,50,85,45.6,2,13,1,3,89,-0.3333333333333333,0.3940634920634921,0.40192857142857147,Moderate
14,4,6.6,77,45,51,158,44.4,6,4,1,17,60,-0.3,0.3664126984126983,0.0937857142857143,Moderate
2,10,6.5,76,44,36,25,65.2,0,3,0,10,94,-0.8,0.7189206349206354,0.6692142857142858,Moderate
10,0,6.5,87,46,100,27,41.8,3,6,0,7,106,1.3333333333333333,-0.024714285714285827,0.21292857142857133,Low
2,4,7.2,66,31,34,131,56.0,1,7,2,13,30,-0.8666666666666667,0.6322222222222224,0.37999999999999995,Moderate
20,18,5.5,65,40,180,137,58.9,4,6,3,5,96,4.0,0.933674603174603,1.1009285714285713,High
5,12,7.9,64,51,88,13,40.0,4,9,1,0,90,0.9333333333333333,0.05253968253968255,-0.03035714285714293,Low
6,7,6.8,83,27,159,23,48.3,0,17,0,12,16,3.3,0.45619841269841255,0.8172142857142856,High
9,2,6.1,82,40,48,122,54.4,3,6,0,3,75,-0.4,0.6478412698412699,0.5309285714285714,Moderate
11,13,7.6,75,53,7,37,50.5,1,7,0,1,40,-1.7666666666666666,0.28027777777777785,0.0775000000000001,Moderate
5,2,7.5,97,42,138,70,56.1,3,5,0,10,8,2.6,0.6308492063492064,0.5333571428571429,High
7,5,5.8,82,61,47,73,39.7,2,6,1,7,73,-0.43333333333333335,-0.13476984126984115,0.1399285714285715,Low
2,5,6.5,85,43,111,13,35.0,1,13,1,6,157,1.7,-0.22960317460317461,0.23642857142857143,Moderate
5,4,6.4,66,51,24,49,44.1,1,2,0,8,20,-1.2,-0.17296031746031737,-0.004857142857142893,Low
6,4,6.0,82,40,43,39,56.7,2,7,1,9,33,-0.5666666666666667,0.6281666666666669,0.6335000000000002,Low
7,18,6.8,82,21,62,46,46.3,4,13,2,8,13,0.06666666666666667,0.515563492063492,0.40042857142857136,High
3,2,6.9,83,35,69,71,48.3,8,2,0,1,82,0.3,0.5071507936507935,0.14614285714285696,Low
7,13,6.6,75,44,24,81,39.9,5,6,0,4,163,-1.2,0.08311904761904756,-0.051571428571428546,Low
3,7,6.8,57,48,51,8,39.7,6,14,0,3,87,-0.3,0.34538888888888897,0.20350000000000013,Low
20,2,7.4,80,50,15,20,52.4,1,10,1,2,39,-1.5,0.45403174603174595,0.2752142857142856,High
10,13,5.2,67,43,41,9,54.0,3,21,0,3,65,-0.6333333333333333,1.0399999999999998,1.0874999999999997,High
2,8,7.1,82,27,67,118,51.6,3,5,0,3,97,0.23333333333333334,0.4816825396825398,0.2908571428571429,Low
9,1,7.1,78,24,25,93,44.1,6,4,1,8,38,-1.1666666666666667,0.28069047619047627,-0.06771428571428562,Low
6,3,7.9,82,33,66,41,45.1,2,5,1,10,52,0.2,0.03696031746031752,-0.04664285714285717,Low
8,10,6.9,75,27,56,180,49.4,4,4,1,11,34,-0.13333333333333333,0.48252380952380947,0.20378571428571415,Moderate
9,4,7.0,76,66,50,53,55.1,6,5,2,3,10,-0.3333333333333333,0.7669603174603177,0.3708571428571429,Moderate
7,2,6.6,70,27,44,75,50.6,3,7,1,6,21,-0.5333333333333333,0.46033333333333337,0.3480000000000001,Low
16,18,5.6,68,73,36,38,49.6,5,5,0,5,53,-0.8,0.4361269841269843,0.415857142857143,High
6,3,6.5,71,39,31,40,35.0,2,9,1,6,26,-0.9666666666666667,-0.2757936507936508,-0.07785714285714285,Low
16,8,6.0,71,25,56,55,50.8,3,7,1,3,97,-0.13333333333333333,0.4471111111111109,0.4889999999999999,High
3,3,5.6,57,28,50,28,56.1,2,9,4,20,125,-0.3333333333333333,0.6603730158730159,0.7601428571428571,High
3,10,7.2,76,36,50,84,47.1,4,1,0,17,106,-0.3333333333333333,0.16521428571428584,-0.01842857142857141,Low
3,7,8.4,63,52,77,157,53.9,2,12,2,15,37,0.5666666666666667,0.8118492063492063,0.3573571428571428,Moderate
2,2,6.1,73,58,83,90,42.2,3,6,0,5,5,0.7666666666666667,0.06328571428571442,0.25242857142857156,Low
9,8,6.3,70,58,73,59,49.1,5,3,1,16,76,0.43333333333333335,0.3655317460317461,0.31371428571428583,Moderate
8,9,7.6,75,44,93,66,56.2,1,10,1,9,55,1.1,0.6761428571428574,0.5492142857142859,High
23,5,6.5,83,44,48,91,43.1,2,16,0,6,20,-0.4,0.395373015873016,0.4076428571428572,High
4,1,9.0,82,52,85,43,49.4,1,1,0,9,138,0.8333333333333334,0.02315873015873013,-0.1769285714285715,Low
14,2,8.2,63,25,118,96,50.8,6,2,2,10,100,1.9333333333333333,0.5140952380952379,0.11614285714285716,High
13,6,6.3,74,57,97,65,54.2,3,9,1,6,60,1.2333333333333334,0.6826507936507938,0.6981428571428573,High
3,4,6.9,75,48,180,37,41.3,2,4,0,5,7,4.0,-0.1741984126984128,0.27078571428571413,Low
7,11,6.6,88,50,118,180,58.1,1,3,0,3,167,1.9333333333333333,0.6383095238095239,0.6437142857142858,High
19,6,6.2,83,49,93,57,51.3,4,1,2,4,145,1.1,0.3242142857142855,0.39007142857142846,High
2,6,6.3,81,39,36,8,47.9,4,1,2,17,12,-0.8,0.11676984126984119,0.1280714285714285,Moderate
12,3,7.1,68,46,151,33,39.6,2,1,1,4,20,3.033333333333333,-0.3622857142857142,0.026571428571428662,Moderate
10,2,7.8,80,33,20,24,35.0,1,9,2,20,39,-1.3333333333333333,-0.36023809523809525,-0.3328571428571428,Low
6,3,5.7,60,58,98,35,55.5,2,5,0,5,44,1.2666666666666666,0.49829365079365084,0.7303571428571427,Moderate
13,17,7.7,83,23,151,54,49.7,2,4,2,5,129,3.033333333333333,0.22269047619047636,0.31028571428571433,High
4,13,7.8,71,42,50,29,43.0,4,4,1,13,163,-0.3333333333333333,0.02674603174603174,-0.16071428571428567,Low
7,12,6.3,90,44,54,72,60.6,2,11,0,16,47,-0.2,0.9831904761904762,0.8397857142857144,High
5,1,7.0,70,44,25,32,47.3,2,0,0,12,53,-1.1666666666666667,-0.052611111111111206,-0.0685000000000001,Low
14,13,8.5,71,62,119,45,38.9,3,5,0,6,58,1.9666666666666666,-0.17092857142857149,-0.20514285714285715,Moderate
14,3,5.6,64,35,43,154,44.8,3,8,3,4,180,-0.5666666666666667,0.3228253968253967,0.37507142857142856,Moderate
7,2,7.0,63,40,43,82,37.2,4,9,1,8,156,-0.5666666666666667,0.0032063492063493394,-0.06935714285714276,Low
7,4,6.7,69,54,56,44,37.5,4,6,1,3,80,-0.13333333333333333,-0.13265873015873014,-0.0610714285714286,Low
2,3,5.4,75,39,73,17,47.5,6,4,0,20,13,0.43333333333333335,0.3492460317460318,0.4517857142857141,Low
5,3,7.0,71,38,180,45,35.0,5,9,0,10,8,4.0,-0.07023809523809525,0.20714285714285713,Moderate
1,11,5.0,67,30,51,180,70.0,2,9,0,7,50,-0.3,1.454761904761905,1.2846428571428572,High
5,20,7.1,79,30,123,126,45.0,9,4,1,3,25,2.1,0.5578571428571429,0.20428571428571435,Moderate
5,4,7.5,64,23,13,35,54.2,2,4,2,2,11,-1.5666666666666667,0.4040793650793653,0.1352857142857144,Moderate
4,11,7.5,75,29,84,149,51.8,1,6,1,4,65,0.8,0.4275079365079365,0.2979285714285714,High
9,18,5.6,72,41,35,42,44.8,7,15,0,8,110,-0.8333333333333334,0.7150476190476188,0.5550714285714285,High
1,4,5.4,58,21,22,125,42.1,0,3,1,8,117,-1.2666666666666666,-0.20946825396825391,0.13371428571428573,Low
5,6,8.1,82,49,70,86,65.2,3,6,1,1,180,0.3333333333333333,1.09384126984127,0.5599285714285717,High
4,2,7.0,85,29,180,63,59.6,6,6,0,14,82,4.0,1.0162857142857142,0.8594285714285714,High
4,5,7.1,71,49,44,45,54.2,4,0,0,3,30,-0.5333333333333333,0.4056666666666669,0.16850000000000012,Low
17,3,5.7,72,35,43,23,46.0,4,5,1,3,21,-0.5666666666666667,0.19079365079365082,0.30785714285714283,Moderate
6,2,6.6,79,28,48,7,52.7,2,10,0,3,98,-0.4,0.5197539682539684,0.5067142857142858,Moderate
1,2,6.8,69,52,48,54,54.6,2,4,0,12,180,-0.4,0.44319047619047636,0.3572857142857143,Moderate
4,20,7.9,73,39,45,132,44.3,0,3,2,5,69,-0.5,-0.10269047619047633,-0.1802857142857144,Low
10,8,6.3,78,30,92,39,38.7,9,4,1,6,168,1.0666666666666667,0.17769047619047632,0.07778571428571439,Moderate
15,2,6.2,78,69,180,14,54.3,4,10,1,20,13,4.0,0.7328650793650792,0.9547142857142856,High
8,7,8.4,82,50,42,27,57.4,2,6,0,8,50,-0.6,0.6106190476190476,0.2034285714285713,Low
13,3,8.1,70,43,43,34,49.2,4,17,0,6,106,-0.5666666666666667,0.7755873015873018,0.32671428571428596,Moderate
6,1,8.4,71,34,102,126,42.1,2,4,0,6,64,1.4,-0.03930952380952374,-0.1627142857142857,Low
1,9,7.3,74,59,56,54,46.2,2,5,1,4,89,-0.13333333333333333,0.10090476190476205,0.06635714285714299,Low
3,1,7.4,76,32,180,96,41.8,6,6,0,2,155,4.0,0.25195238095238087,0.2554285714285713,Low
4,4,7.7,69,35,16,44,60.8,3,5,2,10,60,-1.4666666666666666,0.8134603174603173,0.3343571428571427,Moderate
3,0,6.2,81,38,133,28,36.5,1,9,0,2,79,2.433333333333333,-0.28829365079365077,0.2746428571428571,Low
2,0,8.4,79,29,8,46,58.9,1,4,2,11,119,-1.7333333333333334,0.5611349206349207,0.10628571428571418,Moderate
2,5,5.9,82,49,17,88,51.7,3,14,1,12,40,-1.4333333333333333,0.774277777777778,0.636,Low
6,9,7.4,64,38,31,39,40.3,5,4,0,4,41,-0.9666666666666667,-0.016976190476190603,-0.21921428571428586,Low
18,14,6.4,75,36,9,41,35.0,2,3,0,1,22,-1.7,-0.488968253968254,-0.28678571428571437,Moderate
20,8,6.8,79,65,76,130,44.8,1,6,2,3,81,0.5333333333333333,0.09139682539682525,0.19042857142857136,High
5,11,8.5,70,31,18,108,70.0,4,7,2,0,8,-1.4,1.4366666666666668,0.5325,High
5,4,7.0,67,55,180,34,43.5,5,1,1,5,52,4.0,0.014325396825396831,0.23357142857142854,Low
3,7,7.6,78,37,26,38,44.5,2,4,0,20,63,-1.1333333333333333,-0.02908730158730155,-0.14071428571428563,Low
6,6,7.4,74,46,64,105,48.9,3,6,0,2,77,0.13333333333333333,0.38145238095238093,0.17842857142857133,Low
1,6,7.8,73,39,54,52,44.0,5,2,0,2,25,-0.2,0.09253968253968256,-0.17785714285714282,Low
14,11,6.7,83,37,49,48,42.2,2,3,0,3,27,-0.36666666666666664,-0.15719047619047605,-0.02328571428571423,Moderate
3,11,7.6,81,36,28,175,40.5,4,2,0,16,51,-1.0666666666666667,0.005039682539682538,-0.31285714285714283,Moderate
6,3,7.3,65,50,29,77,54.8,4,10,0,4,28,-1.0333333333333334,0.8253650793650792,0.3997142857142857,Low
3,6,7.0,73,44,55,26,44.2,1,20,0,9,74,-0.16666666666666666,0.44884126984126993,0.48492857142857154,Moderate
7,2,6.5,63,32,17,12,59.2,5,5,0,4,13,-1.4333333333333333,0.8392380952380954,0.49885714285714294,Moderate
4,1,6.2,71,65,124,162,63.2,4,4,1,5,66,2.1333333333333333,1.0835238095238098,0.9102857142857144,High
14,12,7.0,78,39,25,72,35.0,4,4,2,1,125,-1.1666666666666667,-0.2854761904761905,-0.32321428571428573,Moderate
9,5,5.9,69,56,16,65,64.1,2,6,0,16,57,-1.4666666666666666,0.9543412698412697,0.7769285714285711,High
15,4,8.1,64,45,91,64,43.3,4,2,0,20,113,1.0333333333333334,0.007706349206349099,-0.15885714285714286,Moderate
6,2,7.2,86,31,69,121,64.3,2,12,1,4,142,0.3,1.2398492063492064,0.8593571428571427,High
8,7,7.1,71,38,15,103,47.1,5,2,0,9,45,-1.5,0.28870634920634924,-0.05985714285714275,Low
5,5,6.0,75,36,161,67,52.1,6,3,2,7,25,3.3666666666666667,0.5760873015873018,0.6762142857142858,High
13,9,8.1,79,44,48,150,40.0,3,4,1,8,33,-0.4,-0.04047619047619047,-0.30821428571428566,Low
7,5,7.5,67,42,56,86,52.2,7,17,0,14,149,-0.13333333333333333,1.1683650793650795,0.5542142857142858,High
4,2,7.5,77,40,18,40,46.2,3,6,1,2,41,-1.4,0.18773015873015889,-0.035071428571428476,Low
2,3,4.4,81,44,13,62,58.2,5,9,0,6,95,-1.5666666666666667,0.9926507936507938,0.9406428571428571,Moderate
5,5,5.9,81,39,37,15,52.9,0,5,0,20,110,-0.7666666666666667,0.2257380952380951,0.46485714285714275,Moderate
7,4,8.6,69,54,50,87,50.6,4,6,0,12,115,-0.3333333333333333,0.5046190476190477,-0.01557142857142848,Moderate
7,3,5.2,66,35,16,101,57.7,6,21,1,3,146,-1.4666666666666666,1.5087222222222223,1.1360000000000001,High
11,8,4.9,73,59,111,62,52.2,1,5,1,6,81,1.7,0.31312698412698436,0.8038571428571428,High
5,8,8.1,89,36,28,67,51.6,3,5,0,7,65,-1.0666666666666667,0.4250158730158732,0.018357142857142975,Moderate
11,4,7.8,71,61,125,84,50.2,3,20,1,12,151,2.1666666666666665,0.9166190476190478,0.6999285714285716,High
14,1,6.5,75,37,68,151,50.3,3,5,3,18,49,0.26666666666666666,0.4598492063492063,0.3593571428571428,Moderate
3,13,5.5,83,35,119,113,53.0,2,15,0,13,62,1.9666666666666666,0.8296031746031747,1.0285714285714285,High
5,13,6.4,61,40,60,71,48.7,3,5,0,12,59,0.0,0.29896031746031765,0.30885714285714283,Moderate
5,6,7.5,79,55,65,141,47.1,5,6,3,6,68,0.16666666666666666,0.47378571428571437,0.10942857142857149,Moderate
4,8,6.1,79,45,139,35,41.0,2,20,2,3,180,2.6333333333333333,0.3815079365079365,0.7564285714285715,High
9,2,7.2,86,32,12,173,49.1,8,10,1,1,78,-1.6,0.9421984126984128,0.20371428571428574,Moderate
6,9,6.6,61,22,59,74,48.6,5,5,1,2,107,-0.03333333333333333,0.43112698412698425,0.2683571428571429,Moderate
9,1,6.9,64,46,134,75,65.4,3,11,0,3,65,2.466666666666667,1.2691904761904764,1.0787857142857145,High
3,1,6.9,55,61,38,133,45.4,1,3,0,12,61,-0.7333333333333333,0.01458730158730151,0.010214285714285606,Low
8,7,5.6,77,49,53,128,35.0,1,1,0,7,12,-0.23333333333333334,-0.5303968253968253,-0.09392857142857138,Low
6,9,5.8,101,54,61,87,51.6,2,6,0,9,99,0.03333333333333333,0.4162857142857144,0.5319285714285714,High
3,3,7.4,78,46,150,45,46.7,2,7,1,13,51,3.0,0.18483333333333346,0.356,Low
10,1,6.0,68,37,18,97,46.1,1,5,0,19,19,-1.4,0.0775158730158731,0.19585714285714284,Low
4,3,7.5,68,58,13,80,44.6,4,3,1,4,88,-1.5666666666666667,0.11969841269841276,-0.18128571428571422,Low
6,4,4.4,73,28,22,56,41.3,3,14,2,17,11,-1.2666666666666666,0.2707222222222221,0.5989999999999999,Moderate
10,1,7.2,86,34,58,144,39.6,7,6,2,2,64,-0.06666666666666667,0.272952380952381,-0.08057142857142856,Moderate
8,3,7.1,78,53,109,51,41.2,1,4,0,9,48,1.6333333333333333,-0.22980952380952369,0.05528571428571444,Moderate
5,4,8.0,61,57,155,41,48.2,2,2,1,13,22,3.1666666666666665,0.0693174603174605,0.1656428571428572,Moderate
2,4,7.9,79,37,72,132,57.8,3,14,0,11,85,0.4,1.0976666666666666,0.6064999999999998,Moderate
13,7,5.9,80,36,28,41,54.4,4,3,2,5,72,-1.0666666666666667,0.5173650793650794,0.4302142857142856,Moderate
14,1,7.5,87,42,68,85,43.3,4,2,2,7,120,0.26666666666666666,0.03103968253968243,-0.11135714285714295,Moderate
2,3,7.4,75,56,100,35,47.1,2,4,1,3,107,1.3333333333333333,0.0845793650793652,0.15728571428571425,Low
2,0,8.4,64,45,76,102,46.5,4,11,3,5,9,0.5333333333333333,0.5153571428571428,0.10428571428571423,Low
5,8,6.2,83,53,108,13,42.2,3,5,0,8,60,1.6,-0.057984126984126846,0.2688571428571429,Moderate
9,3,6.8,80,48,35,113,57.8,2,7,0,5,22,-0.8333333333333334,0.7598888888888888,0.5065,Moderate
12,3,5.8,75,26,21,37,50.6,8,11,0,1,180,-1.3,0.8943015873015873,0.5447857142857143,High
3,5,6.6,72,57,62,115,46.6,7,7,2,14,82,0.06666666666666667,0.5914444444444446,0.27300000000000013,Moderate
2,8,7.2,71,25,131,19,55.6,4,2,1,2,62,2.3666666666666667,0.5112063492063492,0.467642857142857,Moderate
8,3,7.1,84,55,53,42,56.5,4,6,1,1,67,-0.23333333333333334,0.7201190476190475,0.4314285714285714,Moderate
2,3,7.6,76,52,18,90,48.1,3,12,0,2,18,-1.4,0.5430714285714286,0.17585714285714305,Low
3,5,8.2,72,36,37,9,49.6,5,8,2,8,75,-0.7666666666666667,0.5110476190476192,0.049071428571428745,Low
3,9,6.6,76,49,23,60,36.7,3,2,2,6,44,-1.2333333333333334,-0.3604047619047618,-0.26435714285714274,Low
9,11,7.0,82,12,132,42,39.2,7,4,1,5,65,2.4,0.07019047619047633,0.07028571428571437,High
21,3,6.4,69,37,44,80,50.8,2,11,0,17,72,-0.5333333333333333,0.551079365079365,0.5032857142857141,High
9,9,7.2,65,47,78,19,40.5,2,9,1,14,180,0.6,-0.05162698412698413,0.0821428571428571,Moderate
9,4,8.3,76,39,76,180,44.1,3,9,0,10,77,0.5333333333333333,0.3559285714285715,-0.007357142857142937,Low
15,4,7.7,55,42,23,115,52.5,9,7,0,4,28,-1.2333333333333334,0.9902777777777778,0.15999999999999995,Moderate
10,3,6.4,61,51,40,10,45.9,4,4,1,13,99,-0.6666666666666666,0.13613492063492055,0.1462857142857142,Moderate
5,5,8.8,80,29,39,43,40.6,4,1,0,1,180,-0.7,-0.17284126984126977,-0.5209285714285715,Low
4,5,6.7,69,46,83,42,54.8,1,2,2,4,36,0.7666666666666667,0.3007619047619047,0.4111428571428569,Moderate
7,2,6.8,68,50,66,50,47.6,2,9,2,17,59,0.2,0.3023174603174604,0.33514285714285724,Moderate
13,15,6.7,72,50,93,86,41.8,4,9,0,11,83,1.1,0.21465079365079354,0.246142857142857,Moderate
8,4,6.8,83,54,82,8,61.8,3,9,2,8,121,0.7333333333333333,0.9613174603174601,0.8011428571428572,High
4,3,7.3,59,51,38,53,42.9,1,1,1,4,39,-0.7333333333333333,-0.25823015873015875,-0.19192857142857145,Low
3,6,6.6,73,65,28,161,58.2,2,14,1,4,164,-1.0666666666666667,1.0812222222222223,0.7360000000000001,Moderate
17,11,7.7,74,51,26,18,51.2,2,10,2,4,27,-1.1333333333333333,0.46447619047619054,0.21421428571428577,Moderate
1,6,7.9,69,58,4,112,41.8,3,12,1,4,176,-1.8666666666666667,0.2840158730158729,-0.10064285714285726,Low
14,9,7.0,87,21,77,39,51.4,1,8,0,1,122,0.5666666666666667,0.35871428571428576,0.41307142857142853,High
6,5,8.3,66,30,14,125,43.8,2,3,0,1,76,-1.5333333333333334,0.0003650793650792489,-0.34278571428571447,Low
20,3,5.1,95,50,145,79,59.5,3,1,1,16,129,2.8333333333333335,0.6509920634920634,0.9585714285714285,High
12,10,6.1,108,12,15,93,35.0,4,17,1,3,85,-1.5,0.20214285714285715,0.18071428571428583,High
7,4,7.0,80,37,18,47,45.1,3,7,3,4,34,-1.4,0.18172222222222228,0.04800000000000003,Low
1,6,6.1,63,35,20,92,45.6,3,8,2,10,150,-1.3333333333333333,0.289936507936508,0.2540714285714287,Low
9,6,6.3,72,26,54,155,48.9,1,17,0,10,139,-0.2,0.696531746031746,0.6602142857142858,High
7,3,7.0,78,39,9,50,50.3,0,4,0,5,90,-1.7,0.1119126984126983,0.09578571428571422,Low
6,3,7.0,55,36,180,26,49.6,4,8,0,10,180,4.0,0.4632698412698414,0.6165714285714285,Moderate
13,1,6.0,73,37,66,57,43.8,2,2,3,8,8,0.2,-0.11090476190476203,0.16114285714285703,Low
6,13,8.9,79,28,40,55,56.5,3,5,0,20,55,-0.6666666666666666,0.6321825396825397,0.05535714285714279,Moderate
1,4,7.3,59,46,97,15,43.9,3,1,0,4,59,1.2333333333333334,-0.12211904761904768,-0.014428571428571443,Low
3,1,6.0,83,37,124,67,46.6,4,9,1,11,65,2.1333333333333333,0.40953968253968265,0.5901428571428572,Moderate
6,19,6.4,75,50,60,180,47.2,1,2,0,6,120,0.0,0.11209523809523822,0.17814285714285713,Moderate
4,13,6.1,79,50,38,16,51.1,2,8,3,18,27,-0.7333333333333333,0.3863253968253969,0.46407142857142863,Moderate
5,4,6.3,69,40,36,115,60.4,4,1,1,2,153,-0.8,0.7981587301587302,0.5030714285714286,Moderate
8,3,5.9,77,58,180,25,46.0,3,5,0,20,81,4.0,0.12634920634920638,0.6153571428571427,Moderate
3,5,6.9,75,48,39,131,45.9,4,1,0,18,180,-0.7,0.16343650793650788,-0.029428571428571533,Low
12,5,6.4,75,36,38,48,46.1,1,21,0,5,39,-0.7333333333333333,0.5945000000000001,0.633,Moderate
13,9,6.3,77,47,53,138,49.4,5,12,1,8,136,-0.23333333333333334,0.7882380952380952,0.5298571428571429,High
6,2,6.2,80,56,109,64,49.4,2,9,0,12,64,1.6333333333333333,0.39887301587301577,0.601642857142857,Moderate
13,2,6.8,94,52,55,54,59.7,2,4,3,3,176,-0.16666666666666666,0.6726904761904763,0.5277857142857144,High
3,3,7.7,76,52,61,57,47.1,4,6,1,2,84,0.03333333333333333,0.3137857142857144,0.06442857142857146,Low
9,9,8.1,81,33,73,77,37.2,4,4,0,15,22,0.43333333333333335,-0.1809206349206348,-0.3297142857142856,Moderate
2,2,8.5,67,44,91,80,35.1,3,14,0,5,61,1.0333333333333334,0.01838888888888894,-0.1319999999999999,Low
4,1,6.7,66,52,30,41,47.4,5,4,0,9,45,-1.0,0.30474603174603165,0.1137857142857142,Low
1,3,7.0,64,44,18,50,57.0,3,8,0,6,44,-1.4,0.7562698412698413,0.4335714285714286,Low
6,5,7.8,75,48,105,28,51.0,2,5,1,18,56,1.5,0.28801587301587306,0.2453571428571429,Moderate
5,3,5.4,74,45,20,30,35.0,3,4,0,11,62,-1.3333333333333333,-0.3988095238095238,-0.055714285714285786,Low
1,7,6.4,71,42,113,70,50.4,2,3,0,5,25,1.7666666666666666,0.2362539682539682,0.43521428571428555,Low
7,1,5.3,74,32,40,59,45.4,4,16,0,7,5,-0.6666666666666666,0.5966507936507937,0.6666428571428571,Moderate
8,4,7.8,81,58,95,26,54.1,3,12,0,3,91,1.1666666666666667,0.7419603174603175,0.513357142857143,High
6,12,7.0,68,44,27,71,50.6,3,1,0,9,76,-1.1,0.24160317460317468,0.06407142857142857,Low
4,3,6.8,66,48,12,86,56.3,4,7,2,7,79,-1.6,0.795722222222222,0.4039999999999999,Moderate
2,2,7.3,77,40,29,42,49.5,8,9,0,7,102,-1.0333333333333334,0.7789285714285714,0.21214285714285713,Low
2,1,6.9,88,52,85,85,49.6,3,2,0,16,100,0.8333333333333334,0.247873015873016,0.22514285714285712,Low
4,3,6.6,91,45,147,45,46.1,5,3,1,5,135,2.9,0.21497619047619054,0.3562142857142858,Moderate
21,1,6.3,78,49,32,43,48.4,5,3,2,6,13,-0.9333333333333333,0.31625396825396823,0.19021428571428567,Moderate
12,9,4.9,56,42,59,117,47.9,1,14,1,7,25,-0.03333333333333333,0.5021666666666667,0.8019999999999998,High
10,13,6.7,64,50,62,13,65.1,4,6,0,3,133,0.06666666666666667,1.074896825396825,0.7819285714285712,High
4,21,7.0,70,44,11,79,53.7,3,4,0,3,15,-1.6333333333333333,0.4971349206349208,0.2027857142857144,Moderate
5,8,7.1,70,64,56,66,54.8,0,20,2,9,18,-0.13333333333333333,0.9036190476190475,0.7879285714285713,Moderate
4,6,6.6,68,34,16,33,35.0,0,3,0,9,180,-1.4666666666666666,-0.6311904761904762,-0.3042857142857142,Low
16,4,5.8,84,28,27,55,49.2,2,9,1,13,44,-1.1,0.37987301587301603,0.46064285714285724,High
3,3,7.4,82,12,54,180,53.3,3,10,3,9,87,-0.2,0.8056428571428569,0.39971428571428547,Moderate
8,2,8.4,74,39,24,31,43.6,1,12,1,4,52,-1.2,0.14168253968253974,-0.08414285714285713,Low
5,3,6.4,81,39,59,41,46.1,3,7,1,13,31,-0.03333333333333333,0.22005555555555564,0.2854999999999999,Low
3,6,6.0,80,59,23,67,53.5,4,3,0,6,59,-1.2333333333333334,0.5057539682539682,0.37321428571428583,Low
3,2,6.4,80,47,63,39,60.5,6,10,3,6,38,0.1,1.1729761904761906,0.8132142857142854,High
1,4,7.2,91,36,95,72,49.6,4,6,1,13,103,1.1666666666666667,0.44295238095238104,0.31192857142857144,Moderate
18,17,8.7,85,61,87,41,40.8,2,2,0,3,9,0.9,-0.2636825396825398,-0.34885714285714287,High
3,10,7.0,89,41,30,131,52.6,5,4,1,5,63,-1.0,0.638746031746032,0.21728571428571436,Low
9,4,6.1,78,46,14,102,65.9,3,12,0,12,40,-1.5333333333333334,1.3574047619047624,0.9623571428571431,High
10,13,7.1,72,29,79,33,46.4,5,4,1,8,59,0.6333333333333333,0.25085714285714283,0.13628571428571432,Moderate
2,6,5.9,79,58,59,148,53.3,3,5,0,14,4,-0.03333333333333333,0.5915158730158728,0.5318571428571427,Low
15,2,7.4,61,35,29,135,39.2,8,6,1,8,27,-1.0333333333333334,0.3116190476190478,-0.20007142857142854,Moderate
8,1,8.2,81,34,79,32,48.1,2,6,2,12,26,0.6333333333333333,0.19767460317460328,0.051928571428571615,Moderate
9,3,7.2,66,23,23,173,35.0,1,11,0,7,71,-1.2333333333333334,-0.12325396825396825,-0.16321428571428576,Low
4,5,7.0,70,57,55,36,54.7,1,11,0,17,32,-0.16666666666666666,0.6110238095238096,0.5427857142857144,Moderate
7,2,8.5,78,49,15,60,51.8,3,8,1,14,7,-1.5,0.5333809523809523,0.007571428571428548,Low
3,8,7.7,79,48,69,65,35.0,3,4,1,3,61,0.3,-0.3599206349206349,-0.3357142857142857,Low
1,6,6.8,90,36,72,13,38.8,3,1,0,2,77,0.4,-0.35384126984126996,-0.1424285714285715,Low
3,9,8.1,85,34,105,76,36.1,2,4,1,1,62,1.5,-0.3648650793650793,-0.28271428571428564,Low
3,7,8.3,89,36,45,105,53.1,3,4,3,15,13,-0.5,0.49902380952380954,0.042285714285714184,Moderate
7,5,7.8,93,44,48,115,36.4,4,9,2,5,84,-0.4,0.0038730158730158094,-0.22085714285714286,Moderate
12,6,6.2,71,39,74,80,41.1,3,4,0,1,134,0.4666666666666667,-0.06875396825396818,0.12228571428571428,Low
11,3,7.0,63,36,35,87,54.8,3,2,0,5,57,-0.8333333333333334,0.48409523809523797,0.23864285714285705,Low
10,3,5.6,85,41,22,46,46.1,3,10,1,1,30,-1.2666666666666666,0.33275396825396836,0.4187142857142858,Low
3,1,5.4,73,49,107,117,36.5,0,6,1,7,133,1.5666666666666667,-0.3632142857142857,0.26392857142857135,Low
4,2,7.4,69,46,15,106,50.3,4,3,1,4,36,-1.5,0.4050873015873015,0.012214285714285608,Low
1,2,6.1,63,49,47,73,54.4,4,4,0,3,88,-0.43333333333333335,0.5886349206349207,0.4712857142857143,Low
6,5,7.2,75,39,61,38,49.1,3,6,0,7,59,0.03333333333333333,0.3160079365079366,0.2119285714285714,Low
1,7,7.0,71,50,150,104,55.4,3,2,0,11,35,3.0,0.5299841269841269,0.544142857142857,Moderate
9,1,6.5,77,36,59,58,58.9,6,2,1,4,75,-0.03333333333333333,0.8363730158730158,0.5091428571428571,High
2,7,7.0,75,37,72,10,57.2,3,3,0,7,23,0.4,0.5422539682539683,0.4317142857142857,Low
6,1,6.6,71,57,32,38,46.9,6,14,1,2,14,-0.9333333333333333,0.7027222222222221,0.40700000000000003,Low
13,4,5.7,82,47,55,174,35.0,7,5,0,16,62,-0.16666666666666666,0.06357142857142857,0.007857142857142818,Moderate
2,17,6.5,78,38,85,14,53.5,1,5,0,20,124,0.8333333333333334,0.3182936507936509,0.4978571428571429,Moderate
7,5,6.9,89,50,116,89,55.4,4,5,1,9,99,1.8666666666666667,0.6871269841269841,0.5623571428571427,Moderate
6,0,5.8,87,45,29,43,49.0,2,14,1,3,55,-1.0333333333333334,0.5361111111111112,0.6025,Moderate
5,4,7.4,58,49,13,46,42.1,0,14,1,4,85,-1.5666666666666667,0.09561111111111115,0.07550000000000001,Low
14,8,7.5,69,43,180,140,48.0,3,4,1,20,80,4.0,0.30841269841269847,0.36678571428571427,High
1,5,7.8,88,39,154,31,46.7,5,4,1,12,60,3.1333333333333333,0.2621349206349207,0.21028571428571438,Moderate
4,1,6.7,73,61,108,80,56.1,1,4,0,2,26,1.6,0.47291269841269845,0.5697857142857142,Low
12,4,6.3,85,66,97,9,40.6,6,1,0,9,84,1.2333333333333334,-0.0772857142857142,0.06157142857142864,Moderate
10,4,5.5,78,53,40,5,57.6,4,2,0,10,16,-0.6666666666666666,0.5856507936507938,0.597642857142857,High
2,2,7.0,74,36,52,32,43.4,3,4,2,14,45,-0.26666666666666666,-0.018587301587301652,-0.0037142857142857637,Low
2,6,7.8,81,45,117,23,36.1,1,4,1,11,72,1.9,-0.4904206349206349,-0.20021428571428565,Low
7,10,7.4,87,16,180,180,47.2,3,2,2,2,26,4.0,0.24542857142857155,0.30314285714285716,High
5,9,8.0,76,52,129,99,55.8,0,7,0,5,40,2.3,0.5209999999999999,0.47149999999999986,Moderate
5,6,5.9,77,29,165,26,65.9,11,6,0,6,97,3.5,1.592007936507937,1.2034285714285715,High
2,9,8.1,69,23,144,28,51.4,4,4,0,2,108,2.8,0.4036349206349206,0.2737857142857143,Moderate
6,7,7.0,70,40,67,29,35.0,4,2,1,8,144,0.23333333333333334,-0.4046825396825397,-0.27535714285714286,Moderate
17,1,6.9,83,42,159,89,45.2,5,9,0,1,16,3.3,0.4376507936507938,0.4781428571428571,Moderate
9,4,6.3,82,51,66,72,59.2,3,6,0,15,83,0.2,0.8082857142857145,0.6849285714285716,Moderate
8,21,6.6,76,34,50,14,58.0,1,6,1,8,26,-0.3333333333333333,0.5565079365079366,0.5564285714285715,High
15,9,7.2,63,23,64,60,55.3,2,3,1,8,56,0.13333333333333333,0.44564285714285706,0.3197142857142856,High
8,2,6.6,76,47,58,3,46.5,1,5,2,6,39,-0.06666666666666667,-0.008928571428571397,0.20285714285714293,Low
7,5,6.4,79,47,39,180,56.0,3,4,1,13,73,-0.7,0.712857142857143,0.44678571428571423,Moderate
6,3,7.3,73,23,50,121,53.5,4,7,2,2,15,-0.3333333333333333,0.7086111111111111,0.3275,Moderate
7,6,7.0,74,45,58,67,39.6,2,6,1,20,27,-0.06666666666666667,-0.14593650793650786,-0.04557142857142853,Low
0,3,7.5,76,23,12,14,44.2,2,1,0,3,36,-1.6,-0.17639682539682527,-0.25292857142857134,Low
7,6,5.8,71,51,18,80,49.8,2,7,1,4,46,-1.4,0.3632222222222221,0.399,Moderate
4,6,8.2,68,55,56,149,50.9,1,18,0,4,81,-0.13333333333333333,0.815579365079365,0.4212857142857144,Moderate
1,11,6.9,62,36,49,167,61.0,1,5,0,13,33,-0.36666666666666664,0.825793650793651,0.5628571428571428,Moderate
8,5,6.6,71,26,64,16,60.3,4,5,0,6,180,0.13333333333333333,0.826515873015873,0.6318571428571428,Moderate
6,12,7.5,71,37,79,56,48.7,1,11,0,9,69,0.6333333333333333,0.3632460317460319,0.33528571428571435,Moderate
4,1,6.4,55,29,43,34,53.4,5,10,0,4,132,-0.5666666666666667,0.7812539682539682,0.5502142857142857,Moderate
7,4,5.0,65,22,85,178,45.1,4,5,1,3,82,0.8333333333333334,0.3225158730158731,0.5083571428571428,Moderate
12,1,7.2,87,25,36,127,50.1,8,4,1,13,64,-0.8,0.7218015873015875,0.1222857142857143,High
5,21,8.1,63,57,23,54,48.2,1,10,0,2,30,-1.2333333333333334,0.302809523809524,0.046714285714285875,Low
12,4,6.9,82,47,78,106,39.1,3,7,1,12,21,0.6,-0.02272222222222216,0.035499999999999976,Low
4,11,6.7,69,46,2,158,57.0,3,12,1,12,94,-1.9333333333333333,1.019126984126984,0.5603571428571429,Moderate
9,3,7.2,86,41,59,118,47.3,0,15,0,4,180,-0.03333333333333333,0.4453253968253967,0.4100714285714285,Moderate
15,6,5.5,69,23,20,41,45.2,7,17,0,7,7,-1.3333333333333333,0.8033650793650796,0.6042142857142857,High
9,11,6.0,91,38,10,26,44.4,4,18,0,7,86,-1.6666666666666667,0.5864126984126983,0.4962857142857142,High
9,2,8.3,73,44,59,6,48.7,2,20,0,6,17,-0.03333333333333333,0.6957857142857145,0.4024285714285714,Moderate
11,2,7.0,68,50,69,138,40.1,4,5,1,3,98,0.3,0.05307142857142864,-0.0316428571428571,Low
2,4,6.7,69,39,91,19,54.9,3,1,3,8,156,1.0333333333333334,0.3773253968253967,0.4055714285714284,Moderate
9,11,7.7,82,41,38,79,44.6,7,12,1,8,8,-0.7333333333333333,0.640015873015873,0.1033571428571429,Low
4,2,8.5,79,33,34,78,38.2,7,10,1,4,5,-0.8666666666666667,0.2794761904761906,-0.2957857142857142,Low
1,1,6.3,71,49,48,124,36.8,0,5,0,4,49,-0.4,-0.3776507936507938,-0.0606428571428572,Low
9,12,6.5,67,37,142,23,47.0,2,3,1,7,53,2.7333333333333334,0.03103174603174605,0.38821428571428573,Moderate
11,9,8.7,71,34,88,82,42.3,3,12,1,14,68,0.9333333333333333,0.2731825396825395,-0.01564285714285711,High
7,6,7.5,81,36,7,77,53.3,4,3,2,20,50,-1.7666666666666666,0.5078650793650792,0.06471428571428564,Moderate
2,1,6.7,87,51,64,34,43.8,2,2,0,10,81,0.13333333333333333,-0.1364603174603176,0.033642857142856995,Low
2,12,5.0,71,42,113,57,48.1,4,12,1,14,176,1.7666666666666666,0.5730714285714287,0.8683571428571428,High
16,2,7.7,73,59,32,2,49.7,4,2,2,6,81,-0.9333333333333333,0.22681746031746047,-0.0443571428571428,Low
8,5,6.3,67,41,71,35,41.7,2,14,0,10,62,0.36666666666666664,0.19872222222222236,0.40100000000000013,Moderate
5,4,7.8,67,49,65,180,45.6,1,4,0,5,68,0.16666666666666666,0.1115238095238096,-0.04521428571428564,Low
4,7,8.0,63,43,34,108,54.9,2,3,1,8,89,-0.8666666666666667,0.4809761904761904,0.09271428571428564,Moderate
0,3,6.8,77,39,27,82,35.0,4,4,3,8,19,-1.1,-0.27436507936507937,-0.2832142857142857,Low
7,4,6.1,70,54,76,90,61.3,1,13,1,12,115,0.5333333333333333,1.039452380952381,1.0079285714285715,High
2,4,6.4,60,67,27,36,45.1,2,10,0,19,170,-1.1,0.20997619047619054,0.2612142857142856,Moderate
7,1,6.1,66,44,145,65,40.0,3,6,0,3,42,2.8333333333333335,-0.06349206349206349,0.34142857142857147,Moderate
3,3,7.0,65,27,40,19,51.8,2,1,1,1,146,-0.6666666666666666,0.17115873015873007,0.1325714285714285,Low
3,6,4.2,69,34,60,101,68.1,2,2,1,4,80,0.0,1.0314841269841268,1.190142857142857,High
6,15,6.5,81,20,107,46,53.2,2,5,1,8,67,1.5666666666666667,0.4070158730158733,0.5438571428571428,Moderate
5,11,6.3,91,32,41,127,38.5,1,15,0,7,33,-0.6333333333333333,0.1259920634920635,0.2585714285714286,Moderate
11,5,5.2,74,36,14,100,53.9,2,4,1,8,86,-1.5333333333333334,0.46280158730158727,0.5312857142857143,Moderate
5,2,7.2,89,35,98,97,44.5,3,6,0,4,64,1.2666666666666666,0.1745634920634921,0.1664285714285714,Moderate
3,2,6.3,72,46,41,62,48.6,4,2,4,3,22,-0.6333333333333333,0.24398412698412705,0.1901428571428572,Low
8,3,8.0,83,42,77,97,40.7,3,11,0,16,21,0.5666666666666667,0.18213492063492076,0.0027857142857143635,Moderate
2,4,6.6,85,36,30,31,48.4,4,7,1,10,26,-1.0,0.37911111111111107,0.247,Low
4,1,8.2,76,48,12,177,41.8,3,5,0,14,180,-1.6,0.10623809523809513,-0.3331428571428571,Low
7,3,5.9,76,28,97,26,46.0,4,13,0,3,180,1.2333333333333334,0.47984126984126985,0.6364285714285713,High
9,12,5.9,74,50,166,100,41.6,3,9,0,1,49,3.533333333333333,0.1545396825396826,0.562642857142857,High
4,8,7.8,70,25,107,112,46.2,4,8,0,1,36,1.5666666666666667,0.4058253968253969,0.19207142857142867,Moderate
9,0,7.1,77,44,50,28,52.6,4,3,1,3,27,-0.3333333333333333,0.4219206349206351,0.22121428571428584,Low
8,5,7.2,83,58,106,57,35.0,3,2,1,6,121,1.5333333333333334,-0.44023809523809526,-0.2128571428571429,Low
9,6,5.9,66,49,95,68,39.6,3,20,2,8,34,1.1666666666666667,0.4218412698412699,0.6394285714285715,High
2,5,7.1,72,34,138,114,54.2,1,14,0,7,26,2.6,0.7823333333333335,0.8035000000000001,High
6,5,6.4,77,41,180,1,48.8,3,7,2,8,73,4.0,0.29711111111111094,0.6689999999999998,Moderate
11,17,7.1,81,37,51,105,57.4,4,8,1,14,83,-0.3,0.902047619047619,0.5105714285714286,High
4,2,8.0,75,58,128,146,42.0,3,3,2,1,61,2.2666666666666666,0.009365079365079389,-0.059285714285714275,Low
3,1,6.3,75,49,180,119,51.8,0,17,1,4,34,4.0,0.7203650793650793,1.0622142857142858,Moderate
6,17,7.1,75,46,54,46,37.8,2,3,1,5,29,-0.2,-0.3574126984126985,-0.2127857142857143,Moderate
11,6,6.5,80,36,135,101,55.6,4,10,0,14,124,2.5,0.8880317460317461,0.8287142857142857,High
7,4,8.0,72,43,27,45,40.5,1,4,2,3,30,-1.1,-0.2679761904761905,-0.3282142857142857,Low
7,6,6.9,64,46,180,20,49.3,6,4,0,5,180,4.0,0.43357936507936495,0.5107857142857142,Moderate
3,21,8.9,71,36,49,164,42.9,6,2,0,0,23,-0.36666666666666664,0.2341507936507936,-0.4158571428571429,Moderate
8,13,6.5,80,48,53,180,64.9,4,8,0,9,110,-0.23333333333333334,1.3228809523809528,0.8455714285714289,High
15,8,6.3,76,33,106,33,48.1,5,9,0,20,180,1.5333333333333334,0.5059285714285715,0.5376428571428572,High
5,11,5.2,77,41,62,26,41.3,3,3,0,6,59,0.06666666666666667,-0.1554682539682541,0.2447142857142856,Moderate
9,9,7.2,72,29,69,47,43.8,5,2,1,13,31,0.3,0.07798412698412688,-0.041357142857143,Moderate
13,4,7.2,85,21,92,45,43.7,6,10,1,4,93,1.0666666666666667,0.4236428571428573,0.24171428571428577,High
20,8,8.0,76,33,84,100,43.9,4,21,1,4,87,0.8,0.7532777777777777,0.40199999999999997,High
10,8,6.0,88,34,135,34,48.9,2,11,2,4,7,2.5,0.41446825396825393,0.7437857142857143,High
8,8,5.7,77,47,8,95,56.7,8,2,2,8,9,-1.7333333333333334,0.9118174603174605,0.4556428571428571,High
10,3,7.8,74,44,48,24,58.0,6,11,2,7,89,-0.4,1.0795238095238096,0.4842857142857143,Moderate
7,4,6.6,74,33,54,79,50.8,4,6,1,3,59,-0.2,0.5047301587301586,0.35042857142857137,Moderate
2,2,6.0,73,49,73,52,51.1,2,10,3,10,76,0.43333333333333335,0.4977539682539683,0.6262142857142857,Moderate
7,10,7.5,65,43,45,17,35.0,1,7,1,7,18,-0.5,-0.43944444444444447,-0.27499999999999997,Low
16,13,6.9,71,44,26,50,55.6,4,3,2,8,40,-1.1333333333333333,0.5813650793650794,0.28621428571428564,Moderate
5,4,6.7,72,31,96,25,43.1,5,9,0,11,20,1.2,0.2720396825396825,0.29264285714285715,Moderate
3,6,7.6,85,52,52,56,57.1,4,6,0,6,24,-0.26666666666666666,0.7626746031746032,0.3594285714285715,Low
6,4,6.7,64,34,18,71,48.8,4,6,0,20,78,-1.4,0.40584126984126967,0.18292857142857133,Low
3,3,6.9,96,33,76,47,62.0,6,12,1,11,134,0.5333333333333333,1.320793650793651,0.8603571428571429,High
9,8,8.4,66,39,67,167,50.6,2,17,0,5,16,0.23333333333333334,0.853031746031746,0.3762142857142857,Moderate
4,12,7.8,82,27,137,94,42.3,1,4,1,6,45,2.566666666666667,-0.13253174603174614,0.035785714285714254,Moderate
5,21,7.8,84,39,34,47,53.7,5,5,0,2,67,-0.8666666666666667,0.6306269841269843,0.148857142857143,Moderate
3,4,7.0,62,37,81,98,54.1,3,8,0,20,13,0.7,0.6791031746031746,0.5040714285714286,Moderate
7,6,6.7,61,19,15,113,46.5,3,4,1,6,33,-1.5,0.21091269841269844,0.049285714285714266,Moderate
10,8,6.9,96,49,42,20,54.1,4,4,1,7,14,-0.6,0.5162460317460318,0.3097857142857143,High
6,10,5.5,84,61,7,27,40.7,2,3,1,11,103,-1.7666666666666666,-0.24802380952380937,0.03671428571428578,Low
1,2,6.9,96,43,11,180,53.2,8,11,1,1,78,-1.6333333333333333,1.1701904761904764,0.4052857142857143,Moderate
5,7,6.1,78,63,41,36,51.4,4,15,0,5,68,-0.6333333333333333,0.8053809523809523,0.6805714285714286,High
6,4,7.9,87,27,110,112,41.2,2,7,2,13,32,1.6666666666666667,0.011777777777777911,0.003500000000000031,Moderate
5,3,7.8,74,54,47,66,51.5,3,5,1,5,18,-0.43333333333333335,0.4194047619047619,0.11535714285714288,Low
1,10,7.6,79,52,180,52,41.1,1,2,2,12,98,4.0,-0.304626984126984,0.08514285714285724,Moderate
6,2,5.6,70,43,46,113,45.9,3,7,2,7,61,-0.4666666666666667,0.2910555555555555,0.38700000000000007,Moderate
11,2,7.3,76,48,102,5,48.6,5,15,3,12,11,1.4,0.7116031746031747,0.5390714285714286,Moderate
10,10,6.3,71,23,106,19,52.0,3,16,0,8,5,1.5333333333333334,0.7825396825396825,0.8546428571428573,High
13,5,6.0,85,44,24,20,53.1,0,2,0,15,110,-1.2,0.13315079365079366,0.3351428571428572,Moderate
4,3,7.0,67,34,27,66,45.3,4,7,0,7,145,-1.1,0.27849999999999986,0.07649999999999989,Low
6,1,5.8,72,37,22,44,56.9,5,21,1,4,23,-1.2666666666666666,1.3427222222222222,1.022,Moderate
3,5,5.2,63,42,111,30,52.8,5,15,2,3,39,1.7,0.9283809523809523,1.0550714285714284,High
6,11,6.9,91,36,55,96,37.8,2,6,0,3,26,-0.16666666666666666,-0.19471428571428584,-0.08957142857142872,Low
3,1,7.8,79,46,38,101,42.2,2,1,0,4,96,-0.7333333333333333,-0.1697301587301586,-0.30042857142857127,Low
3,12,7.0,79,42,151,116,35.1,7,12,1,10,35,3.033333333333333,0.2536269841269842,0.2233571428571429,Moderate
16,14,7.0,80,58,112,126,45.0,1,6,2,6,90,1.7333333333333334,0.09595238095238097,0.25142857142857145,High
4,7,7.0,60,51,51,52,45.5,3,5,1,8,8,-0.3,0.13384920634920638,0.08535714285714288,Low
5,8,8.8,66,51,53,99,51.3,3,5,1,17,180,-0.23333333333333334,0.44707142857142845,-0.050642857142857337,Moderate
1,4,7.6,83,56,49,32,49.0,2,4,1,3,23,-0.36666666666666664,0.16674603174603175,0.05178571428571438,Low
6,20,7.5,73,48,63,51,40.8,4,6,2,14,78,0.1,0.023619047619047498,-0.08457142857142866,Moderate
5,3,5.4,71,36,18,43,40.9,2,10,1,2,76,-1.4,0.028753968253968185,0.2877142857142856,Low
11,6,5.7,70,51,22,37,52.8,5,3,4,19,88,-1.2666666666666666,0.5075873015873015,0.4022142857142857,High
2,11,6.2,79,25,34,180,38.7,3,10,0,6,22,-0.8666666666666667,0.14864285714285727,0.12171428571428575,Moderate
26,4,9.0,78,45,129,67,41.0,2,2,0,5,39,2.3,-0.2257936507936508,-0.29035714285714287,High
7,7,8.1,75,68,24,76,61.4,2,11,0,10,101,-1.2,1.0236349206349205,0.47378571428571437,High
4,6,6.2,75,25,180,67,35.0,4,3,2,2,28,4.0,-0.32674603174603173,0.17571428571428566,Moderate
7,4,6.5,75,50,87,2,61.5,2,10,0,13,71,0.9,0.9101984126984128,0.8857142857142857,High
5,9,6.7,77,55,47,80,54.3,3,6,2,11,58,-0.43333333333333335,0.5966746031746031,0.42042857142857126,Moderate
7,12,5.5,76,58,59,63,53.2,4,2,0,2,50,-0.03333333333333333,0.4520952380952382,0.5131428571428572,Moderate
2,6,6.8,66,29,26,28,53.4,2,3,2,2,166,-1.1333333333333333,0.3245873015873016,0.23771428571428574,Moderate
9,5,5.6,56,42,27,81,44.7,5,7,1,5,121,-1.1,0.3348333333333334,0.3035000000000001,Moderate
11,13,7.8,70,41,129,170,45.0,4,3,1,12,46,2.3,0.23769841269841274,0.06821428571428574,High
15,7,6.8,79,36,27,28,67.6,4,8,1,13,30,-1.1,1.2754920634920635,0.8090714285714283,High
2,11,6.8,66,49,10,13,46.4,5,16,2,4,135,-1.6666666666666667,0.6572063492063491,0.3591428571428572,Low
5,7,6.8,81,55,53,36,35.0,2,5,2,6,96,-0.23333333333333334,-0.42309523809523814,-0.18964285714285709,Low
4,7,7.4,60,45,55,40,54.2,4,6,1,8,15,-0.16666666666666666,0.6143968253968256,0.31492857142857145,Moderate
2,12,6.7,73,67,71,27,51.7,8,1,1,9,76,0.36666666666666664,0.5755476190476193,0.2595714285714287,Low
8,3,9.0,75,68,72,6,35.0,1,7,1,13,93,0.4,-0.45166666666666666,-0.47,Low
2,3,5.1,63,31,93,71,67.7,5,2,1,4,56,1.1,1.1801507936507938,1.1031428571428572,High
4,3,7.1,91,57,29,17,48.6,9,8,0,3,87,-1.0333333333333334,0.7416031746031747,0.19157142857142861,Low
15,14,6.6,74,34,180,51,59.8,3,10,1,11,98,4.0,0.9548095238095237,1.0497142857142856,High
11,4,7.1,89,45,55,115,56.1,4,6,3,20,11,-0.16666666666666666,0.7832301587301588,0.42442857142857143,High
12,3,7.1,88,62,15,49,47.8,3,5,0,3,39,-1.5,0.2340158730158729,0.04685714285714285,Low
3,2,7.5,60,30,57,180,35.0,4,16,1,20,79,-0.1,0.26309523809523816,0.012142857142857184,Low
4,3,7.0,77,59,89,59,57.5,6,10,1,9,33,0.9666666666666667,1.0601984126984128,0.6832142857142858,Moderate
14,2,6.3,88,29,43,50,44.7,2,0,1,3,77,-0.5666666666666667,-0.14961111111111097,0.021000000000000116,Low
12,2,6.8,85,49,129,180,55.6,3,6,0,13,82,2.3,0.7662857142857143,0.6469285714285714,Moderate
8,9,5.6,67,45,56,120,43.2,2,16,2,4,63,-0.13333333333333333,0.43209523809523825,0.5881428571428573,Moderate
6,12,7.2,72,56,46,84,55.5,1,3,0,12,15,-0.4666666666666667,0.4146428571428572,0.2807142857142857,Moderate
7,20,6.0,74,58,2,78,35.0,1,14,1,8,61,-1.9333333333333333,-0.12166666666666667,0.08000000000000002,Moderate
5,2,7.5,67,49,66,180,58.8,2,6,1,7,73,0.2,0.8436190476190475,0.46292857142857124,Moderate
11,8,5.7,66,48,41,156,47.8,2,3,1,5,70,-0.6333333333333333,0.2148095238095237,0.2997142857142856,Moderate
6,7,7.3,77,56,37,53,42.4,5,3,1,1,78,-0.7666666666666667,0.0573650793650793,-0.1522857142857143,Low
7,2,6.3,98,51,21,30,45.5,6,11,2,5,30,-1.3,0.5236904761904762,0.30428571428571427,Moderate
8,8,6.8,58,48,154,74,35.0,5,1,2,6,64,3.1333333333333333,-0.32373015873015876,-0.05142857142857138,Moderate
4,4,6.2,65,35,74,36,54.5,2,3,1,6,6,0.4666666666666667,0.38297619047619047,0.49571428571428566,Moderate
14,5,6.7,72,49,28,10,39.2,4,4,0,2,160,-1.0666666666666667,-0.16536507936507922,-0.13721428571428568,Moderate
4,7,7.2,65,61,66,26,52.7,0,19,1,19,119,0.2,0.7289603174603175,0.7038571428571428,Moderate
4,4,7.7,68,56,25,72,42.5,2,9,1,12,29,-1.1666666666666667,0.09726190476190476,-0.0778571428571429,Low
10,4,7.1,80,52,54,9,40.0,0,3,0,14,45,-0.2,-0.4328571428571429,-0.14678571428571424,Low
3,3,7.1,76,47,136,71,50.8,4,4,0,9,45,2.533333333333333,0.42441269841269824,0.4107857142857142,Low
2,6,5.8,71,49,89,34,49.7,3,0,1,5,58,0.9666666666666667,0.12427777777777793,0.3735000000000001,Moderate
6,8,7.6,78,52,17,45,48.0,2,6,2,9,80,-1.4333333333333333,0.2076190476190477,-0.001071428571428501,Low
6,4,6.9,74,14,180,59,35.0,6,3,0,8,14,4.0,-0.2023015873015873,0.05321428571428566,Moderate
2,7,6.2,76,46,101,63,49.9,1,10,1,3,21,1.3666666666666667,0.38930952380952377,0.6252142857142856,Moderate
5,2,5.5,80,52,9,21,47.9,4,5,0,12,45,-1.7,0.2740714285714285,0.3148571428571427,Low
13,4,7.2,68,52,15,56,36.8,0,10,0,5,75,-1.5,-0.2746349206349208,-0.1577857142857144,Low
4,3,6.8,73,42,92,108,51.0,2,7,0,2,47,1.0666666666666667,0.4483333333333334,0.44500000000000006,Moderate
19,2,6.9,69,28,95,115,44.1,1,12,0,4,172,1.1666666666666667,0.2575158730158731,0.3708571428571429,High
5,5,5.7,69,43,70,64,43.5,3,13,0,4,68,0.3333333333333333,0.34289682539682537,0.5289285714285714,Moderate
14,9,7.2,73,65,102,47,57.3,2,14,1,9,133,1.4,0.9140555555555554,0.7889999999999999,High
5,3,7.1,80,46,69,76,39.8,5,12,1,11,85,0.3,0.28734920634920624,0.14185714285714285,Low
11,7,8.0,70,40,26,96,53.2,1,1,2,6,65,-1.1333333333333333,0.2530476190476193,-0.03542857142857134,Moderate
3,10,6.3,62,34,41,75,41.2,0,8,0,8,107,-0.6333333333333333,-0.12695238095238084,0.1395714285714287,Low
5,1,5.3,75,41,1,180,50.3,3,10,0,20,92,-1.9666666666666666,0.670642857142857,0.5447142857142857,Moderate
3,10,7.2,70,38,77,15,46.1,2,7,0,8,77,0.5666666666666667,0.12450000000000008,0.1905,Low
6,4,6.6,78,54,56,101,37.3,2,3,0,7,47,-0.13333333333333333,-0.3188015873015874,-0.13528571428571431,Low
6,12,6.7,69,34,41,92,52.1,0,2,1,9,102,-0.6333333333333333,0.16815079365079372,0.2251428571428571,Low
6,12,6.5,84,25,86,35,40.2,2,5,0,10,24,0.8666666666666667,-0.19020634920634907,0.10135714285714295,Moderate
5,13,8.9,69,42,13,50,43.4,2,5,0,10,86,-1.5666666666666667,-0.029539682539682595,-0.4051428571428572,Low
15,7,8.2,85,67,102,29,47.5,4,7,1,0,90,1.4,0.3363888888888889,0.12000000000000012,Moderate
3,14,6.5,78,41,55,72,58.4,1,11,0,9,48,-0.16666666666666666,0.8175238095238095,0.7412857142857143,High
11,2,6.6,83,46,65,18,43.1,1,6,1,5,105,0.16666666666666666,-0.10954761904761899,0.14692857142857152,Low
5,10,8.1,89,35,30,29,61.0,4,2,2,4,113,-1.0,0.7653174603174603,0.2196428571428572,Moderate
9,12,8.1,77,36,38,59,49.7,2,4,1,3,42,-0.7333333333333333,0.22824603174603192,-0.04221428571428554,Moderate
5,1,6.9,61,53,19,61,48.5,2,4,0,7,96,-1.3666666666666667,0.17646825396825397,0.08428571428571426,Low
7,2,8.4,65,65,104,36,48.2,4,2,0,10,25,1.4666666666666666,0.19709523809523827,-0.03185714285714286,Low
9,7,7.4,64,48,113,70,41.4,2,5,0,4,123,1.7666666666666666,-0.09731746031746039,0.04735714285714274,Moderate
5,4,6.5,77,26,33,123,35.0,2,3,1,1,77,-0.9,-0.39785714285714285,-0.24428571428571427,Moderate
3,3,6.9,77,32,101,5,42.6,3,5,1,10,22,1.3666666666666667,-0.048873015873015804,0.14085714285714282,Low
1,3,6.4,79,45,154,42,47.0,4,7,0,3,84,3.1333333333333333,0.3283333333333333,0.5499999999999999,Low
12,8,6.2,69,59,25,82,46.5,2,6,0,6,108,-1.1666666666666667,0.1812301587301588,0.21892857142857136,Low
14,8,6.2,86,38,76,104,57.1,5,3,1,9,109,0.5333333333333333,0.7755317460317461,0.5787142857142857,High
4,0,7.2,68,42,34,55,55.5,3,3,1,2,94,-0.8666666666666667,0.5157539682539684,0.25071428571428567,Low
3,5,5.4,63,35,81,134,42.5,2,21,1,6,24,0.7,0.5947222222222223,0.8074999999999999,Moderate
1,4,7.3,74,30,48,67,51.5,3,11,2,4,64,-0.4,0.6348015873015873,0.3767857142857143,Moderate
8,7,8.3,70,51,12,36,52.5,5,6,0,8,30,-1.6,0.6001190476190477,-0.0010714285714286814,Moderate
19,7,5.4,60,46,9,109,59.8,5,14,0,3,64,-1.7,1.2954444444444444,0.9464999999999999,High
5,4,8.6,71,66,180,37,53.5,2,16,0,11,52,4.0,0.803373015873016,0.6821428571428573,High
10,10,6.5,93,52,97,6,50.4,0,12,3,9,18,1.2333333333333334,0.3532380952380952,0.6348571428571429,High
3,10,6.3,71,45,98,108,38.8,2,6,1,3,81,1.2666666666666666,-0.1363809523809525,0.15292857142857136,Low
15,6,6.6,77,40,19,24,51.4,5,11,0,2,98,-1.3666666666666667,0.7158571428571429,0.4237857142857144,Moderate
6,2,6.8,77,63,35,61,51.2,5,5,2,2,51,-0.8333333333333334,0.5336825396825398,0.25135714285714295,Low
4,15,7.4,68,49,48,27,42.3,3,2,1,1,37,-0.4,-0.14507142857142868,-0.17385714285714302,Low
5,6,6.9,84,46,77,16,47.0,3,11,0,18,100,0.5666666666666667,0.37563492063492065,0.3842857142857142,Moderate
9,7,6.2,80,26,72,49,54.1,1,3,1,11,29,0.4,0.31275396825396834,0.47871428571428565,High
10,4,7.4,77,34,43,42,55.1,6,14,2,12,74,-0.5666666666666667,1.076166666666667,0.5405,High
2,8,6.8,55,31,34,4,47.2,5,6,0,20,180,-0.8666666666666667,0.3260634920634922,0.15742857142857153,Low
6,4,7.8,89,29,158,180,58.6,3,4,1,6,40,3.2666666666666666,0.829857142857143,0.5772857142857144,High
7,5,7.6,60,45,131,138,45.7,3,9,1,3,1,2.3666666666666667,0.3812619047619049,0.30064285714285727,Moderate
2,1,6.5,55,23,36,83,35.0,2,7,0,14,75,-0.8,-0.29944444444444446,-0.1225,Low
16,12,6.2,78,63,99,24,42.6,3,5,0,5,170,1.3,-0.027761904761904696,0.25835714285714284,High
6,3,6.5,68,34,39,92,47.0,3,4,0,13,12,-0.7,0.21007936507936506,0.15928571428571428,Low
3,1,5.9,96,12,180,98,50.7,4,1,3,4,45,4.0,0.3427698412698414,0.6420714285714285,High
2,7,7.4,77,38,117,128,56.4,2,3,1,9,65,1.9,0.5706984126984128,0.45021428571428557,Moderate
10,2,5.3,59,29,67,98,35.0,4,12,0,11,162,0.23333333333333334,0.02912698412698414,0.3078571428571429,Moderate
4,1,5.1,80,25,41,73,53.5,2,5,0,12,69,-0.6333333333333333,0.4505158730158731,0.6328571428571429,High
2,5,7.3,71,78,175,118,56.5,8,12,1,10,29,3.8333333333333335,1.285515873015873,0.8728571428571429,High
4,11,8.3,85,51,63,13,38.2,1,2,2,13,18,0.1,-0.4784603174603173,-0.41685714285714287,Low
1,10,6.8,82,55,72,18,53.0,4,8,0,5,20,0.4,0.6073809523809524,0.48357142857142865,Moderate
5,6,7.7,69,38,61,88,46.4,2,20,0,9,180,0.03333333333333333,0.6833968253968253,0.4434285714285714,Moderate
5,6,6.2,71,46,58,81,48.5,2,6,0,12,143,-0.06666666666666667,0.27011904761904765,0.3614285714285714,Low
3,3,6.3,74,48,53,38,55.6,3,11,0,2,69,-0.23333333333333334,0.7870793650793652,0.6872857142857144,Low
17,7,6.8,59,41,41,98,35.8,3,8,1,14,43,-0.6333333333333333,-0.14439682539682552,-0.10992857142857149,Low
4,5,7.1,70,58,93,74,52.8,2,6,1,17,29,1.1,0.4558412698412698,0.42042857142857143,Moderate
8,6,6.5,73,48,124,90,59.7,2,5,0,3,135,2.1333333333333333,0.748404761904762,0.781357142857143,High
16,4,7.5,82,45,82,91,59.8,4,7,1,11,3,0.7333333333333333,0.9587777777777776,0.5614999999999999,High
2,8,5.7,72,26,46,112,44.9,2,5,0,8,15,-0.4666666666666667,0.10684920634920629,0.2823571428571428,Moderate
8,3,6.2,89,42,78,110,60.3,4,7,0,3,22,0.6,1.0023888888888888,0.7939999999999999,High
5,2,7.4,86,32,119,99,42.0,6,5,1,17,47,1.9666666666666666,0.22857142857142862,0.0803571428571428,Moderate
5,3,7.7,100,40,25,57,41.6,3,9,1,9,112,-1.1666666666666667,0.10676190476190482,-0.10485714285714284,Low
5,7,6.0,72,46,63,64,61.6,9,12,0,8,34,0.1,1.5216825396825397,0.9733571428571428,High
18,4,7.9,87,52,56,32,51.1,4,10,1,2,93,-0.13333333333333333,0.6088650793650794,0.25121428571428567,High
5,8,5.8,69,57,38,98,48.3,5,12,1,8,12,-0.7333333333333333,0.6942936507936507,0.5468571428571429,Moderate
2,21,8.8,78,23,66,49,37.2,4,9,1,3,57,0.2,-0.03346031746031733,-0.32685714285714285,Moderate
2,3,8.3,69,44,65,177,44.3,2,6,1,5,4,0.16666666666666666,0.18778571428571417,-0.11457142857142878,Low
2,2,6.5,70,39,53,101,39.5,3,12,2,6,50,-0.23333333333333334,0.1682936507936508,0.19785714285714287,Low
15,3,7.8,66,38,67,18,35.0,4,4,3,3,97,0.23333333333333334,-0.3454761904761905,-0.35821428571428565,Low
8,12,6.6,77,32,44,180,45.6,2,1,2,4,29,-0.5333333333333333,0.07104761904761914,0.02657142857142867,Moderate
3,10,7.3,78,47,57,62,47.9,3,7,1,14,46,-0.1,0.32438888888888884,0.17699999999999996,Low
4,8,7.0,65,66,29,16,36.4,3,21,0,12,33,-1.0333333333333334,0.25577777777777777,0.21449999999999997,Moderate
10,8,6.3,66,45,134,48,43.7,3,5,1,0,63,2.466666666666667,0.04840476190476203,0.36135714285714293,Low
9,9,7.2,74,42,48,21,36.7,3,2,1,2,26,-0.4,-0.4037380952380951,-0.30685714285714283,Low
8,4,7.1,75,46,78,75,50.5,3,6,2,7,24,0.6,0.42011904761904767,0.31392857142857145,Moderate
4,4,6.8,61,85,84,94,57.6,5,1,1,12,16,0.8,0.7154920634920636,0.4515714285714286,Moderate
10,8,7.4,71,19,20,42,47.7,4,1,0,14,38,-1.3333333333333333,0.14554761904761918,-0.11042857142857142,Moderate
3,5,7.8,62,59,29,117,49.2,4,1,0,3,3,-1.0333333333333334,0.2963809523809525,-0.11292857142857131,Low
5,8,8.0,70,36,115,24,50.6,2,7,0,5,22,1.8333333333333333,0.3370000000000001,0.28049999999999997,Moderate
7,4,6.5,96,48,23,26,35.0,2,8,1,2,123,-1.2333333333333334,-0.3270634920634921,-0.12642857142857145,Low
3,8,7.4,67,50,31,102,50.1,5,11,0,9,98,-0.9666666666666667,0.7440238095238095,0.27478571428571424,Moderate
6,14,8.6,72,55,48,168,57.2,5,6,1,8,50,-0.4,0.9582857142857144,0.17742857142857152,High
4,1,5.9,76,44,31,60,55.8,4,8,1,7,76,-0.9666666666666667,0.7800476190476189,0.6225714285714283,Low
7,4,7.1,70,35,55,26,41.6,2,11,0,20,89,-0.16666666666666666,0.07707936507936515,0.13228571428571437,Low
9,6,7.0,69,38,59,41,46.2,3,6,1,12,49,-0.03333333333333333,0.18884126984127,0.1549285714285715,Moderate
10,5,7.8,82,65,62,43,54.6,5,5,0,7,80,0.06666666666666667,0.6666825396825398,0.24585714285714297,Moderate
10,7,6.9,69,64,80,49,35.0,5,1,1,11,27,0.6666666666666666,-0.35150793650793655,-0.2539285714285715,Moderate
6,7,5.4,70,46,148,96,51.5,2,5,0,20,40,2.933333333333333,0.38607142857142857,0.7878571428571427,Moderate
7,6,7.4,76,71,51,61,35.0,0,4,0,4,28,-0.3,-0.5643650793650794,-0.3282142857142858,Low
17,3,6.1,88,39,59,10,43.7,5,15,0,11,15,-0.03333333333333333,0.4966587301587303,0.4945714285714287,Moderate
9,16,7.0,81,45,23,43,63.7,1,5,2,20,149,-1.2333333333333334,0.8095158730158731,0.5613571428571428,High
18,6,7.8,77,23,85,73,42.4,4,3,0,10,106,0.8333333333333334,0.012920634920634843,-0.11978571428571427,High
6,3,6.5,75,34,32,103,47.7,3,6,0,6,42,-0.9333333333333333,0.32523015873015887,0.21992857142857147,Low
6,9,7.0,82,57,180,41,55.0,2,0,1,1,70,4.0,0.30388888888888893,0.5499999999999999,Moderate
9,11,7.5,83,53,177,67,50.9,1,11,0,8,88,3.9,0.4744682539682539,0.6462857142857142,High
15,3,4.5,67,38,129,85,44.3,0,4,0,11,25,2.3,-0.11919841269841283,0.6532857142857141,High
5,4,6.4,69,40,23,14,49.7,4,8,2,19,35,-1.2333333333333334,0.45443650793650814,0.3320714285714286,Moderate
7,9,7.5,85,32,69,71,46.3,4,17,1,7,98,0.3,0.6861984126984126,0.40971428571428564,Moderate
7,6,5.5,79,20,94,180,60.9,4,8,1,8,97,1.1333333333333333,1.1428809523809527,1.0030714285714284,High
8,1,7.4,75,47,75,73,43.7,4,4,2,4,58,0.5,0.10713492063492076,-0.007214285714285694,Low
9,5,5.6,88,55,52,77,53.0,2,11,2,4,34,-0.26666666666666666,0.6467460317460318,0.7292857142857143,High
2,1,5.8,55,19,90,59,39.7,4,8,0,5,86,1.0,0.05443650793650806,0.30457142857142866,Low
6,2,6.2,81,32,86,115,37.7,5,1,0,0,12,0.8666666666666667,-0.15667460317460302,-0.03542857142857138,Low
6,5,5.7,84,53,64,47,50.6,2,18,0,9,9,0.13333333333333333,0.7554126984126984,0.8697857142857143,High
11,10,8.0,76,39,172,35,47.8,3,2,1,4,19,3.7333333333333334,0.11131746031746018,0.196142857142857,Moderate
2,12,6.2,64,61,33,180,37.5,5,4,1,4,88,-0.9,0.013690476190476197,-0.08821428571428576,Low
7,2,7.7,83,30,15,65,44.4,4,17,1,9,29,-1.5,0.594031746031746,0.18271428571428566,Moderate
5,3,7.4,60,32,57,27,52.1,2,9,0,10,87,-0.1,0.47926190476190483,0.34264285714285714,Low
10,16,7.6,58,43,144,62,47.6,6,10,2,12,124,2.8,0.618031746031746,0.4187142857142858,High
2,11,4.7,63,50,47,50,55.7,3,21,0,8,180,-0.43333333333333335,1.1620555555555556,1.241,High
6,8,6.0,74,39,180,83,48.1,1,11,0,16,68,4.0,0.3662460317460319,0.8322857142857143,Moderate
5,3,6.3,68,54,26,36,53.3,4,8,2,3,7,-1.1333333333333333,0.6408809523809522,0.46507142857142847,Low
16,1,8.2,103,44,26,34,52.2,4,3,3,5,113,-1.1333333333333333,0.4105873015873017,-0.04328571428571408,Moderate
6,8,6.7,74,32,21,78,49.1,4,4,2,7,61,-1.3,0.3556904761904763,0.1422857142857143,Moderate
12,2,7.1,79,23,71,75,58.4,3,2,1,8,119,0.36666666666666664,0.6327619047619046,0.41914285714285704,High
11,4,7.8,70,40,180,32,41.9,4,11,0,7,32,4.0,0.230579365079365,0.3312857142857143,Moderate
2,6,7.6,87,43,74,16,48.1,7,2,0,20,37,0.4666666666666667,0.37037301587301596,0.030142857142857242,Low
5,2,7.7,74,28,51,19,48.7,1,2,0,17,23,-0.3,0.0007063492063494048,-0.026857142857142836,Low
8,4,6.3,82,46,109,121,51.2,0,10,0,9,115,1.6333333333333333,0.4455873015873017,0.6667142857142858,Moderate
6,5,5.3,66,54,70,5,42.6,2,2,1,20,93,0.3333333333333333,-0.22268253968253962,0.2576428571428571,Moderate
4,7,5.7,84,18,46,52,41.5,3,8,0,10,71,-0.4666666666666667,0.06099206349206349,0.26607142857142857,Moderate
2,8,7.5,71,36,23,48,45.9,6,4,0,9,26,-1.2333333333333334,0.31169047619047613,-0.08871428571428575,Low
6,3,7.4,72,33,148,52,42.4,4,3,0,3,26,2.933333333333333,-0.010412698412698491,0.10771428571428558,Moderate
4,3,6.9,73,38,165,24,35.0,2,14,0,11,163,3.5,-0.11500000000000002,0.32999999999999996,Moderate
10,5,6.9,81,28,107,88,61.8,2,2,1,16,40,1.5666666666666667,0.7335396825396824,0.6461428571428569,High
10,7,6.7,65,33,82,45,44.3,1,3,1,9,69,0.7333333333333333,-0.1326904761904763,0.1222142857142856,Moderate
13,5,6.3,65,56,136,98,53.8,2,1,0,20,39,2.533333333333333,0.3489365079365078,0.5550714285714284,Moderate
8,3,6.5,81,37,31,21,42.1,3,5,3,7,42,-0.9666666666666667,-0.05359523809523804,0.020857142857142894,Low
2,14,5.3,68,41,71,11,45.4,4,2,0,5,10,0.36666666666666664,0.04331746031746023,0.344142857142857,Moderate
3,2,5.7,62,75,177,11,58.7,7,4,0,13,170,3.9,0.9132460317460318,0.9952857142857142,High
4,0,4.8,71,68,40,119,51.1,3,2,0,12,100,-0.6666666666666666,0.35315079365079366,0.525142857142857,Moderate
6,8,7.0,81,41,57,53,52.3,3,8,1,3,79,-0.1,0.5481031746031745,0.3900714285714285,Moderate
9,4,6.2,78,48,78,68,52.1,1,10,0,5,66,0.6,0.49386507936507945,0.6337142857142858,Moderate
2,14,7.2,79,35,14,153,56.7,1,7,1,3,12,-1.5333333333333334,0.6881666666666668,0.3510000000000001,High
13,1,7.1,87,37,78,27,41.2,2,7,1,5,26,0.6,-0.08266666666666653,0.06350000000000015,Moderate
12,6,4.5,74,57,37,153,35.0,2,6,2,8,87,-0.7666666666666667,-0.2573809523809524,0.2014285714285714,High
16,8,8.5,67,48,4,89,49.0,2,4,2,3,95,-1.8666666666666667,0.2300793650793651,-0.21821428571428564,Low
20,2,8.5,77,36,37,118,47.2,3,21,0,10,122,-0.7666666666666667,0.8551111111111112,0.29600000000000015,High
1,10,5.7,83,33,82,137,56.7,4,3,1,6,34,0.7333333333333333,0.7275317460317461,0.6692142857142858,High
2,2,7.8,71,28,71,59,53.6,7,7,0,1,32,0.36666666666666664,0.8442222222222222,0.2955000000000001,Low
9,1,6.5,70,54,56,74,38.3,7,15,1,12,48,-0.13333333333333333,0.45810317460317446,0.25507142857142845,Moderate
7,4,7.5,71,12,37,75,35.0,2,7,0,5,14,-0.7666666666666667,-0.30833333333333335,-0.295,Low
3,13,7.2,68,48,12,28,39.8,5,6,1,6,21,-1.6,0.019730158730158598,-0.18957142857142867,Low
11,8,7.9,70,45,30,26,54.3,7,7,0,4,39,-1.0,0.8390555555555554,0.19649999999999984,Moderate
11,4,6.4,88,38,107,65,52.3,2,4,1,8,54,1.5666666666666667,0.3519126984126983,0.5057857142857141,High
12,0,6.9,78,41,82,30,43.8,3,4,1,7,180,0.7333333333333333,-0.0028095238095239283,0.10078571428571412,Low
2,4,8.6,76,51,5,135,49.0,2,5,1,11,38,-1.8333333333333333,0.31690476190476197,-0.20464285714285702,Low
2,10,7.7,77,54,37,50,53.0,5,21,0,8,12,-0.7666666666666667,1.1738888888888888,0.61,High
6,3,5.9,77,25,108,160,52.2,1,6,1,18,52,1.6,0.45773015873015893,0.6499285714285714,High
12,11,7.3,86,38,94,15,54.8,1,8,0,6,63,1.1333333333333333,0.48504761904761895,0.5050714285714285,High
3,2,7.5,67,38,50,18,35.0,4,3,3,15,180,-0.3333333333333333,-0.3811904761904762,-0.3767857142857143,Low
2,4,6.4,70,38,61,21,49.5,5,2,0,10,14,0.03333333333333333,0.30559523809523803,0.24964285714285703,Low
8,8,5.2,76,39,37,75,70.0,3,5,0,3,180,-0.7666666666666667,1.261904761904762,1.1003571428571426,High
7,8,7.4,79,47,71,66,35.0,5,4,1,19,180,0.36666666666666664,-0.2254761904761905,-0.27821428571428575,Moderate
8,8,7.6,74,42,73,38,42.4,3,12,0,15,110,0.43333333333333335,0.22879365079365072,0.1423571428571429,Moderate
7,12,7.6,68,55,79,46,42.9,2,9,1,6,57,0.6333333333333333,0.0863730158730158,0.08664285714285716,Low
1,3,7.1,65,55,63,146,55.4,1,13,3,8,25,0.1,0.8361746031746031,0.6234285714285713,Moderate
6,15,5.5,73,30,105,82,54.9,1,8,3,2,29,1.5,0.5639920634920634,0.8505714285714283,High
4,12,7.7,74,39,53,112,50.9,4,8,2,15,90,-0.23333333333333334,0.6173253968253968,0.21557142857142852,Moderate
12,3,6.3,79,46,101,71,46.2,4,4,2,9,57,1.3666666666666667,0.21741269841269853,0.3252857142857144,Moderate
1,5,5.7,61,32,69,90,35.1,5,2,1,16,9,0.3,-0.2657380952380952,-0.03985714285714289,Moderate
3,2,6.6,77,28,180,56,57.9,4,7,1,4,121,4.0,0.8343888888888887,0.907,High
3,7,5.5,73,33,57,147,47.2,5,7,1,7,167,-0.1,0.5206666666666668,0.47100000000000003,Moderate
12,4,7.3,86,26,150,82,50.5,4,5,0,7,54,3.0,0.4588492063492064,0.4303571428571429,Moderate
1,3,7.5,84,40,48,20,46.5,5,1,1,11,78,-0.4,0.13376984126984134,-0.09392857142857142,Low
7,17,6.6,62,47,38,165,47.3,2,9,1,6,82,-0.7333333333333333,0.416595238095238,0.29114285714285715,Moderate
4,5,6.7,88,46,180,14,35.0,4,2,2,3,12,4.0,-0.42134920634920636,0.05964285714285708,Moderate
7,15,6.5,75,18,81,18,45.3,5,8,1,20,34,0.7,0.3275476190476189,0.32757142857142846,Moderate
3,2,7.7,63,41,53,112,48.1,7,5,0,7,61,-0.23333333333333334,0.5841825396825399,0.04585714285714289,Low
7,3,7.4,91,64,47,72,51.1,4,5,1,5,85,-0.43333333333333335,0.4747380952380953,0.17335714285714282,Moderate
5,9,6.5,73,30,23,45,37.9,1,4,1,1,55,-1.2333333333333334,-0.3849761904761905,-0.15371428571428575,Low
4,8,7.0,80,54,108,49,54.0,0,4,0,7,64,1.6,0.27730158730158727,0.4542857142857143,Moderate
4,4,7.4,79,35,73,116,66.1,6,5,1,11,42,0.43333333333333335,1.3319603174603174,0.6883571428571426,Moderate
3,6,7.9,74,42,38,89,42.4,5,8,0,11,4,-0.7333333333333333,0.27593650793650787,-0.11192857142857153,Moderate
4,8,4.2,80,32,50,180,42.6,4,4,2,7,48,-0.3333333333333333,0.17652380952380958,0.4572857142857142,Moderate
10,13,7.5,77,36,12,62,43.9,8,10,2,20,35,-1.6,0.5848650793650793,-0.004785714285714324,Low
2,5,6.9,86,27,38,112,47.2,4,7,1,17,14,-0.7333333333333333,0.4151111111111112,0.17850000000000002,Low
5,7,8.0,85,47,127,65,36.1,3,10,1,1,38,2.2333333333333334,-0.09613492063492057,-0.0387857142857142,Low
7,8,5.7,74,58,66,11,45.5,3,6,0,1,64,0.2,0.12400793650793651,0.3789285714285714,Moderate
6,3,7.1,68,53,70,62,40.5,4,3,1,15,61,0.3333333333333333,-0.0848015873015873,-0.09178571428571422,Moderate
3,10,7.2,72,48,47,73,53.3,2,1,0,6,76,-0.43333333333333335,0.29865873015872996,0.1600714285714284,Moderate
3,4,6.4,86,41,180,109,48.3,2,6,1,4,81,4.0,0.2922301587301587,0.6254285714285712,Moderate
3,5,6.9,70,46,89,74,43.3,1,8,0,3,50,0.9666666666666667,0.03310317460317448,0.21757142857142842,Low
14,4,6.1,63,33,63,24,43.3,4,7,2,4,101,0.1,0.14183333333333323,0.26399999999999996,Moderate
7,5,6.7,72,51,43,18,45.7,2,3,0,9,50,-0.5666666666666667,-0.0330238095238094,0.06671428571428575,Low
7,11,7.3,84,33,51,20,55.8,7,7,1,9,180,-0.3,0.8998888888888887,0.39899999999999985,Moderate
7,12,6.8,78,41,55,135,47.1,3,5,1,9,54,-0.16666666666666666,0.2980714285714287,0.17835714285714294,Moderate
10,4,7.6,74,37,144,120,55.4,8,19,0,13,156,2.8,1.4882380952380954,0.9098571428571428,High
1,4,6.1,71,20,75,14,57.4,3,3,1,1,86,0.5,0.5556984126984127,0.6027142857142856,Moderate
4,5,5.6,80,37,38,48,39.7,2,1,0,9,135,-0.7333333333333333,-0.3411190476190475,0.009571428571428703,Low
4,4,6.1,65,38,67,63,41.0,3,6,1,5,36,0.23333333333333334,-0.020714285714285706,0.17642857142857146,Low
10,3,7.6,83,44,3,56,47.7,0,8,0,11,104,-1.9,0.14443650793650806,0.012071428571428733,Moderate
7,6,7.6,82,26,26,47,56.1,1,1,1,13,14,-1.1333333333333333,0.3291031746031746,0.12157142857142864,High
9,7,7.4,84,48,31,32,51.7,5,3,1,16,53,-0.9666666666666667,0.45253174603174623,0.09421428571428576,Moderate
2,2,7.7,69,30,54,88,48.7,1,13,1,8,9,-0.2,0.47023015873015894,0.29492857142857143,Low
3,7,7.3,68,32,58,157,49.3,7,2,3,6,19,-0.06666666666666667,0.5810396825396823,0.07864285714285707,Moderate
3,14,7.9,55,51,111,79,44.6,2,21,0,12,47,1.7,0.6281111111111112,0.508,Moderate
10,1,5.7,77,33,8,34,42.1,5,8,2,3,109,-1.7333333333333334,0.20132539682539685,0.18907142857142856,Moderate
15,4,7.9,70,44,35,57,54.9,3,2,0,4,60,-0.8333333333333334,0.4552619047619046,0.08414285714285699,Moderate
8,2,6.1,74,42,153,14,45.0,1,10,0,2,32,3.1,0.11436507936507938,0.6257142857142857,Moderate
3,3,6.9,85,48,19,98,46.6,1,10,0,7,152,-1.3666666666666667,0.2796984126984128,0.19871428571428568,Low
3,6,9.0,70,45,46,33,52.1,2,7,0,6,153,-0.4666666666666667,0.4145000000000001,-0.02199999999999993,Moderate
9,9,7.8,79,36,39,53,49.3,4,4,0,5,29,-0.7,0.3369126984126983,0.0007857142857142438,Moderate
16,4,6.3,82,39,96,22,50.2,1,8,1,1,80,1.2,0.2858253968253969,0.5470714285714287,High
6,14,5.6,73,12,70,42,39.5,2,7,1,5,23,0.3333333333333333,-0.14250000000000002,0.25500000000000006,Moderate
1,16,5.5,84,55,120,146,36.1,3,5,0,2,91,2.0,-0.18470634920634912,0.23835714285714288,Moderate
14,2,5.5,78,57,116,136,35.0,3,8,2,2,57,1.8666666666666667,-0.13817460317460317,0.2810714285714285,High
6,7,7.5,67,37,46,30,48.9,4,4,0,2,65,-0.4666666666666667,0.2933571428571428,0.058785714285714254,Low
5,1,7.0,78,66,40,70,38.7,4,2,0,13,111,-0.6666666666666666,-0.192626984126984,-0.2318571428571428,Low
4,3,6.2,69,40,78,79,46.3,4,3,0,18,16,0.6,0.19508730158730145,0.25971428571428556,Low
3,13,7.0,71,42,49,119,35.0,2,9,0,6,137,-0.36666666666666664,-0.18801587301587303,-0.12035714285714286,Low
5,2,7.4,72,49,158,94,41.9,3,4,0,5,25,3.2666666666666666,-0.017198412698412754,0.14628571428571419,Low
3,5,7.4,76,52,54,126,62.1,2,8,0,2,55,-0.2,1.0035476190476191,0.6065714285714284,High
5,7,7.4,69,46,127,129,58.6,5,4,0,13,54,2.2333333333333334,0.9065238095238096,0.5697857142857142,Moderate
3,4,7.5,73,50,73,69,62.2,3,7,0,4,28,0.43333333333333335,0.9756666666666668,0.611,Moderate
20,13,7.0,76,38,15,74,41.3,6,3,2,5,10,-1.5,0.09786507936507927,-0.18778571428571436,High
4,3,6.8,55,34,65,31,54.8,1,10,2,8,31,0.16666666666666666,0.5742539682539681,0.5772142857142856,Low
3,6,6.2,64,44,52,33,49.4,1,4,1,19,31,-0.26666666666666666,0.11919047619047614,0.31628571428571417,Low
19,8,6.4,79,48,51,6,54.4,6,7,0,1,180,-0.3,0.7546666666666667,0.5145,High
14,5,7.4,73,36,44,61,50.7,3,4,1,8,126,-0.5333333333333333,0.3421349206349208,0.12528571428571428,Moderate
4,2,6.0,70,57,59,126,53.2,5,6,0,7,71,-0.03333333333333333,0.7316190476190478,0.5399285714285715,Low
4,3,7.2,84,45,86,45,41.5,5,4,0,7,7,0.8666666666666667,0.043690476190476196,-0.010714285714285746,Low
7,2,8.0,70,48,92,90,40.6,5,20,0,5,17,1.0666666666666667,0.6246190476190476,0.2944285714285715,Moderate
4,5,5.3,74,37,75,33,48.9,4,7,1,13,76,0.5,0.40383333333333327,0.602,Low
4,7,7.2,80,52,180,34,44.1,1,1,1,5,45,4.0,-0.22534126984126976,0.21657142857142858,Moderate
3,7,4.6,79,44,91,87,56.1,5,5,1,5,89,1.0333333333333334,0.7830714285714286,0.9233571428571429,High
14,1,7.1,76,29,69,24,46.1,1,5,1,11,19,0.3,-0.0035952380952380125,0.13085714285714295,Moderate
19,7,6.9,70,24,35,57,52.1,4,8,1,14,73,-0.8333333333333334,0.6102142857142858,0.3465714285714286,High
1,4,6.7,82,60,45,85,50.7,1,4,2,10,13,-0.5,0.23546825396825413,0.25028571428571433,Low
11,9,8.6,86,37,32,122,38.8,2,3,1,3,7,-0.9333333333333333,-0.2279682539682541,-0.5002857142857142,Moderate
13,8,6.8,72,30,70,79,53.4,5,2,2,5,28,0.3333333333333333,0.5455396825396824,0.3191428571428572,Moderate
7,6,9.0,79,29,35,66,45.1,7,3,1,12,44,-0.8333333333333334,0.32664285714285723,-0.3737857142857142,Moderate
7,11,6.4,69,57,16,45,44.2,1,17,4,6,61,-1.4666666666666666,0.36280952380952397,0.4067142857142858,Moderate
4,20,8.6,61,52,12,92,66.1,5,1,2,4,31,-1.6,1.0957698412698411,0.21157142857142847,High
12,3,7.2,81,40,78,9,44.3,2,5,0,4,91,0.6,-0.03459523809523825,0.08185714285714274,Low
5,6,7.6,78,38,60,32,36.4,4,12,1,17,86,0.0,0.018793650793650724,-0.07014285714285709,Low
5,6,5.3,74,66,15,17,51.5,7,6,0,6,56,-1.5,0.6673412698412698,0.5014285714285713,Moderate
6,21,6.4,57,38,27,84,46.7,5,9,1,10,19,-1.1,0.49959523809523815,0.28064285714285714,Moderate
7,2,7.0,67,50,98,180,37.3,6,5,0,4,41,1.2666666666666666,0.10707142857142846,-0.04314285714285725,Low
3,6,6.8,81,65,175,56,44.9,4,4,1,6,17,3.8333333333333335,0.1422460317460317,0.3837857142857143,Moderate
13,10,6.4,55,59,118,73,47.1,4,6,1,7,49,1.9333333333333333,0.33156349206349217,0.4344285714285714,Moderate
10,4,7.0,78,47,10,10,40.7,2,6,0,6,75,-1.6666666666666667,-0.15976984126984112,-0.13257142857142848,Low
6,11,6.4,78,47,76,55,38.8,1,17,2,14,46,0.5333333333333333,0.1309206349206348,0.3947142857142856,Moderate
6,5,7.3,64,37,103,96,54.0,3,2,1,3,97,1.4333333333333333,0.45809523809523806,0.3321428571428572,Moderate
6,1,6.3,64,31,60,128,42.7,1,10,0,2,23,0.0,0.13753174603174617,0.28921428571428587,Moderate
4,5,7.2,93,24,31,23,45.9,2,2,0,20,114,-0.9666666666666667,-0.05418253968253972,-0.07335714285714294,Low
3,3,5.3,67,35,87,97,35.0,3,12,2,6,17,0.9,-0.03865079365079365,0.3578571428571429,Moderate
11,9,8.2,75,49,43,38,48.2,3,14,1,9,134,-0.5666666666666667,0.5612222222222224,0.19350000000000023,Moderate
16,2,6.7,81,32,88,180,50.0,5,13,1,10,85,0.9333333333333333,0.8976190476190476,0.5939285714285713,High
9,12,8.3,81,55,180,38,57.3,0,5,2,6,30,4.0,0.44929365079365063,0.5343571428571426,High
6,11,6.8,74,28,78,152,53.0,4,5,0,4,13,0.6,0.6491269841269842,0.41285714285714287,Moderate
7,11,7.2,76,37,17,65,49.5,5,4,1,1,76,-1.4333333333333333,0.42591269841269835,0.05678571428571423,Low
7,1,6.9,82,33,65,114,56.8,3,10,1,5,16,0.16666666666666666,0.8898095238095236,0.6197142857142856,High
3,5,6.5,81,45,180,11,37.9,1,4,0,5,18,4.0,-0.4227539682539683,0.2387857142857142,Low
3,4,6.2,81,51,76,132,43.2,4,3,0,11,57,0.5333333333333333,0.11447619047619059,0.16171428571428575,Moderate
5,9,4.8,71,47,29,112,42.4,3,4,2,8,43,-1.0333333333333334,0.025301587301587238,0.2937857142857142,Moderate
1,5,8.2,80,52,37,110,50.4,1,5,0,1,55,-0.7666666666666667,0.28546031746031736,-0.012642857142857053,Low
1,4,6.8,80,25,57,12,43.4,1,4,0,7,47,-0.1,-0.1741428571428572,0.04378571428571427,Low
22,17,8.2,86,22,176,56,54.4,1,20,1,11,10,3.8666666666666667,0.9411746031746032,0.8834285714285717,High
2,6,6.0,70,85,134,53,60.9,1,5,2,10,152,2.466666666666667,0.6946269841269842,0.9298571428571427,High
6,21,7.3,71,59,82,121,46.0,2,9,0,10,6,0.7333333333333333,0.3092063492063492,0.23964285714285716,Moderate
5,7,6.3,76,58,134,9,48.0,3,9,0,13,66,2.466666666666667,0.34142857142857147,0.6046428571428573,Moderate
4,10,6.4,65,20,62,89,40.4,3,3,2,6,36,0.06666666666666667,-0.12596825396825403,0.0077142857142856,Moderate
8,7,7.2,93,50,25,31,47.4,1,12,3,20,31,-1.1666666666666667,0.3126825396825397,0.24235714285714277,Moderate
6,8,6.7,67,53,110,103,52.3,1,12,0,4,12,1.6666666666666667,0.6131825396825397,0.6893571428571428,Moderate
8,5,7.7,78,41,52,71,45.1,5,14,1,4,103,-0.26666666666666666,0.5917222222222223,0.21050000000000002,Low
2,12,6.6,64,51,63,71,48.4,5,13,0,8,35,0.1,0.7045079365079365,0.5009285714285714,Moderate
13,4,7.3,78,52,47,7,47.2,0,21,1,6,25,-0.43333333333333335,0.5317777777777779,0.5310000000000001,Moderate
8,3,6.0,69,53,21,180,62.4,1,19,1,6,37,-1.3,1.4032380952380954,1.092357142857143,High
9,14,6.8,70,48,15,68,44.1,4,9,1,5,112,-1.5,0.2981507936507937,0.10264285714285723,Moderate
20,8,6.5,67,38,11,103,53.0,3,4,1,4,68,-1.6333333333333333,0.49230158730158735,0.2692857142857143,High
23,7,6.9,71,45,170,96,42.7,1,5,0,5,85,3.6666666666666665,-0.07659523809523795,0.31635714285714284,High
10,5,8.2,66,39,30,43,56.1,2,21,0,2,86,-1.0,1.1056111111111113,0.5980000000000002,Moderate
11,5,8.4,81,24,81,16,59.3,3,4,0,3,88,0.7,0.6791349206349206,0.3007857142857141,High
8,7,5.9,74,65,23,55,36.8,3,0,0,4,66,-1.2333333333333334,-0.432888888888889,-0.19600000000000017,Moderate
0,5,7.2,76,49,54,44,49.9,4,0,0,2,32,-0.2,0.21105555555555555,0.04699999999999989,Low
9,3,9.0,74,44,108,91,59.5,5,2,1,16,32,1.6,0.8333730158730157,0.2121428571428571,Moderate
2,9,7.6,67,42,8,180,45.7,3,2,3,9,126,-1.7333333333333334,0.17792857142857155,-0.20685714285714274,Low
9,1,8.4,58,49,17,119,59.8,4,4,1,10,171,-1.4333333333333333,0.8827460317460317,0.15578571428571414,High
9,5,5.3,76,35,65,23,47.9,4,1,2,5,65,0.16666666666666666,0.13343650793650785,0.37557142857142856,Moderate
12,4,7.7,81,43,84,33,50.0,5,10,1,12,6,0.8,0.6271428571428571,0.3232142857142857,Moderate
15,1,7.2,79,20,44,8,41.5,5,5,0,14,53,-0.5333333333333333,0.038293650793650796,-0.08714285714285717,Low
8,10,7.0,65,42,132,110,44.1,2,4,0,5,9,2.4,0.032912698412698504,0.2172857142857143,Low
8,5,5.5,73,45,36,55,49.4,6,5,1,15,57,-0.8,0.5126825396825397,0.4273571428571427,Moderate
5,9,5.8,86,48,140,35,48.3,5,12,1,4,155,2.6666666666666665,0.6242936507936507,0.8018571428571428,Moderate
8,5,6.0,70,47,29,95,46.8,3,1,1,5,70,-1.0333333333333334,0.09726984126984116,0.13007142857142845,Moderate
10,6,6.8,74,46,59,74,45.9,0,5,0,10,133,-0.03333333333333333,-0.023706349206349255,0.15235714285714286,Moderate
2,12,6.3,87,34,52,80,44.3,3,2,1,5,111,-0.26666666666666666,0.0038174603174601796,0.08864285714285706,Moderate
11,9,5.9,74,50,4,59,35.0,1,1,0,10,119,-1.8666666666666667,-0.6070634920634921,-0.2689285714285715,Moderate
15,8,6.3,81,51,42,180,45.9,6,11,3,14,48,-0.6,0.7083571428571428,0.3687857142857143,High
6,3,6.9,64,46,49,62,54.4,5,15,0,7,37,-0.36666666666666664,1.035936507936508,0.6505714285714286,Moderate
5,12,8.2,67,48,63,180,35.0,5,13,0,3,120,0.1,0.2226190476190476,-0.18107142857142844,Moderate
11,1,7.6,72,45,76,84,43.3,6,6,0,20,137,0.5333333333333333,0.30611904761904757,0.0054285714285714284,Moderate
3,9,6.4,78,46,12,180,38.1,2,0,2,13,128,-1.6,-0.3021666666666666,-0.272,Low
11,4,6.4,83,46,99,112,57.3,8,12,0,12,53,1.3,1.3148492063492063,0.8643571428571428,High
10,17,7.7,78,38,7,180,55.3,2,9,1,2,43,-1.7666666666666666,0.7932619047619046,0.2611428571428571,Moderate
13,7,7.0,83,50,143,18,58.7,4,16,1,20,120,2.7666666666666666,1.1495952380952381,1.0256428571428573,High
15,7,5.8,79,58,77,46,39.5,2,6,0,7,74,0.5666666666666667,-0.17376984126984127,0.2089285714285714,Moderate
7,8,7.1,57,31,26,35,38.2,2,7,1,3,53,-1.1333333333333333,-0.20877777777777767,-0.15649999999999986,Low
3,6,7.5,90,43,42,101,51.6,0,3,0,20,29,-0.6,0.1913650793650795,0.1012142857142858,Moderate
23,3,5.0,78,41,63,17,53.9,2,19,0,2,47,0.1,0.9062936507936508,1.117357142857143,High
8,4,7.6,86,44,54,62,36.4,3,2,2,11,76,-0.2,-0.3716825396825397,-0.3708571428571429,Low
7,7,4.3,68,43,40,18,55.0,2,4,0,3,60,-0.6666666666666666,0.4211904761904763,0.7867857142857141,Moderate
12,13,7.2,81,41,122,26,40.7,2,4,0,1,44,2.066666666666667,-0.2134206349206348,0.05528571428571434,Low
8,6,7.9,69,60,34,32,46.3,5,7,0,11,88,-0.8666666666666667,0.3523888888888887,-0.03350000000000017,Moderate
2,2,5.9,74,43,6,115,45.9,1,3,1,13,51,-1.8,0.017087301587301557,0.12021428571428561,Low
12,2,6.8,83,30,62,180,58.5,3,14,2,3,119,0.06666666666666667,1.1825,0.795,High
11,2,4.9,90,40,44,158,48.4,5,21,2,6,41,-0.5333333333333333,1.086888888888889,0.9794999999999998,High
6,6,6.9,79,46,180,72,57.0,1,6,3,3,134,4.0,0.575952380952381,0.7989285714285714,High
5,8,6.1,69,61,4,59,47.0,2,5,1,3,45,-1.8666666666666667,0.14246031746031748,0.1703571428571429,Low
4,5,7.5,78,34,58,16,37.5,0,1,0,5,45,-0.06666666666666667,-0.6090079365079365,-0.3389285714285714,Low
5,14,6.2,65,21,39,107,43.9,1,16,2,20,24,-0.7,0.382484126984127,0.461642857142857,Moderate
10,13,7.4,66,51,19,41,39.5,4,3,1,10,6,-1.3666666666666667,-0.15313492063492062,-0.3017857142857143,Low
4,1,9.0,81,39,13,140,66.4,4,7,1,8,54,-1.5666666666666667,1.3102222222222226,0.3245000000000002,High
2,4,6.1,69,54,36,33,35.0,2,9,0,6,5,-0.8,-0.2835714285714286,0.0046428571428571985,Low
8,3,6.5,76,49,20,67,38.0,2,18,0,12,42,-1.3333333333333333,0.21063492063492062,0.24178571428571427,Moderate
13,8,8.0,55,41,35,78,57.2,1,6,1,4,112,-0.8333333333333334,0.5916190476190478,0.24992857142857144,Moderate
6,11,7.0,68,62,25,75,57.3,4,7,1,11,63,-1.1666666666666667,0.8284999999999998,0.4314999999999999,High
4,17,7.6,68,48,37,125,48.6,2,7,2,1,22,-0.7666666666666667,0.35922222222222233,0.09550000000000008,Moderate
5,6,7.0,80,38,77,40,45.5,5,2,0,8,10,0.5666666666666667,0.14670634920634923,0.06464285714285713,Low
19,6,5.7,63,29,38,70,42.6,5,11,1,11,35,-0.7333333333333333,0.37096825396825406,0.36478571428571427,High
6,6,6.4,83,51,40,75,38.4,4,3,1,7,22,-0.6666666666666666,-0.16485714285714292,-0.1072857142857144,Low
11,11,7.1,69,40,52,53,51.3,4,4,1,1,73,-0.26666666666666666,0.42691269841269824,0.21578571428571425,Moderate
1,2,7.5,85,41,25,83,35.0,6,6,3,19,94,-1.1666666666666667,-0.06849206349206348,-0.3535714285714286,Low
1,10,7.0,70,43,76,39,57.4,3,11,1,4,119,0.5333333333333333,0.8691904761904761,0.6762857142857143,Moderate
7,1,6.7,86,38,50,121,40.6,1,1,0,5,125,-0.3333333333333333,-0.2861746031746031,-0.12592857142857142,Low
6,14,6.3,83,28,119,81,35.0,2,5,3,3,104,1.9666666666666666,-0.37309523809523815,0.06285714285714289,High
3,6,7.1,68,47,174,39,49.5,3,6,0,4,72,3.8,0.33511904761904765,0.5239285714285714,Moderate
11,1,7.0,71,39,30,33,42.2,4,2,1,17,60,-1.0,-0.07623809523809512,-0.1518571428571428,Low
3,9,6.5,72,43,8,134,43.7,2,8,1,10,55,-1.7333333333333334,0.18443650793650807,0.09707142857142864,Low
11,5,6.1,55,36,63,109,50.5,5,3,1,2,22,0.1,0.4840873015873016,0.36571428571428577,Low
2,3,6.9,62,49,40,69,47.9,2,10,1,5,35,-0.6666666666666666,0.3726428571428571,0.2902142857142856,Low
12,8,5.9,89,36,60,68,35.0,5,7,2,6,41,0.0,-0.11611111111111112,0.04249999999999993,Moderate
4,1,8.4,69,50,81,59,35.4,1,10,0,7,92,0.7,-0.26763492063492067,-0.24478571428571438,Low
8,3,7.3,68,39,123,17,38.8,3,2,0,3,48,2.1,-0.31368253968253984,-0.07385714285714293,Low
7,7,6.8,68,26,91,34,44.0,3,12,0,6,33,1.0333333333333334,0.29634920634920636,0.37535714285714294,Low
4,2,6.9,68,39,25,43,38.3,5,19,0,2,34,-1.1666666666666667,0.4331825396825395,0.2218571428571427,Low
4,9,6.3,75,41,23,68,41.8,2,4,1,15,49,-1.2333333333333334,-0.11725396825396837,-0.0017142857142857792,Low
10,4,6.6,66,30,23,53,43.1,2,0,0,12,47,-1.2333333333333334,-0.21827777777777768,-0.12949999999999992,Low
7,1,9.0,80,48,88,12,59.2,2,4,1,4,39,0.9333333333333333,0.6035238095238098,0.21028571428571435,Low
4,5,5.8,88,39,40,38,42.7,0,1,0,13,8,-0.6666666666666666,-0.3505634920634919,0.06957142857142867,Low
6,2,8.0,69,39,95,74,48.6,3,6,0,12,23,1.1666666666666667,0.3335079365079366,0.14192857142857146,Moderate
6,2,5.6,85,52,82,170,39.1,2,2,0,8,22,0.7333333333333333,-0.19684920634920627,0.1301428571428572,Low
14,15,6.7,64,28,58,64,47.3,3,4,0,8,46,-0.06666666666666667,0.19246825396825387,0.18078571428571413,High
15,8,6.7,61,46,63,108,50.3,3,3,2,17,143,0.1,0.3406428571428571,0.25471428571428567,Moderate
2,6,6.9,91,49,21,73,35.6,2,2,0,16,51,-1.3,-0.4621269841269841,-0.35485714285714287,Low
5,10,6.5,84,37,44,18,50.7,2,5,1,8,57,-0.5333333333333333,0.2634047619047621,0.31135714285714294,Low
17,4,6.9,68,55,16,66,58.0,3,21,2,4,113,-1.4666666666666666,1.2833333333333334,0.8475,High
7,4,6.8,60,34,48,125,49.9,5,11,0,16,55,-0.4,0.760579365079365,0.41628571428571426,Moderate
4,4,7.4,78,57,49,129,53.4,3,9,0,6,31,-0.36666666666666664,0.7177619047619047,0.36164285714285704,Moderate
1,2,6.1,66,34,16,56,35.0,3,3,1,12,104,-1.4666666666666666,-0.4056349206349207,-0.2167857142857142,Low
17,6,6.2,72,38,114,180,41.4,1,2,0,8,124,1.8,-0.14890476190476196,0.17414285714285704,High
8,14,7.3,72,63,27,85,50.9,4,7,1,2,14,-1.1,0.551611111111111,0.19199999999999995,Moderate
14,6,8.0,77,47,98,12,41.2,3,9,1,12,100,1.2666666666666666,0.038761904761904886,0.01314285714285722,Moderate
1,5,6.5,62,28,23,10,55.2,1,7,0,10,65,-1.2333333333333334,0.46177777777777795,0.45100000000000007,Low
7,3,6.6,86,49,55,33,52.9,4,10,0,20,118,-0.16666666666666666,0.6909761904761903,0.5302142857142857,Moderate
3,8,7.5,91,42,34,46,58.6,6,4,1,3,74,-0.8666666666666667,0.8809682539682542,0.3197857142857143,High
4,7,6.1,77,35,92,115,35.1,0,2,2,19,73,1.0666666666666667,-0.5712936507936508,-0.05235714285714278,Moderate
10,2,6.2,71,25,24,95,61.0,7,7,3,3,11,-1.2,1.2172222222222222,0.68,High
3,3,8.6,80,41,72,150,56.4,2,9,0,2,99,0.4,0.8094285714285714,0.29914285714285715,Moderate
8,2,8.0,62,31,25,70,45.7,3,6,3,15,58,-1.1666666666666667,0.1985634920634922,-0.1200714285714285,Low
5,10,7.2,71,26,146,45,52.3,3,5,2,7,74,2.8666666666666667,0.4320714285714285,0.49185714285714277,Moderate
5,3,6.2,84,55,180,19,48.1,2,16,2,8,24,4.0,0.540373015873016,0.9401428571428572,High
11,13,7.1,66,38,98,48,47.7,5,5,3,10,62,1.2666666666666666,0.36173809523809536,0.251357142857143,High
4,4,7.7,72,37,35,31,52.3,3,5,2,0,167,-0.8333333333333334,0.4165158730158729,0.12685714285714278,Low
10,5,6.6,71,43,74,70,40.1,7,9,0,7,18,0.4666666666666667,0.320373015873016,0.16514285714285726,Low
3,2,7.2,84,25,51,103,35.0,5,6,0,8,86,-0.3,-0.11293650793650793,-0.2360714285714286,Low
4,3,7.0,82,67,26,20,63.3,3,6,0,13,46,-1.1333333333333333,0.9350079365079362,0.5854285714285713,Moderate
6,7,6.7,67,49,56,99,56.1,4,2,1,1,9,-0.13333333333333333,0.6225952380952381,0.38264285714285706,Moderate
8,5,4.7,60,45,124,135,56.4,4,9,0,12,34,2.1333333333333333,0.9260952380952381,1.111642857142857,High
5,5,7.4,72,26,58,134,42.1,2,14,0,15,21,-0.06666666666666667,0.32672222222222225,0.188,Moderate
6,9,7.1,71,49,20,19,46.6,6,4,2,12,66,-1.3333333333333333,0.31096825396825406,-0.005214285714285602,Moderate
12,8,6.5,95,36,114,89,59.3,2,9,0,10,95,1.8,0.8721507936507936,0.858642857142857,High
15,2,6.2,69,41,41,39,43.5,3,5,2,7,20,-0.6333333333333333,0.029404761904761906,0.14035714285714282,Low
12,4,6.0,66,25,122,71,50.3,1,5,0,5,19,2.066666666666667,0.2376269841269841,0.5818571428571427,Moderate
6,9,9.0,68,30,73,53,46.8,5,13,0,5,24,0.43333333333333335,0.6125079365079364,0.05792857142857136,Low
8,10,6.8,60,48,67,27,58.0,2,11,1,9,113,0.23333333333333334,0.8161904761904762,0.7067857142857144,High
14,17,7.8,73,62,17,46,59.0,4,12,0,4,28,-1.4333333333333333,1.0513492063492063,0.46535714285714286,High
6,7,7.4,67,46,88,62,44.1,3,4,3,2,92,0.9333333333333333,0.04624603174603183,0.037285714285714255,Moderate
3,2,7.0,59,46,44,41,46.4,3,14,1,3,77,-0.5333333333333333,0.48355555555555557,0.35200000000000004,Low
8,3,7.8,73,36,34,138,44.6,2,9,1,1,48,-0.8666666666666667,0.26509523809523816,-0.00985714285714278,Low
4,10,6.9,64,50,60,120,45.0,3,5,1,2,65,0.0,0.1869047619047619,0.11035714285714279,Low
7,3,5.3,66,33,98,47,58.2,5,4,1,10,74,1.2666666666666666,0.7974126984126986,0.8527857142857143,High
11,2,6.2,77,38,152,24,35.0,1,10,2,8,107,3.066666666666667,-0.32452380952380955,0.3057142857142857,Moderate
17,2,6.1,79,47,56,26,53.8,0,2,1,3,8,-0.13333333333333333,0.1713174603174602,0.418642857142857,Moderate
4,5,6.7,88,41,23,28,43.0,1,7,0,10,167,-1.2333333333333334,-0.06722222222222221,0.04999999999999996,Moderate
21,11,7.4,69,27,94,17,58.0,2,5,1,7,122,1.1333333333333333,0.5907936507936509,0.4978571428571428,High
13,2,6.2,63,51,41,70,43.1,3,10,4,6,142,-0.6333333333333333,0.224420634920635,0.27121428571428574,Moderate
10,12,6.9,75,45,44,47,41.3,4,14,1,20,41,-0.5333333333333333,0.32738888888888873,0.21649999999999983,Moderate
2,10,7.2,72,58,26,68,53.5,1,21,0,3,27,-1.1333333333333333,0.9497222222222222,0.685,Moderate
3,9,7.1,69,50,101,15,59.5,5,3,0,6,52,1.3666666666666667,0.7846428571428571,0.5557142857142857,Moderate
8,2,5.8,82,44,78,19,51.3,5,11,1,5,34,0.6,0.7058015873015872,0.7082857142857143,Moderate
4,9,7.6,74,34,51,75,55.5,0,5,1,11,48,-0.3,0.4094047619047619,0.28035714285714286,Moderate
22,1,6.3,66,39,12,84,54.3,1,4,1,10,6,-1.6,0.39635714285714274,0.34578571428571414,High
8,10,8.1,70,33,19,113,46.5,1,6,1,20,50,-1.3666666666666667,0.14900793650793653,-0.12857142857142848,Moderate
9,4,6.4,69,30,117,100,53.2,1,5,0,19,101,1.9,0.4003492063492066,0.5863571428571428,Moderate
5,4,5.9,73,12,13,21,53.3,4,14,0,4,109,-1.5666666666666667,0.8384999999999998,0.6739999999999999,High
1,10,5.9,75,26,53,34,36.1,1,20,1,13,109,-0.23333333333333334,0.09323015873015877,0.4294285714285714,Moderate
11,5,7.9,73,46,59,112,54.9,6,7,1,6,119,-0.03333333333333333,0.8949444444444443,0.28699999999999987,Moderate
3,13,7.5,63,47,160,134,38.3,1,16,1,16,17,3.3333333333333335,0.16048412698412687,0.3686428571428571,Moderate
27,2,7.3,77,37,83,70,49.9,6,2,1,6,15,0.7666666666666667,0.44470634920634916,0.15914285714285709,Moderate
3,3,8.0,71,42,56,133,49.4,5,13,2,4,40,-0.13333333333333333,0.8183968253968253,0.26842857142857135,Low
4,8,7.0,85,42,31,32,50.2,2,14,0,6,4,-0.9666666666666667,0.577888888888889,0.4335,Moderate
3,2,6.1,74,26,25,140,43.4,2,13,2,6,174,-1.1666666666666667,0.35617460317460314,0.3434285714285714,Moderate
4,1,7.6,83,68,40,36,56.2,4,2,0,9,97,-0.6666666666666666,0.5570952380952383,0.1881428571428573,Low
4,1,7.5,81,56,81,52,59.3,2,2,1,3,91,0.7,0.5810396825396824,0.4011428571428569,Moderate
3,1,8.1,65,58,126,99,49.5,4,1,0,2,68,2.2,0.28988095238095235,0.08607142857142863,Low
8,8,7.8,74,39,14,69,44.1,3,3,2,8,35,-1.5333333333333334,0.018309523809523897,-0.24628571428571422,Low
2,10,4.3,69,45,68,132,35.0,4,5,1,4,13,0.26666666666666666,-0.1830952380952381,0.28535714285714286,Moderate
2,3,6.6,71,48,54,16,49.7,2,8,0,13,10,-0.2,0.32332539682539696,0.3745714285714287,Low
7,11,6.3,69,43,1,84,47.9,3,4,0,9,77,-1.9666666666666666,0.24169047619047612,0.1262857142857142,Low
3,1,7.3,94,37,99,82,43.6,4,9,0,3,48,1.3,0.2912063492063493,0.21014285714285721,Moderate
14,7,5.9,88,45,57,54,35.0,4,9,0,12,46,-0.1,-0.1269047619047619,0.09214285714285705,Moderate
9,3,6.6,92,40,110,42,45.8,3,4,0,1,133,1.6666666666666667,0.1005238095238094,0.28328571428571425,Low
5,11,4.9,62,34,33,180,43.4,4,8,0,4,127,-0.9,0.35538095238095235,0.4305714285714285,Moderate
16,7,8.2,55,53,77,98,55.9,1,5,0,5,81,0.5666666666666667,0.519626984126984,0.25235714285714295,High
10,21,7.4,74,34,98,165,64.7,1,4,3,2,83,1.2666666666666666,0.9543571428571431,0.6802857142857142,High
2,7,7.1,72,58,15,24,35.0,4,2,1,6,20,-1.5,-0.4102380952380953,-0.42285714285714276,Low
3,7,7.0,74,48,106,51,35.0,2,3,0,8,168,1.5333333333333334,-0.47785714285714287,-0.1492857142857143,Low
7,3,6.9,63,52,39,72,52.9,1,2,3,9,85,-0.7,0.24859523809523798,0.20914285714285707,Moderate
8,5,6.4,75,61,69,18,40.2,2,2,0,8,180,0.3,-0.3162380952380951,-0.009357142857142862,Moderate
6,3,6.9,81,41,15,13,54.7,1,7,1,4,103,-1.5,0.44261111111111123,0.34600000000000003,Moderate
6,11,6.8,66,59,138,86,59.6,4,2,1,4,31,2.6,0.7656507936507937,0.6751428571428573,High
4,13,6.6,89,66,37,84,37.5,5,14,1,12,126,-0.7666666666666667,0.26416666666666666,0.13750000000000007,Moderate
9,8,8.0,73,61,180,44,50.5,1,2,0,7,29,4.0,0.10948412698412704,0.29714285714285715,Moderate
3,0,8.1,64,60,97,37,53.0,3,5,1,7,27,1.2333333333333334,0.4546825396825398,0.23285714285714296,Low
11,3,6.7,62,40,83,8,47.6,3,3,0,20,132,0.7666666666666667,0.10803174603174612,0.2237142857142857,Moderate
9,6,7.0,81,45,27,30,44.1,2,5,2,5,60,-1.1,-0.020261904761904675,-0.016642857142857112,Low
13,9,8.1,69,33,26,69,64.5,2,16,1,1,30,-1.1333333333333333,1.3339285714285714,0.7146428571428574,High
10,11,9.0,55,78,57,108,52.2,6,2,0,4,61,-0.1,0.5904285714285715,-0.13435714285714281,Moderate
3,6,7.2,71,34,133,91,61.5,3,2,1,8,17,2.433333333333333,0.7900396825396825,0.649642857142857,High
9,4,6.8,73,51,138,34,44.4,3,8,0,6,15,2.6,0.17149206349206342,0.39057142857142857,High
6,7,6.7,73,33,35,45,39.9,1,10,0,11,53,-0.8333333333333334,-0.08069047619047626,0.07271428571428562,Low
3,7,6.9,66,37,52,97,50.6,2,17,2,9,34,-0.26666666666666666,0.7752539682539683,0.6012142857142857,Moderate
13,3,6.2,84,61,180,45,36.1,4,8,0,2,20,4.0,-0.12311904761904756,0.35157142857142853,High
5,8,6.2,72,28,51,177,35.0,1,7,1,2,41,-0.3,-0.26166666666666666,-0.032500000000000036,Moderate
5,4,7.1,83,43,29,34,47.2,3,2,1,15,46,-1.0333333333333334,0.08320634920634931,-0.021857142857142728,Moderate
5,8,7.4,83,25,30,74,39.8,5,4,2,11,14,-1.0,-0.0005873015873017161,-0.23671428571428588,Low
11,7,7.9,73,31,50,38,37.5,4,21,0,3,113,-0.3333333333333333,0.3963888888888889,0.1425,Moderate
5,10,7.3,88,46,81,122,39.2,3,4,1,20,38,0.7,-0.10758730158730145,-0.1097142857142856,Low
5,3,6.3,79,12,88,180,50.8,3,5,0,20,77,0.9333333333333333,0.5145714285714283,0.45935714285714274,Moderate
4,6,6.9,72,19,31,54,35.0,3,8,1,6,25,-0.9666666666666667,-0.2292857142857143,-0.1764285714285715,Low
2,1,5.3,74,47,110,66,36.1,3,21,0,7,37,1.6666666666666667,0.2978333333333334,0.7055,Moderate
6,2,6.6,57,38,40,45,42.4,7,3,1,8,48,-0.6666666666666666,0.18180952380952375,-0.022285714285714263,Low
11,3,7.5,69,53,80,14,47.7,2,5,1,8,73,0.6666666666666666,0.12396031746031762,0.13635714285714293,Low
4,9,7.3,82,56,49,47,41.6,5,2,2,12,180,-0.36666666666666664,-0.02101587301587296,-0.1748571428571428,Moderate
8,12,6.2,86,48,47,47,57.4,1,17,1,12,118,-0.43333333333333335,0.959031746031746,0.9152142857142858,High
10,9,7.0,57,34,90,23,52.3,4,6,1,10,89,1.0,0.5100079365079364,0.41542857142857137,Moderate
4,5,7.2,60,33,62,24,56.2,5,3,0,20,64,0.06666666666666667,0.6461428571428572,0.3417142857142858,Moderate
3,1,5.8,67,12,41,86,40.1,3,6,0,6,98,-0.6333333333333333,-0.03565873015873009,0.13692857142857148,Low
9,10,8.3,61,65,113,17,42.7,3,3,2,12,49,1.7666666666666666,-0.10246825396825383,-0.1282857142857143,Moderate
2,4,4.9,63,45,59,24,36.5,3,21,1,6,93,-0.03333333333333333,0.26916666666666667,0.66,Moderate
9,7,6.2,73,46,19,36,45.2,5,6,0,20,81,-1.3666666666666667,0.27161904761904776,0.16492857142857148,Low
7,1,5.3,84,63,33,18,42.8,6,2,3,17,30,-0.9,0.06742857142857125,0.171142857142857,Moderate
6,9,7.6,58,58,60,74,38.7,4,9,1,4,56,0.0,0.06181746031746044,-0.08685714285714272,Low
9,3,8.2,89,54,28,76,42.4,3,6,1,2,110,-1.0666666666666667,0.05673015873015866,-0.2465714285714285,Low
2,3,6.4,91,27,69,36,62.7,2,3,0,10,115,0.3,0.7519761904761908,0.6942142857142857,High
12,2,5.7,76,54,28,28,42.1,5,3,1,4,133,-1.0666666666666667,0.01608730158730165,0.09621428571428571,Moderate
4,4,7.2,62,49,22,23,46.1,7,13,2,3,2,-1.2666666666666666,0.6810079365079367,0.22442857142857142,Moderate
15,3,6.1,74,53,87,32,43.0,2,2,0,6,36,0.9,-0.1746825396825397,0.17214285714285718,Moderate
8,11,7.3,76,51,52,101,46.2,3,9,0,2,72,-0.26666666666666666,0.3626507936507938,0.17064285714285726,Moderate
4,1,5.9,83,42,50,61,37.7,6,2,1,9,40,-0.3333333333333333,-0.11429365079365067,-0.04435714285714286,Low
5,6,6.9,95,35,42,176,55.4,2,13,1,3,36,-0.6,0.9361746031746032,0.6059285714285713,High
3,5,5.2,74,40,50,95,45.3,0,4,0,4,77,-0.3333333333333333,-0.06308730158730172,0.3632857142857141,Low
8,2,6.3,63,49,24,28,52.0,1,12,1,11,115,-1.2,0.5163492063492064,0.535357142857143,Moderate
2,6,5.7,64,44,33,32,62.1,4,6,1,13,113,-0.9,0.9610079365079366,0.7944285714285713,High
5,21,5.2,77,22,124,74,61.1,4,12,0,3,49,2.1333333333333333,1.1769603174603178,1.250857142857143,High
1,13,7.7,62,28,10,16,57.2,5,3,1,9,45,-1.6666666666666667,0.6822539682539683,0.1542142857142857,High
4,2,7.3,62,48,89,143,39.1,6,5,2,8,51,0.9666666666666667,0.14696031746031757,-0.06414285714285707,Low
4,2,7.7,87,25,24,71,42.1,5,4,0,3,17,-1.2,0.09957936507936514,-0.23521428571428568,Low
6,9,5.8,74,57,62,18,46.7,6,2,2,5,30,0.06666666666666667,0.24292857142857144,0.27314285714285724,Moderate
16,7,7.4,88,61,143,47,50.8,6,6,0,10,41,2.7666666666666666,0.6025079365079363,0.4329285714285712,Moderate
10,4,8.6,75,50,44,51,53.6,4,9,1,8,9,-0.5333333333333333,0.7067619047619048,0.14514285714285724,Low
10,6,5.4,67,38,25,57,36.5,4,21,1,5,56,-1.1666666666666667,0.3725,0.48749999999999993,Moderate
3,7,7.6,79,80,145,53,52.5,3,8,1,8,48,2.8333333333333335,0.5571031746031746,0.5110714285714286,Moderate
6,6,6.8,58,59,36,36,58.4,2,14,0,10,117,-0.8,0.9513333333333334,0.7269999999999999,High
12,2,7.0,74,65,53,5,42.4,2,4,2,20,85,-0.23333333333333334,-0.16025396825396832,-0.03121428571428576,Low
1,7,7.7,73,44,74,21,47.9,3,5,0,8,33,0.4666666666666667,0.20740476190476187,0.09235714285714276,Low
14,7,6.4,65,45,84,62,41.1,2,15,2,5,32,0.8,0.23743650793650797,0.42657142857142855,Moderate
6,1,6.4,72,34,16,142,47.9,1,3,0,3,124,-1.4666666666666666,0.13708730158730154,0.1177142857142856,Low
6,18,7.9,69,34,55,155,62.2,2,11,1,4,153,-0.16666666666666666,1.1474126984126984,0.6102857142857143,High
0,7,4.7,86,17,71,82,51.6,2,4,0,5,44,0.36666666666666664,0.33930158730158744,0.6922857142857142,Moderate
7,7,7.2,59,61,99,11,43.7,2,7,1,6,77,1.3,0.012055555555555666,0.17350000000000004,Moderate
3,5,7.4,78,40,67,180,44.9,2,1,2,4,31,0.23333333333333334,0.039547619047619,-0.07692857142857153,Low
3,4,6.5,71,56,24,41,59.2,3,3,0,2,88,-1.2,0.6666984126984129,0.4592142857142858,Low
4,6,6.4,69,50,139,44,50.9,6,7,0,1,85,2.6333333333333333,0.6393888888888888,0.6294999999999998,Moderate
5,5,6.6,72,25,32,46,42.9,4,6,0,1,30,-0.9333333333333333,0.112563492063492,0.058428571428571455,Low
11,10,6.8,70,41,89,17,41.7,2,1,1,7,87,0.9666666666666667,-0.2855634920634919,-0.012928571428571317,Moderate
8,5,8.9,83,40,41,61,51.1,7,21,1,4,90,-0.6333333333333333,1.2339444444444445,0.35300000000000004,High
7,14,7.3,73,44,39,81,44.9,4,5,1,17,112,-0.7,0.2057380952380952,-0.015142857142857138,Moderate
8,1,8.2,62,44,53,103,55.2,1,17,2,11,49,-0.23333333333333334,0.9222539682539685,0.5142142857142861,Moderate
18,6,6.7,62,56,27,53,50.4,1,21,1,7,43,-1.1,0.7935555555555555,0.6819999999999999,High
4,5,7.9,64,29,74,73,46.7,4,5,1,2,180,0.4666666666666667,0.27784920634920646,0.021357142857142866,Low
2,5,6.3,74,54,134,53,51.6,2,7,1,1,56,2.466666666666667,0.4142222222222224,0.6555,Moderate
8,16,6.7,64,49,42,18,54.2,2,2,1,15,73,-0.6,0.31376190476190496,0.29064285714285715,Moderate
4,5,7.1,67,29,112,35,53.6,3,8,0,5,21,1.7333333333333334,0.5866031746031747,0.5490714285714287,Moderate
9,4,6.2,79,52,42,122,46.9,4,5,0,3,48,-0.6,0.3412936507936507,0.24485714285714272,Moderate
5,10,8.1,74,61,58,78,48.9,1,1,2,2,55,-0.06666666666666667,0.039547619047619054,-0.1019285714285714,Low
7,8,6.5,86,39,31,24,44.6,6,9,2,12,72,-0.9666666666666667,0.4050952380952382,0.2101428571428572,Moderate
1,4,6.3,76,45,68,58,57.8,3,3,3,9,22,0.26666666666666666,0.6225873015873016,0.5622142857142857,Moderate
1,3,7.6,83,46,70,82,50.1,2,5,1,3,26,0.3333333333333333,0.3075158730158732,0.16585714285714298,Low
6,9,8.4,87,45,68,27,46.1,4,6,0,10,118,0.26666666666666666,0.23545238095238102,-0.07057142857142859,Low
12,5,6.6,70,29,70,25,35.0,7,19,0,1,41,0.3333333333333333,0.398015873015873,0.2878571428571429,Moderate
2,1,7.9,77,44,102,54,44.2,5,10,3,5,71,1.4,0.38947619047619064,0.15921428571428575,Low
8,2,6.5,60,46,26,47,45.6,2,11,0,5,79,-1.1333333333333333,0.28041269841269845,0.2847857142857143,Low
15,6,5.9,67,63,64,32,48.5,2,8,0,12,180,0.13333333333333333,0.2871031746031746,0.4860714285714285,High
3,1,6.4,75,41,54,117,47.7,3,15,0,4,24,-0.2,0.6622142857142859,0.5495714285714285,Low
5,4,8.0,84,54,58,64,53.4,3,2,2,3,180,-0.06666666666666667,0.39553968253968247,0.0791428571428571,Moderate
7,5,7.8,80,30,60,45,41.7,9,7,1,6,173,0.0,0.42650000000000016,-0.08899999999999987,Moderate
8,2,5.3,75,46,133,28,35.0,2,8,1,4,56,2.433333333333333,-0.3248412698412699,0.35857142857142854,Moderate
5,3,7.2,93,62,16,35,48.7,5,5,1,3,8,-1.4666666666666666,0.39229365079365097,0.05885714285714291,Low
6,6,8.1,76,46,13,48,45.2,3,6,1,6,101,-1.5666666666666667,0.15161904761904774,-0.18257142857142844,Low
4,4,6.4,75,54,78,33,64.7,3,16,0,3,42,0.6,1.3695952380952383,1.148142857142857,High
7,10,6.7,72,41,51,45,55.4,1,4,0,1,99,-0.3,0.4025238095238095,0.4062857142857141,Moderate
2,4,7.8,78,32,180,45,46.7,4,8,0,12,81,4.0,0.35388095238095246,0.3895714285714287,Moderate
6,5,8.0,72,40,30,79,40.4,2,2,2,10,20,-1.0,-0.2394603174603175,-0.38085714285714295,Low
2,3,8.5,88,54,107,30,47.6,4,2,1,9,140,1.5666666666666667,0.16342857142857148,-0.0598571428571428,Low
17,0,7.9,95,40,56,24,47.6,2,3,2,12,38,-0.13333333333333333,0.05914285714285725,-0.053785714285714305,Moderate
6,6,5.9,63,56,79,180,40.4,3,8,1,17,180,0.6333333333333333,0.15371428571428564,0.28057142857142847,Moderate
8,6,5.5,76,71,32,69,42.6,4,2,2,7,19,-0.9333333333333333,-0.018238095238095182,0.1276428571428571,Moderate
3,14,5.6,73,61,88,179,49.7,3,8,0,2,63,0.9333333333333333,0.5711031746031747,0.6345714285714287,High
4,3,5.1,73,34,70,98,44.8,1,8,0,9,111,0.3333333333333333,0.12726984126984112,0.5300714285714285,Low
11,4,5.5,94,53,23,71,39.5,3,5,1,9,77,-1.2333333333333334,-0.11503968253968254,0.09785714285714281,Moderate
6,18,6.5,79,37,49,45,40.8,1,2,0,7,58,-0.36666666666666664,-0.32590476190476203,-0.05885714285714297,Low
4,5,5.4,76,42,130,117,50.2,4,2,1,12,23,2.3333333333333335,0.37709523809523826,0.6181428571428571,Moderate
10,10,8.8,69,36,87,121,41.8,3,2,1,2,73,0.9,-0.06312698412698425,-0.336357142857143,Moderate
11,5,5.9,78,18,94,43,45.9,2,15,1,2,71,1.1333333333333333,0.4323253968253968,0.6830714285714284,High
3,19,7.3,69,40,93,41,45.0,4,2,0,6,112,1.1,0.05865079365079367,0.03714285714285716,Moderate
6,5,7.6,79,66,97,19,39.3,2,12,0,20,109,1.2333333333333334,0.0015158730158728873,0.10935714285714287,Low
4,2,6.6,79,56,46,65,62.8,5,4,1,6,98,-0.4666666666666667,1.0244126984126984,0.6332857142857142,Moderate
7,1,8.7,81,39,43,80,51.7,2,5,1,3,180,-0.5666666666666667,0.377293650793651,-0.04614285714285692,Low
4,7,7.5,67,43,57,96,51.4,4,6,1,8,93,-0.1,0.5506190476190477,0.21842857142857136,Low
16,2,6.9,82,21,48,46,44.4,5,17,0,9,38,-0.4,0.6395873015873016,0.40521428571428564,Moderate
6,1,6.3,88,43,32,36,40.7,5,4,2,6,76,-0.9333333333333333,-0.002309523809523664,-0.012214285714285608,Low
10,6,7.7,63,44,132,68,54.0,1,1,2,7,62,2.4,0.25793650793650796,0.30607142857142855,Moderate
13,7,6.4,56,31,76,12,42.2,2,12,1,14,44,0.5333333333333333,0.12423809523809537,0.35385714285714287,Moderate
14,7,8.2,78,56,78,82,47.8,3,5,0,13,8,0.6,0.2706825396825396,0.011857142857142906,Moderate
1,10,6.4,72,47,22,63,52.9,3,13,1,5,19,-1.2666666666666666,0.7647857142857142,0.5684285714285713,Low
4,4,7.7,93,69,117,85,43.7,3,1,2,2,180,1.9,-0.05334126984126971,-0.0404285714285714,Moderate
4,11,6.7,60,44,7,41,44.3,1,3,0,15,57,-1.7666666666666666,-0.13713492063492075,-0.06528571428571438,Low
10,11,7.2,62,46,62,72,45.9,4,5,0,14,103,0.06666666666666667,0.2407380952380952,0.0898571428571428,Moderate
3,8,7.2,80,35,58,180,46.3,0,7,0,9,16,-0.06666666666666667,0.18349999999999986,0.14899999999999985,Low
6,6,6.0,67,34,73,157,56.4,3,10,0,13,24,0.43333333333333335,0.9195873015873015,0.7852142857142856,High
5,5,6.2,75,12,167,111,43.2,3,5,2,10,111,3.566666666666667,0.09590476190476203,0.4463571428571429,High
